year_month,month,nuts3_id,nuts3_name,class,y_true,y_score,spei_12,drought_bin,horizon
2024-01-01,1,NL111,Oost-Groningen,Crop Failure & Yield Reduction,0,0.14617503569791465,1.811567783355713,wet,1
2024-02-01,2,NL111,Oost-Groningen,Crop Failure & Yield Reduction,0,0.16851501511842742,1.99618661403656,wet,1
2024-03-01,3,NL111,Oost-Groningen,Crop Failure & Yield Reduction,0,0.23356275597924442,1.6847506165504456,wet,1
2024-04-01,4,NL111,Oost-Groningen,Crop Failure & Yield Reduction,0,0.2908604662345729,1.9079570770263672,wet,1
2024-05-01,5,NL111,Oost-Groningen,Crop Failure & Yield Reduction,0,0.5299776920446505,2.1447561979293823,wet,1
2024-06-01,6,NL111,Oost-Groningen,Crop Failure & Yield Reduction,0,0.41557243814692313,2.7947285175323486,wet,1
2024-07-01,7,NL111,Oost-Groningen,Crop Failure & Yield Reduction,0,0.4514352041074526,2.7147164344787598,wet,1
2024-08-01,8,NL111,Oost-Groningen,Crop Failure & Yield Reduction,0,0.5054540069296883,2.659160852432251,wet,1
2024-09-01,9,NL111,Oost-Groningen,Crop Failure & Yield Reduction,0,0.5300750439520359,2.968327760696411,wet,1
2024-10-01,10,NL111,Oost-Groningen,Crop Failure & Yield Reduction,0,0.27218443830262595,1.971750020980835,wet,1
2024-11-01,11,NL111,Oost-Groningen,Crop Failure & Yield Reduction,0,0.21489245384887254,1.6035258769989014,wet,1
2024-12-01,12,NL111,Oost-Groningen,Crop Failure & Yield Reduction,0,0.14191585531247092,1.1509708762168884,wet,1
2025-01-01,1,NL111,Oost-Groningen,Crop Failure & Yield Reduction,0,0.210019211168389,1.0549432635307312,wet,1
2025-02-01,2,NL111,Oost-Groningen,Crop Failure & Yield Reduction,1,0.24008155633458855,0.49514587223529816,near_normal,1
2025-03-01,3,NL111,Oost-Groningen,Crop Failure & Yield Reduction,0,0.46777354029868595,0.1761770248413086,near_normal,1
2025-04-01,4,NL111,Oost-Groningen,Crop Failure & Yield Reduction,0,0.6004969102475906,-0.4283472001552582,near_normal,1
2025-05-01,5,NL111,Oost-Groningen,Crop Failure & Yield Reduction,0,0.7307653595102789,-0.9174109697341919,near_normal,1
2025-06-01,6,NL111,Oost-Groningen,Crop Failure & Yield Reduction,0,0.6875970888183003,-0.9498004615306854,near_normal,1
2025-07-01,7,NL111,Oost-Groningen,Crop Failure & Yield Reduction,0,0.5614692088435087,-1.1780112385749817,dry,1
2025-08-01,8,NL111,Oost-Groningen,Crop Failure & Yield Reduction,0,0.6996262158215185,-1.31639963388443,dry,1
2025-09-01,9,NL111,Oost-Groningen,Crop Failure & Yield Reduction,0,0.35431926400200486,-1.4372192025184631,dry,1
2024-01-01,1,NL112,Delfzijl en omgeving,Crop Failure & Yield Reduction,0,0.22258697573812172,1.5744563341140747,wet,1
2024-03-01,3,NL112,Delfzijl en omgeving,Crop Failure & Yield Reduction,0,0.35045494257132537,1.5986590385437012,wet,1
2024-04-01,4,NL112,Delfzijl en omgeving,Crop Failure & Yield Reduction,0,0.41262673451510107,1.7463241815567017,wet,1
2024-05-01,5,NL112,Delfzijl en omgeving,Crop Failure & Yield Reduction,0,0.6296983312957354,1.9306237697601318,wet,1
2024-06-01,6,NL112,Delfzijl en omgeving,Crop Failure & Yield Reduction,0,0.5765030123041388,2.5208699703216553,wet,1
2024-07-01,7,NL112,Delfzijl en omgeving,Crop Failure & Yield Reduction,0,0.593395008522765,2.3603928089141846,wet,1
2024-08-01,8,NL112,Delfzijl en omgeving,Crop Failure & Yield Reduction,0,0.6448689923376281,2.3377909660339355,wet,1
2024-09-01,9,NL112,Delfzijl en omgeving,Crop Failure & Yield Reduction,0,0.6656511233852948,2.484579563140869,wet,1
2024-10-01,10,NL112,Delfzijl en omgeving,Crop Failure & Yield Reduction,0,0.3990377546726426,1.6715155839920044,wet,1
2024-11-01,11,NL112,Delfzijl en omgeving,Crop Failure & Yield Reduction,0,0.33589800527844127,1.3462355136871338,wet,1
2024-12-01,12,NL112,Delfzijl en omgeving,Crop Failure & Yield Reduction,0,0.22841931212025005,0.9495850205421448,near_normal,1
2025-01-01,1,NL112,Delfzijl en omgeving,Crop Failure & Yield Reduction,0,0.32260308550606975,0.815735936164856,near_normal,1
2025-02-01,2,NL112,Delfzijl en omgeving,Crop Failure & Yield Reduction,0,0.3506013101873452,0.2707626223564148,near_normal,1
2025-03-01,3,NL112,Delfzijl en omgeving,Crop Failure & Yield Reduction,0,0.544151208313203,-0.011577821336686611,near_normal,1
2025-04-01,4,NL112,Delfzijl en omgeving,Crop Failure & Yield Reduction,0,0.7213539519975146,-0.536076009273529,near_normal,1
2025-05-01,5,NL112,Delfzijl en omgeving,Crop Failure & Yield Reduction,0,0.8203125776731247,-0.8959609270095825,near_normal,1
2025-06-01,6,NL112,Delfzijl en omgeving,Crop Failure & Yield Reduction,0,0.782375999322164,-0.9709566235542297,near_normal,1
2025-07-01,7,NL112,Delfzijl en omgeving,Crop Failure & Yield Reduction,0,0.697972104266571,-1.2213053703308105,dry,1
2025-08-01,8,NL112,Delfzijl en omgeving,Crop Failure & Yield Reduction,0,0.7248324967714074,-1.3407152891159058,dry,1
2025-09-01,9,NL112,Delfzijl en omgeving,Crop Failure & Yield Reduction,0,0.5126446761521417,-1.4633549451828003,dry,1
2024-01-01,1,NL113,Overig Groningen,Crop Failure & Yield Reduction,0,0.14322878481261003,1.553696870803833,wet,1
2024-02-01,2,NL113,Overig Groningen,Crop Failure & Yield Reduction,0,0.15716353002537425,1.8252516984939575,wet,1
2024-03-01,3,NL113,Overig Groningen,Crop Failure & Yield Reduction,0,0.2359493468653533,1.5759201447168987,wet,1
2024-04-01,4,NL113,Overig Groningen,Crop Failure & Yield Reduction,0,0.2859282281866014,1.7591425975163777,wet,1
2024-05-01,5,NL113,Overig Groningen,Crop Failure & Yield Reduction,0,0.49827882955405406,1.9804979960123699,wet,1
2024-06-01,6,NL113,Overig Groningen,Crop Failure & Yield Reduction,0,0.45195516470072183,2.5567835172017417,wet,1
2024-07-01,7,NL113,Overig Groningen,Crop Failure & Yield Reduction,0,0.4753270106842302,2.325056314468384,wet,1
2024-08-01,8,NL113,Overig Groningen,Crop Failure & Yield Reduction,0,0.511936378624959,2.289264678955078,wet,1
2024-09-01,9,NL113,Overig Groningen,Crop Failure & Yield Reduction,0,0.5152860673719275,2.4607760111490884,wet,1
2024-10-01,10,NL113,Overig Groningen,Crop Failure & Yield Reduction,0,0.28458217433855,1.74251393477122,wet,1
2024-11-01,11,NL113,Overig Groningen,Crop Failure & Yield Reduction,0,0.22420521151487477,1.3726389805475872,wet,1
2024-12-01,12,NL113,Overig Groningen,Crop Failure & Yield Reduction,0,0.14546584585082672,0.9944103360176086,near_normal,1
2025-01-01,1,NL113,Overig Groningen,Crop Failure & Yield Reduction,0,0.2183122523821227,0.8821484843889872,near_normal,1
2025-02-01,2,NL113,Overig Groningen,Crop Failure & Yield Reduction,0,0.24762702731492503,0.31073737144470215,near_normal,1
2025-03-01,3,NL113,Overig Groningen,Crop Failure & Yield Reduction,0,0.433610423475869,0.035581901048620544,near_normal,1
2025-04-01,4,NL113,Overig Groningen,Crop Failure & Yield Reduction,0,0.5892232833611172,-0.45748992760976154,near_normal,1
2025-05-01,5,NL113,Overig Groningen,Crop Failure & Yield Reduction,0,0.7263806790801727,-0.8022730549176534,near_normal,1
2025-06-01,6,NL113,Overig Groningen,Crop Failure & Yield Reduction,0,0.686618807328601,-0.9125909010569254,near_normal,1
2025-07-01,7,NL113,Overig Groningen,Crop Failure & Yield Reduction,0,0.5920556164071948,-1.1193293333053589,dry,1
2025-08-01,8,NL113,Overig Groningen,Crop Failure & Yield Reduction,0,0.6887428132350565,-1.2605481147766113,dry,1
2025-09-01,9,NL113,Overig Groningen,Crop Failure & Yield Reduction,0,0.3914283553442361,-1.4358088970184326,dry,1
2024-01-01,1,NL124,Noord-Friesland,Crop Failure & Yield Reduction,0,0.21673242902105688,1.3574422895908356,wet,1
2024-02-01,2,NL124,Noord-Friesland,Crop Failure & Yield Reduction,0,0.21864886347609802,1.7159639298915863,wet,1
2024-03-01,3,NL124,Noord-Friesland,Crop Failure & Yield Reduction,0,0.32097283409770266,1.4683093130588531,wet,1
2024-04-01,4,NL124,Noord-Friesland,Crop Failure & Yield Reduction,0,0.38408448261981054,1.7018274664878845,wet,1
2024-05-01,5,NL124,Noord-Friesland,Crop Failure & Yield Reduction,0,0.6194061348880603,1.886545330286026,wet,1
2024-06-01,6,NL124,Noord-Friesland,Crop Failure & Yield Reduction,1,0.6068641828898552,2.4364304542541504,wet,1
2024-07-01,7,NL124,Noord-Friesland,Crop Failure & Yield Reduction,0,0.5746340001277717,2.1045264899730682,wet,1
2024-08-01,8,NL124,Noord-Friesland,Crop Failure & Yield Reduction,0,0.6272166915004806,2.0753729045391083,wet,1
2024-09-01,9,NL124,Noord-Friesland,Crop Failure & Yield Reduction,0,0.5988397125843056,2.2301748991012573,wet,1
2024-10-01,10,NL124,Noord-Friesland,Crop Failure & Yield Reduction,0,0.36909969598578024,1.551231563091278,wet,1
2024-11-01,11,NL124,Noord-Friesland,Crop Failure & Yield Reduction,0,0.31170538730490166,1.0981620252132416,wet,1
2024-12-01,12,NL124,Noord-Friesland,Crop Failure & Yield Reduction,0,0.21451407997635985,0.7735436260700226,near_normal,1
2025-01-01,1,NL124,Noord-Friesland,Crop Failure & Yield Reduction,0,0.3245534755062098,0.6505173146724701,near_normal,1
2025-02-01,2,NL124,Noord-Friesland,Crop Failure & Yield Reduction,0,0.351909546130169,0.10699054750148207,near_normal,1
2025-03-01,3,NL124,Noord-Friesland,Crop Failure & Yield Reduction,0,0.5943147642104504,-0.16945494152605534,near_normal,1
2025-04-01,4,NL124,Noord-Friesland,Crop Failure & Yield Reduction,1,0.681911184615227,-0.7064715921878815,near_normal,1
2025-05-01,5,NL124,Noord-Friesland,Crop Failure & Yield Reduction,1,0.8161695797774653,-0.9263435304164886,near_normal,1
2025-06-01,6,NL124,Noord-Friesland,Crop Failure & Yield Reduction,0,0.7757325207831998,-1.0629418939352036,dry,1
2025-07-01,7,NL124,Noord-Friesland,Crop Failure & Yield Reduction,1,0.713535319064676,-1.2299838960170746,dry,1
2025-08-01,8,NL124,Noord-Friesland,Crop Failure & Yield Reduction,0,0.772554584663234,-1.4811941981315613,dry,1
2025-09-01,9,NL124,Noord-Friesland,Crop Failure & Yield Reduction,0,0.4920940902661388,-1.572517216205597,dry,1
2024-01-01,1,NL125,Zuidwest-Friesland,Crop Failure & Yield Reduction,0,0.09444088162088297,1.4139912724494934,wet,1
2024-02-01,2,NL125,Zuidwest-Friesland,Crop Failure & Yield Reduction,0,0.09864244505748096,1.7786154747009277,wet,1
2024-03-01,3,NL125,Zuidwest-Friesland,Crop Failure & Yield Reduction,0,0.15103077997736544,1.5638866424560547,wet,1
2024-04-01,4,NL125,Zuidwest-Friesland,Crop Failure & Yield Reduction,0,0.19771737979322132,1.8326656818389893,wet,1
2024-05-01,5,NL125,Zuidwest-Friesland,Crop Failure & Yield Reduction,0,0.35776182912545046,2.1068438291549683,wet,1
2024-06-01,6,NL125,Zuidwest-Friesland,Crop Failure & Yield Reduction,0,0.3842796223649065,2.634555220603943,wet,1
2024-07-01,7,NL125,Zuidwest-Friesland,Crop Failure & Yield Reduction,0,0.33437150034487584,2.177721381187439,wet,1
2024-08-01,8,NL125,Zuidwest-Friesland,Crop Failure & Yield Reduction,0,0.3627708613436007,2.1380834579467773,wet,1
2024-09-01,9,NL125,Zuidwest-Friesland,Crop Failure & Yield Reduction,0,0.31096751142820994,2.2827683687210083,wet,1
2024-10-01,10,NL125,Zuidwest-Friesland,Crop Failure & Yield Reduction,0,0.1517970024632557,1.732323706150055,wet,1
2024-11-01,11,NL125,Zuidwest-Friesland,Crop Failure & Yield Reduction,0,0.13270096839065984,1.1893419027328491,wet,1
2024-12-01,12,NL125,Zuidwest-Friesland,Crop Failure & Yield Reduction,0,0.09007383136323314,0.9064917862415314,near_normal,1
2025-01-01,1,NL125,Zuidwest-Friesland,Crop Failure & Yield Reduction,0,0.14995422321340143,0.7681446671485901,near_normal,1
2025-02-01,2,NL125,Zuidwest-Friesland,Crop Failure & Yield Reduction,0,0.1822614582369125,0.15459422394633293,near_normal,1
2025-03-01,3,NL125,Zuidwest-Friesland,Crop Failure & Yield Reduction,0,0.3982862933164509,-0.20276711881160736,near_normal,1
2025-04-01,4,NL125,Zuidwest-Friesland,Crop Failure & Yield Reduction,0,0.41487791393792633,-0.842517763376236,near_normal,1
2025-05-01,5,NL125,Zuidwest-Friesland,Crop Failure & Yield Reduction,0,0.5921636875898263,-1.0782914757728577,dry,1
2025-06-01,6,NL125,Zuidwest-Friesland,Crop Failure & Yield Reduction,0,0.48239622851665764,-1.1937094926834106,dry,1
2025-07-01,7,NL125,Zuidwest-Friesland,Crop Failure & Yield Reduction,0,0.43038508116506496,-1.2997994422912598,dry,1
2025-08-01,8,NL125,Zuidwest-Friesland,Crop Failure & Yield Reduction,1,0.49675357567442335,-1.5020229816436768,dry,1
2025-09-01,9,NL125,Zuidwest-Friesland,Crop Failure & Yield Reduction,0,0.26186125817597455,-1.550790548324585,dry,1
2024-01-01,1,NL126,Zuidoost-Friesland,Crop Failure & Yield Reduction,0,0.09521165411469677,1.545999010403951,wet,1
2024-03-01,3,NL126,Zuidoost-Friesland,Crop Failure & Yield Reduction,0,0.15452501051582143,1.5629839499791462,wet,1
2024-04-01,4,NL126,Zuidoost-Friesland,Crop Failure & Yield Reduction,0,0.1795525914150534,1.7216502825419109,wet,1
2024-05-01,5,NL126,Zuidoost-Friesland,Crop Failure & Yield Reduction,0,0.36676371949825254,2.123636484146118,wet,1
2024-06-01,6,NL126,Zuidoost-Friesland,Crop Failure & Yield Reduction,0,0.3401692010688386,2.8139727115631104,wet,1
2024-07-01,7,NL126,Zuidoost-Friesland,Crop Failure & Yield Reduction,0,0.33298627292160143,2.4634934266408286,wet,1
2024-08-01,8,NL126,Zuidoost-Friesland,Crop Failure & Yield Reduction,0,0.37477273763128993,2.2954910596211753,wet,1
2024-09-01,9,NL126,Zuidoost-Friesland,Crop Failure & Yield Reduction,0,0.3476414227333261,2.6972495714823403,wet,1
2024-10-01,10,NL126,Zuidoost-Friesland,Crop Failure & Yield Reduction,0,0.15617685430398737,1.9253834088643391,wet,1
2024-11-01,11,NL126,Zuidoost-Friesland,Crop Failure & Yield Reduction,0,0.13318517805029575,1.4363560279210408,wet,1
2024-12-01,12,NL126,Zuidoost-Friesland,Crop Failure & Yield Reduction,0,0.08459074193325554,1.123047669728597,wet,1
2025-01-01,1,NL126,Zuidoost-Friesland,Crop Failure & Yield Reduction,0,0.12917648706623622,1.0151313543319702,wet,1
2025-02-01,2,NL126,Zuidoost-Friesland,Crop Failure & Yield Reduction,0,0.16761380651508392,0.39727561672528583,near_normal,1
2025-03-01,3,NL126,Zuidoost-Friesland,Crop Failure & Yield Reduction,0,0.3456595904999291,0.04762745307137569,near_normal,1
2025-04-01,4,NL126,Zuidoost-Friesland,Crop Failure & Yield Reduction,0,0.4366225058300287,-0.49264203508694965,near_normal,1
2025-05-01,5,NL126,Zuidoost-Friesland,Crop Failure & Yield Reduction,0,0.5955141695076223,-0.9436053037643433,near_normal,1
2025-06-01,6,NL126,Zuidoost-Friesland,Crop Failure & Yield Reduction,0,0.5312317184019115,-1.055333097775777,dry,1
2025-07-01,7,NL126,Zuidoost-Friesland,Crop Failure & Yield Reduction,0,0.46505916420630977,-1.1487988233566284,dry,1
2025-08-01,8,NL126,Zuidoost-Friesland,Crop Failure & Yield Reduction,0,0.6063742846321022,-1.3487204710642497,dry,1
2025-09-01,9,NL126,Zuidoost-Friesland,Crop Failure & Yield Reduction,0,0.2746216180830516,-1.5328909953435261,dry,1
2024-01-01,1,NL131,Noord-Drenthe,Crop Failure & Yield Reduction,0,0.15523088152116102,1.625184416770935,wet,1
2024-02-01,2,NL131,Noord-Drenthe,Crop Failure & Yield Reduction,0,0.16449481710112404,1.908049762248993,wet,1
2024-03-01,3,NL131,Noord-Drenthe,Crop Failure & Yield Reduction,0,0.25377887443576536,1.6074219346046448,wet,1
2024-04-01,4,NL131,Noord-Drenthe,Crop Failure & Yield Reduction,0,0.28992738223071474,1.7808722257614136,wet,1
2024-05-01,5,NL131,Noord-Drenthe,Crop Failure & Yield Reduction,0,0.5112163444418633,2.125525951385498,wet,1
2024-06-01,6,NL131,Noord-Drenthe,Crop Failure & Yield Reduction,0,0.39194904261137264,2.8354954719543457,wet,1
2024-07-01,7,NL131,Noord-Drenthe,Crop Failure & Yield Reduction,0,0.45274443589905405,2.568251371383667,wet,1
2024-08-01,8,NL131,Noord-Drenthe,Crop Failure & Yield Reduction,0,0.5121193629530777,2.437190890312195,wet,1
2024-09-01,9,NL131,Noord-Drenthe,Crop Failure & Yield Reduction,0,0.5191211432545857,2.765575647354126,wet,1
2024-10-01,10,NL131,Noord-Drenthe,Crop Failure & Yield Reduction,0,0.26263062699659945,1.9603742957115173,wet,1
2024-11-01,11,NL131,Noord-Drenthe,Crop Failure & Yield Reduction,0,0.2165667812003892,1.541092872619629,wet,1
2024-12-01,12,NL131,Noord-Drenthe,Crop Failure & Yield Reduction,0,0.14066824304978656,1.1613088250160217,wet,1
2025-01-01,1,NL131,Noord-Drenthe,Crop Failure & Yield Reduction,0,0.2092056867766767,1.0562910437583923,wet,1
2025-02-01,2,NL131,Noord-Drenthe,Crop Failure & Yield Reduction,0,0.2479333988856688,0.4693644195795059,near_normal,1
2025-03-01,3,NL131,Noord-Drenthe,Crop Failure & Yield Reduction,0,0.45894166405715386,0.14078162051737309,near_normal,1
2025-04-01,4,NL131,Noord-Drenthe,Crop Failure & Yield Reduction,0,0.5917634311115272,-0.37382109463214874,near_normal,1
2025-05-01,5,NL131,Noord-Drenthe,Crop Failure & Yield Reduction,0,0.7146133102817194,-0.8759167492389679,near_normal,1
2025-06-01,6,NL131,Noord-Drenthe,Crop Failure & Yield Reduction,0,0.6761512206668403,-0.9764733612537384,near_normal,1
2025-07-01,7,NL131,Noord-Drenthe,Crop Failure & Yield Reduction,0,0.5944446868380631,-1.0990380644798279,dry,1
2025-08-01,8,NL131,Noord-Drenthe,Crop Failure & Yield Reduction,0,0.7249058960283209,-1.2489697933197021,dry,1
2025-09-01,9,NL131,Noord-Drenthe,Crop Failure & Yield Reduction,0,0.408799705269163,-1.4132501482963562,dry,1
2024-01-01,1,NL132,Zuidoost-Drenthe,Crop Failure & Yield Reduction,0,0.0788637113925482,1.862620234489441,wet,1
2024-02-01,2,NL132,Zuidoost-Drenthe,Crop Failure & Yield Reduction,0,0.09334635567634568,2.074225902557373,wet,1
2024-03-01,3,NL132,Zuidoost-Drenthe,Crop Failure & Yield Reduction,0,0.1586139241613827,1.7616868019104004,wet,1
2024-04-01,4,NL132,Zuidoost-Drenthe,Crop Failure & Yield Reduction,0,0.18300337715355997,1.9577404260635376,wet,1
2024-05-01,5,NL132,Zuidoost-Drenthe,Crop Failure & Yield Reduction,0,0.3629332761937816,2.271449089050293,wet,1
2024-06-01,6,NL132,Zuidoost-Drenthe,Crop Failure & Yield Reduction,0,0.21516105221820037,2.8965072631835938,wet,1
2024-07-01,7,NL132,Zuidoost-Drenthe,Crop Failure & Yield Reduction,0,0.25959681852699923,2.828998327255249,wet,1
2024-08-01,8,NL132,Zuidoost-Drenthe,Crop Failure & Yield Reduction,0,0.3272181045763322,2.8166348934173584,wet,1
2024-09-01,9,NL132,Zuidoost-Drenthe,Crop Failure & Yield Reduction,0,0.35692766841541873,3.1048576831817627,wet,1
2024-10-01,10,NL132,Zuidoost-Drenthe,Crop Failure & Yield Reduction,0,0.14899701805590118,2.167729139328003,wet,1
2024-11-01,11,NL132,Zuidoost-Drenthe,Crop Failure & Yield Reduction,0,0.1168564327939931,1.7443439960479736,wet,1
2024-12-01,12,NL132,Zuidoost-Drenthe,Crop Failure & Yield Reduction,0,0.0677025829799486,1.2934812307357788,wet,1
2025-01-01,1,NL132,Zuidoost-Drenthe,Crop Failure & Yield Reduction,0,0.10333671921120906,1.196232557296753,wet,1
2025-02-01,2,NL132,Zuidoost-Drenthe,Crop Failure & Yield Reduction,0,0.12848244954698934,0.622021496295929,near_normal,1
2025-03-01,3,NL132,Zuidoost-Drenthe,Crop Failure & Yield Reduction,0,0.3532669816350518,0.29568547010421753,near_normal,1
2025-04-01,4,NL132,Zuidoost-Drenthe,Crop Failure & Yield Reduction,1,0.3902152933319884,-0.27435654401779175,near_normal,1
2025-05-01,5,NL132,Zuidoost-Drenthe,Crop Failure & Yield Reduction,0,0.5496225740783991,-0.8413411974906921,near_normal,1
2025-06-01,6,NL132,Zuidoost-Drenthe,Crop Failure & Yield Reduction,0,0.5139601179266274,-0.9112480282783508,near_normal,1
2025-07-01,7,NL132,Zuidoost-Drenthe,Crop Failure & Yield Reduction,0,0.38822283993204176,-1.104096531867981,dry,1
2025-08-01,8,NL132,Zuidoost-Drenthe,Crop Failure & Yield Reduction,0,0.5526159839100225,-1.2686371803283691,dry,1
2025-09-01,9,NL132,Zuidoost-Drenthe,Crop Failure & Yield Reduction,0,0.24775068239928708,-1.3522844314575195,dry,1
2024-01-01,1,NL133,Zuidwest-Drenthe,Crop Failure & Yield Reduction,0,0.12699980385488838,1.72472482919693,wet,1
2024-02-01,2,NL133,Zuidwest-Drenthe,Crop Failure & Yield Reduction,0,0.14028163256111145,2.0366421341896057,wet,1
2024-03-01,3,NL133,Zuidwest-Drenthe,Crop Failure & Yield Reduction,0,0.20392387877923784,1.7058511972427368,wet,1
2024-04-01,4,NL133,Zuidwest-Drenthe,Crop Failure & Yield Reduction,0,0.24757870766928522,1.8357419967651367,wet,1
2024-05-01,5,NL133,Zuidwest-Drenthe,Crop Failure & Yield Reduction,0,0.4562176552402922,2.266860604286194,wet,1
2024-06-01,6,NL133,Zuidwest-Drenthe,Crop Failure & Yield Reduction,0,0.3354304712412759,2.907911777496338,wet,1
2024-07-01,7,NL133,Zuidwest-Drenthe,Crop Failure & Yield Reduction,0,0.37797209442511215,2.7513095140457153,wet,1
2024-08-01,8,NL133,Zuidwest-Drenthe,Crop Failure & Yield Reduction,0,0.4380863600738691,2.632028818130493,wet,1
2024-09-01,9,NL133,Zuidwest-Drenthe,Crop Failure & Yield Reduction,1,0.42087850201613564,3.0397181510925293,wet,1
2024-10-01,10,NL133,Zuidwest-Drenthe,Crop Failure & Yield Reduction,0,0.20316478128135215,2.1555556058883667,wet,1
2024-11-01,11,NL133,Zuidwest-Drenthe,Crop Failure & Yield Reduction,0,0.16801997535589813,1.7173022627830505,wet,1
2024-12-01,12,NL133,Zuidwest-Drenthe,Crop Failure & Yield Reduction,0,0.11173672058963365,1.3606191873550415,wet,1
2025-01-01,1,NL133,Zuidwest-Drenthe,Crop Failure & Yield Reduction,0,0.14123006330692725,1.2867012023925781,wet,1
2025-02-01,2,NL133,Zuidwest-Drenthe,Crop Failure & Yield Reduction,0,0.20171757757294548,0.6509714722633362,near_normal,1
2025-03-01,3,NL133,Zuidwest-Drenthe,Crop Failure & Yield Reduction,0,0.43799956034523074,0.2719087675213814,near_normal,1
2025-04-01,4,NL133,Zuidwest-Drenthe,Crop Failure & Yield Reduction,0,0.4870200504440409,-0.26466917246580124,near_normal,1
2025-05-01,5,NL133,Zuidwest-Drenthe,Crop Failure & Yield Reduction,0,0.6247460597964601,-0.8783625960350037,near_normal,1
2025-06-01,6,NL133,Zuidwest-Drenthe,Crop Failure & Yield Reduction,0,0.6067405646213213,-0.9638475477695465,near_normal,1
2025-07-01,7,NL133,Zuidwest-Drenthe,Crop Failure & Yield Reduction,0,0.5251369862503684,-1.0526711344718933,dry,1
2025-08-01,8,NL133,Zuidwest-Drenthe,Crop Failure & Yield Reduction,0,0.6926474458943821,-1.2207630276679993,dry,1
2025-09-01,9,NL133,Zuidwest-Drenthe,Crop Failure & Yield Reduction,0,0.3473952347224908,-1.363072395324707,dry,1
2024-01-01,1,NL211,Noord-Overijssel,Crop Failure & Yield Reduction,0,0.15171831297105134,1.8030700087547302,wet,1
2024-02-01,2,NL211,Noord-Overijssel,Crop Failure & Yield Reduction,0,0.17300419862887478,2.1056063175201416,wet,1
2024-03-01,3,NL211,Noord-Overijssel,Crop Failure & Yield Reduction,0,0.21371383056421997,1.7778285145759583,wet,1
2024-04-01,4,NL211,Noord-Overijssel,Crop Failure & Yield Reduction,0,0.2961557623854695,1.8979318737983704,wet,1
2024-05-01,5,NL211,Noord-Overijssel,Crop Failure & Yield Reduction,0,0.5142574115553786,2.330261468887329,wet,1
2024-06-01,6,NL211,Noord-Overijssel,Crop Failure & Yield Reduction,0,0.3951447341333837,2.892736077308655,wet,1
2024-07-01,7,NL211,Noord-Overijssel,Crop Failure & Yield Reduction,0,0.3877822390755431,2.926464080810547,wet,1
2024-08-01,8,NL211,Noord-Overijssel,Crop Failure & Yield Reduction,0,0.46338455999696165,2.801928162574768,wet,1
2024-09-01,9,NL211,Noord-Overijssel,Crop Failure & Yield Reduction,0,0.4745027389862207,3.1640535593032837,wet,1
2024-10-01,10,NL211,Noord-Overijssel,Crop Failure & Yield Reduction,0,0.2355785182408593,2.2690484523773193,wet,1
2024-11-01,11,NL211,Noord-Overijssel,Crop Failure & Yield Reduction,0,0.19930342564504958,1.8291608691215515,wet,1
2024-12-01,12,NL211,Noord-Overijssel,Crop Failure & Yield Reduction,0,0.1333832410039989,1.4506611824035645,wet,1
2025-01-01,1,NL211,Noord-Overijssel,Crop Failure & Yield Reduction,0,0.19159706657052117,1.3931864500045776,wet,1
2025-02-01,2,NL211,Noord-Overijssel,Crop Failure & Yield Reduction,0,0.22830365298843586,0.753440797328949,near_normal,1
2025-03-01,3,NL211,Noord-Overijssel,Crop Failure & Yield Reduction,0,0.45790684899899736,0.3611278682947159,near_normal,1
2025-04-01,4,NL211,Noord-Overijssel,Crop Failure & Yield Reduction,0,0.5360273222621798,-0.20052483677864075,near_normal,1
2025-05-01,5,NL211,Noord-Overijssel,Crop Failure & Yield Reduction,0,0.6807843636585376,-0.8454030454158783,near_normal,1
2025-06-01,6,NL211,Noord-Overijssel,Crop Failure & Yield Reduction,1,0.6652085666044231,-0.9478132128715515,near_normal,1
2025-07-01,7,NL211,Noord-Overijssel,Crop Failure & Yield Reduction,0,0.5732033090046411,-1.0653294920921326,dry,1
2025-08-01,8,NL211,Noord-Overijssel,Crop Failure & Yield Reduction,0,0.6860543130141159,-1.2702912092208862,dry,1
2025-09-01,9,NL211,Noord-Overijssel,Crop Failure & Yield Reduction,0,0.3868898112811606,-1.3825294971466064,dry,1
2024-01-01,1,NL212,Zuidwest-Overijssel,Crop Failure & Yield Reduction,0,0.2977113252404364,1.8292285203933716,wet,1
2024-02-01,2,NL212,Zuidwest-Overijssel,Crop Failure & Yield Reduction,0,0.340692554671095,2.213228702545166,wet,1
2024-03-01,3,NL212,Zuidwest-Overijssel,Crop Failure & Yield Reduction,0,0.38867231920903145,1.849002480506897,wet,1
2024-04-01,4,NL212,Zuidwest-Overijssel,Crop Failure & Yield Reduction,0,0.4935333795676893,1.9571956396102905,wet,1
2024-05-01,5,NL212,Zuidwest-Overijssel,Crop Failure & Yield Reduction,0,0.7312587438565386,2.3873307704925537,wet,1
2024-06-01,6,NL212,Zuidwest-Overijssel,Crop Failure & Yield Reduction,0,0.6300093888164665,2.8320765495300293,wet,1
2024-07-01,7,NL212,Zuidwest-Overijssel,Crop Failure & Yield Reduction,0,0.6218154719005344,3.2399985790252686,wet,1
2024-08-01,8,NL212,Zuidwest-Overijssel,Crop Failure & Yield Reduction,0,0.6782943706450889,2.890531063079834,wet,1
2024-09-01,9,NL212,Zuidwest-Overijssel,Crop Failure & Yield Reduction,0,0.6744892601275012,3.281804084777832,wet,1
2024-10-01,10,NL212,Zuidwest-Overijssel,Crop Failure & Yield Reduction,0,0.4288103794576965,2.341593027114868,wet,1
2024-11-01,11,NL212,Zuidwest-Overijssel,Crop Failure & Yield Reduction,0,0.3660449645507363,1.9496963024139404,wet,1
2024-12-01,12,NL212,Zuidwest-Overijssel,Crop Failure & Yield Reduction,0,0.25465600292892837,1.6000728607177734,wet,1
2025-01-01,1,NL212,Zuidwest-Overijssel,Crop Failure & Yield Reduction,0,0.3374442827454867,1.6217764616012573,wet,1
2025-02-01,2,NL212,Zuidwest-Overijssel,Crop Failure & Yield Reduction,0,0.40504529106343357,0.9912475943565369,near_normal,1
2025-03-01,3,NL212,Zuidwest-Overijssel,Crop Failure & Yield Reduction,0,0.6677666948375874,0.5870882868766785,near_normal,1
2025-04-01,4,NL212,Zuidwest-Overijssel,Crop Failure & Yield Reduction,0,0.7253735253085335,-0.03741263225674629,near_normal,1
2025-05-01,5,NL212,Zuidwest-Overijssel,Crop Failure & Yield Reduction,0,0.840896278559394,-0.7523486614227295,near_normal,1
2025-06-01,6,NL212,Zuidwest-Overijssel,Crop Failure & Yield Reduction,1,0.8204420304298764,-0.9098113179206848,near_normal,1
2025-07-01,7,NL212,Zuidwest-Overijssel,Crop Failure & Yield Reduction,0,0.7523051887132686,-1.0562019348144531,dry,1
2025-08-01,8,NL212,Zuidwest-Overijssel,Crop Failure & Yield Reduction,0,0.8332501446978248,-1.332362413406372,dry,1
2025-09-01,9,NL212,Zuidwest-Overijssel,Crop Failure & Yield Reduction,0,0.6198672864287296,-1.4136707782745361,dry,1
2024-01-01,1,NL213,Twente,Crop Failure & Yield Reduction,0,0.3082338184935997,1.7741056680679321,wet,1
2024-02-01,2,NL213,Twente,Crop Failure & Yield Reduction,0,0.3584077892922775,2.1074114640553794,wet,1
2024-03-01,3,NL213,Twente,Crop Failure & Yield Reduction,0,0.4530201303440438,1.7495448191960652,wet,1
2024-04-01,4,NL213,Twente,Crop Failure & Yield Reduction,0,0.5271444832138025,1.8394211530685425,wet,1
2024-05-01,5,NL213,Twente,Crop Failure & Yield Reduction,0,0.7484301334300141,2.2049256960550943,wet,1
2024-06-01,6,NL213,Twente,Crop Failure & Yield Reduction,0,0.6465910412377022,2.5858238538106284,wet,1
2024-07-01,7,NL213,Twente,Crop Failure & Yield Reduction,0,0.5859574777083691,2.9343260129292807,wet,1
2024-08-01,8,NL213,Twente,Crop Failure & Yield Reduction,0,0.6333057240550746,2.6960832277933755,wet,1
2024-09-01,9,NL213,Twente,Crop Failure & Yield Reduction,1,0.6768351128032739,3.2426631450653076,wet,1
2024-10-01,10,NL213,Twente,Crop Failure & Yield Reduction,0,0.4426744470495138,2.2757716178894043,wet,1
2024-11-01,11,NL213,Twente,Crop Failure & Yield Reduction,0,0.37808813820890264,1.856828014055888,wet,1
2024-12-01,12,NL213,Twente,Crop Failure & Yield Reduction,0,0.259273375194784,1.449364145596822,wet,1
2025-01-01,1,NL213,Twente,Crop Failure & Yield Reduction,0,0.34945732209386166,1.4633930921554565,wet,1
2025-02-01,2,NL213,Twente,Crop Failure & Yield Reduction,0,0.4169304105177496,0.8273681799570719,near_normal,1
2025-03-01,3,NL213,Twente,Crop Failure & Yield Reduction,0,0.7448784284919179,0.45466773708661395,near_normal,1
2025-04-01,4,NL213,Twente,Crop Failure & Yield Reduction,0,0.7155584962759458,-0.08532259364922841,near_normal,1
2025-05-01,5,NL213,Twente,Crop Failure & Yield Reduction,0,0.8388152804002023,-0.7380898396174113,near_normal,1
2025-06-01,6,NL213,Twente,Crop Failure & Yield Reduction,1,0.8378735276278463,-0.8258537650108337,near_normal,1
2025-07-01,7,NL213,Twente,Crop Failure & Yield Reduction,1,0.7810318000181903,-0.9453806678454081,near_normal,1
2025-08-01,8,NL213,Twente,Crop Failure & Yield Reduction,0,0.8757392051866091,-1.2185680468877156,dry,1
2025-09-01,9,NL213,Twente,Crop Failure & Yield Reduction,0,0.6155086283857734,-1.2572739521662395,dry,1
2024-01-01,1,NL221,Veluwe,Crop Failure & Yield Reduction,0,0.32599979379451094,1.8073323965072632,wet,1
2024-02-01,2,NL221,Veluwe,Crop Failure & Yield Reduction,0,0.3338479462939984,2.2413116296132407,wet,1
2024-03-01,3,NL221,Veluwe,Crop Failure & Yield Reduction,0,0.38138363054083935,1.8151774009068806,wet,1
2024-04-01,4,NL221,Veluwe,Crop Failure & Yield Reduction,1,0.5122451833734148,2.02529247601827,wet,1
2024-05-01,5,NL221,Veluwe,Crop Failure & Yield Reduction,0,0.7566662755560025,2.5431505044301352,wet,1
2024-06-01,6,NL221,Veluwe,Crop Failure & Yield Reduction,0,0.6828266738372581,2.9275620778401694,wet,1
2024-07-01,7,NL221,Veluwe,Crop Failure & Yield Reduction,1,0.6832282060342539,3.333141009012858,wet,1
2024-08-01,8,NL221,Veluwe,Crop Failure & Yield Reduction,0,0.7362362162959624,2.8060739040374756,wet,1
2024-09-01,9,NL221,Veluwe,Crop Failure & Yield Reduction,0,0.7141735296831286,3.3057305812835693,wet,1
2024-10-01,10,NL221,Veluwe,Crop Failure & Yield Reduction,0,0.4612537184007879,2.3737645149230957,wet,1
2024-11-01,11,NL221,Veluwe,Crop Failure & Yield Reduction,0,0.39373682867869,1.9296060800552368,wet,1
2024-12-01,12,NL221,Veluwe,Crop Failure & Yield Reduction,0,0.28446479043966555,1.6137422720591228,wet,1
2025-01-01,1,NL221,Veluwe,Crop Failure & Yield Reduction,0,0.3573608888026551,1.6722465356190999,wet,1
2025-02-01,2,NL221,Veluwe,Crop Failure & Yield Reduction,0,0.4448657007992996,1.0694556037584941,wet,1
2025-03-01,3,NL221,Veluwe,Crop Failure & Yield Reduction,0,0.7425824316043377,0.6522466341654459,near_normal,1
2025-04-01,4,NL221,Veluwe,Crop Failure & Yield Reduction,0,0.7526063903262663,-0.03821267498036226,near_normal,1
2025-05-01,5,NL221,Veluwe,Crop Failure & Yield Reduction,0,0.8532684660016526,-0.8415002226829529,near_normal,1
2025-06-01,6,NL221,Veluwe,Crop Failure & Yield Reduction,0,0.8468128122226274,-0.9649274547894796,near_normal,1
2025-07-01,7,NL221,Veluwe,Crop Failure & Yield Reduction,1,0.7792717966506137,-1.1212384700775146,dry,1
2025-08-01,8,NL221,Veluwe,Crop Failure & Yield Reduction,0,0.85291453878747,-1.4766345818837483,dry,1
2025-09-01,9,NL221,Veluwe,Crop Failure & Yield Reduction,0,0.6102205067596916,-1.5261424779891968,dry,1
2024-01-01,1,NL224,Zuidwest-Gelderland,Crop Failure & Yield Reduction,0,0.15199465341445187,1.685375452041626,wet,1
2024-02-01,2,NL224,Zuidwest-Gelderland,Crop Failure & Yield Reduction,0,0.15662799058968666,2.1737860441207886,wet,1
2024-03-01,3,NL224,Zuidwest-Gelderland,Crop Failure & Yield Reduction,0,0.19940459518930653,1.7497069239616394,wet,1
2024-04-01,4,NL224,Zuidwest-Gelderland,Crop Failure & Yield Reduction,0,0.2777603479047198,2.014431595802307,wet,1
2024-05-01,5,NL224,Zuidwest-Gelderland,Crop Failure & Yield Reduction,0,0.5349265602902717,2.511814832687378,wet,1
2024-06-01,6,NL224,Zuidwest-Gelderland,Crop Failure & Yield Reduction,0,0.4727164692116609,2.8723764419555664,wet,1
2024-07-01,7,NL224,Zuidwest-Gelderland,Crop Failure & Yield Reduction,0,0.44707425653666155,3.360319137573242,wet,1
2024-08-01,8,NL224,Zuidwest-Gelderland,Crop Failure & Yield Reduction,0,0.5025981965151183,2.7078782320022583,wet,1
2024-09-01,9,NL224,Zuidwest-Gelderland,Crop Failure & Yield Reduction,0,0.4404801042412914,3.562034487724304,wet,1
2024-10-01,10,NL224,Zuidwest-Gelderland,Crop Failure & Yield Reduction,0,0.26287422643076236,2.6191734075546265,wet,1
2024-11-01,11,NL224,Zuidwest-Gelderland,Crop Failure & Yield Reduction,0,0.19996731038691373,2.088479518890381,wet,1
2024-12-01,12,NL224,Zuidwest-Gelderland,Crop Failure & Yield Reduction,0,0.1330597011897558,1.848576307296753,wet,1
2025-01-01,1,NL224,Zuidwest-Gelderland,Crop Failure & Yield Reduction,0,0.17010381344172112,1.9212733507156372,wet,1
2025-02-01,2,NL224,Zuidwest-Gelderland,Crop Failure & Yield Reduction,0,0.21838110876213496,1.400187075138092,wet,1
2025-03-01,3,NL224,Zuidwest-Gelderland,Crop Failure & Yield Reduction,0,0.5761064252795417,0.972754567861557,near_normal,1
2025-04-01,4,NL224,Zuidwest-Gelderland,Crop Failure & Yield Reduction,0,0.5202483969748138,0.29149629175662994,near_normal,1
2025-05-01,5,NL224,Zuidwest-Gelderland,Crop Failure & Yield Reduction,0,0.6912535297824061,-0.6283363997936249,near_normal,1
2025-06-01,6,NL224,Zuidwest-Gelderland,Crop Failure & Yield Reduction,0,0.692631535253261,-0.8211278021335602,near_normal,1
2025-07-01,7,NL224,Zuidwest-Gelderland,Crop Failure & Yield Reduction,1,0.5862823868226348,-1.0137033462524414,dry,1
2025-08-01,8,NL224,Zuidwest-Gelderland,Crop Failure & Yield Reduction,0,0.650125077275196,-1.4959520101547241,dry,1
2025-09-01,9,NL224,Zuidwest-Gelderland,Crop Failure & Yield Reduction,0,0.3461329931044873,-1.5776581168174744,dry,1
2024-01-01,1,NL225,Achterhoek,Crop Failure & Yield Reduction,0,0.3236871328468454,1.805512011051178,wet,1
2024-02-01,2,NL225,Achterhoek,Crop Failure & Yield Reduction,0,0.34309105369006626,2.2859821915626526,wet,1
2024-03-01,3,NL225,Achterhoek,Crop Failure & Yield Reduction,0,0.39534726306056883,1.7744671404361725,wet,1
2024-04-01,4,NL225,Achterhoek,Crop Failure & Yield Reduction,0,0.535411933868395,1.8754302561283112,wet,1
2024-05-01,5,NL225,Achterhoek,Crop Failure & Yield Reduction,0,0.7659413243613846,2.249455988407135,wet,1
2024-06-01,6,NL225,Achterhoek,Crop Failure & Yield Reduction,0,0.6998359271168673,2.5028456449508667,wet,1
2024-07-01,7,NL225,Achterhoek,Crop Failure & Yield Reduction,0,0.6201584267609089,2.9508511424064636,wet,1
2024-08-01,8,NL225,Achterhoek,Crop Failure & Yield Reduction,0,0.6535962531790892,2.5167282819747925,wet,1
2024-09-01,9,NL225,Achterhoek,Crop Failure & Yield Reduction,0,0.6801954497737459,3.3198123574256897,wet,1
2024-10-01,10,NL225,Achterhoek,Crop Failure & Yield Reduction,0,0.4505624362348807,2.387208878993988,wet,1
2024-11-01,11,NL225,Achterhoek,Crop Failure & Yield Reduction,0,0.37911857473025395,1.9416667819023132,wet,1
2024-12-01,12,NL225,Achterhoek,Crop Failure & Yield Reduction,0,0.27013756347121776,1.5921784937381744,wet,1
2025-01-01,1,NL225,Achterhoek,Crop Failure & Yield Reduction,0,0.35188433537274494,1.7311365902423859,wet,1
2025-02-01,2,NL225,Achterhoek,Crop Failure & Yield Reduction,0,0.4189200445723607,1.0746888369321823,wet,1
2025-03-01,3,NL225,Achterhoek,Crop Failure & Yield Reduction,0,0.7264694142522774,0.6834009438753128,near_normal,1
2025-04-01,4,NL225,Achterhoek,Crop Failure & Yield Reduction,1,0.7051453728741448,0.09695965144783258,near_normal,1
2025-05-01,5,NL225,Achterhoek,Crop Failure & Yield Reduction,0,0.8405002756097372,-0.612250030040741,near_normal,1
2025-06-01,6,NL225,Achterhoek,Crop Failure & Yield Reduction,1,0.8356341498732254,-0.7061386853456497,near_normal,1
2025-07-01,7,NL225,Achterhoek,Crop Failure & Yield Reduction,1,0.7953827635865081,-0.8033000975847244,near_normal,1
2025-08-01,8,NL225,Achterhoek,Crop Failure & Yield Reduction,0,0.8904906483571023,-1.172307550907135,dry,1
2025-09-01,9,NL225,Achterhoek,Crop Failure & Yield Reduction,0,0.645026673071073,-1.218297392129898,dry,1
2024-01-01,1,NL226,Arnhem/Nijmegen,Crop Failure & Yield Reduction,0,0.18055373520937623,1.8382607301076253,wet,1
2024-02-01,2,NL226,Arnhem/Nijmegen,Crop Failure & Yield Reduction,0,0.17812336043662105,2.3888396422068277,wet,1
2024-03-01,3,NL226,Arnhem/Nijmegen,Crop Failure & Yield Reduction,0,0.22124125003150397,1.8225633303324382,wet,1
2024-04-01,4,NL226,Arnhem/Nijmegen,Crop Failure & Yield Reduction,0,0.3352758744807364,2.003558794657389,wet,1
2024-05-01,5,NL226,Arnhem/Nijmegen,Crop Failure & Yield Reduction,0,0.6144191836004094,2.5283732414245605,wet,1
2024-06-01,6,NL226,Arnhem/Nijmegen,Crop Failure & Yield Reduction,0,0.5407771211737752,2.8170496622721353,wet,1
2024-07-01,7,NL226,Arnhem/Nijmegen,Crop Failure & Yield Reduction,0,0.4625758036512412,3.480062961578369,wet,1
2024-08-01,8,NL226,Arnhem/Nijmegen,Crop Failure & Yield Reduction,0,0.5109271845725141,2.6924848556518555,wet,1
2024-09-01,9,NL226,Arnhem/Nijmegen,Crop Failure & Yield Reduction,0,0.4886381983009194,3.6542739868164062,wet,1
2024-10-01,10,NL226,Arnhem/Nijmegen,Crop Failure & Yield Reduction,0,0.2855958123513033,2.6188717683156333,wet,1
2024-11-01,11,NL226,Arnhem/Nijmegen,Crop Failure & Yield Reduction,0,0.21359756815832798,2.119877894719442,wet,1
2024-12-01,12,NL226,Arnhem/Nijmegen,Crop Failure & Yield Reduction,0,0.14298108013036123,1.8100270827611287,wet,1
2025-01-01,1,NL226,Arnhem/Nijmegen,Crop Failure & Yield Reduction,0,0.1915617736271643,1.9685104290644329,wet,1
2025-02-01,2,NL226,Arnhem/Nijmegen,Crop Failure & Yield Reduction,0,0.24297967609748827,1.3947044213612874,wet,1
2025-03-01,3,NL226,Arnhem/Nijmegen,Crop Failure & Yield Reduction,0,0.5291369753869879,0.9596504171689352,near_normal,1
2025-04-01,4,NL226,Arnhem/Nijmegen,Crop Failure & Yield Reduction,0,0.5383496882340822,0.3398151993751526,near_normal,1
2025-05-01,5,NL226,Arnhem/Nijmegen,Crop Failure & Yield Reduction,1,0.6859928730601398,-0.5684083700180054,near_normal,1
2025-06-01,6,NL226,Arnhem/Nijmegen,Crop Failure & Yield Reduction,1,0.7107366914277591,-0.671301543712616,near_normal,1
2025-07-01,7,NL226,Arnhem/Nijmegen,Crop Failure & Yield Reduction,1,0.6594490990443411,-0.846276581287384,near_normal,1
2025-08-01,8,NL226,Arnhem/Nijmegen,Crop Failure & Yield Reduction,1,0.7156380056527347,-1.2885345220565796,dry,1
2025-09-01,9,NL226,Arnhem/Nijmegen,Crop Failure & Yield Reduction,0,0.44412571843534543,-1.3259549935658772,dry,1
2024-01-01,1,NL230,Flevoland,Crop Failure & Yield Reduction,0,0.16447492974103012,1.6810797452926636,wet,1
2024-02-01,2,NL230,Flevoland,Crop Failure & Yield Reduction,0,0.18365506184062994,2.042652944723765,wet,1
2024-03-01,3,NL230,Flevoland,Crop Failure & Yield Reduction,0,0.19421055099252543,1.7197583715120952,wet,1
2024-04-01,4,NL230,Flevoland,Crop Failure & Yield Reduction,0,0.3106969292572908,1.9411502679189045,wet,1
2024-05-01,5,NL230,Flevoland,Crop Failure & Yield Reduction,0,0.529589359530523,2.439574877421061,wet,1
2024-06-01,6,NL230,Flevoland,Crop Failure & Yield Reduction,0,0.48333781819014826,2.9559825658798218,wet,1
2024-07-01,7,NL230,Flevoland,Crop Failure & Yield Reduction,0,0.4938464488365373,2.801535407702128,wet,1
2024-08-01,8,NL230,Flevoland,Crop Failure & Yield Reduction,0,0.5295403455228264,2.583793560663859,wet,1
2024-09-01,9,NL230,Flevoland,Crop Failure & Yield Reduction,0,0.50209533834476,2.821715792020162,wet,1
2024-10-01,10,NL230,Flevoland,Crop Failure & Yield Reduction,0,0.2675914617845988,2.08377875884374,wet,1
2024-11-01,11,NL230,Flevoland,Crop Failure & Yield Reduction,0,0.2222163695174322,1.6295397281646729,wet,1
2024-12-01,12,NL230,Flevoland,Crop Failure & Yield Reduction,0,0.15241104139222394,1.3571658531824748,wet,1
2025-01-01,1,NL230,Flevoland,Crop Failure & Yield Reduction,0,0.22392870717401428,1.31018461783727,wet,1
2025-02-01,2,NL230,Flevoland,Crop Failure & Yield Reduction,0,0.2903989004284173,0.681924487153689,near_normal,1
2025-03-01,3,NL230,Flevoland,Crop Failure & Yield Reduction,0,0.6085616875859348,0.25594955605144304,near_normal,1
2025-04-01,4,NL230,Flevoland,Crop Failure & Yield Reduction,0,0.5837113533350154,-0.42615289986133575,near_normal,1
2025-05-01,5,NL230,Flevoland,Crop Failure & Yield Reduction,0,0.70475412792972,-1.02263805270195,dry,1
2025-06-01,6,NL230,Flevoland,Crop Failure & Yield Reduction,0,0.683749359197339,-1.1407394806543987,dry,1
2025-07-01,7,NL230,Flevoland,Crop Failure & Yield Reduction,0,0.5942743289452619,-1.2951755126317341,dry,1
2025-08-01,8,NL230,Flevoland,Crop Failure & Yield Reduction,0,0.6692609508778943,-1.5772170821825664,dry,1
2025-09-01,9,NL230,Flevoland,Crop Failure & Yield Reduction,0,0.40253461204240004,-1.6643696029980977,dry,1
2024-01-01,1,NL310,Utrecht,Crop Failure & Yield Reduction,0,0.15742569293635328,1.6331657965977986,wet,1
2024-02-01,2,NL310,Utrecht,Crop Failure & Yield Reduction,0,0.16103818433514597,2.060304045677185,wet,1
2024-03-01,3,NL310,Utrecht,Crop Failure & Yield Reduction,0,0.17176192495344414,1.6860721111297607,wet,1
2024-04-01,4,NL310,Utrecht,Crop Failure & Yield Reduction,0,0.2800954782311655,1.934793512026469,wet,1
2024-05-01,5,NL310,Utrecht,Crop Failure & Yield Reduction,0,0.5229142268459496,2.4599483807881675,wet,1
2024-06-01,6,NL310,Utrecht,Crop Failure & Yield Reduction,0,0.4863885707985165,2.8643977642059326,wet,1
2024-07-01,7,NL310,Utrecht,Crop Failure & Yield Reduction,0,0.48990329419905626,2.9952971935272217,wet,1
2024-08-01,8,NL310,Utrecht,Crop Failure & Yield Reduction,0,0.5521089733522151,2.573964277903239,wet,1
2024-09-01,9,NL310,Utrecht,Crop Failure & Yield Reduction,0,0.4749089864898241,2.949850559234619,wet,1
2024-10-01,10,NL310,Utrecht,Crop Failure & Yield Reduction,0,0.26649402669300204,2.2675256729125977,wet,1
2024-11-01,11,NL310,Utrecht,Crop Failure & Yield Reduction,0,0.2049986406786186,1.8243724505106609,wet,1
2024-12-01,12,NL310,Utrecht,Crop Failure & Yield Reduction,0,0.13566615790420547,1.599138617515564,wet,1
2025-01-01,1,NL310,Utrecht,Crop Failure & Yield Reduction,0,0.18634740062745175,1.6418602069218953,wet,1
2025-02-01,2,NL310,Utrecht,Crop Failure & Yield Reduction,0,0.2438436784094338,1.0959928433100383,wet,1
2025-03-01,3,NL310,Utrecht,Crop Failure & Yield Reduction,1,0.6076704475900208,0.6640455524126688,near_normal,1
2025-04-01,4,NL310,Utrecht,Crop Failure & Yield Reduction,0,0.5524750811660187,-0.07301297783851624,near_normal,1
2025-05-01,5,NL310,Utrecht,Crop Failure & Yield Reduction,1,0.6956457811413546,-0.8883529901504517,near_normal,1
2025-06-01,6,NL310,Utrecht,Crop Failure & Yield Reduction,1,0.6758444756316017,-1.0327074925104778,dry,1
2025-07-01,7,NL310,Utrecht,Crop Failure & Yield Reduction,0,0.5825731209214412,-1.170036753018697,dry,1
2025-08-01,8,NL310,Utrecht,Crop Failure & Yield Reduction,0,0.6375702760965419,-1.5849626461664836,dry,1
2025-09-01,9,NL310,Utrecht,Crop Failure & Yield Reduction,0,0.34259633407351503,-1.695322314898173,dry,1
2024-01-01,1,NL321,Kop van Noord-Holland,Crop Failure & Yield Reduction,0,0.14925632701775107,1.6329838037490845,wet,1
2024-02-01,2,NL321,Kop van Noord-Holland,Crop Failure & Yield Reduction,0,0.1595835436833314,1.9536860883235931,wet,1
2024-03-01,3,NL321,Kop van Noord-Holland,Crop Failure & Yield Reduction,0,0.2091277265090974,1.7587225437164307,wet,1
2024-04-01,4,NL321,Kop van Noord-Holland,Crop Failure & Yield Reduction,0,0.32036006253255805,2.091783583164215,wet,1
2024-05-01,5,NL321,Kop van Noord-Holland,Crop Failure & Yield Reduction,0,0.5151424889718372,2.2810864448547363,wet,1
2024-06-01,6,NL321,Kop van Noord-Holland,Crop Failure & Yield Reduction,0,0.5724114892015235,2.7499186396598816,wet,1
2024-07-01,7,NL321,Kop van Noord-Holland,Crop Failure & Yield Reduction,0,0.4896983275551217,2.32273006439209,wet,1
2024-08-01,8,NL321,Kop van Noord-Holland,Crop Failure & Yield Reduction,1,0.5679287630821314,2.314435124397278,wet,1
2024-09-01,9,NL321,Kop van Noord-Holland,Crop Failure & Yield Reduction,0,0.46343309539931254,2.3948420882225037,wet,1
2024-10-01,10,NL321,Kop van Noord-Holland,Crop Failure & Yield Reduction,0,0.2760419853326093,1.7925672829151154,wet,1
2024-11-01,11,NL321,Kop van Noord-Holland,Crop Failure & Yield Reduction,0,0.22767184996585552,1.154409036040306,wet,1
2024-12-01,12,NL321,Kop van Noord-Holland,Crop Failure & Yield Reduction,0,0.16610505797843736,0.8799158334732056,near_normal,1
2025-01-01,1,NL321,Kop van Noord-Holland,Crop Failure & Yield Reduction,0,0.26644089270084903,0.7503800988197327,near_normal,1
2025-02-01,2,NL321,Kop van Noord-Holland,Crop Failure & Yield Reduction,0,0.28412943542999713,0.1837369699496776,near_normal,1
2025-03-01,3,NL321,Kop van Noord-Holland,Crop Failure & Yield Reduction,0,0.5410995659285424,-0.19919294212013483,near_normal,1
2025-04-01,4,NL321,Kop van Noord-Holland,Crop Failure & Yield Reduction,0,0.5799114502475062,-0.8529584109783173,near_normal,1
2025-05-01,5,NL321,Kop van Noord-Holland,Crop Failure & Yield Reduction,1,0.7379002164958972,-1.0707411617040634,dry,1
2025-06-01,6,NL321,Kop van Noord-Holland,Crop Failure & Yield Reduction,1,0.6576399163035229,-1.2265169620513916,dry,1
2025-07-01,7,NL321,Kop van Noord-Holland,Crop Failure & Yield Reduction,0,0.5997052699161969,-1.3985914885997772,dry,1
2025-08-01,8,NL321,Kop van Noord-Holland,Crop Failure & Yield Reduction,0,0.625388152551726,-1.6699672937393188,dry,1
2025-09-01,9,NL321,Kop van Noord-Holland,Crop Failure & Yield Reduction,0,0.3897807053630977,-1.6399725377559662,dry,1
2024-01-01,1,NL323,IJmond,Crop Failure & Yield Reduction,0,0.03885274018601027,1.7469192743301392,wet,1
2024-02-01,2,NL323,IJmond,Crop Failure & Yield Reduction,0,0.041500558078598426,1.9654667377471924,wet,1
2024-03-01,3,NL323,IJmond,Crop Failure & Yield Reduction,0,0.051155928192923326,1.801576018333435,wet,1
2024-04-01,4,NL323,IJmond,Crop Failure & Yield Reduction,0,0.11047949790777822,2.1092770099639893,wet,1
2024-05-01,5,NL323,IJmond,Crop Failure & Yield Reduction,0,0.20441587576603445,2.3961286544799805,wet,1
2024-06-01,6,NL323,IJmond,Crop Failure & Yield Reduction,0,0.22804151781016124,2.795001268386841,wet,1
2024-07-01,7,NL323,IJmond,Crop Failure & Yield Reduction,0,0.16718430546398,2.374518632888794,wet,1
2024-08-01,8,NL323,IJmond,Crop Failure & Yield Reduction,0,0.1909141605136592,2.4498143196105957,wet,1
2024-09-01,9,NL323,IJmond,Crop Failure & Yield Reduction,0,0.1671099928442142,2.5644779205322266,wet,1
2024-10-01,10,NL323,IJmond,Crop Failure & Yield Reduction,0,0.09742390708536641,2.1055748462677,wet,1
2024-11-01,11,NL323,IJmond,Crop Failure & Yield Reduction,0,0.0611981841919222,1.2876315116882324,wet,1
2024-12-01,12,NL323,IJmond,Crop Failure & Yield Reduction,0,0.042786346582780646,1.054290771484375,wet,1
2025-01-01,1,NL323,IJmond,Crop Failure & Yield Reduction,0,0.0719224905048465,0.9302926659584045,near_normal,1
2025-02-01,2,NL323,IJmond,Crop Failure & Yield Reduction,0,0.08085958656735293,0.3864094913005829,near_normal,1
2025-03-01,3,NL323,IJmond,Crop Failure & Yield Reduction,0,0.3338060994996285,-0.0300010796636343,near_normal,1
2025-04-01,4,NL323,IJmond,Crop Failure & Yield Reduction,0,0.23267954164167323,-0.679432213306427,near_normal,1
2025-05-01,5,NL323,IJmond,Crop Failure & Yield Reduction,0,0.3925445455627728,-1.0121432542800903,dry,1
2025-06-01,6,NL323,IJmond,Crop Failure & Yield Reduction,1,0.3573563419376009,-1.1519043445587158,dry,1
2025-07-01,7,NL323,IJmond,Crop Failure & Yield Reduction,0,0.26913104318235354,-1.336739182472229,dry,1
2025-08-01,8,NL323,IJmond,Crop Failure & Yield Reduction,0,0.309525922737066,-1.6172122955322266,dry,1
2025-09-01,9,NL323,IJmond,Crop Failure & Yield Reduction,0,0.13212934938073517,-1.5776567459106445,dry,1
2024-01-01,1,NL324,Agglomeratie Haarlem,Crop Failure & Yield Reduction,0,0.030940393055188604,1.647356390953064,wet,1
2024-02-01,2,NL324,Agglomeratie Haarlem,Crop Failure & Yield Reduction,0,0.031986412117998256,1.945382833480835,wet,1
2024-03-01,3,NL324,Agglomeratie Haarlem,Crop Failure & Yield Reduction,0,0.04213625551733757,1.7071410417556763,wet,1
2024-04-01,4,NL324,Agglomeratie Haarlem,Crop Failure & Yield Reduction,0,0.07731128169468968,1.988879919052124,wet,1
2024-05-01,5,NL324,Agglomeratie Haarlem,Crop Failure & Yield Reduction,0,0.16171577926758263,2.4034242630004883,wet,1
2024-06-01,6,NL324,Agglomeratie Haarlem,Crop Failure & Yield Reduction,0,0.16563697197147753,2.8238632678985596,wet,1
2024-07-01,7,NL324,Agglomeratie Haarlem,Crop Failure & Yield Reduction,0,0.14229905761646947,2.4710593223571777,wet,1
2024-08-01,8,NL324,Agglomeratie Haarlem,Crop Failure & Yield Reduction,0,0.15510829406251903,2.520214796066284,wet,1
2024-09-01,9,NL324,Agglomeratie Haarlem,Crop Failure & Yield Reduction,0,0.13461667731557875,2.598809242248535,wet,1
2024-10-01,10,NL324,Agglomeratie Haarlem,Crop Failure & Yield Reduction,0,0.06761095537685718,2.1641006469726562,wet,1
2024-11-01,11,NL324,Agglomeratie Haarlem,Crop Failure & Yield Reduction,0,0.045038779270440095,1.519848108291626,wet,1
2024-12-01,12,NL324,Agglomeratie Haarlem,Crop Failure & Yield Reduction,0,0.029909781936389903,1.3313369750976562,wet,1
2025-01-01,1,NL324,Agglomeratie Haarlem,Crop Failure & Yield Reduction,0,0.04977490736134721,1.2478913068771362,wet,1
2025-02-01,2,NL324,Agglomeratie Haarlem,Crop Failure & Yield Reduction,0,0.06402471632038427,0.668552577495575,near_normal,1
2025-03-01,3,NL324,Agglomeratie Haarlem,Crop Failure & Yield Reduction,0,0.27873787967670016,0.24341583251953125,near_normal,1
2025-04-01,4,NL324,Agglomeratie Haarlem,Crop Failure & Yield Reduction,0,0.1898913754006399,-0.45443814992904663,near_normal,1
2025-05-01,5,NL324,Agglomeratie Haarlem,Crop Failure & Yield Reduction,0,0.3163635786073944,-0.9552810192108154,near_normal,1
2025-06-01,6,NL324,Agglomeratie Haarlem,Crop Failure & Yield Reduction,1,0.29857422221188024,-1.0814781188964844,dry,1
2025-07-01,7,NL324,Agglomeratie Haarlem,Crop Failure & Yield Reduction,0,0.21071461622866144,-1.2436511516571045,dry,1
2025-08-01,8,NL324,Agglomeratie Haarlem,Crop Failure & Yield Reduction,0,0.22932748194549651,-1.534304141998291,dry,1
2025-09-01,9,NL324,Agglomeratie Haarlem,Crop Failure & Yield Reduction,0,0.08821836631449863,-1.641973853111267,dry,1
2024-01-01,1,NL325,Zaanstreek,Crop Failure & Yield Reduction,0,0.0647961384990231,1.6169030666351318,wet,1
2024-02-01,2,NL325,Zaanstreek,Crop Failure & Yield Reduction,0,0.06294098184692479,1.957419753074646,wet,1
2024-03-01,3,NL325,Zaanstreek,Crop Failure & Yield Reduction,0,0.06319569802605965,1.6453285217285156,wet,1
2024-04-01,4,NL325,Zaanstreek,Crop Failure & Yield Reduction,0,0.131932533344925,1.9042351245880127,wet,1
2024-05-01,5,NL325,Zaanstreek,Crop Failure & Yield Reduction,0,0.25145964601693066,2.3876869678497314,wet,1
2024-06-01,6,NL325,Zaanstreek,Crop Failure & Yield Reduction,0,0.27392710572397855,2.875868558883667,wet,1
2024-07-01,7,NL325,Zaanstreek,Crop Failure & Yield Reduction,0,0.2558324725544444,2.6098756790161133,wet,1
2024-08-01,8,NL325,Zaanstreek,Crop Failure & Yield Reduction,0,0.305344862047135,2.4586730003356934,wet,1
2024-09-01,9,NL325,Zaanstreek,Crop Failure & Yield Reduction,0,0.23712486294034252,2.6439425945281982,wet,1
2024-10-01,10,NL325,Zaanstreek,Crop Failure & Yield Reduction,0,0.10950380708053156,2.0523898601531982,wet,1
2024-11-01,11,NL325,Zaanstreek,Crop Failure & Yield Reduction,0,0.08364493959089579,1.5562342405319214,wet,1
2024-12-01,12,NL325,Zaanstreek,Crop Failure & Yield Reduction,0,0.05603835822073625,1.3256824016571045,wet,1
2025-01-01,1,NL325,Zaanstreek,Crop Failure & Yield Reduction,0,0.09038076803354365,1.2905166149139404,wet,1
2025-02-01,2,NL325,Zaanstreek,Crop Failure & Yield Reduction,0,0.11392451959723814,0.7351674437522888,near_normal,1
2025-03-01,3,NL325,Zaanstreek,Crop Failure & Yield Reduction,0,0.38895506084053405,0.2895616590976715,near_normal,1
2025-04-01,4,NL325,Zaanstreek,Crop Failure & Yield Reduction,0,0.3202201062688776,-0.44397521018981934,near_normal,1
2025-05-01,5,NL325,Zaanstreek,Crop Failure & Yield Reduction,0,0.4637702328322919,-1.0350122451782227,dry,1
2025-06-01,6,NL325,Zaanstreek,Crop Failure & Yield Reduction,1,0.3788543237235976,-1.1691848039627075,dry,1
2025-07-01,7,NL325,Zaanstreek,Crop Failure & Yield Reduction,0,0.33024796455221256,-1.3288004398345947,dry,1
2025-08-01,8,NL325,Zaanstreek,Crop Failure & Yield Reduction,0,0.34789078108679766,-1.6849058866500854,dry,1
2025-09-01,9,NL325,Zaanstreek,Crop Failure & Yield Reduction,0,0.1802123070886129,-1.740875005722046,dry,1
2024-01-01,1,NL327,Het Gooi en Vechtstreek,Crop Failure & Yield Reduction,0,0.16378907644152244,1.636123776435852,wet,1
2024-03-01,3,NL327,Het Gooi en Vechtstreek,Crop Failure & Yield Reduction,0,0.15910231761224453,1.6505409479141235,wet,1
2024-04-01,4,NL327,Het Gooi en Vechtstreek,Crop Failure & Yield Reduction,0,0.2931975032747139,1.8591419458389282,wet,1
2024-05-01,5,NL327,Het Gooi en Vechtstreek,Crop Failure & Yield Reduction,0,0.49734929005572565,2.378713369369507,wet,1
2024-06-01,6,NL327,Het Gooi en Vechtstreek,Crop Failure & Yield Reduction,0,0.47148577242648326,2.898977279663086,wet,1
2024-07-01,7,NL327,Het Gooi en Vechtstreek,Crop Failure & Yield Reduction,0,0.4984019844164186,2.7814443111419678,wet,1
2024-08-01,8,NL327,Het Gooi en Vechtstreek,Crop Failure & Yield Reduction,0,0.5686518939084106,2.4918413162231445,wet,1
2024-09-01,9,NL327,Het Gooi en Vechtstreek,Crop Failure & Yield Reduction,0,0.49880356759147587,2.7578084468841553,wet,1
2024-10-01,10,NL327,Het Gooi en Vechtstreek,Crop Failure & Yield Reduction,0,0.2643987179638598,2.0412652492523193,wet,1
2024-11-01,11,NL327,Het Gooi en Vechtstreek,Crop Failure & Yield Reduction,0,0.20827097035117711,1.6262489557266235,wet,1
2024-12-01,12,NL327,Het Gooi en Vechtstreek,Crop Failure & Yield Reduction,0,0.13893782111326913,1.3761451244354248,wet,1
2025-01-01,1,NL327,Het Gooi en Vechtstreek,Crop Failure & Yield Reduction,0,0.20556852984129623,1.3592329025268555,wet,1
2025-02-01,2,NL327,Het Gooi en Vechtstreek,Crop Failure & Yield Reduction,0,0.2726463228661061,0.8063275814056396,near_normal,1
2025-03-01,3,NL327,Het Gooi en Vechtstreek,Crop Failure & Yield Reduction,0,0.5329250487231051,0.35810184478759766,near_normal,1
2025-04-01,4,NL327,Het Gooi en Vechtstreek,Crop Failure & Yield Reduction,0,0.5737820062324888,-0.35341763496398926,near_normal,1
2025-05-01,5,NL327,Het Gooi en Vechtstreek,Crop Failure & Yield Reduction,0,0.7256636999103153,-1.0387662649154663,dry,1
2025-06-01,6,NL327,Het Gooi en Vechtstreek,Crop Failure & Yield Reduction,1,0.6624469065631461,-1.1725388765335083,dry,1
2025-07-01,7,NL327,Het Gooi en Vechtstreek,Crop Failure & Yield Reduction,0,0.5847234676629117,-1.3508493900299072,dry,1
2025-08-01,8,NL327,Het Gooi en Vechtstreek,Crop Failure & Yield Reduction,0,0.6439153249930349,-1.7118911743164062,dry,1
2025-09-01,9,NL327,Het Gooi en Vechtstreek,Crop Failure & Yield Reduction,0,0.3827971069389124,-1.7690833806991577,dry,1
2024-01-01,1,NL328,Alkmaar en omgeving,Crop Failure & Yield Reduction,0,0.13225011286852106,1.7100821137428284,wet,1
2024-02-01,2,NL328,Alkmaar en omgeving,Crop Failure & Yield Reduction,0,0.14946440926342822,1.9593284130096436,wet,1
2024-03-01,3,NL328,Alkmaar en omgeving,Crop Failure & Yield Reduction,1,0.15890793446282325,1.739656686782837,wet,1
2024-04-01,4,NL328,Alkmaar en omgeving,Crop Failure & Yield Reduction,0,0.29319722475317755,2.0186948776245117,wet,1
2024-05-01,5,NL328,Alkmaar en omgeving,Crop Failure & Yield Reduction,0,0.472422805680731,2.3344630002975464,wet,1
2024-06-01,6,NL328,Alkmaar en omgeving,Crop Failure & Yield Reduction,0,0.512259036812204,2.804568648338318,wet,1
2024-07-01,7,NL328,Alkmaar en omgeving,Crop Failure & Yield Reduction,0,0.4418453704238544,2.428522229194641,wet,1
2024-08-01,8,NL328,Alkmaar en omgeving,Crop Failure & Yield Reduction,0,0.487466472549099,2.425881505012512,wet,1
2024-09-01,9,NL328,Alkmaar en omgeving,Crop Failure & Yield Reduction,0,0.43215851546267553,2.5760817527770996,wet,1
2024-10-01,10,NL328,Alkmaar en omgeving,Crop Failure & Yield Reduction,0,0.2517824956891323,2.0169880390167236,wet,1
2024-11-01,11,NL328,Alkmaar en omgeving,Crop Failure & Yield Reduction,0,0.19180092029495754,1.3094255328178406,wet,1
2024-12-01,12,NL328,Alkmaar en omgeving,Crop Failure & Yield Reduction,0,0.1372613998270078,1.0511134266853333,wet,1
2025-01-01,1,NL328,Alkmaar en omgeving,Crop Failure & Yield Reduction,0,0.2128967883646504,0.9406598210334778,near_normal,1
2025-02-01,2,NL328,Alkmaar en omgeving,Crop Failure & Yield Reduction,0,0.24509991509402146,0.40348732471466064,near_normal,1
2025-03-01,3,NL328,Alkmaar en omgeving,Crop Failure & Yield Reduction,0,0.5255181112012496,-0.023991535417735577,near_normal,1
2025-04-01,4,NL328,Alkmaar en omgeving,Crop Failure & Yield Reduction,0,0.5315915741328735,-0.6851816177368164,near_normal,1
2025-05-01,5,NL328,Alkmaar en omgeving,Crop Failure & Yield Reduction,0,0.682975098852381,-1.0560193061828613,dry,1
2025-06-01,6,NL328,Alkmaar en omgeving,Crop Failure & Yield Reduction,1,0.6063900485191633,-1.200132429599762,dry,1
2025-07-01,7,NL328,Alkmaar en omgeving,Crop Failure & Yield Reduction,0,0.5641784680448861,-1.380033254623413,dry,1
2025-08-01,8,NL328,Alkmaar en omgeving,Crop Failure & Yield Reduction,0,0.6046551904404258,-1.6897867918014526,dry,1
2025-09-01,9,NL328,Alkmaar en omgeving,Crop Failure & Yield Reduction,0,0.36727470884404095,-1.6552176475524902,dry,1
2024-01-01,1,NL329,Groot-Amsterdam,Crop Failure & Yield Reduction,0,0.10924905114446902,1.6169030666351318,wet,1
2024-02-01,2,NL329,Groot-Amsterdam,Crop Failure & Yield Reduction,0,0.11789050869482388,1.957419753074646,wet,1
2024-03-01,3,NL329,Groot-Amsterdam,Crop Failure & Yield Reduction,0,0.1171883209608045,1.6453285217285156,wet,1
2024-04-01,4,NL329,Groot-Amsterdam,Crop Failure & Yield Reduction,0,0.2196547914394238,1.9042351245880127,wet,1
2024-05-01,5,NL329,Groot-Amsterdam,Crop Failure & Yield Reduction,1,0.39115361531247644,2.3876869678497314,wet,1
2024-06-01,6,NL329,Groot-Amsterdam,Crop Failure & Yield Reduction,0,0.41875047519743197,2.875868558883667,wet,1
2024-07-01,7,NL329,Groot-Amsterdam,Crop Failure & Yield Reduction,0,0.39256538559044524,2.6098756790161133,wet,1
2024-08-01,8,NL329,Groot-Amsterdam,Crop Failure & Yield Reduction,0,0.47008561787993536,2.4586730003356934,wet,1
2024-09-01,9,NL329,Groot-Amsterdam,Crop Failure & Yield Reduction,0,0.3932185974176664,2.6439425945281982,wet,1
2024-10-01,10,NL329,Groot-Amsterdam,Crop Failure & Yield Reduction,0,0.19530750731563667,2.0523898601531982,wet,1
2024-11-01,11,NL329,Groot-Amsterdam,Crop Failure & Yield Reduction,0,0.14519793053072694,1.5562342405319214,wet,1
2024-12-01,12,NL329,Groot-Amsterdam,Crop Failure & Yield Reduction,0,0.09907332298697435,1.3256824016571045,wet,1
2025-01-01,1,NL329,Groot-Amsterdam,Crop Failure & Yield Reduction,0,0.1522056759267837,1.2905166149139404,wet,1
2025-02-01,2,NL329,Groot-Amsterdam,Crop Failure & Yield Reduction,0,0.19944852062371757,0.7351674437522888,near_normal,1
2025-03-01,3,NL329,Groot-Amsterdam,Crop Failure & Yield Reduction,0,0.5137065271917954,0.2895616590976715,near_normal,1
2025-04-01,4,NL329,Groot-Amsterdam,Crop Failure & Yield Reduction,1,0.46891684161343083,-0.44397521018981934,near_normal,1
2025-05-01,5,NL329,Groot-Amsterdam,Crop Failure & Yield Reduction,1,0.6216929665205271,-1.0350122451782227,dry,1
2025-06-01,6,NL329,Groot-Amsterdam,Crop Failure & Yield Reduction,1,0.5643506741959777,-1.1691848039627075,dry,1
2025-07-01,7,NL329,Groot-Amsterdam,Crop Failure & Yield Reduction,1,0.47496365784366734,-1.3288004398345947,dry,1
2025-08-01,8,NL329,Groot-Amsterdam,Crop Failure & Yield Reduction,1,0.5382552988893764,-1.6849058866500854,dry,1
2025-09-01,9,NL329,Groot-Amsterdam,Crop Failure & Yield Reduction,0,0.2766821159509561,-1.740875005722046,dry,1
2024-01-01,1,NL332,Agglomeratie ’s-Gravenhage,Crop Failure & Yield Reduction,0,0.07971289704978932,1.5479464530944824,wet,1
2024-02-01,2,NL332,Agglomeratie ’s-Gravenhage,Crop Failure & Yield Reduction,0,0.08403539802908787,1.9152671098709106,wet,1
2024-03-01,3,NL332,Agglomeratie ’s-Gravenhage,Crop Failure & Yield Reduction,0,0.10337065071874375,1.6138807535171509,wet,1
2024-04-01,4,NL332,Agglomeratie ’s-Gravenhage,Crop Failure & Yield Reduction,0,0.15755444472493654,1.7927536964416504,wet,1
2024-05-01,5,NL332,Agglomeratie ’s-Gravenhage,Crop Failure & Yield Reduction,0,0.3146981756931363,2.222562551498413,wet,1
2024-06-01,6,NL332,Agglomeratie ’s-Gravenhage,Crop Failure & Yield Reduction,0,0.3230096288714761,2.651139974594116,wet,1
2024-07-01,7,NL332,Agglomeratie ’s-Gravenhage,Crop Failure & Yield Reduction,0,0.2608812573202724,2.602553367614746,wet,1
2024-08-01,8,NL332,Agglomeratie ’s-Gravenhage,Crop Failure & Yield Reduction,0,0.3252247932630223,2.614240884780884,wet,1
2024-09-01,9,NL332,Agglomeratie ’s-Gravenhage,Crop Failure & Yield Reduction,0,0.26441011007734944,2.760681390762329,wet,1
2024-10-01,10,NL332,Agglomeratie ’s-Gravenhage,Crop Failure & Yield Reduction,0,0.14532792669090175,2.217620849609375,wet,1
2024-11-01,11,NL332,Agglomeratie ’s-Gravenhage,Crop Failure & Yield Reduction,1,0.09795328023441288,1.6578664779663086,wet,1
2024-12-01,12,NL332,Agglomeratie ’s-Gravenhage,Crop Failure & Yield Reduction,0,0.07022224901377608,1.5298305749893188,wet,1
2025-01-01,1,NL332,Agglomeratie ’s-Gravenhage,Crop Failure & Yield Reduction,0,0.0892469264130719,1.4456462860107422,wet,1
2025-02-01,2,NL332,Agglomeratie ’s-Gravenhage,Crop Failure & Yield Reduction,0,0.12369400107880754,0.8826550841331482,near_normal,1
2025-03-01,3,NL332,Agglomeratie ’s-Gravenhage,Crop Failure & Yield Reduction,0,0.25135259354016576,0.4521176517009735,near_normal,1
2025-04-01,4,NL332,Agglomeratie ’s-Gravenhage,Crop Failure & Yield Reduction,1,0.35709959144404213,-0.2299506515264511,near_normal,1
2025-05-01,5,NL332,Agglomeratie ’s-Gravenhage,Crop Failure & Yield Reduction,0,0.5298727210045382,-0.8712313175201416,near_normal,1
2025-06-01,6,NL332,Agglomeratie ’s-Gravenhage,Crop Failure & Yield Reduction,1,0.5223222055443566,-1.0435134172439575,dry,1
2025-07-01,7,NL332,Agglomeratie ’s-Gravenhage,Crop Failure & Yield Reduction,0,0.4009474010511754,-1.2248507738113403,dry,1
2025-08-01,8,NL332,Agglomeratie ’s-Gravenhage,Crop Failure & Yield Reduction,0,0.42402105670644114,-1.4840713739395142,dry,1
2025-09-01,9,NL332,Agglomeratie ’s-Gravenhage,Crop Failure & Yield Reduction,0,0.17668457805574694,-1.723048210144043,dry,1
2024-01-01,1,NL333,Delft en Westland,Crop Failure & Yield Reduction,0,0.16394042750088664,1.4589471817016602,wet,1
2024-02-01,2,NL333,Delft en Westland,Crop Failure & Yield Reduction,1,0.20283358890449074,1.889495611190796,wet,1
2024-03-01,3,NL333,Delft en Westland,Crop Failure & Yield Reduction,0,0.1822631406481165,1.5272536277770996,wet,1
2024-04-01,4,NL333,Delft en Westland,Crop Failure & Yield Reduction,1,0.2840339505239535,1.6712430715560913,wet,1
2024-05-01,5,NL333,Delft en Westland,Crop Failure & Yield Reduction,1,0.5019545633644953,2.103944778442383,wet,1
2024-06-01,6,NL333,Delft en Westland,Crop Failure & Yield Reduction,0,0.49852718467170054,2.5638675689697266,wet,1
2024-07-01,7,NL333,Delft en Westland,Crop Failure & Yield Reduction,0,0.442297092664671,2.8959829807281494,wet,1
2024-08-01,8,NL333,Delft en Westland,Crop Failure & Yield Reduction,0,0.5333138007954995,2.653705358505249,wet,1
2024-09-01,9,NL333,Delft en Westland,Crop Failure & Yield Reduction,0,0.43799165375545757,2.9503586292266846,wet,1
2024-10-01,10,NL333,Delft en Westland,Crop Failure & Yield Reduction,0,0.2747649870125436,2.2567052841186523,wet,1
2024-11-01,11,NL333,Delft en Westland,Crop Failure & Yield Reduction,0,0.21359325248204292,1.799555778503418,wet,1
2024-12-01,12,NL333,Delft en Westland,Crop Failure & Yield Reduction,0,0.1480377006647911,1.66428804397583,wet,1
2025-01-01,1,NL333,Delft en Westland,Crop Failure & Yield Reduction,0,0.18212477888732156,1.640883445739746,wet,1
2025-02-01,2,NL333,Delft en Westland,Crop Failure & Yield Reduction,1,0.22750973311306666,1.163700819015503,wet,1
2025-03-01,3,NL333,Delft en Westland,Crop Failure & Yield Reduction,0,0.47042680873263487,0.7183709144592285,near_normal,1
2025-04-01,4,NL333,Delft en Westland,Crop Failure & Yield Reduction,1,0.57097628288337,0.003728199517354369,near_normal,1
2025-05-01,5,NL333,Delft en Westland,Crop Failure & Yield Reduction,0,0.7172539617309559,-0.8432844877243042,near_normal,1
2025-06-01,6,NL333,Delft en Westland,Crop Failure & Yield Reduction,1,0.6789203562767429,-1.0905721187591553,dry,1
2025-07-01,7,NL333,Delft en Westland,Crop Failure & Yield Reduction,1,0.6112530488989584,-1.26656973361969,dry,1
2025-08-01,8,NL333,Delft en Westland,Crop Failure & Yield Reduction,0,0.691843620775591,-1.6068077087402344,dry,1
2025-09-01,9,NL333,Delft en Westland,Crop Failure & Yield Reduction,0,0.3515128549789566,-1.8662478923797607,dry,1
2024-01-01,1,NL337,Agglomeratie Leiden en Bollenstreek,Crop Failure & Yield Reduction,0,0.12829971069717164,1.5254942178726196,wet,1
2024-02-01,2,NL337,Agglomeratie Leiden en Bollenstreek,Crop Failure & Yield Reduction,0,0.13602510564504763,1.930662751197815,wet,1
2024-03-01,3,NL337,Agglomeratie Leiden en Bollenstreek,Crop Failure & Yield Reduction,0,0.15084068257972574,1.600808024406433,wet,1
2024-04-01,4,NL337,Agglomeratie Leiden en Bollenstreek,Crop Failure & Yield Reduction,0,0.2266374850920496,1.8393596410751343,wet,1
2024-05-01,5,NL337,Agglomeratie Leiden en Bollenstreek,Crop Failure & Yield Reduction,0,0.42819822232028876,2.308445453643799,wet,1
2024-06-01,6,NL337,Agglomeratie Leiden en Bollenstreek,Crop Failure & Yield Reduction,0,0.43891682846251423,2.742405891418457,wet,1
2024-07-01,7,NL337,Agglomeratie Leiden en Bollenstreek,Crop Failure & Yield Reduction,0,0.3965017398472058,2.7151103019714355,wet,1
2024-08-01,8,NL337,Agglomeratie Leiden en Bollenstreek,Crop Failure & Yield Reduction,0,0.504697241791406,2.554049253463745,wet,1
2024-09-01,9,NL337,Agglomeratie Leiden en Bollenstreek,Crop Failure & Yield Reduction,0,0.38944065010966494,2.7597999572753906,wet,1
2024-10-01,10,NL337,Agglomeratie Leiden en Bollenstreek,Crop Failure & Yield Reduction,0,0.2267661244485575,2.198561906814575,wet,1
2024-11-01,11,NL337,Agglomeratie Leiden en Bollenstreek,Crop Failure & Yield Reduction,0,0.15795803517949636,1.7335660457611084,wet,1
2024-12-01,12,NL337,Agglomeratie Leiden en Bollenstreek,Crop Failure & Yield Reduction,0,0.10706560857994642,1.5648200511932373,wet,1
2025-01-01,1,NL337,Agglomeratie Leiden en Bollenstreek,Crop Failure & Yield Reduction,0,0.14824332541207522,1.5522692203521729,wet,1
2025-02-01,2,NL337,Agglomeratie Leiden en Bollenstreek,Crop Failure & Yield Reduction,0,0.19490309664106142,1.016635775566101,wet,1
2025-03-01,3,NL337,Agglomeratie Leiden en Bollenstreek,Crop Failure & Yield Reduction,0,0.36852255411322277,0.5903820991516113,near_normal,1
2025-04-01,4,NL337,Agglomeratie Leiden en Bollenstreek,Crop Failure & Yield Reduction,0,0.4814500697184655,-0.16400562226772308,near_normal,1
2025-05-01,5,NL337,Agglomeratie Leiden en Bollenstreek,Crop Failure & Yield Reduction,0,0.6473025001367506,-0.8812072277069092,near_normal,1
2025-06-01,6,NL337,Agglomeratie Leiden en Bollenstreek,Crop Failure & Yield Reduction,1,0.6363826760010886,-1.0348807573318481,dry,1
2025-07-01,7,NL337,Agglomeratie Leiden en Bollenstreek,Crop Failure & Yield Reduction,0,0.5167823930707949,-1.1747100353240967,dry,1
2025-08-01,8,NL337,Agglomeratie Leiden en Bollenstreek,Crop Failure & Yield Reduction,0,0.5602248243470267,-1.5170913934707642,dry,1
2025-09-01,9,NL337,Agglomeratie Leiden en Bollenstreek,Crop Failure & Yield Reduction,0,0.2586943581085477,-1.738526463508606,dry,1
2024-01-01,1,NL33A,Zuidoost-Zuid-Holland,Crop Failure & Yield Reduction,0,0.15994902025945268,1.5022345781326294,wet,1
2024-02-01,2,NL33A,Zuidoost-Zuid-Holland,Crop Failure & Yield Reduction,0,0.16953328568573578,1.9734735488891602,wet,1
2024-03-01,3,NL33A,Zuidoost-Zuid-Holland,Crop Failure & Yield Reduction,0,0.1773919126301188,1.6091928482055664,wet,1
2024-04-01,4,NL33A,Zuidoost-Zuid-Holland,Crop Failure & Yield Reduction,0,0.27294628145895694,1.869387149810791,wet,1
2024-05-01,5,NL33A,Zuidoost-Zuid-Holland,Crop Failure & Yield Reduction,0,0.5044015044288037,2.296041488647461,wet,1
2024-06-01,6,NL33A,Zuidoost-Zuid-Holland,Crop Failure & Yield Reduction,0,0.4574386517012774,2.7406914234161377,wet,1
2024-07-01,7,NL33A,Zuidoost-Zuid-Holland,Crop Failure & Yield Reduction,0,0.45471953511555624,3.1620676517486572,wet,1
2024-08-01,8,NL33A,Zuidoost-Zuid-Holland,Crop Failure & Yield Reduction,0,0.49745525367923693,2.5882296562194824,wet,1
2024-09-01,9,NL33A,Zuidoost-Zuid-Holland,Crop Failure & Yield Reduction,0,0.4519573838236796,3.196017026901245,wet,1
2024-10-01,10,NL33A,Zuidoost-Zuid-Holland,Crop Failure & Yield Reduction,0,0.2799416311489136,2.4383902549743652,wet,1
2024-11-01,11,NL33A,Zuidoost-Zuid-Holland,Crop Failure & Yield Reduction,0,0.19997330706218738,1.9545094966888428,wet,1
2024-12-01,12,NL33A,Zuidoost-Zuid-Holland,Crop Failure & Yield Reduction,0,0.14071142753332644,1.7752925157546997,wet,1
2025-01-01,1,NL33A,Zuidoost-Zuid-Holland,Crop Failure & Yield Reduction,0,0.17497120041818592,1.8329216241836548,wet,1
2025-02-01,2,NL33A,Zuidoost-Zuid-Holland,Crop Failure & Yield Reduction,0,0.22924115946195905,1.3434903621673584,wet,1
2025-03-01,3,NL33A,Zuidoost-Zuid-Holland,Crop Failure & Yield Reduction,1,0.5192479170539855,0.9254148006439209,near_normal,1
2025-04-01,4,NL33A,Zuidoost-Zuid-Holland,Crop Failure & Yield Reduction,0,0.5343503449241362,0.18472331762313843,near_normal,1
2025-05-01,5,NL33A,Zuidoost-Zuid-Holland,Crop Failure & Yield Reduction,0,0.6945610627685569,-0.6993400454521179,near_normal,1
2025-06-01,6,NL33A,Zuidoost-Zuid-Holland,Crop Failure & Yield Reduction,1,0.6920121064035358,-0.928616464138031,near_normal,1
2025-07-01,7,NL33A,Zuidoost-Zuid-Holland,Crop Failure & Yield Reduction,0,0.5974172397771705,-1.0900894403457642,dry,1
2025-08-01,8,NL33A,Zuidoost-Zuid-Holland,Crop Failure & Yield Reduction,0,0.6530419211682524,-1.5483509302139282,dry,1
2025-09-01,9,NL33A,Zuidoost-Zuid-Holland,Crop Failure & Yield Reduction,0,0.3640009933793924,-1.7110259532928467,dry,1
2024-01-01,1,NL33B,Oost-Zuid-Holland,Crop Failure & Yield Reduction,0,0.07070699008485874,1.5254942178726196,wet,1
2024-02-01,2,NL33B,Oost-Zuid-Holland,Crop Failure & Yield Reduction,1,0.06901469513657246,1.930662751197815,wet,1
2024-03-01,3,NL33B,Oost-Zuid-Holland,Crop Failure & Yield Reduction,0,0.08426145037717728,1.600808024406433,wet,1
2024-04-01,4,NL33B,Oost-Zuid-Holland,Crop Failure & Yield Reduction,0,0.13304281586883754,1.8393596410751343,wet,1
2024-05-01,5,NL33B,Oost-Zuid-Holland,Crop Failure & Yield Reduction,0,0.27996401686692596,2.308445453643799,wet,1
2024-06-01,6,NL33B,Oost-Zuid-Holland,Crop Failure & Yield Reduction,0,0.2781874871551051,2.742405891418457,wet,1
2024-07-01,7,NL33B,Oost-Zuid-Holland,Crop Failure & Yield Reduction,0,0.2602194075970603,2.7151103019714355,wet,1
2024-08-01,8,NL33B,Oost-Zuid-Holland,Crop Failure & Yield Reduction,0,0.31323121393550185,2.554049253463745,wet,1
2024-09-01,9,NL33B,Oost-Zuid-Holland,Crop Failure & Yield Reduction,0,0.2561268112811117,2.7597999572753906,wet,1
2024-10-01,10,NL33B,Oost-Zuid-Holland,Crop Failure & Yield Reduction,1,0.12620981817749577,2.198561906814575,wet,1
2024-11-01,11,NL33B,Oost-Zuid-Holland,Crop Failure & Yield Reduction,0,0.08808202415920938,1.7335660457611084,wet,1
2024-12-01,12,NL33B,Oost-Zuid-Holland,Crop Failure & Yield Reduction,0,0.060019336384246634,1.5648200511932373,wet,1
2025-01-01,1,NL33B,Oost-Zuid-Holland,Crop Failure & Yield Reduction,0,0.085425677276074,1.5522692203521729,wet,1
2025-02-01,2,NL33B,Oost-Zuid-Holland,Crop Failure & Yield Reduction,0,0.11420582672109855,1.016635775566101,wet,1
2025-03-01,3,NL33B,Oost-Zuid-Holland,Crop Failure & Yield Reduction,0,0.2915604959670186,0.5903820991516113,near_normal,1
2025-04-01,4,NL33B,Oost-Zuid-Holland,Crop Failure & Yield Reduction,0,0.32809178342216877,-0.16400562226772308,near_normal,1
2025-05-01,5,NL33B,Oost-Zuid-Holland,Crop Failure & Yield Reduction,0,0.4704556477409003,-0.8812072277069092,near_normal,1
2025-06-01,6,NL33B,Oost-Zuid-Holland,Crop Failure & Yield Reduction,1,0.4275836834713247,-1.0348807573318481,dry,1
2025-07-01,7,NL33B,Oost-Zuid-Holland,Crop Failure & Yield Reduction,0,0.3517339169032911,-1.1747100353240967,dry,1
2025-08-01,8,NL33B,Oost-Zuid-Holland,Crop Failure & Yield Reduction,0,0.3933884486659958,-1.5170913934707642,dry,1
2025-09-01,9,NL33B,Oost-Zuid-Holland,Crop Failure & Yield Reduction,0,0.17642432165498043,-1.738526463508606,dry,1
2024-01-01,1,NL33C,Groot-Rijnmond,Crop Failure & Yield Reduction,0,0.29579312908630173,1.481999437014262,wet,1
2024-02-01,2,NL33C,Groot-Rijnmond,Crop Failure & Yield Reduction,0,0.3303796363587214,1.9045462608337402,wet,1
2024-03-01,3,NL33C,Groot-Rijnmond,Crop Failure & Yield Reduction,0,0.3230685441974058,1.55764905611674,wet,1
2024-04-01,4,NL33C,Groot-Rijnmond,Crop Failure & Yield Reduction,0,0.45823284390379876,1.7358837127685547,wet,1
2024-05-01,5,NL33C,Groot-Rijnmond,Crop Failure & Yield Reduction,1,0.6823779508991792,2.1709097226460776,wet,1
2024-06-01,6,NL33C,Groot-Rijnmond,Crop Failure & Yield Reduction,0,0.6718372076533639,2.626691977183024,wet,1
2024-07-01,7,NL33C,Groot-Rijnmond,Crop Failure & Yield Reduction,0,0.633843685529772,2.903880516688029,wet,1
2024-08-01,8,NL33C,Groot-Rijnmond,Crop Failure & Yield Reduction,0,0.7010513638546225,2.6491270065307617,wet,1
2024-09-01,9,NL33C,Groot-Rijnmond,Crop Failure & Yield Reduction,0,0.6164791349373844,2.9472951889038086,wet,1
2024-10-01,10,NL33C,Groot-Rijnmond,Crop Failure & Yield Reduction,0,0.44072914001836044,2.2849376996358237,wet,1
2024-11-01,11,NL33C,Groot-Rijnmond,Crop Failure & Yield Reduction,0,0.3517706883118608,1.8019837141036987,wet,1
2024-12-01,12,NL33C,Groot-Rijnmond,Crop Failure & Yield Reduction,0,0.27167149165260723,1.676819920539856,wet,1
2025-01-01,1,NL33C,Groot-Rijnmond,Crop Failure & Yield Reduction,0,0.3249996964141599,1.6513664722442627,wet,1
2025-02-01,2,NL33C,Groot-Rijnmond,Crop Failure & Yield Reduction,0,0.39589647950437323,1.1506803433100383,wet,1
2025-03-01,3,NL33C,Groot-Rijnmond,Crop Failure & Yield Reduction,0,0.6498513234907025,0.7058199445406595,near_normal,1
2025-04-01,4,NL33C,Groot-Rijnmond,Crop Failure & Yield Reduction,1,0.7219057302628613,-0.012301225292806825,near_normal,1
2025-05-01,5,NL33C,Groot-Rijnmond,Crop Failure & Yield Reduction,1,0.8356569894730062,-0.8446452021598816,near_normal,1
2025-06-01,6,NL33C,Groot-Rijnmond,Crop Failure & Yield Reduction,1,0.8185954344077603,-1.0734885931015015,dry,1
2025-07-01,7,NL33C,Groot-Rijnmond,Crop Failure & Yield Reduction,0,0.7610169668976938,-1.2388241688410442,dry,1
2025-08-01,8,NL33C,Groot-Rijnmond,Crop Failure & Yield Reduction,1,0.820380031132168,-1.566239356994629,dry,1
2025-09-01,9,NL33C,Groot-Rijnmond,Crop Failure & Yield Reduction,0,0.544786823955421,-1.825290282567342,dry,1
2024-01-01,1,NL341,Zeeuwsch-Vlaanderen,Crop Failure & Yield Reduction,0,0.4067869533421568,1.0990768671035767,wet,1
2024-02-01,2,NL341,Zeeuwsch-Vlaanderen,Crop Failure & Yield Reduction,0,0.40375048015325776,1.6654661893844604,wet,1
2024-03-01,3,NL341,Zeeuwsch-Vlaanderen,Crop Failure & Yield Reduction,0,0.41684228040244203,1.4342957735061646,wet,1
2024-04-01,4,NL341,Zeeuwsch-Vlaanderen,Crop Failure & Yield Reduction,1,0.5563977828498022,1.72164386510849,wet,1
2024-05-01,5,NL341,Zeeuwsch-Vlaanderen,Crop Failure & Yield Reduction,0,0.7646637348890181,2.0468907356262207,wet,1
2024-06-01,6,NL341,Zeeuwsch-Vlaanderen,Crop Failure & Yield Reduction,0,0.7516087818796888,2.511785864830017,wet,1
2024-07-01,7,NL341,Zeeuwsch-Vlaanderen,Crop Failure & Yield Reduction,0,0.7136032759985167,2.5947717428207397,wet,1
2024-08-01,8,NL341,Zeeuwsch-Vlaanderen,Crop Failure & Yield Reduction,0,0.7556460205021621,2.2865796089172363,wet,1
2024-09-01,9,NL341,Zeeuwsch-Vlaanderen,Crop Failure & Yield Reduction,0,0.6953408960162255,2.4733811616897583,wet,1
2024-10-01,10,NL341,Zeeuwsch-Vlaanderen,Crop Failure & Yield Reduction,1,0.5638900304107264,2.181926131248474,wet,1
2024-11-01,11,NL341,Zeeuwsch-Vlaanderen,Crop Failure & Yield Reduction,1,0.41414505807332475,1.6795973777770996,wet,1
2024-12-01,12,NL341,Zeeuwsch-Vlaanderen,Crop Failure & Yield Reduction,1,0.3901212001144384,1.661611557006836,wet,1
2025-01-01,1,NL341,Zeeuwsch-Vlaanderen,Crop Failure & Yield Reduction,0,0.4719797645312299,1.6901467442512512,wet,1
2025-02-01,2,NL341,Zeeuwsch-Vlaanderen,Crop Failure & Yield Reduction,0,0.52126678728092,1.1577122211456299,wet,1
2025-03-01,3,NL341,Zeeuwsch-Vlaanderen,Crop Failure & Yield Reduction,1,0.788757130884863,0.565402165055275,near_normal,1
2025-04-01,4,NL341,Zeeuwsch-Vlaanderen,Crop Failure & Yield Reduction,1,0.798778527179221,-0.27620716392993927,near_normal,1
2025-05-01,5,NL341,Zeeuwsch-Vlaanderen,Crop Failure & Yield Reduction,1,0.8816823860922969,-1.0510993003845215,dry,1
2025-06-01,6,NL341,Zeeuwsch-Vlaanderen,Crop Failure & Yield Reduction,1,0.8837310683830412,-1.2060883045196533,dry,1
2025-07-01,7,NL341,Zeeuwsch-Vlaanderen,Crop Failure & Yield Reduction,1,0.8670023335477152,-1.3016448020935059,dry,1
2025-08-01,8,NL341,Zeeuwsch-Vlaanderen,Crop Failure & Yield Reduction,1,0.8872577766735367,-1.7224125266075134,dry,1
2025-09-01,9,NL341,Zeeuwsch-Vlaanderen,Crop Failure & Yield Reduction,0,0.6734895682392474,-2.1238150596618652,dry,1
2024-01-01,1,NL342,Overig Zeeland,Crop Failure & Yield Reduction,1,0.3462062047797299,1.3286210298538208,wet,1
2024-02-01,2,NL342,Overig Zeeland,Crop Failure & Yield Reduction,0,0.38537071438436554,1.7934848070144653,wet,1
2024-03-01,3,NL342,Overig Zeeland,Crop Failure & Yield Reduction,1,0.3646475738283003,1.4659996032714844,wet,1
2024-04-01,4,NL342,Overig Zeeland,Crop Failure & Yield Reduction,1,0.5062540627291132,1.6179192066192627,wet,1
2024-05-01,5,NL342,Overig Zeeland,Crop Failure & Yield Reduction,0,0.7082205315131337,2.0807783603668213,wet,1
2024-06-01,6,NL342,Overig Zeeland,Crop Failure & Yield Reduction,0,0.6887425562959382,2.572701930999756,wet,1
2024-07-01,7,NL342,Overig Zeeland,Crop Failure & Yield Reduction,0,0.6641728359230731,2.9837281703948975,wet,1
2024-08-01,8,NL342,Overig Zeeland,Crop Failure & Yield Reduction,0,0.7007978014662244,2.67411470413208,wet,1
2024-09-01,9,NL342,Overig Zeeland,Crop Failure & Yield Reduction,0,0.6451363828884193,2.8608145713806152,wet,1
2024-10-01,10,NL342,Overig Zeeland,Crop Failure & Yield Reduction,1,0.5066089310411719,2.296290636062622,wet,1
2024-11-01,11,NL342,Overig Zeeland,Crop Failure & Yield Reduction,1,0.3840004290992354,1.8551033735275269,wet,1
2024-12-01,12,NL342,Overig Zeeland,Crop Failure & Yield Reduction,0,0.3253122614371688,1.8005717992782593,wet,1
2025-01-01,1,NL342,Overig Zeeland,Crop Failure & Yield Reduction,0,0.3616140959387852,1.798425555229187,wet,1
2025-02-01,2,NL342,Overig Zeeland,Crop Failure & Yield Reduction,0,0.432041349993632,1.329056739807129,wet,1
2025-03-01,3,NL342,Overig Zeeland,Crop Failure & Yield Reduction,1,0.6858035935637953,0.8654971122741699,near_normal,1
2025-04-01,4,NL342,Overig Zeeland,Crop Failure & Yield Reduction,1,0.7726253747073432,0.127136692404747,near_normal,1
2025-05-01,5,NL342,Overig Zeeland,Crop Failure & Yield Reduction,1,0.8632857611468161,-0.8692893981933594,near_normal,1
2025-06-01,6,NL342,Overig Zeeland,Crop Failure & Yield Reduction,1,0.8473602979192633,-1.1390583515167236,dry,1
2025-07-01,7,NL342,Overig Zeeland,Crop Failure & Yield Reduction,1,0.8028462497555557,-1.3374229669570923,dry,1
2025-08-01,8,NL342,Overig Zeeland,Crop Failure & Yield Reduction,1,0.8599129653909149,-1.7264788150787354,dry,1
2025-09-01,9,NL342,Overig Zeeland,Crop Failure & Yield Reduction,1,0.5862223992327704,-2.0268850326538086,dry,1
2024-01-01,1,NL411,West-Noord-Brabant,Crop Failure & Yield Reduction,0,0.3655528006637924,1.4279340207576752,wet,1
2024-02-01,2,NL411,West-Noord-Brabant,Crop Failure & Yield Reduction,0,0.40570875662417055,1.9115989208221436,wet,1
2024-03-01,3,NL411,West-Noord-Brabant,Crop Failure & Yield Reduction,0,0.42654352525952094,1.5701760351657867,wet,1
2024-04-01,4,NL411,West-Noord-Brabant,Crop Failure & Yield Reduction,0,0.5433547074401913,1.794410079717636,wet,1
2024-05-01,5,NL411,West-Noord-Brabant,Crop Failure & Yield Reduction,0,0.7516744950754001,2.1759976744651794,wet,1
2024-06-01,6,NL411,West-Noord-Brabant,Crop Failure & Yield Reduction,0,0.6939804059583226,2.6817938685417175,wet,1
2024-07-01,7,NL411,West-Noord-Brabant,Crop Failure & Yield Reduction,0,0.6893911714276307,3.1869431138038635,wet,1
2024-08-01,8,NL411,West-Noord-Brabant,Crop Failure & Yield Reduction,0,0.7339279154863105,2.5752928256988525,wet,1
2024-09-01,9,NL411,West-Noord-Brabant,Crop Failure & Yield Reduction,1,0.6916614237059375,3.2261340022087097,wet,1
2024-10-01,10,NL411,West-Noord-Brabant,Crop Failure & Yield Reduction,0,0.5398727344958716,2.4958202242851257,wet,1
2024-11-01,11,NL411,West-Noord-Brabant,Crop Failure & Yield Reduction,0,0.4363269870265127,1.9934806823730469,wet,1
2024-12-01,12,NL411,West-Noord-Brabant,Crop Failure & Yield Reduction,1,0.3464565448255404,1.8938453793525696,wet,1
2025-01-01,1,NL411,West-Noord-Brabant,Crop Failure & Yield Reduction,0,0.3999274327780771,1.9489366114139557,wet,1
2025-02-01,2,NL411,West-Noord-Brabant,Crop Failure & Yield Reduction,0,0.4585565702114431,1.4912947714328766,wet,1
2025-03-01,3,NL411,West-Noord-Brabant,Crop Failure & Yield Reduction,1,0.714748596902189,1.0794287621974945,wet,1
2025-04-01,4,NL411,West-Noord-Brabant,Crop Failure & Yield Reduction,0,0.7707514899289429,0.3902544379234314,near_normal,1
2025-05-01,5,NL411,West-Noord-Brabant,Crop Failure & Yield Reduction,1,0.8801909751948469,-0.6107541918754578,near_normal,1
2025-06-01,6,NL411,West-Noord-Brabant,Crop Failure & Yield Reduction,1,0.8837600830254215,-0.9553556591272354,near_normal,1
2025-07-01,7,NL411,West-Noord-Brabant,Crop Failure & Yield Reduction,1,0.8330306671160012,-1.197560876607895,dry,1
2025-08-01,8,NL411,West-Noord-Brabant,Crop Failure & Yield Reduction,1,0.8926614883503461,-1.7818401753902435,dry,1
2025-09-01,9,NL411,West-Noord-Brabant,Crop Failure & Yield Reduction,0,0.649564573034021,-1.944325178861618,dry,1
2024-01-01,1,NL412,Midden-Noord-Brabant,Crop Failure & Yield Reduction,0,0.3008328078340335,1.5439085960388184,wet,1
2024-02-01,2,NL412,Midden-Noord-Brabant,Crop Failure & Yield Reduction,0,0.3238612093433989,2.0561699867248535,wet,1
2024-03-01,3,NL412,Midden-Noord-Brabant,Crop Failure & Yield Reduction,0,0.37903487364027694,1.6683708429336548,wet,1
2024-04-01,4,NL412,Midden-Noord-Brabant,Crop Failure & Yield Reduction,0,0.4907187304719927,1.9227519035339355,wet,1
2024-05-01,5,NL412,Midden-Noord-Brabant,Crop Failure & Yield Reduction,0,0.7254050555664263,2.350119113922119,wet,1
2024-06-01,6,NL412,Midden-Noord-Brabant,Crop Failure & Yield Reduction,0,0.6812474475989659,2.7400357723236084,wet,1
2024-07-01,7,NL412,Midden-Noord-Brabant,Crop Failure & Yield Reduction,0,0.6390657829356314,3.3474960327148438,wet,1
2024-08-01,8,NL412,Midden-Noord-Brabant,Crop Failure & Yield Reduction,0,0.6755444268683849,2.595762252807617,wet,1
2024-09-01,9,NL412,Midden-Noord-Brabant,Crop Failure & Yield Reduction,0,0.6152265954962655,3.8588836193084717,wet,1
2024-10-01,10,NL412,Midden-Noord-Brabant,Crop Failure & Yield Reduction,0,0.48457212993221616,2.767239809036255,wet,1
2024-11-01,11,NL412,Midden-Noord-Brabant,Crop Failure & Yield Reduction,0,0.3855823720103824,2.2039122581481934,wet,1
2024-12-01,12,NL412,Midden-Noord-Brabant,Crop Failure & Yield Reduction,1,0.28723474493697704,2.016164541244507,wet,1
2025-01-01,1,NL412,Midden-Noord-Brabant,Crop Failure & Yield Reduction,0,0.3440664136230729,2.0861504077911377,wet,1
2025-02-01,2,NL412,Midden-Noord-Brabant,Crop Failure & Yield Reduction,0,0.39549221144593516,1.595111608505249,wet,1
2025-03-01,3,NL412,Midden-Noord-Brabant,Crop Failure & Yield Reduction,1,0.7060627523371611,1.174560785293579,wet,1
2025-04-01,4,NL412,Midden-Noord-Brabant,Crop Failure & Yield Reduction,0,0.7174176483145552,0.5439844131469727,near_normal,1
2025-05-01,5,NL412,Midden-Noord-Brabant,Crop Failure & Yield Reduction,1,0.851814543664676,-0.45212289690971375,near_normal,1
2025-06-01,6,NL412,Midden-Noord-Brabant,Crop Failure & Yield Reduction,1,0.8579525722008206,-0.7468729019165039,near_normal,1
2025-07-01,7,NL412,Midden-Noord-Brabant,Crop Failure & Yield Reduction,1,0.7915533218296932,-1.0836814641952515,dry,1
2025-08-01,8,NL412,Midden-Noord-Brabant,Crop Failure & Yield Reduction,1,0.8552137638831259,-1.6820485591888428,dry,1
2025-09-01,9,NL412,Midden-Noord-Brabant,Crop Failure & Yield Reduction,0,0.5931927756075206,-1.6659215688705444,dry,1
2024-01-01,1,NL413,Noordoost-Noord-Brabant,Crop Failure & Yield Reduction,0,0.33258977741594115,1.7263375918070476,wet,1
2024-02-01,2,NL413,Noordoost-Noord-Brabant,Crop Failure & Yield Reduction,0,0.3303251047045774,2.301957845687866,wet,1
2024-03-01,3,NL413,Noordoost-Noord-Brabant,Crop Failure & Yield Reduction,0,0.4272051597486541,1.7595105568567913,wet,1
2024-04-01,4,NL413,Noordoost-Noord-Brabant,Crop Failure & Yield Reduction,0,0.528729613434019,1.9506117502848308,wet,1
2024-05-01,5,NL413,Noordoost-Noord-Brabant,Crop Failure & Yield Reduction,0,0.7707502796117737,2.5292108058929443,wet,1
2024-06-01,6,NL413,Noordoost-Noord-Brabant,Crop Failure & Yield Reduction,0,0.7356617133433742,2.860475540161133,wet,1
2024-07-01,7,NL413,Noordoost-Noord-Brabant,Crop Failure & Yield Reduction,0,0.6209605492034065,3.60351292292277,wet,1
2024-08-01,8,NL413,Noordoost-Noord-Brabant,Crop Failure & Yield Reduction,0,0.7210877621926712,2.6137571334838867,wet,1
2024-09-01,9,NL413,Noordoost-Noord-Brabant,Crop Failure & Yield Reduction,0,0.6493281973340171,3.99537460009257,wet,1
2024-10-01,10,NL413,Noordoost-Noord-Brabant,Crop Failure & Yield Reduction,0,0.49348108655699857,2.824659744898478,wet,1
2024-11-01,11,NL413,Noordoost-Noord-Brabant,Crop Failure & Yield Reduction,0,0.38610909763228723,2.297260840733846,wet,1
2024-12-01,12,NL413,Noordoost-Noord-Brabant,Crop Failure & Yield Reduction,1,0.28404704204074466,2.027393857638041,wet,1
2025-01-01,1,NL413,Noordoost-Noord-Brabant,Crop Failure & Yield Reduction,0,0.32677727124250444,2.1666224797566733,wet,1
2025-02-01,2,NL413,Noordoost-Noord-Brabant,Crop Failure & Yield Reduction,0,0.4194768888966292,1.6576051712036133,wet,1
2025-03-01,3,NL413,Noordoost-Noord-Brabant,Crop Failure & Yield Reduction,1,0.7529500121485888,1.1836046775182087,wet,1
2025-04-01,4,NL413,Noordoost-Noord-Brabant,Crop Failure & Yield Reduction,0,0.716058169366105,0.6166368325551351,near_normal,1
2025-05-01,5,NL413,Noordoost-Noord-Brabant,Crop Failure & Yield Reduction,1,0.8500215765268669,-0.433600256840388,near_normal,1
2025-06-01,6,NL413,Noordoost-Noord-Brabant,Crop Failure & Yield Reduction,1,0.8508808958061813,-0.6352093617121378,near_normal,1
2025-07-01,7,NL413,Noordoost-Noord-Brabant,Crop Failure & Yield Reduction,1,0.8082722507341037,-0.9555245041847229,near_normal,1
2025-08-01,8,NL413,Noordoost-Noord-Brabant,Crop Failure & Yield Reduction,1,0.8609529283775489,-1.5380258957544963,dry,1
2025-09-01,9,NL413,Noordoost-Noord-Brabant,Crop Failure & Yield Reduction,1,0.6585718830241574,-1.4824391603469849,dry,1
2024-01-01,1,NL414,Zuidoost-Noord-Brabant,Crop Failure & Yield Reduction,0,0.32788072370756566,1.6660036146640778,wet,1
2024-02-01,2,NL414,Zuidoost-Noord-Brabant,Crop Failure & Yield Reduction,0,0.3389219351616421,2.2208192348480225,wet,1
2024-03-01,3,NL414,Zuidoost-Noord-Brabant,Crop Failure & Yield Reduction,0,0.4309710525491183,1.7530253231525421,wet,1
2024-04-01,4,NL414,Zuidoost-Noord-Brabant,Crop Failure & Yield Reduction,0,0.5397515845070199,1.9222524464130402,wet,1
2024-05-01,5,NL414,Zuidoost-Noord-Brabant,Crop Failure & Yield Reduction,0,0.7561324100750713,2.4804680943489075,wet,1
2024-06-01,6,NL414,Zuidoost-Noord-Brabant,Crop Failure & Yield Reduction,0,0.7408304648146564,2.8313465118408203,wet,1
2024-07-01,7,NL414,Zuidoost-Noord-Brabant,Crop Failure & Yield Reduction,1,0.6416957635718243,3.323698878288269,wet,1
2024-08-01,8,NL414,Zuidoost-Noord-Brabant,Crop Failure & Yield Reduction,0,0.6994838148411671,2.4005433320999146,wet,1
2024-09-01,9,NL414,Zuidoost-Noord-Brabant,Crop Failure & Yield Reduction,0,0.6311348099341035,3.6095246076583862,wet,1
2024-10-01,10,NL414,Zuidoost-Noord-Brabant,Crop Failure & Yield Reduction,0,0.46731229285772136,2.8009841442108154,wet,1
2024-11-01,11,NL414,Zuidoost-Noord-Brabant,Crop Failure & Yield Reduction,0,0.3678435182979986,2.219056189060211,wet,1
2024-12-01,12,NL414,Zuidoost-Noord-Brabant,Crop Failure & Yield Reduction,1,0.283796751478785,2.0562921166419983,wet,1
2025-01-01,1,NL414,Zuidoost-Noord-Brabant,Crop Failure & Yield Reduction,0,0.35368683856635735,2.2320687770843506,wet,1
2025-02-01,2,NL414,Zuidoost-Noord-Brabant,Crop Failure & Yield Reduction,0,0.4198238860243363,1.7058507800102234,wet,1
2025-03-01,3,NL414,Zuidoost-Noord-Brabant,Crop Failure & Yield Reduction,1,0.7164713691682683,1.2108392715454102,wet,1
2025-04-01,4,NL414,Zuidoost-Noord-Brabant,Crop Failure & Yield Reduction,0,0.7134463301248151,0.6923550665378571,near_normal,1
2025-05-01,5,NL414,Zuidoost-Noord-Brabant,Crop Failure & Yield Reduction,1,0.8430978724878617,-0.4158538803458214,near_normal,1
2025-06-01,6,NL414,Zuidoost-Noord-Brabant,Crop Failure & Yield Reduction,1,0.8369593436762987,-0.6612778455018997,near_normal,1
2025-07-01,7,NL414,Zuidoost-Noord-Brabant,Crop Failure & Yield Reduction,1,0.8239859023050481,-1.0086569488048553,dry,1
2025-08-01,8,NL414,Zuidoost-Noord-Brabant,Crop Failure & Yield Reduction,1,0.8899316893241528,-1.6495905816555023,dry,1
2025-09-01,9,NL414,Zuidoost-Noord-Brabant,Crop Failure & Yield Reduction,0,0.6902693736634083,-1.5304934084415436,dry,1
2024-01-01,1,NL421,Noord-Limburg,Crop Failure & Yield Reduction,0,0.28399346731447395,1.8593108654022217,wet,1
2024-02-01,2,NL421,Noord-Limburg,Crop Failure & Yield Reduction,0,0.26130074700632766,2.512042760848999,wet,1
2024-03-01,3,NL421,Noord-Limburg,Crop Failure & Yield Reduction,0,0.3669297220459368,1.865483283996582,wet,1
2024-04-01,4,NL421,Noord-Limburg,Crop Failure & Yield Reduction,0,0.4813825890806264,1.9734376668930054,wet,1
2024-05-01,5,NL421,Noord-Limburg,Crop Failure & Yield Reduction,0,0.7227457296812084,2.605700731277466,wet,1
2024-06-01,6,NL421,Noord-Limburg,Crop Failure & Yield Reduction,0,0.6533393211724488,2.8035495281219482,wet,1
2024-07-01,7,NL421,Noord-Limburg,Crop Failure & Yield Reduction,0,0.5238763271291395,3.2032430171966553,wet,1
2024-08-01,8,NL421,Noord-Limburg,Crop Failure & Yield Reduction,0,0.5960318959801942,2.251657724380493,wet,1
2024-09-01,9,NL421,Noord-Limburg,Crop Failure & Yield Reduction,0,0.566780636478301,3.5400261878967285,wet,1
2024-10-01,10,NL421,Noord-Limburg,Crop Failure & Yield Reduction,0,0.4031107741707831,2.855512857437134,wet,1
2024-11-01,11,NL421,Noord-Limburg,Crop Failure & Yield Reduction,0,0.2934468628691702,2.196915864944458,wet,1
2024-12-01,12,NL421,Noord-Limburg,Crop Failure & Yield Reduction,0,0.23310892397316033,2.03786039352417,wet,1
2025-01-01,1,NL421,Noord-Limburg,Crop Failure & Yield Reduction,0,0.28697953250430225,2.306771755218506,wet,1
2025-02-01,2,NL421,Noord-Limburg,Crop Failure & Yield Reduction,0,0.3731588032970975,1.68009352684021,wet,1
2025-03-01,3,NL421,Noord-Limburg,Crop Failure & Yield Reduction,1,0.7039391521898123,1.0877587795257568,wet,1
2025-04-01,4,NL421,Noord-Limburg,Crop Failure & Yield Reduction,0,0.6314009954155507,0.6619554162025452,near_normal,1
2025-05-01,5,NL421,Noord-Limburg,Crop Failure & Yield Reduction,0,0.7596715754426844,-0.44544780254364014,near_normal,1
2025-06-01,6,NL421,Noord-Limburg,Crop Failure & Yield Reduction,1,0.7549261063446318,-0.5798614025115967,near_normal,1
2025-07-01,7,NL421,Noord-Limburg,Crop Failure & Yield Reduction,1,0.7847851437133769,-0.800941526889801,near_normal,1
2025-08-01,8,NL421,Noord-Limburg,Crop Failure & Yield Reduction,1,0.8626667637150026,-1.2454304695129395,dry,1
2025-09-01,9,NL421,Noord-Limburg,Crop Failure & Yield Reduction,0,0.6244275378975844,-1.325162410736084,dry,1
2024-01-01,1,NL422,Midden-Limburg,Crop Failure & Yield Reduction,0,0.2918663067373945,1.595084309577942,wet,1
2024-02-01,2,NL422,Midden-Limburg,Crop Failure & Yield Reduction,0,0.2980263073678283,2.1346378326416016,wet,1
2024-03-01,3,NL422,Midden-Limburg,Crop Failure & Yield Reduction,0,0.38883620450530487,1.6730749607086182,wet,1
2024-04-01,4,NL422,Midden-Limburg,Crop Failure & Yield Reduction,0,0.4849928410277831,1.7786504030227661,wet,1
2024-05-01,5,NL422,Midden-Limburg,Crop Failure & Yield Reduction,0,0.7250959861516452,2.3970389366149902,wet,1
2024-06-01,6,NL422,Midden-Limburg,Crop Failure & Yield Reduction,0,0.7063510719528518,2.6647117137908936,wet,1
2024-07-01,7,NL422,Midden-Limburg,Crop Failure & Yield Reduction,0,0.6361165203512866,2.893308162689209,wet,1
2024-08-01,8,NL422,Midden-Limburg,Crop Failure & Yield Reduction,0,0.6308523104840039,2.179447650909424,wet,1
2024-09-01,9,NL422,Midden-Limburg,Crop Failure & Yield Reduction,0,0.5927818867696958,3.121680974960327,wet,1
2024-10-01,10,NL422,Midden-Limburg,Crop Failure & Yield Reduction,0,0.38678829392987385,2.612539768218994,wet,1
2024-11-01,11,NL422,Midden-Limburg,Crop Failure & Yield Reduction,0,0.2778833168991343,2.029146194458008,wet,1
2024-12-01,12,NL422,Midden-Limburg,Crop Failure & Yield Reduction,0,0.22603022113530916,1.9572449922561646,wet,1
2025-01-01,1,NL422,Midden-Limburg,Crop Failure & Yield Reduction,0,0.2948936203787019,2.3007307052612305,wet,1
2025-02-01,2,NL422,Midden-Limburg,Crop Failure & Yield Reduction,0,0.3965281861315865,1.6659852266311646,wet,1
2025-03-01,3,NL422,Midden-Limburg,Crop Failure & Yield Reduction,1,0.6865320333557745,1.1294753551483154,wet,1
2025-04-01,4,NL422,Midden-Limburg,Crop Failure & Yield Reduction,0,0.6432799904801779,0.6900760531425476,near_normal,1
2025-05-01,5,NL422,Midden-Limburg,Crop Failure & Yield Reduction,0,0.7600335779502443,-0.4340934157371521,near_normal,1
2025-06-01,6,NL422,Midden-Limburg,Crop Failure & Yield Reduction,1,0.7653602056706204,-0.5961017608642578,near_normal,1
2025-07-01,7,NL422,Midden-Limburg,Crop Failure & Yield Reduction,0,0.7981412309381235,-0.7561391592025757,near_normal,1
2025-08-01,8,NL422,Midden-Limburg,Crop Failure & Yield Reduction,1,0.8717457308414371,-1.2596315145492554,dry,1
2025-09-01,9,NL422,Midden-Limburg,Crop Failure & Yield Reduction,0,0.6430704746770413,-1.256527304649353,dry,1
2024-01-01,1,NL423,Zuid-Limburg,Crop Failure & Yield Reduction,0,0.20497393976681116,1.4646683931350708,wet,1
2024-02-01,2,NL423,Zuid-Limburg,Crop Failure & Yield Reduction,0,0.21891060473473387,1.9057672023773193,wet,1
2024-03-01,3,NL423,Zuid-Limburg,Crop Failure & Yield Reduction,0,0.2647382751124652,1.4721426963806152,wet,1
2024-04-01,4,NL423,Zuid-Limburg,Crop Failure & Yield Reduction,0,0.3696501847396324,1.6109375953674316,wet,1
2024-05-01,5,NL423,Zuid-Limburg,Crop Failure & Yield Reduction,0,0.6115951231260284,2.2602717876434326,wet,1
2024-06-01,6,NL423,Zuid-Limburg,Crop Failure & Yield Reduction,0,0.5790490930438035,2.4993674755096436,wet,1
2024-07-01,7,NL423,Zuid-Limburg,Crop Failure & Yield Reduction,0,0.5651239734507717,2.575399398803711,wet,1
2024-08-01,8,NL423,Zuid-Limburg,Crop Failure & Yield Reduction,0,0.5690400592616253,2.1789464950561523,wet,1
2024-09-01,9,NL423,Zuid-Limburg,Crop Failure & Yield Reduction,0,0.5013450320623772,2.988447666168213,wet,1
2024-10-01,10,NL423,Zuid-Limburg,Crop Failure & Yield Reduction,0,0.3062633955824065,2.581728458404541,wet,1
2024-11-01,11,NL423,Zuid-Limburg,Crop Failure & Yield Reduction,0,0.1862886241099551,2.0978105068206787,wet,1
2024-12-01,12,NL423,Zuid-Limburg,Crop Failure & Yield Reduction,0,0.14631169265180297,2.107192277908325,wet,1
2025-01-01,1,NL423,Zuid-Limburg,Crop Failure & Yield Reduction,0,0.19316148513509077,2.49822735786438,wet,1
2025-02-01,2,NL423,Zuid-Limburg,Crop Failure & Yield Reduction,0,0.31258667964346887,1.7681748867034912,wet,1
2025-03-01,3,NL423,Zuid-Limburg,Crop Failure & Yield Reduction,1,0.5901549351519145,1.286401629447937,wet,1
2025-04-01,4,NL423,Zuid-Limburg,Crop Failure & Yield Reduction,1,0.5125636202803048,0.8446741700172424,near_normal,1
2025-05-01,5,NL423,Zuid-Limburg,Crop Failure & Yield Reduction,0,0.62585370720449,-0.30450639128685,near_normal,1
2025-06-01,6,NL423,Zuid-Limburg,Crop Failure & Yield Reduction,1,0.68641060546329,-0.48462241888046265,near_normal,1
2025-07-01,7,NL423,Zuid-Limburg,Crop Failure & Yield Reduction,0,0.7661253144385326,-0.5175946354866028,near_normal,1
2025-08-01,8,NL423,Zuid-Limburg,Crop Failure & Yield Reduction,1,0.8145800779751832,-1.1383399963378906,dry,1
2025-09-01,9,NL423,Zuid-Limburg,Crop Failure & Yield Reduction,1,0.5076442478046007,-1.2109681367874146,dry,1
2024-01-01,1,NL111,Oost-Groningen,Reservoir & Surface Water Shortage,0,0.03883935498617943,1.811567783355713,wet,1
2024-02-01,2,NL111,Oost-Groningen,Reservoir & Surface Water Shortage,0,0.051738305833542164,1.99618661403656,wet,1
2024-03-01,3,NL111,Oost-Groningen,Reservoir & Surface Water Shortage,0,0.10352042098676281,1.6847506165504456,wet,1
2024-04-01,4,NL111,Oost-Groningen,Reservoir & Surface Water Shortage,0,0.14153576420770717,1.9079570770263672,wet,1
2024-05-01,5,NL111,Oost-Groningen,Reservoir & Surface Water Shortage,0,0.2768766618393388,2.1447561979293823,wet,1
2024-06-01,6,NL111,Oost-Groningen,Reservoir & Surface Water Shortage,0,0.20292404867996772,2.7947285175323486,wet,1
2024-07-01,7,NL111,Oost-Groningen,Reservoir & Surface Water Shortage,0,0.17562270493109175,2.7147164344787598,wet,1
2024-08-01,8,NL111,Oost-Groningen,Reservoir & Surface Water Shortage,0,0.16937722012553402,2.659160852432251,wet,1
2024-09-01,9,NL111,Oost-Groningen,Reservoir & Surface Water Shortage,0,0.14063681703030848,2.968327760696411,wet,1
2024-10-01,10,NL111,Oost-Groningen,Reservoir & Surface Water Shortage,0,0.05619648377187219,1.971750020980835,wet,1
2024-11-01,11,NL111,Oost-Groningen,Reservoir & Surface Water Shortage,0,0.04750909963455664,1.6035258769989014,wet,1
2024-12-01,12,NL111,Oost-Groningen,Reservoir & Surface Water Shortage,0,0.037653522114845524,1.1509708762168884,wet,1
2025-01-01,1,NL111,Oost-Groningen,Reservoir & Surface Water Shortage,0,0.07308236073951091,1.0549432635307312,wet,1
2025-02-01,2,NL111,Oost-Groningen,Reservoir & Surface Water Shortage,0,0.10893910264762185,0.49514587223529816,near_normal,1
2025-03-01,3,NL111,Oost-Groningen,Reservoir & Surface Water Shortage,0,0.27267375858986087,0.1761770248413086,near_normal,1
2025-04-01,4,NL111,Oost-Groningen,Reservoir & Surface Water Shortage,0,0.4577111530735925,-0.4283472001552582,near_normal,1
2025-05-01,5,NL111,Oost-Groningen,Reservoir & Surface Water Shortage,0,0.6581151421615377,-0.9174109697341919,near_normal,1
2025-06-01,6,NL111,Oost-Groningen,Reservoir & Surface Water Shortage,0,0.6057779693102738,-0.9498004615306854,near_normal,1
2025-07-01,7,NL111,Oost-Groningen,Reservoir & Surface Water Shortage,0,0.4364904091316947,-1.1780112385749817,dry,1
2025-08-01,8,NL111,Oost-Groningen,Reservoir & Surface Water Shortage,0,0.6078541046516002,-1.31639963388443,dry,1
2025-09-01,9,NL111,Oost-Groningen,Reservoir & Surface Water Shortage,0,0.20014159906299098,-1.4372192025184631,dry,1
2024-01-01,1,NL112,Delfzijl en omgeving,Reservoir & Surface Water Shortage,0,0.0764633384447536,1.5744563341140747,wet,1
2024-03-01,3,NL112,Delfzijl en omgeving,Reservoir & Surface Water Shortage,0,0.1888318106696064,1.5986590385437012,wet,1
2024-04-01,4,NL112,Delfzijl en omgeving,Reservoir & Surface Water Shortage,0,0.2550770208687161,1.7463241815567017,wet,1
2024-05-01,5,NL112,Delfzijl en omgeving,Reservoir & Surface Water Shortage,0,0.4166954283081507,1.9306237697601318,wet,1
2024-06-01,6,NL112,Delfzijl en omgeving,Reservoir & Surface Water Shortage,0,0.3567387854874062,2.5208699703216553,wet,1
2024-07-01,7,NL112,Delfzijl en omgeving,Reservoir & Surface Water Shortage,0,0.30604206949739343,2.3603928089141846,wet,1
2024-08-01,8,NL112,Delfzijl en omgeving,Reservoir & Surface Water Shortage,0,0.2942314946076873,2.3377909660339355,wet,1
2024-09-01,9,NL112,Delfzijl en omgeving,Reservoir & Surface Water Shortage,0,0.2473205911209696,2.484579563140869,wet,1
2024-10-01,10,NL112,Delfzijl en omgeving,Reservoir & Surface Water Shortage,0,0.10851414461258642,1.6715155839920044,wet,1
2024-11-01,11,NL112,Delfzijl en omgeving,Reservoir & Surface Water Shortage,0,0.09471095002606335,1.3462355136871338,wet,1
2024-12-01,12,NL112,Delfzijl en omgeving,Reservoir & Surface Water Shortage,0,0.07278871375367824,0.9495850205421448,near_normal,1
2025-01-01,1,NL112,Delfzijl en omgeving,Reservoir & Surface Water Shortage,0,0.1362514520749245,0.815735936164856,near_normal,1
2025-02-01,2,NL112,Delfzijl en omgeving,Reservoir & Surface Water Shortage,0,0.19176983686267526,0.2707626223564148,near_normal,1
2025-03-01,3,NL112,Delfzijl en omgeving,Reservoir & Surface Water Shortage,0,0.377047187393349,-0.011577821336686611,near_normal,1
2025-04-01,4,NL112,Delfzijl en omgeving,Reservoir & Surface Water Shortage,0,0.6254340977028688,-0.536076009273529,near_normal,1
2025-05-01,5,NL112,Delfzijl en omgeving,Reservoir & Surface Water Shortage,0,0.7938924822985662,-0.8959609270095825,near_normal,1
2025-06-01,6,NL112,Delfzijl en omgeving,Reservoir & Surface Water Shortage,0,0.7324696879542749,-0.9709566235542297,near_normal,1
2025-07-01,7,NL112,Delfzijl en omgeving,Reservoir & Surface Water Shortage,0,0.6094779938451264,-1.2213053703308105,dry,1
2025-08-01,8,NL112,Delfzijl en omgeving,Reservoir & Surface Water Shortage,0,0.6198298308486145,-1.3407152891159058,dry,1
2025-09-01,9,NL112,Delfzijl en omgeving,Reservoir & Surface Water Shortage,0,0.3296046962653833,-1.4633549451828003,dry,1
2024-01-01,1,NL113,Overig Groningen,Reservoir & Surface Water Shortage,0,0.05734222951222803,1.553696870803833,wet,1
2024-02-01,2,NL113,Overig Groningen,Reservoir & Surface Water Shortage,0,0.06969954358516452,1.8252516984939575,wet,1
2024-03-01,3,NL113,Overig Groningen,Reservoir & Surface Water Shortage,0,0.14972552407316664,1.5759201447168987,wet,1
2024-04-01,4,NL113,Overig Groningen,Reservoir & Surface Water Shortage,0,0.19963134766893736,1.7591425975163777,wet,1
2024-05-01,5,NL113,Overig Groningen,Reservoir & Surface Water Shortage,0,0.35379737930027405,1.9804979960123699,wet,1
2024-06-01,6,NL113,Overig Groningen,Reservoir & Surface Water Shortage,0,0.30599645816430043,2.5567835172017417,wet,1
2024-07-01,7,NL113,Overig Groningen,Reservoir & Surface Water Shortage,0,0.25740337311356154,2.325056314468384,wet,1
2024-08-01,8,NL113,Overig Groningen,Reservoir & Surface Water Shortage,0,0.2293077127298102,2.289264678955078,wet,1
2024-09-01,9,NL113,Overig Groningen,Reservoir & Surface Water Shortage,0,0.18150028010886143,2.4607760111490884,wet,1
2024-10-01,10,NL113,Overig Groningen,Reservoir & Surface Water Shortage,0,0.0852674528493764,1.74251393477122,wet,1
2024-11-01,11,NL113,Overig Groningen,Reservoir & Surface Water Shortage,0,0.0698250247742919,1.3726389805475872,wet,1
2024-12-01,12,NL113,Overig Groningen,Reservoir & Surface Water Shortage,0,0.052879407391202844,0.9944103360176086,near_normal,1
2025-01-01,1,NL113,Overig Groningen,Reservoir & Surface Water Shortage,0,0.10175814717512119,0.8821484843889872,near_normal,1
2025-02-01,2,NL113,Overig Groningen,Reservoir & Surface Water Shortage,0,0.1502221959020296,0.31073737144470215,near_normal,1
2025-03-01,3,NL113,Overig Groningen,Reservoir & Surface Water Shortage,0,0.3216389073551704,0.035581901048620544,near_normal,1
2025-04-01,4,NL113,Overig Groningen,Reservoir & Surface Water Shortage,0,0.5205214193960371,-0.45748992760976154,near_normal,1
2025-05-01,5,NL113,Overig Groningen,Reservoir & Surface Water Shortage,0,0.7315254074488653,-0.8022730549176534,near_normal,1
2025-06-01,6,NL113,Overig Groningen,Reservoir & Surface Water Shortage,0,0.6733552337212154,-0.9125909010569254,near_normal,1
2025-07-01,7,NL113,Overig Groningen,Reservoir & Surface Water Shortage,0,0.5433925289339437,-1.1193293333053589,dry,1
2025-08-01,8,NL113,Overig Groningen,Reservoir & Surface Water Shortage,0,0.648464955817305,-1.2605481147766113,dry,1
2025-09-01,9,NL113,Overig Groningen,Reservoir & Surface Water Shortage,0,0.2766348128481702,-1.4358088970184326,dry,1
2024-01-01,1,NL124,Noord-Friesland,Reservoir & Surface Water Shortage,0,0.09742103333832516,1.3574422895908356,wet,1
2024-02-01,2,NL124,Noord-Friesland,Reservoir & Surface Water Shortage,0,0.10933399515741825,1.7159639298915863,wet,1
2024-03-01,3,NL124,Noord-Friesland,Reservoir & Surface Water Shortage,0,0.23281384131385555,1.4683093130588531,wet,1
2024-04-01,4,NL124,Noord-Friesland,Reservoir & Surface Water Shortage,0,0.29398784209787376,1.7018274664878845,wet,1
2024-05-01,5,NL124,Noord-Friesland,Reservoir & Surface Water Shortage,0,0.5009291041951852,1.886545330286026,wet,1
2024-06-01,6,NL124,Noord-Friesland,Reservoir & Surface Water Shortage,0,0.4616925857588346,2.4364304542541504,wet,1
2024-07-01,7,NL124,Noord-Friesland,Reservoir & Surface Water Shortage,0,0.3667424933073603,2.1045264899730682,wet,1
2024-08-01,8,NL124,Noord-Friesland,Reservoir & Surface Water Shortage,0,0.34284296807704,2.0753729045391083,wet,1
2024-09-01,9,NL124,Noord-Friesland,Reservoir & Surface Water Shortage,0,0.2657858528812013,2.2301748991012573,wet,1
2024-10-01,10,NL124,Noord-Friesland,Reservoir & Surface Water Shortage,0,0.1294515829126633,1.551231563091278,wet,1
2024-11-01,11,NL124,Noord-Friesland,Reservoir & Surface Water Shortage,0,0.11538894539872277,1.0981620252132416,wet,1
2024-12-01,12,NL124,Noord-Friesland,Reservoir & Surface Water Shortage,0,0.08706163540993266,0.7735436260700226,near_normal,1
2025-01-01,1,NL124,Noord-Friesland,Reservoir & Surface Water Shortage,0,0.16850652424963944,0.6505173146724701,near_normal,1
2025-02-01,2,NL124,Noord-Friesland,Reservoir & Surface Water Shortage,0,0.2388400804612167,0.10699054750148207,near_normal,1
2025-03-01,3,NL124,Noord-Friesland,Reservoir & Surface Water Shortage,0,0.5014869739926949,-0.16945494152605534,near_normal,1
2025-04-01,4,NL124,Noord-Friesland,Reservoir & Surface Water Shortage,1,0.6318071160127944,-0.7064715921878815,near_normal,1
2025-05-01,5,NL124,Noord-Friesland,Reservoir & Surface Water Shortage,0,0.8151894857080432,-0.9263435304164886,near_normal,1
2025-06-01,6,NL124,Noord-Friesland,Reservoir & Surface Water Shortage,0,0.7667108292744182,-1.0629418939352036,dry,1
2025-07-01,7,NL124,Noord-Friesland,Reservoir & Surface Water Shortage,0,0.6673527929587117,-1.2299838960170746,dry,1
2025-08-01,8,NL124,Noord-Friesland,Reservoir & Surface Water Shortage,1,0.7466159402073586,-1.4811941981315613,dry,1
2025-09-01,9,NL124,Noord-Friesland,Reservoir & Surface Water Shortage,0,0.3661939148605273,-1.572517216205597,dry,1
2024-01-01,1,NL125,Zuidwest-Friesland,Reservoir & Surface Water Shortage,0,0.05412730090278739,1.4139912724494934,wet,1
2024-02-01,2,NL125,Zuidwest-Friesland,Reservoir & Surface Water Shortage,0,0.06529811515703522,1.7786154747009277,wet,1
2024-03-01,3,NL125,Zuidwest-Friesland,Reservoir & Surface Water Shortage,0,0.1374609332441151,1.5638866424560547,wet,1
2024-04-01,4,NL125,Zuidwest-Friesland,Reservoir & Surface Water Shortage,0,0.18603028354687395,1.8326656818389893,wet,1
2024-05-01,5,NL125,Zuidwest-Friesland,Reservoir & Surface Water Shortage,0,0.3228262150979766,2.1068438291549683,wet,1
2024-06-01,6,NL125,Zuidwest-Friesland,Reservoir & Surface Water Shortage,0,0.3285436260804955,2.634555220603943,wet,1
2024-07-01,7,NL125,Zuidwest-Friesland,Reservoir & Surface Water Shortage,0,0.22843085584689027,2.177721381187439,wet,1
2024-08-01,8,NL125,Zuidwest-Friesland,Reservoir & Surface Water Shortage,0,0.20893922258431333,2.1380834579467773,wet,1
2024-09-01,9,NL125,Zuidwest-Friesland,Reservoir & Surface Water Shortage,0,0.14113158719889685,2.2827683687210083,wet,1
2024-10-01,10,NL125,Zuidwest-Friesland,Reservoir & Surface Water Shortage,0,0.06100151559980232,1.732323706150055,wet,1
2024-11-01,11,NL125,Zuidwest-Friesland,Reservoir & Surface Water Shortage,0,0.05958770886177056,1.1893419027328491,wet,1
2024-12-01,12,NL125,Zuidwest-Friesland,Reservoir & Surface Water Shortage,0,0.046058031249106714,0.9064917862415314,near_normal,1
2025-01-01,1,NL125,Zuidwest-Friesland,Reservoir & Surface Water Shortage,0,0.09100800324644565,0.7681446671485901,near_normal,1
2025-02-01,2,NL125,Zuidwest-Friesland,Reservoir & Surface Water Shortage,0,0.15473556182601472,0.15459422394633293,near_normal,1
2025-03-01,3,NL125,Zuidwest-Friesland,Reservoir & Surface Water Shortage,1,0.4197459985111741,-0.20276711881160736,near_normal,1
2025-04-01,4,NL125,Zuidwest-Friesland,Reservoir & Surface Water Shortage,1,0.4561789341651315,-0.842517763376236,near_normal,1
2025-05-01,5,NL125,Zuidwest-Friesland,Reservoir & Surface Water Shortage,0,0.6818773270077252,-1.0782914757728577,dry,1
2025-06-01,6,NL125,Zuidwest-Friesland,Reservoir & Surface Water Shortage,0,0.586633298161605,-1.1937094926834106,dry,1
2025-07-01,7,NL125,Zuidwest-Friesland,Reservoir & Surface Water Shortage,0,0.48301531700331973,-1.2997994422912598,dry,1
2025-08-01,8,NL125,Zuidwest-Friesland,Reservoir & Surface Water Shortage,0,0.5694535801461864,-1.5020229816436768,dry,1
2025-09-01,9,NL125,Zuidwest-Friesland,Reservoir & Surface Water Shortage,0,0.24715155518158685,-1.550790548324585,dry,1
2024-01-01,1,NL126,Zuidoost-Friesland,Reservoir & Surface Water Shortage,0,0.037196350679366344,1.545999010403951,wet,1
2024-03-01,3,NL126,Zuidoost-Friesland,Reservoir & Surface Water Shortage,0,0.10589375159766004,1.5629839499791462,wet,1
2024-04-01,4,NL126,Zuidoost-Friesland,Reservoir & Surface Water Shortage,0,0.12619555776274846,1.7216502825419109,wet,1
2024-05-01,5,NL126,Zuidoost-Friesland,Reservoir & Surface Water Shortage,0,0.2533509971362994,2.123636484146118,wet,1
2024-06-01,6,NL126,Zuidoost-Friesland,Reservoir & Surface Water Shortage,0,0.2303932831456693,2.8139727115631104,wet,1
2024-07-01,7,NL126,Zuidoost-Friesland,Reservoir & Surface Water Shortage,0,0.1693297459217086,2.4634934266408286,wet,1
2024-08-01,8,NL126,Zuidoost-Friesland,Reservoir & Surface Water Shortage,0,0.153963617780434,2.2954910596211753,wet,1
2024-09-01,9,NL126,Zuidoost-Friesland,Reservoir & Surface Water Shortage,0,0.10999256636166913,2.6972495714823403,wet,1
2024-10-01,10,NL126,Zuidoost-Friesland,Reservoir & Surface Water Shortage,0,0.04329579875895048,1.9253834088643391,wet,1
2024-11-01,11,NL126,Zuidoost-Friesland,Reservoir & Surface Water Shortage,0,0.04091887960940089,1.4363560279210408,wet,1
2024-12-01,12,NL126,Zuidoost-Friesland,Reservoir & Surface Water Shortage,0,0.029772196322897414,1.123047669728597,wet,1
2025-01-01,1,NL126,Zuidoost-Friesland,Reservoir & Surface Water Shortage,0,0.055999588825090166,1.0151313543319702,wet,1
2025-02-01,2,NL126,Zuidoost-Friesland,Reservoir & Surface Water Shortage,0,0.10034833459690339,0.39727561672528583,near_normal,1
2025-03-01,3,NL126,Zuidoost-Friesland,Reservoir & Surface Water Shortage,0,0.2499730574238504,0.04762745307137569,near_normal,1
2025-04-01,4,NL126,Zuidoost-Friesland,Reservoir & Surface Water Shortage,1,0.3720460969651415,-0.49264203508694965,near_normal,1
2025-05-01,5,NL126,Zuidoost-Friesland,Reservoir & Surface Water Shortage,0,0.6156011263275234,-0.9436053037643433,near_normal,1
2025-06-01,6,NL126,Zuidoost-Friesland,Reservoir & Surface Water Shortage,0,0.537860798847027,-1.055333097775777,dry,1
2025-07-01,7,NL126,Zuidoost-Friesland,Reservoir & Surface Water Shortage,0,0.41996082774401644,-1.1487988233566284,dry,1
2025-08-01,8,NL126,Zuidoost-Friesland,Reservoir & Surface Water Shortage,0,0.5877454138511805,-1.3487204710642497,dry,1
2025-09-01,9,NL126,Zuidoost-Friesland,Reservoir & Surface Water Shortage,0,0.20326412573709723,-1.5328909953435261,dry,1
2024-01-01,1,NL131,Noord-Drenthe,Reservoir & Surface Water Shortage,0,0.054099374818517364,1.625184416770935,wet,1
2024-02-01,2,NL131,Noord-Drenthe,Reservoir & Surface Water Shortage,0,0.06552015271124582,1.908049762248993,wet,1
2024-03-01,3,NL131,Noord-Drenthe,Reservoir & Surface Water Shortage,0,0.15395886661802552,1.6074219346046448,wet,1
2024-04-01,4,NL131,Noord-Drenthe,Reservoir & Surface Water Shortage,0,0.18210776907969164,1.7808722257614136,wet,1
2024-05-01,5,NL131,Noord-Drenthe,Reservoir & Surface Water Shortage,0,0.33037919914713604,2.125525951385498,wet,1
2024-06-01,6,NL131,Noord-Drenthe,Reservoir & Surface Water Shortage,0,0.23685554089358885,2.8354954719543457,wet,1
2024-07-01,7,NL131,Noord-Drenthe,Reservoir & Surface Water Shortage,0,0.21725741952173272,2.568251371383667,wet,1
2024-08-01,8,NL131,Noord-Drenthe,Reservoir & Surface Water Shortage,0,0.2132483239352689,2.437190890312195,wet,1
2024-09-01,9,NL131,Noord-Drenthe,Reservoir & Surface Water Shortage,0,0.17699177495916454,2.765575647354126,wet,1
2024-10-01,10,NL131,Noord-Drenthe,Reservoir & Surface Water Shortage,0,0.06755886840973696,1.9603742957115173,wet,1
2024-11-01,11,NL131,Noord-Drenthe,Reservoir & Surface Water Shortage,0,0.06124579068836878,1.541092872619629,wet,1
2024-12-01,12,NL131,Noord-Drenthe,Reservoir & Surface Water Shortage,0,0.04580333931157415,1.1613088250160217,wet,1
2025-01-01,1,NL131,Noord-Drenthe,Reservoir & Surface Water Shortage,0,0.0895093974753594,1.0562910437583923,wet,1
2025-02-01,2,NL131,Noord-Drenthe,Reservoir & Surface Water Shortage,0,0.13962410557379543,0.4693644195795059,near_normal,1
2025-03-01,3,NL131,Noord-Drenthe,Reservoir & Surface Water Shortage,0,0.30072891091343623,0.14078162051737309,near_normal,1
2025-04-01,4,NL131,Noord-Drenthe,Reservoir & Surface Water Shortage,0,0.5049824795117963,-0.37382109463214874,near_normal,1
2025-05-01,5,NL131,Noord-Drenthe,Reservoir & Surface Water Shortage,0,0.694183529311096,-0.8759167492389679,near_normal,1
2025-06-01,6,NL131,Noord-Drenthe,Reservoir & Surface Water Shortage,1,0.6554961219442902,-0.9764733612537384,near_normal,1
2025-07-01,7,NL131,Noord-Drenthe,Reservoir & Surface Water Shortage,0,0.5264509067151775,-1.0990380644798279,dry,1
2025-08-01,8,NL131,Noord-Drenthe,Reservoir & Surface Water Shortage,0,0.6885347045022184,-1.2489697933197021,dry,1
2025-09-01,9,NL131,Noord-Drenthe,Reservoir & Surface Water Shortage,0,0.3038064580958766,-1.4132501482963562,dry,1
2024-01-01,1,NL132,Zuidoost-Drenthe,Reservoir & Surface Water Shortage,0,0.023064816422386614,1.862620234489441,wet,1
2024-02-01,2,NL132,Zuidoost-Drenthe,Reservoir & Surface Water Shortage,0,0.03194918201121778,2.074225902557373,wet,1
2024-03-01,3,NL132,Zuidoost-Drenthe,Reservoir & Surface Water Shortage,0,0.08216667349506675,1.7616868019104004,wet,1
2024-04-01,4,NL132,Zuidoost-Drenthe,Reservoir & Surface Water Shortage,0,0.09449447204208898,1.9577404260635376,wet,1
2024-05-01,5,NL132,Zuidoost-Drenthe,Reservoir & Surface Water Shortage,0,0.18830828014214862,2.271449089050293,wet,1
2024-06-01,6,NL132,Zuidoost-Drenthe,Reservoir & Surface Water Shortage,0,0.10781857159168429,2.8965072631835938,wet,1
2024-07-01,7,NL132,Zuidoost-Drenthe,Reservoir & Surface Water Shortage,0,0.09743359615531677,2.828998327255249,wet,1
2024-08-01,8,NL132,Zuidoost-Drenthe,Reservoir & Surface Water Shortage,0,0.10325131888164231,2.8166348934173584,wet,1
2024-09-01,9,NL132,Zuidoost-Drenthe,Reservoir & Surface Water Shortage,0,0.09120875136994482,3.1048576831817627,wet,1
2024-10-01,10,NL132,Zuidoost-Drenthe,Reservoir & Surface Water Shortage,0,0.030636919795855647,2.167729139328003,wet,1
2024-11-01,11,NL132,Zuidoost-Drenthe,Reservoir & Surface Water Shortage,0,0.027495074440146497,1.7443439960479736,wet,1
2024-12-01,12,NL132,Zuidoost-Drenthe,Reservoir & Surface Water Shortage,0,0.019118301593735124,1.2934812307357788,wet,1
2025-01-01,1,NL132,Zuidoost-Drenthe,Reservoir & Surface Water Shortage,0,0.03909582180558046,1.196232557296753,wet,1
2025-02-01,2,NL132,Zuidoost-Drenthe,Reservoir & Surface Water Shortage,0,0.06516436772108677,0.622021496295929,near_normal,1
2025-03-01,3,NL132,Zuidoost-Drenthe,Reservoir & Surface Water Shortage,0,0.2335754107012931,0.29568547010421753,near_normal,1
2025-04-01,4,NL132,Zuidoost-Drenthe,Reservoir & Surface Water Shortage,0,0.3027053612513809,-0.27435654401779175,near_normal,1
2025-05-01,5,NL132,Zuidoost-Drenthe,Reservoir & Surface Water Shortage,0,0.5093407530006645,-0.8413411974906921,near_normal,1
2025-06-01,6,NL132,Zuidoost-Drenthe,Reservoir & Surface Water Shortage,1,0.4780393637477044,-0.9112480282783508,near_normal,1
2025-07-01,7,NL132,Zuidoost-Drenthe,Reservoir & Surface Water Shortage,0,0.3177294769943077,-1.104096531867981,dry,1
2025-08-01,8,NL132,Zuidoost-Drenthe,Reservoir & Surface Water Shortage,0,0.5118271120164024,-1.2686371803283691,dry,1
2025-09-01,9,NL132,Zuidoost-Drenthe,Reservoir & Surface Water Shortage,0,0.1639261699091622,-1.3522844314575195,dry,1
2024-01-01,1,NL133,Zuidwest-Drenthe,Reservoir & Surface Water Shortage,0,0.03749576515403148,1.72472482919693,wet,1
2024-02-01,2,NL133,Zuidwest-Drenthe,Reservoir & Surface Water Shortage,0,0.047085453932166496,2.0366421341896057,wet,1
2024-03-01,3,NL133,Zuidwest-Drenthe,Reservoir & Surface Water Shortage,0,0.10463240482370725,1.7058511972427368,wet,1
2024-04-01,4,NL133,Zuidwest-Drenthe,Reservoir & Surface Water Shortage,0,0.1341755160978012,1.8357419967651367,wet,1
2024-05-01,5,NL133,Zuidwest-Drenthe,Reservoir & Surface Water Shortage,0,0.25167490381217805,2.266860604286194,wet,1
2024-06-01,6,NL133,Zuidwest-Drenthe,Reservoir & Surface Water Shortage,0,0.1762696392525998,2.907911777496338,wet,1
2024-07-01,7,NL133,Zuidwest-Drenthe,Reservoir & Surface Water Shortage,0,0.16013320958550153,2.7513095140457153,wet,1
2024-08-01,8,NL133,Zuidwest-Drenthe,Reservoir & Surface Water Shortage,0,0.15631273375187654,2.632028818130493,wet,1
2024-09-01,9,NL133,Zuidwest-Drenthe,Reservoir & Surface Water Shortage,0,0.11538921894636446,3.0397181510925293,wet,1
2024-10-01,10,NL133,Zuidwest-Drenthe,Reservoir & Surface Water Shortage,0,0.04271486091409853,2.1555556058883667,wet,1
2024-11-01,11,NL133,Zuidwest-Drenthe,Reservoir & Surface Water Shortage,0,0.03879366657386162,1.7173022627830505,wet,1
2024-12-01,12,NL133,Zuidwest-Drenthe,Reservoir & Surface Water Shortage,0,0.03005655283297686,1.3606191873550415,wet,1
2025-01-01,1,NL133,Zuidwest-Drenthe,Reservoir & Surface Water Shortage,0,0.04710074062376181,1.2867012023925781,wet,1
2025-02-01,2,NL133,Zuidwest-Drenthe,Reservoir & Surface Water Shortage,0,0.09963575328674251,0.6509714722633362,near_normal,1
2025-03-01,3,NL133,Zuidwest-Drenthe,Reservoir & Surface Water Shortage,0,0.29048403177648735,0.2719087675213814,near_normal,1
2025-04-01,4,NL133,Zuidwest-Drenthe,Reservoir & Surface Water Shortage,0,0.3731812818169744,-0.26466917246580124,near_normal,1
2025-05-01,5,NL133,Zuidwest-Drenthe,Reservoir & Surface Water Shortage,0,0.5694268814805417,-0.8783625960350037,near_normal,1
2025-06-01,6,NL133,Zuidwest-Drenthe,Reservoir & Surface Water Shortage,1,0.5544654209573179,-0.9638475477695465,near_normal,1
2025-07-01,7,NL133,Zuidwest-Drenthe,Reservoir & Surface Water Shortage,0,0.4166945742878507,-1.0526711344718933,dry,1
2025-08-01,8,NL133,Zuidwest-Drenthe,Reservoir & Surface Water Shortage,0,0.6301446214421227,-1.2207630276679993,dry,1
2025-09-01,9,NL133,Zuidwest-Drenthe,Reservoir & Surface Water Shortage,0,0.2247111817971071,-1.363072395324707,dry,1
2024-01-01,1,NL211,Noord-Overijssel,Reservoir & Surface Water Shortage,0,0.0668349283182392,1.8030700087547302,wet,1
2024-02-01,2,NL211,Noord-Overijssel,Reservoir & Surface Water Shortage,0,0.08459113010315127,2.1056063175201416,wet,1
2024-03-01,3,NL211,Noord-Overijssel,Reservoir & Surface Water Shortage,0,0.14433213898600192,1.7778285145759583,wet,1
2024-04-01,4,NL211,Noord-Overijssel,Reservoir & Surface Water Shortage,0,0.22515304741019398,1.8979318737983704,wet,1
2024-05-01,5,NL211,Noord-Overijssel,Reservoir & Surface Water Shortage,0,0.3829193599548391,2.330261468887329,wet,1
2024-06-01,6,NL211,Noord-Overijssel,Reservoir & Surface Water Shortage,0,0.28676171406697015,2.892736077308655,wet,1
2024-07-01,7,NL211,Noord-Overijssel,Reservoir & Surface Water Shortage,0,0.22263388495602782,2.926464080810547,wet,1
2024-08-01,8,NL211,Noord-Overijssel,Reservoir & Surface Water Shortage,0,0.22692058864099707,2.801928162574768,wet,1
2024-09-01,9,NL211,Noord-Overijssel,Reservoir & Surface Water Shortage,0,0.19291899191958087,3.1640535593032837,wet,1
2024-10-01,10,NL211,Noord-Overijssel,Reservoir & Surface Water Shortage,0,0.07247489746486112,2.2690484523773193,wet,1
2024-11-01,11,NL211,Noord-Overijssel,Reservoir & Surface Water Shortage,0,0.06765806158226256,1.8291608691215515,wet,1
2024-12-01,12,NL211,Noord-Overijssel,Reservoir & Surface Water Shortage,0,0.05291584808892285,1.4506611824035645,wet,1
2025-01-01,1,NL211,Noord-Overijssel,Reservoir & Surface Water Shortage,0,0.10174192374949188,1.3931864500045776,wet,1
2025-02-01,2,NL211,Noord-Overijssel,Reservoir & Surface Water Shortage,0,0.16514077606035377,0.753440797328949,near_normal,1
2025-03-01,3,NL211,Noord-Overijssel,Reservoir & Surface Water Shortage,0,0.4046138603235238,0.3611278682947159,near_normal,1
2025-04-01,4,NL211,Noord-Overijssel,Reservoir & Surface Water Shortage,0,0.5143102944052889,-0.20052483677864075,near_normal,1
2025-05-01,5,NL211,Noord-Overijssel,Reservoir & Surface Water Shortage,0,0.7216044440028491,-0.8454030454158783,near_normal,1
2025-06-01,6,NL211,Noord-Overijssel,Reservoir & Surface Water Shortage,0,0.704538782075709,-0.9478132128715515,near_normal,1
2025-07-01,7,NL211,Noord-Overijssel,Reservoir & Surface Water Shortage,1,0.5568968554885948,-1.0653294920921326,dry,1
2025-08-01,8,NL211,Noord-Overijssel,Reservoir & Surface Water Shortage,0,0.6916696677400195,-1.2702912092208862,dry,1
2025-09-01,9,NL211,Noord-Overijssel,Reservoir & Surface Water Shortage,0,0.3194735496713422,-1.3825294971466064,dry,1
2024-01-01,1,NL212,Zuidwest-Overijssel,Reservoir & Surface Water Shortage,0,0.12250994143263963,1.8292285203933716,wet,1
2024-02-01,2,NL212,Zuidwest-Overijssel,Reservoir & Surface Water Shortage,0,0.15458883194685405,2.213228702545166,wet,1
2024-03-01,3,NL212,Zuidwest-Overijssel,Reservoir & Surface Water Shortage,1,0.24197028075850602,1.849002480506897,wet,1
2024-04-01,4,NL212,Zuidwest-Overijssel,Reservoir & Surface Water Shortage,0,0.35205573661485995,1.9571956396102905,wet,1
2024-05-01,5,NL212,Zuidwest-Overijssel,Reservoir & Surface Water Shortage,0,0.5534753769607759,2.3873307704925537,wet,1
2024-06-01,6,NL212,Zuidwest-Overijssel,Reservoir & Surface Water Shortage,0,0.42641019184378065,2.8320765495300293,wet,1
2024-07-01,7,NL212,Zuidwest-Overijssel,Reservoir & Surface Water Shortage,0,0.35965179335465375,3.2399985790252686,wet,1
2024-08-01,8,NL212,Zuidwest-Overijssel,Reservoir & Surface Water Shortage,0,0.35275626142475225,2.890531063079834,wet,1
2024-09-01,9,NL212,Zuidwest-Overijssel,Reservoir & Surface Water Shortage,0,0.30246557898021514,3.281804084777832,wet,1
2024-10-01,10,NL212,Zuidwest-Overijssel,Reservoir & Surface Water Shortage,0,0.1286869152166543,2.341593027114868,wet,1
2024-11-01,11,NL212,Zuidwest-Overijssel,Reservoir & Surface Water Shortage,0,0.11683725278583142,1.9496963024139404,wet,1
2024-12-01,12,NL212,Zuidwest-Overijssel,Reservoir & Surface Water Shortage,0,0.08769190367022002,1.6000728607177734,wet,1
2025-01-01,1,NL212,Zuidwest-Overijssel,Reservoir & Surface Water Shortage,0,0.1630217262932588,1.6217764616012573,wet,1
2025-02-01,2,NL212,Zuidwest-Overijssel,Reservoir & Surface Water Shortage,0,0.26882925620558296,0.9912475943565369,near_normal,1
2025-03-01,3,NL212,Zuidwest-Overijssel,Reservoir & Surface Water Shortage,0,0.5682091963702895,0.5870882868766785,near_normal,1
2025-04-01,4,NL212,Zuidwest-Overijssel,Reservoir & Surface Water Shortage,0,0.6786653008758174,-0.03741263225674629,near_normal,1
2025-05-01,5,NL212,Zuidwest-Overijssel,Reservoir & Surface Water Shortage,0,0.8351092833491952,-0.7523486614227295,near_normal,1
2025-06-01,6,NL212,Zuidwest-Overijssel,Reservoir & Surface Water Shortage,0,0.8202500669498607,-0.9098113179206848,near_normal,1
2025-07-01,7,NL212,Zuidwest-Overijssel,Reservoir & Surface Water Shortage,0,0.6975204978130551,-1.0562019348144531,dry,1
2025-08-01,8,NL212,Zuidwest-Overijssel,Reservoir & Surface Water Shortage,0,0.8153951368462179,-1.332362413406372,dry,1
2025-09-01,9,NL212,Zuidwest-Overijssel,Reservoir & Surface Water Shortage,0,0.5144469699291867,-1.4136707782745361,dry,1
2024-01-01,1,NL213,Twente,Reservoir & Surface Water Shortage,0,0.15124005599125662,1.7741056680679321,wet,1
2024-02-01,2,NL213,Twente,Reservoir & Surface Water Shortage,0,0.19480792256878848,2.1074114640553794,wet,1
2024-03-01,3,NL213,Twente,Reservoir & Surface Water Shortage,0,0.34762647263768315,1.7495448191960652,wet,1
2024-04-01,4,NL213,Twente,Reservoir & Surface Water Shortage,1,0.4319778064684541,1.8394211530685425,wet,1
2024-05-01,5,NL213,Twente,Reservoir & Surface Water Shortage,0,0.6225737973040358,2.2049256960550943,wet,1
2024-06-01,6,NL213,Twente,Reservoir & Surface Water Shortage,0,0.510786990155394,2.5858238538106284,wet,1
2024-07-01,7,NL213,Twente,Reservoir & Surface Water Shortage,1,0.39514552450393214,2.9343260129292807,wet,1
2024-08-01,8,NL213,Twente,Reservoir & Surface Water Shortage,0,0.37754316596967463,2.6960832277933755,wet,1
2024-09-01,9,NL213,Twente,Reservoir & Surface Water Shortage,0,0.36583687904538986,3.2426631450653076,wet,1
2024-10-01,10,NL213,Twente,Reservoir & Surface Water Shortage,0,0.16064656871089633,2.2757716178894043,wet,1
2024-11-01,11,NL213,Twente,Reservoir & Surface Water Shortage,0,0.14863212512246224,1.856828014055888,wet,1
2024-12-01,12,NL213,Twente,Reservoir & Surface Water Shortage,0,0.11269797552076768,1.449364145596822,wet,1
2025-01-01,1,NL213,Twente,Reservoir & Surface Water Shortage,0,0.2089697496103586,1.4633930921554565,wet,1
2025-02-01,2,NL213,Twente,Reservoir & Surface Water Shortage,0,0.33704864018015634,0.8273681799570719,near_normal,1
2025-03-01,3,NL213,Twente,Reservoir & Surface Water Shortage,0,0.7333737193737475,0.45466773708661395,near_normal,1
2025-04-01,4,NL213,Twente,Reservoir & Surface Water Shortage,0,0.7288238165302868,-0.08532259364922841,near_normal,1
2025-05-01,5,NL213,Twente,Reservoir & Surface Water Shortage,0,0.8585186020955504,-0.7380898396174113,near_normal,1
2025-06-01,6,NL213,Twente,Reservoir & Surface Water Shortage,1,0.8630837887814218,-0.8258537650108337,near_normal,1
2025-07-01,7,NL213,Twente,Reservoir & Surface Water Shortage,0,0.7690042291711051,-0.9453806678454081,near_normal,1
2025-08-01,8,NL213,Twente,Reservoir & Surface Water Shortage,0,0.8913135636592965,-1.2185680468877156,dry,1
2025-09-01,9,NL213,Twente,Reservoir & Surface Water Shortage,0,0.5513994233829801,-1.2572739521662395,dry,1
2024-01-01,1,NL221,Veluwe,Reservoir & Surface Water Shortage,0,0.1796253038061752,1.8073323965072632,wet,1
2024-02-01,2,NL221,Veluwe,Reservoir & Surface Water Shortage,0,0.18991460534288737,2.2413116296132407,wet,1
2024-03-01,3,NL221,Veluwe,Reservoir & Surface Water Shortage,0,0.29605335609635125,1.8151774009068806,wet,1
2024-04-01,4,NL221,Veluwe,Reservoir & Surface Water Shortage,0,0.43855525501186765,2.02529247601827,wet,1
2024-05-01,5,NL221,Veluwe,Reservoir & Surface Water Shortage,0,0.644780804114244,2.5431505044301352,wet,1
2024-06-01,6,NL221,Veluwe,Reservoir & Surface Water Shortage,0,0.5598454015742266,2.9275620778401694,wet,1
2024-07-01,7,NL221,Veluwe,Reservoir & Surface Water Shortage,0,0.48250286419391875,3.333141009012858,wet,1
2024-08-01,8,NL221,Veluwe,Reservoir & Surface Water Shortage,0,0.47360506055787494,2.8060739040374756,wet,1
2024-09-01,9,NL221,Veluwe,Reservoir & Surface Water Shortage,0,0.405553567736012,3.3057305812835693,wet,1
2024-10-01,10,NL221,Veluwe,Reservoir & Surface Water Shortage,0,0.18129979643714889,2.3737645149230957,wet,1
2024-11-01,11,NL221,Veluwe,Reservoir & Surface Water Shortage,0,0.16848137812080732,1.9296060800552368,wet,1
2024-12-01,12,NL221,Veluwe,Reservoir & Surface Water Shortage,0,0.13449075519679235,1.6137422720591228,wet,1
2025-01-01,1,NL221,Veluwe,Reservoir & Surface Water Shortage,0,0.2245909230799769,1.6722465356190999,wet,1
2025-02-01,2,NL221,Veluwe,Reservoir & Surface Water Shortage,0,0.3690631031659551,1.0694556037584941,wet,1
2025-03-01,3,NL221,Veluwe,Reservoir & Surface Water Shortage,0,0.735824253544906,0.6522466341654459,near_normal,1
2025-04-01,4,NL221,Veluwe,Reservoir & Surface Water Shortage,1,0.7666330828498759,-0.03821267498036226,near_normal,1
2025-05-01,5,NL221,Veluwe,Reservoir & Surface Water Shortage,0,0.8836345840207701,-0.8415002226829529,near_normal,1
2025-06-01,6,NL221,Veluwe,Reservoir & Surface Water Shortage,0,0.889694645331278,-0.9649274547894796,near_normal,1
2025-07-01,7,NL221,Veluwe,Reservoir & Surface Water Shortage,0,0.7919737998175106,-1.1212384700775146,dry,1
2025-08-01,8,NL221,Veluwe,Reservoir & Surface Water Shortage,0,0.8835634343177267,-1.4766345818837483,dry,1
2025-09-01,9,NL221,Veluwe,Reservoir & Surface Water Shortage,0,0.5946832047802173,-1.5261424779891968,dry,1
2024-01-01,1,NL224,Zuidwest-Gelderland,Reservoir & Surface Water Shortage,0,0.08664551083283102,1.685375452041626,wet,1
2024-02-01,2,NL224,Zuidwest-Gelderland,Reservoir & Surface Water Shortage,0,0.08418096076874233,2.1737860441207886,wet,1
2024-03-01,3,NL224,Zuidwest-Gelderland,Reservoir & Surface Water Shortage,0,0.16380398232223,1.7497069239616394,wet,1
2024-04-01,4,NL224,Zuidwest-Gelderland,Reservoir & Surface Water Shortage,0,0.2361839527268513,2.014431595802307,wet,1
2024-05-01,5,NL224,Zuidwest-Gelderland,Reservoir & Surface Water Shortage,0,0.4141425140809643,2.511814832687378,wet,1
2024-06-01,6,NL224,Zuidwest-Gelderland,Reservoir & Surface Water Shortage,0,0.3466729414769263,2.8723764419555664,wet,1
2024-07-01,7,NL224,Zuidwest-Gelderland,Reservoir & Surface Water Shortage,0,0.264144964801091,3.360319137573242,wet,1
2024-08-01,8,NL224,Zuidwest-Gelderland,Reservoir & Surface Water Shortage,0,0.2491024444711943,2.7078782320022583,wet,1
2024-09-01,9,NL224,Zuidwest-Gelderland,Reservoir & Surface Water Shortage,0,0.17843088535392818,3.562034487724304,wet,1
2024-10-01,10,NL224,Zuidwest-Gelderland,Reservoir & Surface Water Shortage,0,0.08156555875696583,2.6191734075546265,wet,1
2024-11-01,11,NL224,Zuidwest-Gelderland,Reservoir & Surface Water Shortage,0,0.06973616173312808,2.088479518890381,wet,1
2024-12-01,12,NL224,Zuidwest-Gelderland,Reservoir & Surface Water Shortage,0,0.05435393398947478,1.848576307296753,wet,1
2025-01-01,1,NL224,Zuidwest-Gelderland,Reservoir & Surface Water Shortage,1,0.0980850447152793,1.9212733507156372,wet,1
2025-02-01,2,NL224,Zuidwest-Gelderland,Reservoir & Surface Water Shortage,0,0.17231334511424437,1.400187075138092,wet,1
2025-03-01,3,NL224,Zuidwest-Gelderland,Reservoir & Surface Water Shortage,0,0.6126170667464621,0.972754567861557,near_normal,1
2025-04-01,4,NL224,Zuidwest-Gelderland,Reservoir & Surface Water Shortage,0,0.5332078814620644,0.29149629175662994,near_normal,1
2025-05-01,5,NL224,Zuidwest-Gelderland,Reservoir & Surface Water Shortage,0,0.760575276488186,-0.6283363997936249,near_normal,1
2025-06-01,6,NL224,Zuidwest-Gelderland,Reservoir & Surface Water Shortage,0,0.753340116866937,-0.8211278021335602,near_normal,1
2025-07-01,7,NL224,Zuidwest-Gelderland,Reservoir & Surface Water Shortage,0,0.5920890493397593,-1.0137033462524414,dry,1
2025-08-01,8,NL224,Zuidwest-Gelderland,Reservoir & Surface Water Shortage,0,0.6940680858607392,-1.4959520101547241,dry,1
2025-09-01,9,NL224,Zuidwest-Gelderland,Reservoir & Surface Water Shortage,0,0.3295024480637174,-1.5776581168174744,dry,1
2024-01-01,1,NL225,Achterhoek,Reservoir & Surface Water Shortage,0,0.16187014217256046,1.805512011051178,wet,1
2024-02-01,2,NL225,Achterhoek,Reservoir & Surface Water Shortage,0,0.17506679822522433,2.2859821915626526,wet,1
2024-03-01,3,NL225,Achterhoek,Reservoir & Surface Water Shortage,0,0.2754214931197734,1.7744671404361725,wet,1
2024-04-01,4,NL225,Achterhoek,Reservoir & Surface Water Shortage,0,0.43822577076323826,1.8754302561283112,wet,1
2024-05-01,5,NL225,Achterhoek,Reservoir & Surface Water Shortage,0,0.638542461959314,2.249455988407135,wet,1
2024-06-01,6,NL225,Achterhoek,Reservoir & Surface Water Shortage,0,0.557832041334366,2.5028456449508667,wet,1
2024-07-01,7,NL225,Achterhoek,Reservoir & Surface Water Shortage,0,0.4249824270254315,2.9508511424064636,wet,1
2024-08-01,8,NL225,Achterhoek,Reservoir & Surface Water Shortage,0,0.3847565771860774,2.5167282819747925,wet,1
2024-09-01,9,NL225,Achterhoek,Reservoir & Surface Water Shortage,0,0.36308641041241557,3.3198123574256897,wet,1
2024-10-01,10,NL225,Achterhoek,Reservoir & Surface Water Shortage,0,0.1554997713980539,2.387208878993988,wet,1
2024-11-01,11,NL225,Achterhoek,Reservoir & Surface Water Shortage,0,0.14571179637794507,1.9416667819023132,wet,1
2024-12-01,12,NL225,Achterhoek,Reservoir & Surface Water Shortage,0,0.1174273210519344,1.5921784937381744,wet,1
2025-01-01,1,NL225,Achterhoek,Reservoir & Surface Water Shortage,0,0.205652640813947,1.7311365902423859,wet,1
2025-02-01,2,NL225,Achterhoek,Reservoir & Surface Water Shortage,0,0.3331796756713649,1.0746888369321823,wet,1
2025-03-01,3,NL225,Achterhoek,Reservoir & Surface Water Shortage,1,0.7061780287274428,0.6834009438753128,near_normal,1
2025-04-01,4,NL225,Achterhoek,Reservoir & Surface Water Shortage,1,0.7132910818217443,0.09695965144783258,near_normal,1
2025-05-01,5,NL225,Achterhoek,Reservoir & Surface Water Shortage,0,0.8596485765373241,-0.612250030040741,near_normal,1
2025-06-01,6,NL225,Achterhoek,Reservoir & Surface Water Shortage,0,0.8504578092648466,-0.7061386853456497,near_normal,1
2025-07-01,7,NL225,Achterhoek,Reservoir & Surface Water Shortage,0,0.7617487186200078,-0.8033000975847244,near_normal,1
2025-08-01,8,NL225,Achterhoek,Reservoir & Surface Water Shortage,0,0.9002593437403372,-1.172307550907135,dry,1
2025-09-01,9,NL225,Achterhoek,Reservoir & Surface Water Shortage,0,0.5731435599791641,-1.218297392129898,dry,1
2024-01-01,1,NL226,Arnhem/Nijmegen,Reservoir & Surface Water Shortage,0,0.14984462217811537,1.8382607301076253,wet,1
2024-02-01,2,NL226,Arnhem/Nijmegen,Reservoir & Surface Water Shortage,0,0.1423196394727289,2.3888396422068277,wet,1
2024-03-01,3,NL226,Arnhem/Nijmegen,Reservoir & Surface Water Shortage,0,0.2432999609763304,1.8225633303324382,wet,1
2024-04-01,4,NL226,Arnhem/Nijmegen,Reservoir & Surface Water Shortage,0,0.38549151052540453,2.003558794657389,wet,1
2024-05-01,5,NL226,Arnhem/Nijmegen,Reservoir & Surface Water Shortage,0,0.6042352079419369,2.5283732414245605,wet,1
2024-06-01,6,NL226,Arnhem/Nijmegen,Reservoir & Surface Water Shortage,0,0.5309506320486382,2.8170496622721353,wet,1
2024-07-01,7,NL226,Arnhem/Nijmegen,Reservoir & Surface Water Shortage,0,0.39998843353382285,3.480062961578369,wet,1
2024-08-01,8,NL226,Arnhem/Nijmegen,Reservoir & Surface Water Shortage,0,0.35822768057631055,2.6924848556518555,wet,1
2024-09-01,9,NL226,Arnhem/Nijmegen,Reservoir & Surface Water Shortage,0,0.30811415975967765,3.6542739868164062,wet,1
2024-10-01,10,NL226,Arnhem/Nijmegen,Reservoir & Surface Water Shortage,0,0.13368124101627651,2.6188717683156333,wet,1
2024-11-01,11,NL226,Arnhem/Nijmegen,Reservoir & Surface Water Shortage,0,0.11942519254256645,2.119877894719442,wet,1
2024-12-01,12,NL226,Arnhem/Nijmegen,Reservoir & Surface Water Shortage,0,0.09563719089644622,1.8100270827611287,wet,1
2025-01-01,1,NL226,Arnhem/Nijmegen,Reservoir & Surface Water Shortage,0,0.17160010307950113,1.9685104290644329,wet,1
2025-02-01,2,NL226,Arnhem/Nijmegen,Reservoir & Surface Water Shortage,0,0.27747375066050683,1.3947044213612874,wet,1
2025-03-01,3,NL226,Arnhem/Nijmegen,Reservoir & Surface Water Shortage,0,0.6504798920777638,0.9596504171689352,near_normal,1
2025-04-01,4,NL226,Arnhem/Nijmegen,Reservoir & Surface Water Shortage,1,0.6766342864790198,0.3398151993751526,near_normal,1
2025-05-01,5,NL226,Arnhem/Nijmegen,Reservoir & Surface Water Shortage,0,0.8287461084984965,-0.5684083700180054,near_normal,1
2025-06-01,6,NL226,Arnhem/Nijmegen,Reservoir & Surface Water Shortage,1,0.8381580264899529,-0.671301543712616,near_normal,1
2025-07-01,7,NL226,Arnhem/Nijmegen,Reservoir & Surface Water Shortage,0,0.7607857735900787,-0.846276581287384,near_normal,1
2025-08-01,8,NL226,Arnhem/Nijmegen,Reservoir & Surface Water Shortage,0,0.8259862117704212,-1.2885345220565796,dry,1
2025-09-01,9,NL226,Arnhem/Nijmegen,Reservoir & Surface Water Shortage,0,0.5354935986864124,-1.3259549935658772,dry,1
2024-01-01,1,NL230,Flevoland,Reservoir & Surface Water Shortage,0,0.0663905252252058,1.6810797452926636,wet,1
2024-02-01,2,NL230,Flevoland,Reservoir & Surface Water Shortage,0,0.08285254924709917,2.042652944723765,wet,1
2024-03-01,3,NL230,Flevoland,Reservoir & Surface Water Shortage,1,0.11816216282964699,1.7197583715120952,wet,1
2024-04-01,4,NL230,Flevoland,Reservoir & Surface Water Shortage,0,0.21572094674304343,1.9411502679189045,wet,1
2024-05-01,5,NL230,Flevoland,Reservoir & Surface Water Shortage,0,0.37291621747347115,2.439574877421061,wet,1
2024-06-01,6,NL230,Flevoland,Reservoir & Surface Water Shortage,0,0.32284484504666305,2.9559825658798218,wet,1
2024-07-01,7,NL230,Flevoland,Reservoir & Surface Water Shortage,0,0.2553342448069245,2.801535407702128,wet,1
2024-08-01,8,NL230,Flevoland,Reservoir & Surface Water Shortage,0,0.2320133182794741,2.583793560663859,wet,1
2024-09-01,9,NL230,Flevoland,Reservoir & Surface Water Shortage,0,0.1784312357915984,2.821715792020162,wet,1
2024-10-01,10,NL230,Flevoland,Reservoir & Surface Water Shortage,0,0.07730673539148258,2.08377875884374,wet,1
2024-11-01,11,NL230,Flevoland,Reservoir & Surface Water Shortage,0,0.06800583979329519,1.6295397281646729,wet,1
2024-12-01,12,NL230,Flevoland,Reservoir & Surface Water Shortage,0,0.053859470196537466,1.3571658531824748,wet,1
2025-01-01,1,NL230,Flevoland,Reservoir & Surface Water Shortage,0,0.10029699568648666,1.31018461783727,wet,1
2025-02-01,2,NL230,Flevoland,Reservoir & Surface Water Shortage,0,0.18293197823699592,0.681924487153689,near_normal,1
2025-03-01,3,NL230,Flevoland,Reservoir & Surface Water Shortage,0,0.5512324985118283,0.25594955605144304,near_normal,1
2025-04-01,4,NL230,Flevoland,Reservoir & Surface Water Shortage,1,0.5212303716632192,-0.42615289986133575,near_normal,1
2025-05-01,5,NL230,Flevoland,Reservoir & Surface Water Shortage,0,0.7116919814025106,-1.02263805270195,dry,1
2025-06-01,6,NL230,Flevoland,Reservoir & Surface Water Shortage,0,0.7097462077070902,-1.1407394806543987,dry,1
2025-07-01,7,NL230,Flevoland,Reservoir & Surface Water Shortage,0,0.5508448490258999,-1.2951755126317341,dry,1
2025-08-01,8,NL230,Flevoland,Reservoir & Surface Water Shortage,0,0.6502355017019178,-1.5772170821825664,dry,1
2025-09-01,9,NL230,Flevoland,Reservoir & Surface Water Shortage,0,0.3161452969195555,-1.6643696029980977,dry,1
2024-01-01,1,NL310,Utrecht,Reservoir & Surface Water Shortage,0,0.10950296622963579,1.6331657965977986,wet,1
2024-02-01,2,NL310,Utrecht,Reservoir & Surface Water Shortage,0,0.11072766300139193,2.060304045677185,wet,1
2024-03-01,3,NL310,Utrecht,Reservoir & Surface Water Shortage,0,0.17188019698800241,1.6860721111297607,wet,1
2024-04-01,4,NL310,Utrecht,Reservoir & Surface Water Shortage,0,0.2944077095470537,1.934793512026469,wet,1
2024-05-01,5,NL310,Utrecht,Reservoir & Surface Water Shortage,0,0.4793458946843915,2.4599483807881675,wet,1
2024-06-01,6,NL310,Utrecht,Reservoir & Surface Water Shortage,0,0.43267721631769074,2.8643977642059326,wet,1
2024-07-01,7,NL310,Utrecht,Reservoir & Surface Water Shortage,0,0.35790655588171466,2.9952971935272217,wet,1
2024-08-01,8,NL310,Utrecht,Reservoir & Surface Water Shortage,0,0.3540428662848698,2.573964277903239,wet,1
2024-09-01,9,NL310,Utrecht,Reservoir & Surface Water Shortage,0,0.2423259183612891,2.949850559234619,wet,1
2024-10-01,10,NL310,Utrecht,Reservoir & Surface Water Shortage,0,0.11642361325255575,2.2675256729125977,wet,1
2024-11-01,11,NL310,Utrecht,Reservoir & Surface Water Shortage,0,0.09740233625012203,1.8243724505106609,wet,1
2024-12-01,12,NL310,Utrecht,Reservoir & Surface Water Shortage,1,0.07587282295229489,1.599138617515564,wet,1
2025-01-01,1,NL310,Utrecht,Reservoir & Surface Water Shortage,0,0.13916894498427587,1.6418602069218953,wet,1
2025-02-01,2,NL310,Utrecht,Reservoir & Surface Water Shortage,0,0.24277105250282072,1.0959928433100383,wet,1
2025-03-01,3,NL310,Utrecht,Reservoir & Surface Water Shortage,0,0.6983121530794169,0.6640455524126688,near_normal,1
2025-04-01,4,NL310,Utrecht,Reservoir & Surface Water Shortage,1,0.622576578132906,-0.07301297783851624,near_normal,1
2025-05-01,5,NL310,Utrecht,Reservoir & Surface Water Shortage,0,0.805727305731285,-0.8883529901504517,near_normal,1
2025-06-01,6,NL310,Utrecht,Reservoir & Surface Water Shortage,1,0.7919828646829754,-1.0327074925104778,dry,1
2025-07-01,7,NL310,Utrecht,Reservoir & Surface Water Shortage,0,0.6555909479360417,-1.170036753018697,dry,1
2025-08-01,8,NL310,Utrecht,Reservoir & Surface Water Shortage,0,0.7347641139937106,-1.5849626461664836,dry,1
2025-09-01,9,NL310,Utrecht,Reservoir & Surface Water Shortage,0,0.3802225908675625,-1.695322314898173,dry,1
2024-01-01,1,NL321,Kop van Noord-Holland,Reservoir & Surface Water Shortage,0,0.08718947263280238,1.6329838037490845,wet,1
2024-02-01,2,NL321,Kop van Noord-Holland,Reservoir & Surface Water Shortage,0,0.10491336369625352,1.9536860883235931,wet,1
2024-03-01,3,NL321,Kop van Noord-Holland,Reservoir & Surface Water Shortage,0,0.18139474204450584,1.7587225437164307,wet,1
2024-04-01,4,NL321,Kop van Noord-Holland,Reservoir & Surface Water Shortage,0,0.2911515519722978,2.091783583164215,wet,1
2024-05-01,5,NL321,Kop van Noord-Holland,Reservoir & Surface Water Shortage,0,0.4517395307533857,2.2810864448547363,wet,1
2024-06-01,6,NL321,Kop van Noord-Holland,Reservoir & Surface Water Shortage,0,0.4972910729678906,2.7499186396598816,wet,1
2024-07-01,7,NL321,Kop van Noord-Holland,Reservoir & Surface Water Shortage,0,0.3427423337660732,2.32273006439209,wet,1
2024-08-01,8,NL321,Kop van Noord-Holland,Reservoir & Surface Water Shortage,1,0.364478755490662,2.314435124397278,wet,1
2024-09-01,9,NL321,Kop van Noord-Holland,Reservoir & Surface Water Shortage,0,0.22899664779096857,2.3948420882225037,wet,1
2024-10-01,10,NL321,Kop van Noord-Holland,Reservoir & Surface Water Shortage,0,0.11788436489790884,1.7925672829151154,wet,1
2024-11-01,11,NL321,Kop van Noord-Holland,Reservoir & Surface Water Shortage,0,0.1095709170115128,1.154409036040306,wet,1
2024-12-01,12,NL321,Kop van Noord-Holland,Reservoir & Surface Water Shortage,0,0.09001377617396862,0.8799158334732056,near_normal,1
2025-01-01,1,NL321,Kop van Noord-Holland,Reservoir & Surface Water Shortage,0,0.17849675207184298,0.7503800988197327,near_normal,1
2025-02-01,2,NL321,Kop van Noord-Holland,Reservoir & Surface Water Shortage,0,0.24707963063583083,0.1837369699496776,near_normal,1
2025-03-01,3,NL321,Kop van Noord-Holland,Reservoir & Surface Water Shortage,0,0.5532640129145991,-0.19919294212013483,near_normal,1
2025-04-01,4,NL321,Kop van Noord-Holland,Reservoir & Surface Water Shortage,1,0.6328878711181379,-0.8529584109783173,near_normal,1
2025-05-01,5,NL321,Kop van Noord-Holland,Reservoir & Surface Water Shortage,0,0.7999774533966157,-1.0707411617040634,dry,1
2025-06-01,6,NL321,Kop van Noord-Holland,Reservoir & Surface Water Shortage,1,0.7361935190709123,-1.2265169620513916,dry,1
2025-07-01,7,NL321,Kop van Noord-Holland,Reservoir & Surface Water Shortage,1,0.6343922649829898,-1.3985914885997772,dry,1
2025-08-01,8,NL321,Kop van Noord-Holland,Reservoir & Surface Water Shortage,0,0.6902328911915593,-1.6699672937393188,dry,1
2025-09-01,9,NL321,Kop van Noord-Holland,Reservoir & Surface Water Shortage,0,0.36831326940766185,-1.6399725377559662,dry,1
2024-01-01,1,NL323,IJmond,Reservoir & Surface Water Shortage,0,0.045843608497105386,1.7469192743301392,wet,1
2024-02-01,2,NL323,IJmond,Reservoir & Surface Water Shortage,0,0.05340397764791521,1.9654667377471924,wet,1
2024-03-01,3,NL323,IJmond,Reservoir & Surface Water Shortage,0,0.08483415486550512,1.801576018333435,wet,1
2024-04-01,4,NL323,IJmond,Reservoir & Surface Water Shortage,0,0.1916017780625566,2.1092770099639893,wet,1
2024-05-01,5,NL323,IJmond,Reservoir & Surface Water Shortage,0,0.2933288081121766,2.3961286544799805,wet,1
2024-06-01,6,NL323,IJmond,Reservoir & Surface Water Shortage,0,0.31004174608594176,2.795001268386841,wet,1
2024-07-01,7,NL323,IJmond,Reservoir & Surface Water Shortage,0,0.18468748878614222,2.374518632888794,wet,1
2024-08-01,8,NL323,IJmond,Reservoir & Surface Water Shortage,0,0.17264129061520284,2.4498143196105957,wet,1
2024-09-01,9,NL323,IJmond,Reservoir & Surface Water Shortage,0,0.127426099489759,2.5644779205322266,wet,1
2024-10-01,10,NL323,IJmond,Reservoir & Surface Water Shortage,0,0.07751990683028012,2.1055748462677,wet,1
2024-11-01,11,NL323,IJmond,Reservoir & Surface Water Shortage,0,0.056824705435415554,1.2876315116882324,wet,1
2024-12-01,12,NL323,IJmond,Reservoir & Surface Water Shortage,0,0.046730397893217916,1.054290771484375,wet,1
2025-01-01,1,NL323,IJmond,Reservoir & Surface Water Shortage,0,0.09281167132423344,0.9302926659584045,near_normal,1
2025-02-01,2,NL323,IJmond,Reservoir & Surface Water Shortage,0,0.13704892356292186,0.3864094913005829,near_normal,1
2025-03-01,3,NL323,IJmond,Reservoir & Surface Water Shortage,0,0.576125428541451,-0.0300010796636343,near_normal,1
2025-04-01,4,NL323,IJmond,Reservoir & Surface Water Shortage,1,0.4400630153418607,-0.679432213306427,near_normal,1
2025-05-01,5,NL323,IJmond,Reservoir & Surface Water Shortage,0,0.6494165538941916,-1.0121432542800903,dry,1
2025-06-01,6,NL323,IJmond,Reservoir & Surface Water Shortage,1,0.6314962125479741,-1.1519043445587158,dry,1
2025-07-01,7,NL323,IJmond,Reservoir & Surface Water Shortage,1,0.4646943591360933,-1.336739182472229,dry,1
2025-08-01,8,NL323,IJmond,Reservoir & Surface Water Shortage,0,0.5706632586135828,-1.6172122955322266,dry,1
2025-09-01,9,NL323,IJmond,Reservoir & Surface Water Shortage,0,0.22619798857429657,-1.5776567459106445,dry,1
2024-01-01,1,NL324,Agglomeratie Haarlem,Reservoir & Surface Water Shortage,0,0.05556838778732587,1.647356390953064,wet,1
2024-02-01,2,NL324,Agglomeratie Haarlem,Reservoir & Surface Water Shortage,0,0.06390040427831141,1.945382833480835,wet,1
2024-03-01,3,NL324,Agglomeratie Haarlem,Reservoir & Surface Water Shortage,0,0.11461230171996169,1.7071410417556763,wet,1
2024-04-01,4,NL324,Agglomeratie Haarlem,Reservoir & Surface Water Shortage,0,0.20158131203956167,1.988879919052124,wet,1
2024-05-01,5,NL324,Agglomeratie Haarlem,Reservoir & Surface Water Shortage,0,0.320639096429912,2.4034242630004883,wet,1
2024-06-01,6,NL324,Agglomeratie Haarlem,Reservoir & Surface Water Shortage,0,0.3148038577391675,2.8238632678985596,wet,1
2024-07-01,7,NL324,Agglomeratie Haarlem,Reservoir & Surface Water Shortage,0,0.2198392945892166,2.4710593223571777,wet,1
2024-08-01,8,NL324,Agglomeratie Haarlem,Reservoir & Surface Water Shortage,0,0.20241841785229175,2.520214796066284,wet,1
2024-09-01,9,NL324,Agglomeratie Haarlem,Reservoir & Surface Water Shortage,0,0.14455985795477508,2.598809242248535,wet,1
2024-10-01,10,NL324,Agglomeratie Haarlem,Reservoir & Surface Water Shortage,0,0.07596743440702153,2.1641006469726562,wet,1
2024-11-01,11,NL324,Agglomeratie Haarlem,Reservoir & Surface Water Shortage,0,0.058536077474742425,1.519848108291626,wet,1
2024-12-01,12,NL324,Agglomeratie Haarlem,Reservoir & Surface Water Shortage,0,0.04838878206837381,1.3313369750976562,wet,1
2025-01-01,1,NL324,Agglomeratie Haarlem,Reservoir & Surface Water Shortage,0,0.09387077387811206,1.2478913068771362,wet,1
2025-02-01,2,NL324,Agglomeratie Haarlem,Reservoir & Surface Water Shortage,0,0.1560023402604355,0.668552577495575,near_normal,1
2025-03-01,3,NL324,Agglomeratie Haarlem,Reservoir & Surface Water Shortage,1,0.5975395560370884,0.24341583251953125,near_normal,1
2025-04-01,4,NL324,Agglomeratie Haarlem,Reservoir & Surface Water Shortage,1,0.4862240840691418,-0.45443814992904663,near_normal,1
2025-05-01,5,NL324,Agglomeratie Haarlem,Reservoir & Surface Water Shortage,0,0.6840247039225043,-0.9552810192108154,near_normal,1
2025-06-01,6,NL324,Agglomeratie Haarlem,Reservoir & Surface Water Shortage,1,0.6858763716676946,-1.0814781188964844,dry,1
2025-07-01,7,NL324,Agglomeratie Haarlem,Reservoir & Surface Water Shortage,1,0.49810176293961916,-1.2436511516571045,dry,1
2025-08-01,8,NL324,Agglomeratie Haarlem,Reservoir & Surface Water Shortage,0,0.5706871844637524,-1.534304141998291,dry,1
2025-09-01,9,NL324,Agglomeratie Haarlem,Reservoir & Surface Water Shortage,0,0.23392365080861877,-1.641973853111267,dry,1
2024-01-01,1,NL325,Zaanstreek,Reservoir & Surface Water Shortage,0,0.057511388979932694,1.6169030666351318,wet,1
2024-02-01,2,NL325,Zaanstreek,Reservoir & Surface Water Shortage,0,0.05760018693826879,1.957419753074646,wet,1
2024-03-01,3,NL325,Zaanstreek,Reservoir & Surface Water Shortage,0,0.08412601260316202,1.6453285217285156,wet,1
2024-04-01,4,NL325,Zaanstreek,Reservoir & Surface Water Shortage,0,0.18172748744337613,1.9042351245880127,wet,1
2024-05-01,5,NL325,Zaanstreek,Reservoir & Surface Water Shortage,0,0.2877708873200303,2.3876869678497314,wet,1
2024-06-01,6,NL325,Zaanstreek,Reservoir & Surface Water Shortage,0,0.3097544375686029,2.875868558883667,wet,1
2024-07-01,7,NL325,Zaanstreek,Reservoir & Surface Water Shortage,0,0.2180881855797167,2.6098756790161133,wet,1
2024-08-01,8,NL325,Zaanstreek,Reservoir & Surface Water Shortage,0,0.20764506055439055,2.4586730003356934,wet,1
2024-09-01,9,NL325,Zaanstreek,Reservoir & Surface Water Shortage,0,0.12409097606424756,2.6439425945281982,wet,1
2024-10-01,10,NL325,Zaanstreek,Reservoir & Surface Water Shortage,0,0.05897058028168342,2.0523898601531982,wet,1
2024-11-01,11,NL325,Zaanstreek,Reservoir & Surface Water Shortage,0,0.05170183163927482,1.5562342405319214,wet,1
2024-12-01,12,NL325,Zaanstreek,Reservoir & Surface Water Shortage,0,0.042443693812727376,1.3256824016571045,wet,1
2025-01-01,1,NL325,Zaanstreek,Reservoir & Surface Water Shortage,0,0.08504828475182924,1.2905166149139404,wet,1
2025-02-01,2,NL325,Zaanstreek,Reservoir & Surface Water Shortage,0,0.1421902889210017,0.7351674437522888,near_normal,1
2025-03-01,3,NL325,Zaanstreek,Reservoir & Surface Water Shortage,0,0.5511029275415305,0.2895616590976715,near_normal,1
2025-04-01,4,NL325,Zaanstreek,Reservoir & Surface Water Shortage,1,0.4319150339905024,-0.44397521018981934,near_normal,1
2025-05-01,5,NL325,Zaanstreek,Reservoir & Surface Water Shortage,0,0.6761903040105329,-1.0350122451782227,dry,1
2025-06-01,6,NL325,Zaanstreek,Reservoir & Surface Water Shortage,1,0.5918731361071482,-1.1691848039627075,dry,1
2025-07-01,7,NL325,Zaanstreek,Reservoir & Surface Water Shortage,1,0.4859235694482413,-1.3288004398345947,dry,1
2025-08-01,8,NL325,Zaanstreek,Reservoir & Surface Water Shortage,0,0.5146562620746175,-1.6849058866500854,dry,1
2025-09-01,9,NL325,Zaanstreek,Reservoir & Surface Water Shortage,0,0.2643840528614409,-1.740875005722046,dry,1
2024-01-01,1,NL327,Het Gooi en Vechtstreek,Reservoir & Surface Water Shortage,0,0.09455187295644525,1.636123776435852,wet,1
2024-03-01,3,NL327,Het Gooi en Vechtstreek,Reservoir & Surface Water Shortage,0,0.13602816806153586,1.6505409479141235,wet,1
2024-04-01,4,NL327,Het Gooi en Vechtstreek,Reservoir & Surface Water Shortage,0,0.2739986479719572,1.8591419458389282,wet,1
2024-05-01,5,NL327,Het Gooi en Vechtstreek,Reservoir & Surface Water Shortage,0,0.4230476607365106,2.378713369369507,wet,1
2024-06-01,6,NL327,Het Gooi en Vechtstreek,Reservoir & Surface Water Shortage,0,0.385443026127233,2.898977279663086,wet,1
2024-07-01,7,NL327,Het Gooi en Vechtstreek,Reservoir & Surface Water Shortage,0,0.330284763870572,2.7814443111419678,wet,1
2024-08-01,8,NL327,Het Gooi en Vechtstreek,Reservoir & Surface Water Shortage,0,0.33433264506533605,2.4918413162231445,wet,1
2024-09-01,9,NL327,Het Gooi en Vechtstreek,Reservoir & Surface Water Shortage,0,0.23035073097090156,2.7578084468841553,wet,1
2024-10-01,10,NL327,Het Gooi en Vechtstreek,Reservoir & Surface Water Shortage,0,0.10458693405239074,2.0412652492523193,wet,1
2024-11-01,11,NL327,Het Gooi en Vechtstreek,Reservoir & Surface Water Shortage,0,0.08793489611108854,1.6262489557266235,wet,1
2024-12-01,12,NL327,Het Gooi en Vechtstreek,Reservoir & Surface Water Shortage,0,0.06870478431923029,1.3761451244354248,wet,1
2025-01-01,1,NL327,Het Gooi en Vechtstreek,Reservoir & Surface Water Shortage,0,0.13251877285434693,1.3592329025268555,wet,1
2025-02-01,2,NL327,Het Gooi en Vechtstreek,Reservoir & Surface Water Shortage,0,0.23670122391080217,0.8063275814056396,near_normal,1
2025-03-01,3,NL327,Het Gooi en Vechtstreek,Reservoir & Surface Water Shortage,1,0.5501742371815304,0.35810184478759766,near_normal,1
2025-04-01,4,NL327,Het Gooi en Vechtstreek,Reservoir & Surface Water Shortage,1,0.5874593040745546,-0.35341763496398926,near_normal,1
2025-05-01,5,NL327,Het Gooi en Vechtstreek,Reservoir & Surface Water Shortage,0,0.8043839308577179,-1.0387662649154663,dry,1
2025-06-01,6,NL327,Het Gooi en Vechtstreek,Reservoir & Surface Water Shortage,1,0.7509595362864945,-1.1725388765335083,dry,1
2025-07-01,7,NL327,Het Gooi en Vechtstreek,Reservoir & Surface Water Shortage,1,0.6187487950503205,-1.3508493900299072,dry,1
2025-08-01,8,NL327,Het Gooi en Vechtstreek,Reservoir & Surface Water Shortage,0,0.7008846865117297,-1.7118911743164062,dry,1
2025-09-01,9,NL327,Het Gooi en Vechtstreek,Reservoir & Surface Water Shortage,0,0.3759102530733571,-1.7690833806991577,dry,1
2024-01-01,1,NL328,Alkmaar en omgeving,Reservoir & Surface Water Shortage,0,0.06981841000687351,1.7100821137428284,wet,1
2024-02-01,2,NL328,Alkmaar en omgeving,Reservoir & Surface Water Shortage,0,0.08801625231860209,1.9593284130096436,wet,1
2024-03-01,3,NL328,Alkmaar en omgeving,Reservoir & Surface Water Shortage,0,0.12279670672815089,1.739656686782837,wet,1
2024-04-01,4,NL328,Alkmaar en omgeving,Reservoir & Surface Water Shortage,0,0.2528073364723802,2.0186948776245117,wet,1
2024-05-01,5,NL328,Alkmaar en omgeving,Reservoir & Surface Water Shortage,0,0.38280912877755574,2.3344630002975464,wet,1
2024-06-01,6,NL328,Alkmaar en omgeving,Reservoir & Surface Water Shortage,0,0.41127623434180105,2.804568648338318,wet,1
2024-07-01,7,NL328,Alkmaar en omgeving,Reservoir & Surface Water Shortage,0,0.28115999624379423,2.428522229194641,wet,1
2024-08-01,8,NL328,Alkmaar en omgeving,Reservoir & Surface Water Shortage,0,0.2591143854263464,2.425881505012512,wet,1
2024-09-01,9,NL328,Alkmaar en omgeving,Reservoir & Surface Water Shortage,0,0.18186471498006543,2.5760817527770996,wet,1
2024-10-01,10,NL328,Alkmaar en omgeving,Reservoir & Surface Water Shortage,0,0.09440043679250908,2.0169880390167236,wet,1
2024-11-01,11,NL328,Alkmaar en omgeving,Reservoir & Surface Water Shortage,0,0.08179659001861046,1.3094255328178406,wet,1
2024-12-01,12,NL328,Alkmaar en omgeving,Reservoir & Surface Water Shortage,0,0.06714495270324175,1.0511134266853333,wet,1
2025-01-01,1,NL328,Alkmaar en omgeving,Reservoir & Surface Water Shortage,0,0.12885866227545323,0.9406598210334778,near_normal,1
2025-02-01,2,NL328,Alkmaar en omgeving,Reservoir & Surface Water Shortage,0,0.19877656380587938,0.40348732471466064,near_normal,1
2025-03-01,3,NL328,Alkmaar en omgeving,Reservoir & Surface Water Shortage,0,0.5261566102441055,-0.023991535417735577,near_normal,1
2025-04-01,4,NL328,Alkmaar en omgeving,Reservoir & Surface Water Shortage,1,0.5432131912265513,-0.6851816177368164,near_normal,1
2025-05-01,5,NL328,Alkmaar en omgeving,Reservoir & Surface Water Shortage,0,0.7288105588472634,-1.0560193061828613,dry,1
2025-06-01,6,NL328,Alkmaar en omgeving,Reservoir & Surface Water Shortage,1,0.6500609224906115,-1.200132429599762,dry,1
2025-07-01,7,NL328,Alkmaar en omgeving,Reservoir & Surface Water Shortage,1,0.5665124494162426,-1.380033254623413,dry,1
2025-08-01,8,NL328,Alkmaar en omgeving,Reservoir & Surface Water Shortage,0,0.6458680815170244,-1.6897867918014526,dry,1
2025-09-01,9,NL328,Alkmaar en omgeving,Reservoir & Surface Water Shortage,0,0.33197185380396366,-1.6552176475524902,dry,1
2024-01-01,1,NL329,Groot-Amsterdam,Reservoir & Surface Water Shortage,0,0.0684223923823231,1.6169030666351318,wet,1
2024-02-01,2,NL329,Groot-Amsterdam,Reservoir & Surface Water Shortage,0,0.07904861039601205,1.957419753074646,wet,1
2024-03-01,3,NL329,Groot-Amsterdam,Reservoir & Surface Water Shortage,0,0.11347878659931034,1.6453285217285156,wet,1
2024-04-01,4,NL329,Groot-Amsterdam,Reservoir & Surface Water Shortage,1,0.22166044479742583,1.9042351245880127,wet,1
2024-05-01,5,NL329,Groot-Amsterdam,Reservoir & Surface Water Shortage,0,0.3478218113347874,2.3876869678497314,wet,1
2024-06-01,6,NL329,Groot-Amsterdam,Reservoir & Surface Water Shortage,0,0.36494384610751057,2.875868558883667,wet,1
2024-07-01,7,NL329,Groot-Amsterdam,Reservoir & Surface Water Shortage,1,0.2641718542087518,2.6098756790161133,wet,1
2024-08-01,8,NL329,Groot-Amsterdam,Reservoir & Surface Water Shortage,0,0.279543639204849,2.4586730003356934,wet,1
2024-09-01,9,NL329,Groot-Amsterdam,Reservoir & Surface Water Shortage,0,0.17908044565892414,2.6439425945281982,wet,1
2024-10-01,10,NL329,Groot-Amsterdam,Reservoir & Surface Water Shortage,0,0.07991756281977112,2.0523898601531982,wet,1
2024-11-01,11,NL329,Groot-Amsterdam,Reservoir & Surface Water Shortage,0,0.0657158722948381,1.5562342405319214,wet,1
2024-12-01,12,NL329,Groot-Amsterdam,Reservoir & Surface Water Shortage,0,0.05374633544083115,1.3256824016571045,wet,1
2025-01-01,1,NL329,Groot-Amsterdam,Reservoir & Surface Water Shortage,0,0.10342801777093169,1.2905166149139404,wet,1
2025-02-01,2,NL329,Groot-Amsterdam,Reservoir & Surface Water Shortage,0,0.18283808881737898,0.7351674437522888,near_normal,1
2025-03-01,3,NL329,Groot-Amsterdam,Reservoir & Surface Water Shortage,0,0.5739835742288022,0.2895616590976715,near_normal,1
2025-04-01,4,NL329,Groot-Amsterdam,Reservoir & Surface Water Shortage,1,0.506346535681307,-0.44397521018981934,near_normal,1
2025-05-01,5,NL329,Groot-Amsterdam,Reservoir & Surface Water Shortage,0,0.7279730437345283,-1.0350122451782227,dry,1
2025-06-01,6,NL329,Groot-Amsterdam,Reservoir & Surface Water Shortage,1,0.6808079161183709,-1.1691848039627075,dry,1
2025-07-01,7,NL329,Groot-Amsterdam,Reservoir & Surface Water Shortage,1,0.5329938833317432,-1.3288004398345947,dry,1
2025-08-01,8,NL329,Groot-Amsterdam,Reservoir & Surface Water Shortage,0,0.6236792794996714,-1.6849058866500854,dry,1
2025-09-01,9,NL329,Groot-Amsterdam,Reservoir & Surface Water Shortage,0,0.28677523563903917,-1.740875005722046,dry,1
2024-01-01,1,NL332,Agglomeratie ’s-Gravenhage,Reservoir & Surface Water Shortage,0,0.04619036166543537,1.5479464530944824,wet,1
2024-02-01,2,NL332,Agglomeratie ’s-Gravenhage,Reservoir & Surface Water Shortage,0,0.05031045995236883,1.9152671098709106,wet,1
2024-03-01,3,NL332,Agglomeratie ’s-Gravenhage,Reservoir & Surface Water Shortage,0,0.09275563866461983,1.6138807535171509,wet,1
2024-04-01,4,NL332,Agglomeratie ’s-Gravenhage,Reservoir & Surface Water Shortage,0,0.14864037313656878,1.7927536964416504,wet,1
2024-05-01,5,NL332,Agglomeratie ’s-Gravenhage,Reservoir & Surface Water Shortage,0,0.25610869411320575,2.222562551498413,wet,1
2024-06-01,6,NL332,Agglomeratie ’s-Gravenhage,Reservoir & Surface Water Shortage,0,0.24459771417920712,2.651139974594116,wet,1
2024-07-01,7,NL332,Agglomeratie ’s-Gravenhage,Reservoir & Surface Water Shortage,0,0.1561444109617641,2.602553367614746,wet,1
2024-08-01,8,NL332,Agglomeratie ’s-Gravenhage,Reservoir & Surface Water Shortage,0,0.1833808584657971,2.614240884780884,wet,1
2024-09-01,9,NL332,Agglomeratie ’s-Gravenhage,Reservoir & Surface Water Shortage,0,0.10850215622776276,2.760681390762329,wet,1
2024-10-01,10,NL332,Agglomeratie ’s-Gravenhage,Reservoir & Surface Water Shortage,0,0.05134327174677671,2.217620849609375,wet,1
2024-11-01,11,NL332,Agglomeratie ’s-Gravenhage,Reservoir & Surface Water Shortage,1,0.03890131723732758,1.6578664779663086,wet,1
2024-12-01,12,NL332,Agglomeratie ’s-Gravenhage,Reservoir & Surface Water Shortage,0,0.03292785173925468,1.5298305749893188,wet,1
2025-01-01,1,NL332,Agglomeratie ’s-Gravenhage,Reservoir & Surface Water Shortage,0,0.05285359715013577,1.4456462860107422,wet,1
2025-02-01,2,NL332,Agglomeratie ’s-Gravenhage,Reservoir & Surface Water Shortage,0,0.10617705479722343,0.8826550841331482,near_normal,1
2025-03-01,3,NL332,Agglomeratie ’s-Gravenhage,Reservoir & Surface Water Shortage,0,0.23608048038917384,0.4521176517009735,near_normal,1
2025-04-01,4,NL332,Agglomeratie ’s-Gravenhage,Reservoir & Surface Water Shortage,1,0.37772114609293317,-0.2299506515264511,near_normal,1
2025-05-01,5,NL332,Agglomeratie ’s-Gravenhage,Reservoir & Surface Water Shortage,0,0.5894017230995323,-0.8712313175201416,near_normal,1
2025-06-01,6,NL332,Agglomeratie ’s-Gravenhage,Reservoir & Surface Water Shortage,1,0.5975578947947796,-1.0435134172439575,dry,1
2025-07-01,7,NL332,Agglomeratie ’s-Gravenhage,Reservoir & Surface Water Shortage,0,0.4073883558148938,-1.2248507738113403,dry,1
2025-08-01,8,NL332,Agglomeratie ’s-Gravenhage,Reservoir & Surface Water Shortage,0,0.4704265255868105,-1.4840713739395142,dry,1
2025-09-01,9,NL332,Agglomeratie ’s-Gravenhage,Reservoir & Surface Water Shortage,0,0.1598862201466232,-1.723048210144043,dry,1
2024-01-01,1,NL333,Delft en Westland,Reservoir & Surface Water Shortage,0,0.12179323477214321,1.4589471817016602,wet,1
2024-02-01,2,NL333,Delft en Westland,Reservoir & Surface Water Shortage,0,0.15236063563403004,1.889495611190796,wet,1
2024-03-01,3,NL333,Delft en Westland,Reservoir & Surface Water Shortage,0,0.19279189882221506,1.5272536277770996,wet,1
2024-04-01,4,NL333,Delft en Westland,Reservoir & Surface Water Shortage,0,0.3257102013359395,1.6712430715560913,wet,1
2024-05-01,5,NL333,Delft en Westland,Reservoir & Surface Water Shortage,0,0.48734011642342917,2.103944778442383,wet,1
2024-06-01,6,NL333,Delft en Westland,Reservoir & Surface Water Shortage,0,0.4684963740538764,2.5638675689697266,wet,1
2024-07-01,7,NL333,Delft en Westland,Reservoir & Surface Water Shortage,0,0.3437606925910518,2.8959829807281494,wet,1
2024-08-01,8,NL333,Delft en Westland,Reservoir & Surface Water Shortage,0,0.3884266056956059,2.653705358505249,wet,1
2024-09-01,9,NL333,Delft en Westland,Reservoir & Surface Water Shortage,0,0.23268451202400983,2.9503586292266846,wet,1
2024-10-01,10,NL333,Delft en Westland,Reservoir & Surface Water Shortage,0,0.12325988936176378,2.2567052841186523,wet,1
2024-11-01,11,NL333,Delft en Westland,Reservoir & Surface Water Shortage,0,0.10792618280068446,1.799555778503418,wet,1
2024-12-01,12,NL333,Delft en Westland,Reservoir & Surface Water Shortage,0,0.08566339868131621,1.66428804397583,wet,1
2025-01-01,1,NL333,Delft en Westland,Reservoir & Surface Water Shortage,0,0.13949563024970044,1.640883445739746,wet,1
2025-02-01,2,NL333,Delft en Westland,Reservoir & Surface Water Shortage,0,0.23634336660883606,1.163700819015503,wet,1
2025-03-01,3,NL333,Delft en Westland,Reservoir & Surface Water Shortage,0,0.5351496336221391,0.7183709144592285,near_normal,1
2025-04-01,4,NL333,Delft en Westland,Reservoir & Surface Water Shortage,0,0.65300519201165,0.003728199517354369,near_normal,1
2025-05-01,5,NL333,Delft en Westland,Reservoir & Surface Water Shortage,0,0.8174912484377302,-0.8432844877243042,near_normal,1
2025-06-01,6,NL333,Delft en Westland,Reservoir & Surface Water Shortage,1,0.7824967839192605,-1.0905721187591553,dry,1
2025-07-01,7,NL333,Delft en Westland,Reservoir & Surface Water Shortage,0,0.6802365258713537,-1.26656973361969,dry,1
2025-08-01,8,NL333,Delft en Westland,Reservoir & Surface Water Shortage,0,0.7908489786835544,-1.6068077087402344,dry,1
2025-09-01,9,NL333,Delft en Westland,Reservoir & Surface Water Shortage,0,0.41200092848059916,-1.8662478923797607,dry,1
2024-01-01,1,NL337,Agglomeratie Leiden en Bollenstreek,Reservoir & Surface Water Shortage,0,0.1131460303279467,1.5254942178726196,wet,1
2024-02-01,2,NL337,Agglomeratie Leiden en Bollenstreek,Reservoir & Surface Water Shortage,0,0.12166887155094727,1.930662751197815,wet,1
2024-03-01,3,NL337,Agglomeratie Leiden en Bollenstreek,Reservoir & Surface Water Shortage,0,0.19703658628075021,1.600808024406433,wet,1
2024-04-01,4,NL337,Agglomeratie Leiden en Bollenstreek,Reservoir & Surface Water Shortage,0,0.2921093101103318,1.8393596410751343,wet,1
2024-05-01,5,NL337,Agglomeratie Leiden en Bollenstreek,Reservoir & Surface Water Shortage,0,0.4534120583361088,2.308445453643799,wet,1
2024-06-01,6,NL337,Agglomeratie Leiden en Bollenstreek,Reservoir & Surface Water Shortage,0,0.4510818686054217,2.742405891418457,wet,1
2024-07-01,7,NL337,Agglomeratie Leiden en Bollenstreek,Reservoir & Surface Water Shortage,0,0.3329577673515051,2.7151103019714355,wet,1
2024-08-01,8,NL337,Agglomeratie Leiden en Bollenstreek,Reservoir & Surface Water Shortage,0,0.40428297857870094,2.554049253463745,wet,1
2024-09-01,9,NL337,Agglomeratie Leiden en Bollenstreek,Reservoir & Surface Water Shortage,0,0.2331523045390554,2.7597999572753906,wet,1
2024-10-01,10,NL337,Agglomeratie Leiden en Bollenstreek,Reservoir & Surface Water Shortage,0,0.12133890743855477,2.198561906814575,wet,1
2024-11-01,11,NL337,Agglomeratie Leiden en Bollenstreek,Reservoir & Surface Water Shortage,0,0.09119337013143584,1.7335660457611084,wet,1
2024-12-01,12,NL337,Agglomeratie Leiden en Bollenstreek,Reservoir & Surface Water Shortage,0,0.07400004681026191,1.5648200511932373,wet,1
2025-01-01,1,NL337,Agglomeratie Leiden en Bollenstreek,Reservoir & Surface Water Shortage,0,0.12944567731468848,1.5522692203521729,wet,1
2025-02-01,2,NL337,Agglomeratie Leiden en Bollenstreek,Reservoir & Surface Water Shortage,0,0.22331761448911086,1.016635775566101,wet,1
2025-03-01,3,NL337,Agglomeratie Leiden en Bollenstreek,Reservoir & Surface Water Shortage,0,0.4340658976047842,0.5903820991516113,near_normal,1
2025-04-01,4,NL337,Agglomeratie Leiden en Bollenstreek,Reservoir & Surface Water Shortage,0,0.5990506344716253,-0.16400562226772308,near_normal,1
2025-05-01,5,NL337,Agglomeratie Leiden en Bollenstreek,Reservoir & Surface Water Shortage,0,0.788601533316112,-0.8812072277069092,near_normal,1
2025-06-01,6,NL337,Agglomeratie Leiden en Bollenstreek,Reservoir & Surface Water Shortage,1,0.790515090566046,-1.0348807573318481,dry,1
2025-07-01,7,NL337,Agglomeratie Leiden en Bollenstreek,Reservoir & Surface Water Shortage,0,0.6268550276187559,-1.1747100353240967,dry,1
2025-08-01,8,NL337,Agglomeratie Leiden en Bollenstreek,Reservoir & Surface Water Shortage,0,0.701592600994365,-1.5170913934707642,dry,1
2025-09-01,9,NL337,Agglomeratie Leiden en Bollenstreek,Reservoir & Surface Water Shortage,0,0.32031384226582527,-1.738526463508606,dry,1
2024-01-01,1,NL33A,Zuidoost-Zuid-Holland,Reservoir & Surface Water Shortage,0,0.13461383697468268,1.5022345781326294,wet,1
2024-02-01,2,NL33A,Zuidoost-Zuid-Holland,Reservoir & Surface Water Shortage,0,0.13153820697062943,1.9734735488891602,wet,1
2024-03-01,3,NL33A,Zuidoost-Zuid-Holland,Reservoir & Surface Water Shortage,1,0.20097213208110162,1.6091928482055664,wet,1
2024-04-01,4,NL33A,Zuidoost-Zuid-Holland,Reservoir & Surface Water Shortage,0,0.3218518265382965,1.869387149810791,wet,1
2024-05-01,5,NL33A,Zuidoost-Zuid-Holland,Reservoir & Surface Water Shortage,0,0.49340407055097085,2.296041488647461,wet,1
2024-06-01,6,NL33A,Zuidoost-Zuid-Holland,Reservoir & Surface Water Shortage,0,0.44127715613336094,2.7406914234161377,wet,1
2024-07-01,7,NL33A,Zuidoost-Zuid-Holland,Reservoir & Surface Water Shortage,0,0.3597693131396214,3.1620676517486572,wet,1
2024-08-01,8,NL33A,Zuidoost-Zuid-Holland,Reservoir & Surface Water Shortage,0,0.33294578569188193,2.5882296562194824,wet,1
2024-09-01,9,NL33A,Zuidoost-Zuid-Holland,Reservoir & Surface Water Shortage,0,0.2515314740888559,3.196017026901245,wet,1
2024-10-01,10,NL33A,Zuidoost-Zuid-Holland,Reservoir & Surface Water Shortage,0,0.13139615664302134,2.4383902549743652,wet,1
2024-11-01,11,NL33A,Zuidoost-Zuid-Holland,Reservoir & Surface Water Shortage,0,0.09838772227586197,1.9545094966888428,wet,1
2024-12-01,12,NL33A,Zuidoost-Zuid-Holland,Reservoir & Surface Water Shortage,0,0.08275879910737999,1.7752925157546997,wet,1
2025-01-01,1,NL33A,Zuidoost-Zuid-Holland,Reservoir & Surface Water Shortage,0,0.1386545289870436,1.8329216241836548,wet,1
2025-02-01,2,NL33A,Zuidoost-Zuid-Holland,Reservoir & Surface Water Shortage,0,0.24846670695795778,1.3434903621673584,wet,1
2025-03-01,3,NL33A,Zuidoost-Zuid-Holland,Reservoir & Surface Water Shortage,0,0.6259372161569134,0.9254148006439209,near_normal,1
2025-04-01,4,NL33A,Zuidoost-Zuid-Holland,Reservoir & Surface Water Shortage,1,0.6360895501060129,0.18472331762313843,near_normal,1
2025-05-01,5,NL33A,Zuidoost-Zuid-Holland,Reservoir & Surface Water Shortage,0,0.8225251634258453,-0.6993400454521179,near_normal,1
2025-06-01,6,NL33A,Zuidoost-Zuid-Holland,Reservoir & Surface Water Shortage,1,0.8117568373886966,-0.928616464138031,near_normal,1
2025-07-01,7,NL33A,Zuidoost-Zuid-Holland,Reservoir & Surface Water Shortage,0,0.6784509024584304,-1.0900894403457642,dry,1
2025-08-01,8,NL33A,Zuidoost-Zuid-Holland,Reservoir & Surface Water Shortage,0,0.7642675020307618,-1.5483509302139282,dry,1
2025-09-01,9,NL33A,Zuidoost-Zuid-Holland,Reservoir & Surface Water Shortage,0,0.43190239904707806,-1.7110259532928467,dry,1
2024-01-01,1,NL33B,Oost-Zuid-Holland,Reservoir & Surface Water Shortage,0,0.06033239139945861,1.5254942178726196,wet,1
2024-02-01,2,NL33B,Oost-Zuid-Holland,Reservoir & Surface Water Shortage,1,0.05653560573090499,1.930662751197815,wet,1
2024-03-01,3,NL33B,Oost-Zuid-Holland,Reservoir & Surface Water Shortage,0,0.10917664040514971,1.600808024406433,wet,1
2024-04-01,4,NL33B,Oost-Zuid-Holland,Reservoir & Surface Water Shortage,0,0.17272752647881406,1.8393596410751343,wet,1
2024-05-01,5,NL33B,Oost-Zuid-Holland,Reservoir & Surface Water Shortage,0,0.2985802076572873,2.308445453643799,wet,1
2024-06-01,6,NL33B,Oost-Zuid-Holland,Reservoir & Surface Water Shortage,0,0.2800206856606564,2.742405891418457,wet,1
2024-07-01,7,NL33B,Oost-Zuid-Holland,Reservoir & Surface Water Shortage,0,0.20558857518572166,2.7151103019714355,wet,1
2024-08-01,8,NL33B,Oost-Zuid-Holland,Reservoir & Surface Water Shortage,0,0.2134103438715617,2.554049253463745,wet,1
2024-09-01,9,NL33B,Oost-Zuid-Holland,Reservoir & Surface Water Shortage,0,0.13569336319041328,2.7597999572753906,wet,1
2024-10-01,10,NL33B,Oost-Zuid-Holland,Reservoir & Surface Water Shortage,0,0.06090256204607075,2.198561906814575,wet,1
2024-11-01,11,NL33B,Oost-Zuid-Holland,Reservoir & Surface Water Shortage,0,0.04752640681649997,1.7335660457611084,wet,1
2024-12-01,12,NL33B,Oost-Zuid-Holland,Reservoir & Surface Water Shortage,0,0.039185935119281395,1.5648200511932373,wet,1
2025-01-01,1,NL33B,Oost-Zuid-Holland,Reservoir & Surface Water Shortage,0,0.07338233142509053,1.5522692203521729,wet,1
2025-02-01,2,NL33B,Oost-Zuid-Holland,Reservoir & Surface Water Shortage,0,0.13510214264953246,1.016635775566101,wet,1
2025-03-01,3,NL33B,Oost-Zuid-Holland,Reservoir & Surface Water Shortage,0,0.3956963479640458,0.5903820991516113,near_normal,1
2025-04-01,4,NL33B,Oost-Zuid-Holland,Reservoir & Surface Water Shortage,0,0.4353368870528358,-0.16400562226772308,near_normal,1
2025-05-01,5,NL33B,Oost-Zuid-Holland,Reservoir & Surface Water Shortage,1,0.6555986529516364,-0.8812072277069092,near_normal,1
2025-06-01,6,NL33B,Oost-Zuid-Holland,Reservoir & Surface Water Shortage,1,0.5990870410352179,-1.0348807573318481,dry,1
2025-07-01,7,NL33B,Oost-Zuid-Holland,Reservoir & Surface Water Shortage,0,0.46006444848699507,-1.1747100353240967,dry,1
2025-08-01,8,NL33B,Oost-Zuid-Holland,Reservoir & Surface Water Shortage,0,0.542940074917882,-1.5170913934707642,dry,1
2025-09-01,9,NL33B,Oost-Zuid-Holland,Reservoir & Surface Water Shortage,0,0.2320879975286569,-1.738526463508606,dry,1
2024-01-01,1,NL33C,Groot-Rijnmond,Reservoir & Surface Water Shortage,0,0.12319600860057514,1.481999437014262,wet,1
2024-02-01,2,NL33C,Groot-Rijnmond,Reservoir & Surface Water Shortage,0,0.13796352485278393,1.9045462608337402,wet,1
2024-03-01,3,NL33C,Groot-Rijnmond,Reservoir & Surface Water Shortage,0,0.19243504738687398,1.55764905611674,wet,1
2024-04-01,4,NL33C,Groot-Rijnmond,Reservoir & Surface Water Shortage,1,0.31706100997315084,1.7358837127685547,wet,1
2024-05-01,5,NL33C,Groot-Rijnmond,Reservoir & Surface Water Shortage,0,0.47867428859134814,2.1709097226460776,wet,1
2024-06-01,6,NL33C,Groot-Rijnmond,Reservoir & Surface Water Shortage,0,0.4513024003064407,2.626691977183024,wet,1
2024-07-01,7,NL33C,Groot-Rijnmond,Reservoir & Surface Water Shortage,0,0.3436258179957887,2.903880516688029,wet,1
2024-08-01,8,NL33C,Groot-Rijnmond,Reservoir & Surface Water Shortage,0,0.3723950260106521,2.6491270065307617,wet,1
2024-09-01,9,NL33C,Groot-Rijnmond,Reservoir & Surface Water Shortage,0,0.22553973212835704,2.9472951889038086,wet,1
2024-10-01,10,NL33C,Groot-Rijnmond,Reservoir & Surface Water Shortage,0,0.12074025633588056,2.2849376996358237,wet,1
2024-11-01,11,NL33C,Groot-Rijnmond,Reservoir & Surface Water Shortage,0,0.09962064371101804,1.8019837141036987,wet,1
2024-12-01,12,NL33C,Groot-Rijnmond,Reservoir & Surface Water Shortage,0,0.08527732502914714,1.676819920539856,wet,1
2025-01-01,1,NL33C,Groot-Rijnmond,Reservoir & Surface Water Shortage,0,0.13850723899441525,1.6513664722442627,wet,1
2025-02-01,2,NL33C,Groot-Rijnmond,Reservoir & Surface Water Shortage,0,0.242231144185683,1.1506803433100383,wet,1
2025-03-01,3,NL33C,Groot-Rijnmond,Reservoir & Surface Water Shortage,0,0.5290975862555581,0.7058199445406595,near_normal,1
2025-04-01,4,NL33C,Groot-Rijnmond,Reservoir & Surface Water Shortage,1,0.6277690113812776,-0.012301225292806825,near_normal,1
2025-05-01,5,NL33C,Groot-Rijnmond,Reservoir & Surface Water Shortage,0,0.8062312907796683,-0.8446452021598816,near_normal,1
2025-06-01,6,NL33C,Groot-Rijnmond,Reservoir & Surface Water Shortage,1,0.7820881309165848,-1.0734885931015015,dry,1
2025-07-01,7,NL33C,Groot-Rijnmond,Reservoir & Surface Water Shortage,0,0.6648888824700367,-1.2388241688410442,dry,1
2025-08-01,8,NL33C,Groot-Rijnmond,Reservoir & Surface Water Shortage,0,0.7783425407228592,-1.566239356994629,dry,1
2025-09-01,9,NL33C,Groot-Rijnmond,Reservoir & Surface Water Shortage,0,0.40684253069669873,-1.825290282567342,dry,1
2024-01-01,1,NL341,Zeeuwsch-Vlaanderen,Reservoir & Surface Water Shortage,0,0.2023999001441796,1.0990768671035767,wet,1
2024-02-01,2,NL341,Zeeuwsch-Vlaanderen,Reservoir & Surface Water Shortage,0,0.1870554214484071,1.6654661893844604,wet,1
2024-03-01,3,NL341,Zeeuwsch-Vlaanderen,Reservoir & Surface Water Shortage,0,0.2658767381062941,1.4342957735061646,wet,1
2024-04-01,4,NL341,Zeeuwsch-Vlaanderen,Reservoir & Surface Water Shortage,0,0.4011048962153079,1.72164386510849,wet,1
2024-05-01,5,NL341,Zeeuwsch-Vlaanderen,Reservoir & Surface Water Shortage,0,0.5792164355376215,2.0468907356262207,wet,1
2024-06-01,6,NL341,Zeeuwsch-Vlaanderen,Reservoir & Surface Water Shortage,0,0.5490446537738791,2.511785864830017,wet,1
2024-07-01,7,NL341,Zeeuwsch-Vlaanderen,Reservoir & Surface Water Shortage,1,0.42297641763510974,2.5947717428207397,wet,1
2024-08-01,8,NL341,Zeeuwsch-Vlaanderen,Reservoir & Surface Water Shortage,0,0.4268111794403271,2.2865796089172363,wet,1
2024-09-01,9,NL341,Zeeuwsch-Vlaanderen,Reservoir & Surface Water Shortage,0,0.2925439792047651,2.4733811616897583,wet,1
2024-10-01,10,NL341,Zeeuwsch-Vlaanderen,Reservoir & Surface Water Shortage,0,0.18168149073175052,2.181926131248474,wet,1
2024-11-01,11,NL341,Zeeuwsch-Vlaanderen,Reservoir & Surface Water Shortage,0,0.1328563161476524,1.6795973777770996,wet,1
2024-12-01,12,NL341,Zeeuwsch-Vlaanderen,Reservoir & Surface Water Shortage,0,0.13749783309243543,1.661611557006836,wet,1
2025-01-01,1,NL341,Zeeuwsch-Vlaanderen,Reservoir & Surface Water Shortage,0,0.2210998878564287,1.6901467442512512,wet,1
2025-02-01,2,NL341,Zeeuwsch-Vlaanderen,Reservoir & Surface Water Shortage,0,0.34009882381366824,1.1577122211456299,wet,1
2025-03-01,3,NL341,Zeeuwsch-Vlaanderen,Reservoir & Surface Water Shortage,1,0.724402146841961,0.565402165055275,near_normal,1
2025-04-01,4,NL341,Zeeuwsch-Vlaanderen,Reservoir & Surface Water Shortage,1,0.7392262120698438,-0.27620716392993927,near_normal,1
2025-05-01,5,NL341,Zeeuwsch-Vlaanderen,Reservoir & Surface Water Shortage,0,0.8471587557735635,-1.0510993003845215,dry,1
2025-06-01,6,NL341,Zeeuwsch-Vlaanderen,Reservoir & Surface Water Shortage,1,0.8468012493067026,-1.2060883045196533,dry,1
2025-07-01,7,NL341,Zeeuwsch-Vlaanderen,Reservoir & Surface Water Shortage,1,0.7860725371434322,-1.3016448020935059,dry,1
2025-08-01,8,NL341,Zeeuwsch-Vlaanderen,Reservoir & Surface Water Shortage,0,0.8506606628223468,-1.7224125266075134,dry,1
2025-09-01,9,NL341,Zeeuwsch-Vlaanderen,Reservoir & Surface Water Shortage,0,0.5095968475535555,-2.1238150596618652,dry,1
2024-01-01,1,NL342,Overig Zeeland,Reservoir & Surface Water Shortage,0,0.1606761944899648,1.3286210298538208,wet,1
2024-02-01,2,NL342,Overig Zeeland,Reservoir & Surface Water Shortage,1,0.17583643700822502,1.7934848070144653,wet,1
2024-03-01,3,NL342,Overig Zeeland,Reservoir & Surface Water Shortage,0,0.23439781940953344,1.4659996032714844,wet,1
2024-04-01,4,NL342,Overig Zeeland,Reservoir & Surface Water Shortage,0,0.37396769348241043,1.6179192066192627,wet,1
2024-05-01,5,NL342,Overig Zeeland,Reservoir & Surface Water Shortage,0,0.5168871319675951,2.0807783603668213,wet,1
2024-06-01,6,NL342,Overig Zeeland,Reservoir & Surface Water Shortage,0,0.4888135141168726,2.572701930999756,wet,1
2024-07-01,7,NL342,Overig Zeeland,Reservoir & Surface Water Shortage,1,0.37479544448291724,2.9837281703948975,wet,1
2024-08-01,8,NL342,Overig Zeeland,Reservoir & Surface Water Shortage,0,0.3589382892072815,2.67411470413208,wet,1
2024-09-01,9,NL342,Overig Zeeland,Reservoir & Surface Water Shortage,0,0.24049005684358848,2.8608145713806152,wet,1
2024-10-01,10,NL342,Overig Zeeland,Reservoir & Surface Water Shortage,0,0.14722460253488634,2.296290636062622,wet,1
2024-11-01,11,NL342,Overig Zeeland,Reservoir & Surface Water Shortage,0,0.11149117389496342,1.8551033735275269,wet,1
2024-12-01,12,NL342,Overig Zeeland,Reservoir & Surface Water Shortage,0,0.10370308177206167,1.8005717992782593,wet,1
2025-01-01,1,NL342,Overig Zeeland,Reservoir & Surface Water Shortage,0,0.1587226114985015,1.798425555229187,wet,1
2025-02-01,2,NL342,Overig Zeeland,Reservoir & Surface Water Shortage,0,0.2709296979496634,1.329056739807129,wet,1
2025-03-01,3,NL342,Overig Zeeland,Reservoir & Surface Water Shortage,0,0.5797050444066989,0.8654971122741699,near_normal,1
2025-04-01,4,NL342,Overig Zeeland,Reservoir & Surface Water Shortage,1,0.6938318424002609,0.127136692404747,near_normal,1
2025-05-01,5,NL342,Overig Zeeland,Reservoir & Surface Water Shortage,0,0.8372249168542203,-0.8692893981933594,near_normal,1
2025-06-01,6,NL342,Overig Zeeland,Reservoir & Surface Water Shortage,1,0.813023844188032,-1.1390583515167236,dry,1
2025-07-01,7,NL342,Overig Zeeland,Reservoir & Surface Water Shortage,1,0.7199751456008082,-1.3374229669570923,dry,1
2025-08-01,8,NL342,Overig Zeeland,Reservoir & Surface Water Shortage,0,0.8377896539144437,-1.7264788150787354,dry,1
2025-09-01,9,NL342,Overig Zeeland,Reservoir & Surface Water Shortage,0,0.4699347005720453,-2.0268850326538086,dry,1
2024-01-01,1,NL411,West-Noord-Brabant,Reservoir & Surface Water Shortage,0,0.19455871088233842,1.4279340207576752,wet,1
2024-02-01,2,NL411,West-Noord-Brabant,Reservoir & Surface Water Shortage,0,0.20466403356006663,1.9115989208221436,wet,1
2024-03-01,3,NL411,West-Noord-Brabant,Reservoir & Surface Water Shortage,0,0.30593354563307673,1.5701760351657867,wet,1
2024-04-01,4,NL411,West-Noord-Brabant,Reservoir & Surface Water Shortage,0,0.42996745657930874,1.794410079717636,wet,1
2024-05-01,5,NL411,West-Noord-Brabant,Reservoir & Surface Water Shortage,0,0.5950272866782456,2.1759976744651794,wet,1
2024-06-01,6,NL411,West-Noord-Brabant,Reservoir & Surface Water Shortage,0,0.5280884017768345,2.6817938685417175,wet,1
2024-07-01,7,NL411,West-Noord-Brabant,Reservoir & Surface Water Shortage,0,0.43710678312805956,3.1869431138038635,wet,1
2024-08-01,8,NL411,West-Noord-Brabant,Reservoir & Surface Water Shortage,0,0.41025110824552485,2.5752928256988525,wet,1
2024-09-01,9,NL411,West-Noord-Brabant,Reservoir & Surface Water Shortage,0,0.3121163263608635,3.2261340022087097,wet,1
2024-10-01,10,NL411,West-Noord-Brabant,Reservoir & Surface Water Shortage,0,0.17563669759489423,2.4958202242851257,wet,1
2024-11-01,11,NL411,West-Noord-Brabant,Reservoir & Surface Water Shortage,0,0.144929747763225,1.9934806823730469,wet,1
2024-12-01,12,NL411,West-Noord-Brabant,Reservoir & Surface Water Shortage,1,0.12310593679429227,1.8938453793525696,wet,1
2025-01-01,1,NL411,West-Noord-Brabant,Reservoir & Surface Water Shortage,0,0.20153117567055528,1.9489366114139557,wet,1
2025-02-01,2,NL411,West-Noord-Brabant,Reservoir & Surface Water Shortage,0,0.3157759159602013,1.4912947714328766,wet,1
2025-03-01,3,NL411,West-Noord-Brabant,Reservoir & Surface Water Shortage,0,0.637024404037093,1.0794287621974945,wet,1
2025-04-01,4,NL411,West-Noord-Brabant,Reservoir & Surface Water Shortage,0,0.718874019114168,0.3902544379234314,near_normal,1
2025-05-01,5,NL411,West-Noord-Brabant,Reservoir & Surface Water Shortage,0,0.878522716572916,-0.6107541918754578,near_normal,1
2025-06-01,6,NL411,West-Noord-Brabant,Reservoir & Surface Water Shortage,0,0.8814468055081036,-0.9553556591272354,near_normal,1
2025-07-01,7,NL411,West-Noord-Brabant,Reservoir & Surface Water Shortage,0,0.7591301255785622,-1.197560876607895,dry,1
2025-08-01,8,NL411,West-Noord-Brabant,Reservoir & Surface Water Shortage,0,0.8821967614375976,-1.7818401753902435,dry,1
2025-09-01,9,NL411,West-Noord-Brabant,Reservoir & Surface Water Shortage,0,0.5099257441368515,-1.944325178861618,dry,1
2024-01-01,1,NL412,Midden-Noord-Brabant,Reservoir & Surface Water Shortage,0,0.18444294572916498,1.5439085960388184,wet,1
2024-02-01,2,NL412,Midden-Noord-Brabant,Reservoir & Surface Water Shortage,0,0.18806268377464436,2.0561699867248535,wet,1
2024-03-01,3,NL412,Midden-Noord-Brabant,Reservoir & Surface Water Shortage,0,0.3168898355751425,1.6683708429336548,wet,1
2024-04-01,4,NL412,Midden-Noord-Brabant,Reservoir & Surface Water Shortage,0,0.4277266844680226,1.9227519035339355,wet,1
2024-05-01,5,NL412,Midden-Noord-Brabant,Reservoir & Surface Water Shortage,0,0.6068995058314209,2.350119113922119,wet,1
2024-06-01,6,NL412,Midden-Noord-Brabant,Reservoir & Surface Water Shortage,0,0.5531844251653115,2.7400357723236084,wet,1
2024-07-01,7,NL412,Midden-Noord-Brabant,Reservoir & Surface Water Shortage,0,0.42445277785858565,3.3474960327148438,wet,1
2024-08-01,8,NL412,Midden-Noord-Brabant,Reservoir & Surface Water Shortage,0,0.39162674985206036,2.595762252807617,wet,1
2024-09-01,9,NL412,Midden-Noord-Brabant,Reservoir & Surface Water Shortage,0,0.298252854704427,3.8588836193084717,wet,1
2024-10-01,10,NL412,Midden-Noord-Brabant,Reservoir & Surface Water Shortage,0,0.1707619356046601,2.767239809036255,wet,1
2024-11-01,11,NL412,Midden-Noord-Brabant,Reservoir & Surface Water Shortage,0,0.14515636867596624,2.2039122581481934,wet,1
2024-12-01,12,NL412,Midden-Noord-Brabant,Reservoir & Surface Water Shortage,0,0.1184997990265511,2.016164541244507,wet,1
2025-01-01,1,NL412,Midden-Noord-Brabant,Reservoir & Surface Water Shortage,0,0.1998095771157448,2.0861504077911377,wet,1
2025-02-01,2,NL412,Midden-Noord-Brabant,Reservoir & Surface Water Shortage,0,0.3095428298006004,1.595111608505249,wet,1
2025-03-01,3,NL412,Midden-Noord-Brabant,Reservoir & Surface Water Shortage,0,0.6915833729273025,1.174560785293579,wet,1
2025-04-01,4,NL412,Midden-Noord-Brabant,Reservoir & Surface Water Shortage,0,0.7198512013370533,0.5439844131469727,near_normal,1
2025-05-01,5,NL412,Midden-Noord-Brabant,Reservoir & Surface Water Shortage,0,0.873165834795558,-0.45212289690971375,near_normal,1
2025-06-01,6,NL412,Midden-Noord-Brabant,Reservoir & Surface Water Shortage,0,0.8817198810590656,-0.7468729019165039,near_normal,1
2025-07-01,7,NL412,Midden-Noord-Brabant,Reservoir & Surface Water Shortage,0,0.7551062202322648,-1.0836814641952515,dry,1
2025-08-01,8,NL412,Midden-Noord-Brabant,Reservoir & Surface Water Shortage,0,0.8693473292944816,-1.6820485591888428,dry,1
2025-09-01,9,NL412,Midden-Noord-Brabant,Reservoir & Surface Water Shortage,0,0.49764359638102174,-1.6659215688705444,dry,1
2024-01-01,1,NL413,Noordoost-Noord-Brabant,Reservoir & Surface Water Shortage,0,0.170144475617027,1.7263375918070476,wet,1
2024-02-01,2,NL413,Noordoost-Noord-Brabant,Reservoir & Surface Water Shortage,0,0.16125346666287907,2.301957845687866,wet,1
2024-03-01,3,NL413,Noordoost-Noord-Brabant,Reservoir & Surface Water Shortage,0,0.3148364615044261,1.7595105568567913,wet,1
2024-04-01,4,NL413,Noordoost-Noord-Brabant,Reservoir & Surface Water Shortage,0,0.4098863836028669,1.9506117502848308,wet,1
2024-05-01,5,NL413,Noordoost-Noord-Brabant,Reservoir & Surface Water Shortage,0,0.6003896722659526,2.5292108058929443,wet,1
2024-06-01,6,NL413,Noordoost-Noord-Brabant,Reservoir & Surface Water Shortage,0,0.5539064497022246,2.860475540161133,wet,1
2024-07-01,7,NL413,Noordoost-Noord-Brabant,Reservoir & Surface Water Shortage,0,0.3731055977371885,3.60351292292277,wet,1
2024-08-01,8,NL413,Noordoost-Noord-Brabant,Reservoir & Surface Water Shortage,0,0.38568057223300367,2.6137571334838867,wet,1
2024-09-01,9,NL413,Noordoost-Noord-Brabant,Reservoir & Surface Water Shortage,0,0.28653152120512965,3.99537460009257,wet,1
2024-10-01,10,NL413,Noordoost-Noord-Brabant,Reservoir & Surface Water Shortage,0,0.13758761520921128,2.824659744898478,wet,1
2024-11-01,11,NL413,Noordoost-Noord-Brabant,Reservoir & Surface Water Shortage,0,0.12435433018684465,2.297260840733846,wet,1
2024-12-01,12,NL413,Noordoost-Noord-Brabant,Reservoir & Surface Water Shortage,0,0.10063041735216985,2.027393857638041,wet,1
2025-01-01,1,NL413,Noordoost-Noord-Brabant,Reservoir & Surface Water Shortage,0,0.15643031451531156,2.1666224797566733,wet,1
2025-02-01,2,NL413,Noordoost-Noord-Brabant,Reservoir & Surface Water Shortage,0,0.2848611883153367,1.6576051712036133,wet,1
2025-03-01,3,NL413,Noordoost-Noord-Brabant,Reservoir & Surface Water Shortage,0,0.7122067773158255,1.1836046775182087,wet,1
2025-04-01,4,NL413,Noordoost-Noord-Brabant,Reservoir & Surface Water Shortage,1,0.6843121847765149,0.6166368325551351,near_normal,1
2025-05-01,5,NL413,Noordoost-Noord-Brabant,Reservoir & Surface Water Shortage,0,0.8522744927166788,-0.433600256840388,near_normal,1
2025-06-01,6,NL413,Noordoost-Noord-Brabant,Reservoir & Surface Water Shortage,0,0.8544240875302554,-0.6352093617121378,near_normal,1
2025-07-01,7,NL413,Noordoost-Noord-Brabant,Reservoir & Surface Water Shortage,0,0.7636934379720544,-0.9555245041847229,near_normal,1
2025-08-01,8,NL413,Noordoost-Noord-Brabant,Reservoir & Surface Water Shortage,0,0.8538974509512429,-1.5380258957544963,dry,1
2025-09-01,9,NL413,Noordoost-Noord-Brabant,Reservoir & Surface Water Shortage,0,0.5720044914339318,-1.4824391603469849,dry,1
2024-01-01,1,NL414,Zuidoost-Noord-Brabant,Reservoir & Surface Water Shortage,0,0.17131478415481077,1.6660036146640778,wet,1
2024-02-01,2,NL414,Zuidoost-Noord-Brabant,Reservoir & Surface Water Shortage,0,0.1722553224622615,2.2208192348480225,wet,1
2024-03-01,3,NL414,Zuidoost-Noord-Brabant,Reservoir & Surface Water Shortage,0,0.3225551168292019,1.7530253231525421,wet,1
2024-04-01,4,NL414,Zuidoost-Noord-Brabant,Reservoir & Surface Water Shortage,0,0.4333979207841826,1.9222524464130402,wet,1
2024-05-01,5,NL414,Zuidoost-Noord-Brabant,Reservoir & Surface Water Shortage,0,0.5853781996423879,2.4804680943489075,wet,1
2024-06-01,6,NL414,Zuidoost-Noord-Brabant,Reservoir & Surface Water Shortage,0,0.5653310255525681,2.8313465118408203,wet,1
2024-07-01,7,NL414,Zuidoost-Noord-Brabant,Reservoir & Surface Water Shortage,1,0.3920621462473309,3.323698878288269,wet,1
2024-08-01,8,NL414,Zuidoost-Noord-Brabant,Reservoir & Surface Water Shortage,0,0.37376537083748834,2.4005433320999146,wet,1
2024-09-01,9,NL414,Zuidoost-Noord-Brabant,Reservoir & Surface Water Shortage,0,0.28420260720188534,3.6095246076583862,wet,1
2024-10-01,10,NL414,Zuidoost-Noord-Brabant,Reservoir & Surface Water Shortage,0,0.13340379150381254,2.8009841442108154,wet,1
2024-11-01,11,NL414,Zuidoost-Noord-Brabant,Reservoir & Surface Water Shortage,0,0.12211825511945479,2.219056189060211,wet,1
2024-12-01,12,NL414,Zuidoost-Noord-Brabant,Reservoir & Surface Water Shortage,0,0.10357548414894868,2.0562921166419983,wet,1
2025-01-01,1,NL414,Zuidoost-Noord-Brabant,Reservoir & Surface Water Shortage,0,0.1764421191806394,2.2320687770843506,wet,1
2025-02-01,2,NL414,Zuidoost-Noord-Brabant,Reservoir & Surface Water Shortage,0,0.2901362314836059,1.7058507800102234,wet,1
2025-03-01,3,NL414,Zuidoost-Noord-Brabant,Reservoir & Surface Water Shortage,0,0.6602733377812827,1.2108392715454102,wet,1
2025-04-01,4,NL414,Zuidoost-Noord-Brabant,Reservoir & Surface Water Shortage,0,0.6925098442380881,0.6923550665378571,near_normal,1
2025-05-01,5,NL414,Zuidoost-Noord-Brabant,Reservoir & Surface Water Shortage,0,0.8439780778377122,-0.4158538803458214,near_normal,1
2025-06-01,6,NL414,Zuidoost-Noord-Brabant,Reservoir & Surface Water Shortage,0,0.8420087073724555,-0.6612778455018997,near_normal,1
2025-07-01,7,NL414,Zuidoost-Noord-Brabant,Reservoir & Surface Water Shortage,0,0.7763828036156224,-1.0086569488048553,dry,1
2025-08-01,8,NL414,Zuidoost-Noord-Brabant,Reservoir & Surface Water Shortage,0,0.8847444866074111,-1.6495905816555023,dry,1
2025-09-01,9,NL414,Zuidoost-Noord-Brabant,Reservoir & Surface Water Shortage,0,0.6034329862898403,-1.5304934084415436,dry,1
2024-01-01,1,NL421,Noord-Limburg,Reservoir & Surface Water Shortage,0,0.13945374928592932,1.8593108654022217,wet,1
2024-02-01,2,NL421,Noord-Limburg,Reservoir & Surface Water Shortage,0,0.12929599484098964,2.512042760848999,wet,1
2024-03-01,3,NL421,Noord-Limburg,Reservoir & Surface Water Shortage,0,0.268480112203656,1.865483283996582,wet,1
2024-04-01,4,NL421,Noord-Limburg,Reservoir & Surface Water Shortage,0,0.38378310169311736,1.9734376668930054,wet,1
2024-05-01,5,NL421,Noord-Limburg,Reservoir & Surface Water Shortage,0,0.5438507760366059,2.605700731277466,wet,1
2024-06-01,6,NL421,Noord-Limburg,Reservoir & Surface Water Shortage,0,0.47780255223557655,2.8035495281219482,wet,1
2024-07-01,7,NL421,Noord-Limburg,Reservoir & Surface Water Shortage,0,0.31035652359911625,3.2032430171966553,wet,1
2024-08-01,8,NL421,Noord-Limburg,Reservoir & Surface Water Shortage,0,0.2980382759286063,2.251657724380493,wet,1
2024-09-01,9,NL421,Noord-Limburg,Reservoir & Surface Water Shortage,0,0.24438442988851133,3.5400261878967285,wet,1
2024-10-01,10,NL421,Noord-Limburg,Reservoir & Surface Water Shortage,0,0.10807232263083548,2.855512857437134,wet,1
2024-11-01,11,NL421,Noord-Limburg,Reservoir & Surface Water Shortage,0,0.09272716421339487,2.196915864944458,wet,1
2024-12-01,12,NL421,Noord-Limburg,Reservoir & Surface Water Shortage,0,0.08469073004101495,2.03786039352417,wet,1
2025-01-01,1,NL421,Noord-Limburg,Reservoir & Surface Water Shortage,0,0.13679971988885697,2.306771755218506,wet,1
2025-02-01,2,NL421,Noord-Limburg,Reservoir & Surface Water Shortage,0,0.2521646820273076,1.68009352684021,wet,1
2025-03-01,3,NL421,Noord-Limburg,Reservoir & Surface Water Shortage,0,0.6619293376513699,1.0877587795257568,wet,1
2025-04-01,4,NL421,Noord-Limburg,Reservoir & Surface Water Shortage,0,0.6056190938213353,0.6619554162025452,near_normal,1
2025-05-01,5,NL421,Noord-Limburg,Reservoir & Surface Water Shortage,0,0.7754015484750038,-0.44544780254364014,near_normal,1
2025-06-01,6,NL421,Noord-Limburg,Reservoir & Surface Water Shortage,1,0.7599092562856726,-0.5798614025115967,near_normal,1
2025-07-01,7,NL421,Noord-Limburg,Reservoir & Surface Water Shortage,1,0.7340798809743662,-0.800941526889801,near_normal,1
2025-08-01,8,NL421,Noord-Limburg,Reservoir & Surface Water Shortage,0,0.8505230476476153,-1.2454304695129395,dry,1
2025-09-01,9,NL421,Noord-Limburg,Reservoir & Surface Water Shortage,0,0.5269070215024388,-1.325162410736084,dry,1
2024-01-01,1,NL422,Midden-Limburg,Reservoir & Surface Water Shortage,1,0.17322180380034516,1.595084309577942,wet,1
2024-02-01,2,NL422,Midden-Limburg,Reservoir & Surface Water Shortage,0,0.17889468577016882,2.1346378326416016,wet,1
2024-03-01,3,NL422,Midden-Limburg,Reservoir & Surface Water Shortage,0,0.3284715684704092,1.6730749607086182,wet,1
2024-04-01,4,NL422,Midden-Limburg,Reservoir & Surface Water Shortage,0,0.4335314179528026,1.7786504030227661,wet,1
2024-05-01,5,NL422,Midden-Limburg,Reservoir & Surface Water Shortage,0,0.5850481981527319,2.3970389366149902,wet,1
2024-06-01,6,NL422,Midden-Limburg,Reservoir & Surface Water Shortage,0,0.5607818072285096,2.6647117137908936,wet,1
2024-07-01,7,NL422,Midden-Limburg,Reservoir & Surface Water Shortage,0,0.44203462013590444,2.893308162689209,wet,1
2024-08-01,8,NL422,Midden-Limburg,Reservoir & Surface Water Shortage,0,0.37109876344272336,2.179447650909424,wet,1
2024-09-01,9,NL422,Midden-Limburg,Reservoir & Surface Water Shortage,0,0.3035635048304885,3.121680974960327,wet,1
2024-10-01,10,NL422,Midden-Limburg,Reservoir & Surface Water Shortage,0,0.13166526020458996,2.612539768218994,wet,1
2024-11-01,11,NL422,Midden-Limburg,Reservoir & Surface Water Shortage,0,0.11360099487641467,2.029146194458008,wet,1
2024-12-01,12,NL422,Midden-Limburg,Reservoir & Surface Water Shortage,1,0.10139601265390545,1.9572449922561646,wet,1
2025-01-01,1,NL422,Midden-Limburg,Reservoir & Surface Water Shortage,0,0.1604316264385575,2.3007307052612305,wet,1
2025-02-01,2,NL422,Midden-Limburg,Reservoir & Surface Water Shortage,0,0.30847984663167277,1.6659852266311646,wet,1
2025-03-01,3,NL422,Midden-Limburg,Reservoir & Surface Water Shortage,0,0.6620087234451116,1.1294753551483154,wet,1
2025-04-01,4,NL422,Midden-Limburg,Reservoir & Surface Water Shortage,1,0.6663990787233529,0.6900760531425476,near_normal,1
2025-05-01,5,NL422,Midden-Limburg,Reservoir & Surface Water Shortage,0,0.8103998429024794,-0.4340934157371521,near_normal,1
2025-06-01,6,NL422,Midden-Limburg,Reservoir & Surface Water Shortage,0,0.8001544370865676,-0.5961017608642578,near_normal,1
2025-07-01,7,NL422,Midden-Limburg,Reservoir & Surface Water Shortage,1,0.7679687623296898,-0.7561391592025757,near_normal,1
2025-08-01,8,NL422,Midden-Limburg,Reservoir & Surface Water Shortage,0,0.876815535343418,-1.2596315145492554,dry,1
2025-09-01,9,NL422,Midden-Limburg,Reservoir & Surface Water Shortage,0,0.5643271187984036,-1.256527304649353,dry,1
2024-01-01,1,NL423,Zuid-Limburg,Reservoir & Surface Water Shortage,0,0.11651005623996802,1.4646683931350708,wet,1
2024-02-01,2,NL423,Zuid-Limburg,Reservoir & Surface Water Shortage,0,0.12741752833979283,1.9057672023773193,wet,1
2024-03-01,3,NL423,Zuid-Limburg,Reservoir & Surface Water Shortage,0,0.20446104220402458,1.4721426963806152,wet,1
2024-04-01,4,NL423,Zuid-Limburg,Reservoir & Surface Water Shortage,0,0.32745184683350104,1.6109375953674316,wet,1
2024-05-01,5,NL423,Zuid-Limburg,Reservoir & Surface Water Shortage,0,0.46456876600050523,2.2602717876434326,wet,1
2024-06-01,6,NL423,Zuid-Limburg,Reservoir & Surface Water Shortage,0,0.42813768116156875,2.4993674755096436,wet,1
2024-07-01,7,NL423,Zuid-Limburg,Reservoir & Surface Water Shortage,0,0.3491174089169478,2.575399398803711,wet,1
2024-08-01,8,NL423,Zuid-Limburg,Reservoir & Surface Water Shortage,0,0.3115044344914361,2.1789464950561523,wet,1
2024-09-01,9,NL423,Zuid-Limburg,Reservoir & Surface Water Shortage,0,0.2111796512752807,2.988447666168213,wet,1
2024-10-01,10,NL423,Zuid-Limburg,Reservoir & Surface Water Shortage,0,0.09484171870688934,2.581728458404541,wet,1
2024-11-01,11,NL423,Zuid-Limburg,Reservoir & Surface Water Shortage,0,0.06882104799701241,2.0978105068206787,wet,1
2024-12-01,12,NL423,Zuid-Limburg,Reservoir & Surface Water Shortage,0,0.05547205757114986,2.107192277908325,wet,1
2025-01-01,1,NL423,Zuid-Limburg,Reservoir & Surface Water Shortage,0,0.08685751197994886,2.49822735786438,wet,1
2025-02-01,2,NL423,Zuid-Limburg,Reservoir & Surface Water Shortage,0,0.2177596985883462,1.7681748867034912,wet,1
2025-03-01,3,NL423,Zuid-Limburg,Reservoir & Surface Water Shortage,1,0.543115729130848,1.286401629447937,wet,1
2025-04-01,4,NL423,Zuid-Limburg,Reservoir & Surface Water Shortage,1,0.4882687677966153,0.8446741700172424,near_normal,1
2025-05-01,5,NL423,Zuid-Limburg,Reservoir & Surface Water Shortage,0,0.6972820869669206,-0.30450639128685,near_normal,1
2025-06-01,6,NL423,Zuid-Limburg,Reservoir & Surface Water Shortage,0,0.6983338859071427,-0.48462241888046265,near_normal,1
2025-07-01,7,NL423,Zuid-Limburg,Reservoir & Surface Water Shortage,1,0.7045020579828718,-0.5175946354866028,near_normal,1
2025-08-01,8,NL423,Zuid-Limburg,Reservoir & Surface Water Shortage,0,0.7943884080163645,-1.1383399963378906,dry,1
2025-09-01,9,NL423,Zuid-Limburg,Reservoir & Surface Water Shortage,0,0.3910617131872596,-1.2109681367874146,dry,1
2024-01-01,1,NL111,Oost-Groningen,Freshwater Ecosystem Degradation,0,0.14781599888438693,1.811567783355713,wet,1
2024-02-01,2,NL111,Oost-Groningen,Freshwater Ecosystem Degradation,0,0.1759646723072907,1.99618661403656,wet,1
2024-03-01,3,NL111,Oost-Groningen,Freshwater Ecosystem Degradation,0,0.30539051744410944,1.6847506165504456,wet,1
2024-04-01,4,NL111,Oost-Groningen,Freshwater Ecosystem Degradation,1,0.3659268551340134,1.9079570770263672,wet,1
2024-05-01,5,NL111,Oost-Groningen,Freshwater Ecosystem Degradation,0,0.5894349539575966,2.1447561979293823,wet,1
2024-06-01,6,NL111,Oost-Groningen,Freshwater Ecosystem Degradation,0,0.5325016613963135,2.7947285175323486,wet,1
2024-07-01,7,NL111,Oost-Groningen,Freshwater Ecosystem Degradation,0,0.487955661400237,2.7147164344787598,wet,1
2024-08-01,8,NL111,Oost-Groningen,Freshwater Ecosystem Degradation,0,0.4468927695457888,2.659160852432251,wet,1
2024-09-01,9,NL111,Oost-Groningen,Freshwater Ecosystem Degradation,0,0.4003157389108604,2.968327760696411,wet,1
2024-10-01,10,NL111,Oost-Groningen,Freshwater Ecosystem Degradation,0,0.24639526890530433,1.971750020980835,wet,1
2024-11-01,11,NL111,Oost-Groningen,Freshwater Ecosystem Degradation,0,0.19678319004714329,1.6035258769989014,wet,1
2024-12-01,12,NL111,Oost-Groningen,Freshwater Ecosystem Degradation,0,0.1547443741539946,1.1509708762168884,wet,1
2025-01-01,1,NL111,Oost-Groningen,Freshwater Ecosystem Degradation,0,0.17751372346422475,1.0549432635307312,wet,1
2025-02-01,2,NL111,Oost-Groningen,Freshwater Ecosystem Degradation,1,0.19431098793328733,0.49514587223529816,near_normal,1
2025-03-01,3,NL111,Oost-Groningen,Freshwater Ecosystem Degradation,0,0.344219811427537,0.1761770248413086,near_normal,1
2025-04-01,4,NL111,Oost-Groningen,Freshwater Ecosystem Degradation,1,0.42805717376434654,-0.4283472001552582,near_normal,1
2025-05-01,5,NL111,Oost-Groningen,Freshwater Ecosystem Degradation,0,0.612874374783226,-0.9174109697341919,near_normal,1
2025-06-01,6,NL111,Oost-Groningen,Freshwater Ecosystem Degradation,1,0.5150211919108418,-0.9498004615306854,near_normal,1
2025-07-01,7,NL111,Oost-Groningen,Freshwater Ecosystem Degradation,0,0.4047404883598724,-1.1780112385749817,dry,1
2025-08-01,8,NL111,Oost-Groningen,Freshwater Ecosystem Degradation,0,0.5044957042766964,-1.31639963388443,dry,1
2025-09-01,9,NL111,Oost-Groningen,Freshwater Ecosystem Degradation,0,0.223643770525347,-1.4372192025184631,dry,1
2024-01-01,1,NL112,Delfzijl en omgeving,Freshwater Ecosystem Degradation,0,0.201159639210196,1.5744563341140747,wet,1
2024-03-01,3,NL112,Delfzijl en omgeving,Freshwater Ecosystem Degradation,0,0.40199203982467047,1.5986590385437012,wet,1
2024-04-01,4,NL112,Delfzijl en omgeving,Freshwater Ecosystem Degradation,0,0.46754546376969247,1.7463241815567017,wet,1
2024-05-01,5,NL112,Delfzijl en omgeving,Freshwater Ecosystem Degradation,0,0.6695354667195004,1.9306237697601318,wet,1
2024-06-01,6,NL112,Delfzijl en omgeving,Freshwater Ecosystem Degradation,0,0.6433075848589933,2.5208699703216553,wet,1
2024-07-01,7,NL112,Delfzijl en omgeving,Freshwater Ecosystem Degradation,0,0.6082506264059204,2.3603928089141846,wet,1
2024-08-01,8,NL112,Delfzijl en omgeving,Freshwater Ecosystem Degradation,0,0.568464692779298,2.3377909660339355,wet,1
2024-09-01,9,NL112,Delfzijl en omgeving,Freshwater Ecosystem Degradation,0,0.5312179969953469,2.484579563140869,wet,1
2024-10-01,10,NL112,Delfzijl en omgeving,Freshwater Ecosystem Degradation,0,0.3190186011211561,1.6715155839920044,wet,1
2024-11-01,11,NL112,Delfzijl en omgeving,Freshwater Ecosystem Degradation,0,0.27341439468251905,1.3462355136871338,wet,1
2024-12-01,12,NL112,Delfzijl en omgeving,Freshwater Ecosystem Degradation,0,0.20924138828070968,0.9495850205421448,near_normal,1
2025-01-01,1,NL112,Delfzijl en omgeving,Freshwater Ecosystem Degradation,0,0.2504349345325623,0.815735936164856,near_normal,1
2025-02-01,2,NL112,Delfzijl en omgeving,Freshwater Ecosystem Degradation,0,0.2723355962717803,0.2707626223564148,near_normal,1
2025-03-01,3,NL112,Delfzijl en omgeving,Freshwater Ecosystem Degradation,0,0.38935608810628686,-0.011577821336686611,near_normal,1
2025-04-01,4,NL112,Delfzijl en omgeving,Freshwater Ecosystem Degradation,1,0.5415373248178206,-0.536076009273529,near_normal,1
2025-05-01,5,NL112,Delfzijl en omgeving,Freshwater Ecosystem Degradation,0,0.7056209189059776,-0.8959609270095825,near_normal,1
2025-06-01,6,NL112,Delfzijl en omgeving,Freshwater Ecosystem Degradation,1,0.6175763141162526,-0.9709566235542297,near_normal,1
2025-07-01,7,NL112,Delfzijl en omgeving,Freshwater Ecosystem Degradation,0,0.5486375868162918,-1.2213053703308105,dry,1
2025-08-01,8,NL112,Delfzijl en omgeving,Freshwater Ecosystem Degradation,0,0.5181498057029484,-1.3407152891159058,dry,1
2025-09-01,9,NL112,Delfzijl en omgeving,Freshwater Ecosystem Degradation,0,0.3396155656329896,-1.4633549451828003,dry,1
2024-01-01,1,NL113,Overig Groningen,Freshwater Ecosystem Degradation,0,0.15919058820781845,1.553696870803833,wet,1
2024-02-01,2,NL113,Overig Groningen,Freshwater Ecosystem Degradation,0,0.1858238606172809,1.8252516984939575,wet,1
2024-03-01,3,NL113,Overig Groningen,Freshwater Ecosystem Degradation,0,0.3365311314951753,1.5759201447168987,wet,1
2024-04-01,4,NL113,Overig Groningen,Freshwater Ecosystem Degradation,0,0.3890815281831348,1.7591425975163777,wet,1
2024-05-01,5,NL113,Overig Groningen,Freshwater Ecosystem Degradation,0,0.5915221822620846,1.9804979960123699,wet,1
2024-06-01,6,NL113,Overig Groningen,Freshwater Ecosystem Degradation,0,0.5836292286346942,2.5567835172017417,wet,1
2024-07-01,7,NL113,Overig Groningen,Freshwater Ecosystem Degradation,0,0.5577266948771241,2.325056314468384,wet,1
2024-08-01,8,NL113,Overig Groningen,Freshwater Ecosystem Degradation,0,0.4908434022895726,2.289264678955078,wet,1
2024-09-01,9,NL113,Overig Groningen,Freshwater Ecosystem Degradation,0,0.4484987063464453,2.4607760111490884,wet,1
2024-10-01,10,NL113,Overig Groningen,Freshwater Ecosystem Degradation,0,0.2723697144923694,1.74251393477122,wet,1
2024-11-01,11,NL113,Overig Groningen,Freshwater Ecosystem Degradation,0,0.22047991363308958,1.3726389805475872,wet,1
2024-12-01,12,NL113,Overig Groningen,Freshwater Ecosystem Degradation,0,0.16605670188982488,0.9944103360176086,near_normal,1
2025-01-01,1,NL113,Overig Groningen,Freshwater Ecosystem Degradation,0,0.20030450617739393,0.8821484843889872,near_normal,1
2025-02-01,2,NL113,Overig Groningen,Freshwater Ecosystem Degradation,0,0.2296971442350881,0.31073737144470215,near_normal,1
2025-03-01,3,NL113,Overig Groningen,Freshwater Ecosystem Degradation,0,0.34819229419212944,0.035581901048620544,near_normal,1
2025-04-01,4,NL113,Overig Groningen,Freshwater Ecosystem Degradation,1,0.46964599562568554,-0.45748992760976154,near_normal,1
2025-05-01,5,NL113,Overig Groningen,Freshwater Ecosystem Degradation,0,0.6524834293062416,-0.8022730549176534,near_normal,1
2025-06-01,6,NL113,Overig Groningen,Freshwater Ecosystem Degradation,1,0.5538276467434757,-0.9125909010569254,near_normal,1
2025-07-01,7,NL113,Overig Groningen,Freshwater Ecosystem Degradation,0,0.48915147144876786,-1.1193293333053589,dry,1
2025-08-01,8,NL113,Overig Groningen,Freshwater Ecosystem Degradation,0,0.542509049309629,-1.2605481147766113,dry,1
2025-09-01,9,NL113,Overig Groningen,Freshwater Ecosystem Degradation,0,0.29274525026420134,-1.4358088970184326,dry,1
2024-01-01,1,NL124,Noord-Friesland,Freshwater Ecosystem Degradation,0,0.2105961686280418,1.3574422895908356,wet,1
2024-02-01,2,NL124,Noord-Friesland,Freshwater Ecosystem Degradation,0,0.2329214424317245,1.7159639298915863,wet,1
2024-03-01,3,NL124,Noord-Friesland,Freshwater Ecosystem Degradation,0,0.41243164707709623,1.4683093130588531,wet,1
2024-04-01,4,NL124,Noord-Friesland,Freshwater Ecosystem Degradation,0,0.4380498652607831,1.7018274664878845,wet,1
2024-05-01,5,NL124,Noord-Friesland,Freshwater Ecosystem Degradation,0,0.6427254826925044,1.886545330286026,wet,1
2024-06-01,6,NL124,Noord-Friesland,Freshwater Ecosystem Degradation,0,0.646636505468808,2.4364304542541504,wet,1
2024-07-01,7,NL124,Noord-Friesland,Freshwater Ecosystem Degradation,0,0.6165076920096928,2.1045264899730682,wet,1
2024-08-01,8,NL124,Noord-Friesland,Freshwater Ecosystem Degradation,0,0.558360800561964,2.0753729045391083,wet,1
2024-09-01,9,NL124,Noord-Friesland,Freshwater Ecosystem Degradation,0,0.5031808865959333,2.2301748991012573,wet,1
2024-10-01,10,NL124,Noord-Friesland,Freshwater Ecosystem Degradation,0,0.31281892501236713,1.551231563091278,wet,1
2024-11-01,11,NL124,Noord-Friesland,Freshwater Ecosystem Degradation,0,0.27242667094964795,1.0981620252132416,wet,1
2024-12-01,12,NL124,Noord-Friesland,Freshwater Ecosystem Degradation,0,0.20817715610361495,0.7735436260700226,near_normal,1
2025-01-01,1,NL124,Noord-Friesland,Freshwater Ecosystem Degradation,0,0.259015958971034,0.6505173146724701,near_normal,1
2025-02-01,2,NL124,Noord-Friesland,Freshwater Ecosystem Degradation,0,0.297445612661464,0.10699054750148207,near_normal,1
2025-03-01,3,NL124,Noord-Friesland,Freshwater Ecosystem Degradation,1,0.4809459792915572,-0.16945494152605534,near_normal,1
2025-04-01,4,NL124,Noord-Friesland,Freshwater Ecosystem Degradation,1,0.5502441445834412,-0.7064715921878815,near_normal,1
2025-05-01,5,NL124,Noord-Friesland,Freshwater Ecosystem Degradation,0,0.7273410327394672,-0.9263435304164886,near_normal,1
2025-06-01,6,NL124,Noord-Friesland,Freshwater Ecosystem Degradation,0,0.622100350818301,-1.0629418939352036,dry,1
2025-07-01,7,NL124,Noord-Friesland,Freshwater Ecosystem Degradation,0,0.5712294398407968,-1.2299838960170746,dry,1
2025-08-01,8,NL124,Noord-Friesland,Freshwater Ecosystem Degradation,0,0.6171547302096387,-1.4811941981315613,dry,1
2025-09-01,9,NL124,Noord-Friesland,Freshwater Ecosystem Degradation,0,0.346106558110041,-1.572517216205597,dry,1
2024-01-01,1,NL125,Zuidwest-Friesland,Freshwater Ecosystem Degradation,0,0.14879099264002443,1.4139912724494934,wet,1
2024-02-01,2,NL125,Zuidwest-Friesland,Freshwater Ecosystem Degradation,0,0.17845058031647304,1.7786154747009277,wet,1
2024-03-01,3,NL125,Zuidwest-Friesland,Freshwater Ecosystem Degradation,1,0.3286133699327988,1.5638866424560547,wet,1
2024-04-01,4,NL125,Zuidwest-Friesland,Freshwater Ecosystem Degradation,0,0.34938161044146504,1.8326656818389893,wet,1
2024-05-01,5,NL125,Zuidwest-Friesland,Freshwater Ecosystem Degradation,0,0.5270656765789326,2.1068438291549683,wet,1
2024-06-01,6,NL125,Zuidwest-Friesland,Freshwater Ecosystem Degradation,0,0.567464858112649,2.634555220603943,wet,1
2024-07-01,7,NL125,Zuidwest-Friesland,Freshwater Ecosystem Degradation,1,0.5346920961758606,2.177721381187439,wet,1
2024-08-01,8,NL125,Zuidwest-Friesland,Freshwater Ecosystem Degradation,0,0.4846294507805581,2.1380834579467773,wet,1
2024-09-01,9,NL125,Zuidwest-Friesland,Freshwater Ecosystem Degradation,0,0.4089025873494756,2.2827683687210083,wet,1
2024-10-01,10,NL125,Zuidwest-Friesland,Freshwater Ecosystem Degradation,0,0.23266360577488082,1.732323706150055,wet,1
2024-11-01,11,NL125,Zuidwest-Friesland,Freshwater Ecosystem Degradation,0,0.19958541503159147,1.1893419027328491,wet,1
2024-12-01,12,NL125,Zuidwest-Friesland,Freshwater Ecosystem Degradation,0,0.1480274979399199,0.9064917862415314,near_normal,1
2025-01-01,1,NL125,Zuidwest-Friesland,Freshwater Ecosystem Degradation,0,0.1775936518512373,0.7681446671485901,near_normal,1
2025-02-01,2,NL125,Zuidwest-Friesland,Freshwater Ecosystem Degradation,0,0.21839201946244335,0.15459422394633293,near_normal,1
2025-03-01,3,NL125,Zuidwest-Friesland,Freshwater Ecosystem Degradation,1,0.4128435307827711,-0.20276711881160736,near_normal,1
2025-04-01,4,NL125,Zuidwest-Friesland,Freshwater Ecosystem Degradation,0,0.41252144875432134,-0.842517763376236,near_normal,1
2025-05-01,5,NL125,Zuidwest-Friesland,Freshwater Ecosystem Degradation,0,0.6258261973572902,-1.0782914757728577,dry,1
2025-06-01,6,NL125,Zuidwest-Friesland,Freshwater Ecosystem Degradation,0,0.46801855366176914,-1.1937094926834106,dry,1
2025-07-01,7,NL125,Zuidwest-Friesland,Freshwater Ecosystem Degradation,0,0.43560441309223874,-1.2997994422912598,dry,1
2025-08-01,8,NL125,Zuidwest-Friesland,Freshwater Ecosystem Degradation,0,0.4742621768389225,-1.5020229816436768,dry,1
2025-09-01,9,NL125,Zuidwest-Friesland,Freshwater Ecosystem Degradation,0,0.27069787682255614,-1.550790548324585,dry,1
2024-01-01,1,NL126,Zuidoost-Friesland,Freshwater Ecosystem Degradation,0,0.13520447727926077,1.545999010403951,wet,1
2024-03-01,3,NL126,Zuidoost-Friesland,Freshwater Ecosystem Degradation,1,0.31251041032839694,1.5629839499791462,wet,1
2024-04-01,4,NL126,Zuidoost-Friesland,Freshwater Ecosystem Degradation,0,0.3259406934196292,1.7216502825419109,wet,1
2024-05-01,5,NL126,Zuidoost-Friesland,Freshwater Ecosystem Degradation,0,0.5266171698227937,2.123636484146118,wet,1
2024-06-01,6,NL126,Zuidoost-Friesland,Freshwater Ecosystem Degradation,0,0.5427081284016584,2.8139727115631104,wet,1
2024-07-01,7,NL126,Zuidoost-Friesland,Freshwater Ecosystem Degradation,0,0.48401332045743917,2.4634934266408286,wet,1
2024-08-01,8,NL126,Zuidoost-Friesland,Freshwater Ecosystem Degradation,0,0.4355939070980558,2.2954910596211753,wet,1
2024-09-01,9,NL126,Zuidoost-Friesland,Freshwater Ecosystem Degradation,0,0.3738296348794345,2.6972495714823403,wet,1
2024-10-01,10,NL126,Zuidoost-Friesland,Freshwater Ecosystem Degradation,0,0.2189241729860761,1.9253834088643391,wet,1
2024-11-01,11,NL126,Zuidoost-Friesland,Freshwater Ecosystem Degradation,0,0.18617319614862138,1.4363560279210408,wet,1
2024-12-01,12,NL126,Zuidoost-Friesland,Freshwater Ecosystem Degradation,0,0.13735124664929851,1.123047669728597,wet,1
2025-01-01,1,NL126,Zuidoost-Friesland,Freshwater Ecosystem Degradation,0,0.15432325971810354,1.0151313543319702,wet,1
2025-02-01,2,NL126,Zuidoost-Friesland,Freshwater Ecosystem Degradation,0,0.19289689005895833,0.39727561672528583,near_normal,1
2025-03-01,3,NL126,Zuidoost-Friesland,Freshwater Ecosystem Degradation,1,0.331243634714145,0.04762745307137569,near_normal,1
2025-04-01,4,NL126,Zuidoost-Friesland,Freshwater Ecosystem Degradation,0,0.4075726559459933,-0.49264203508694965,near_normal,1
2025-05-01,5,NL126,Zuidoost-Friesland,Freshwater Ecosystem Degradation,1,0.6015749293510257,-0.9436053037643433,near_normal,1
2025-06-01,6,NL126,Zuidoost-Friesland,Freshwater Ecosystem Degradation,0,0.48011522823822544,-1.055333097775777,dry,1
2025-07-01,7,NL126,Zuidoost-Friesland,Freshwater Ecosystem Degradation,0,0.42792636569793546,-1.1487988233566284,dry,1
2025-08-01,8,NL126,Zuidoost-Friesland,Freshwater Ecosystem Degradation,0,0.5288205973921379,-1.3487204710642497,dry,1
2025-09-01,9,NL126,Zuidoost-Friesland,Freshwater Ecosystem Degradation,0,0.24787769845054444,-1.5328909953435261,dry,1
2024-01-01,1,NL131,Noord-Drenthe,Freshwater Ecosystem Degradation,0,0.21077168342714342,1.625184416770935,wet,1
2024-02-01,2,NL131,Noord-Drenthe,Freshwater Ecosystem Degradation,0,0.23802250782707735,1.908049762248993,wet,1
2024-03-01,3,NL131,Noord-Drenthe,Freshwater Ecosystem Degradation,0,0.42724818306141793,1.6074219346046448,wet,1
2024-04-01,4,NL131,Noord-Drenthe,Freshwater Ecosystem Degradation,1,0.46098128629740676,1.7808722257614136,wet,1
2024-05-01,5,NL131,Noord-Drenthe,Freshwater Ecosystem Degradation,0,0.6614049607406758,2.125525951385498,wet,1
2024-06-01,6,NL131,Noord-Drenthe,Freshwater Ecosystem Degradation,0,0.6059530883015588,2.8354954719543457,wet,1
2024-07-01,7,NL131,Noord-Drenthe,Freshwater Ecosystem Degradation,1,0.5935150067789656,2.568251371383667,wet,1
2024-08-01,8,NL131,Noord-Drenthe,Freshwater Ecosystem Degradation,1,0.5531596223531225,2.437190890312195,wet,1
2024-09-01,9,NL131,Noord-Drenthe,Freshwater Ecosystem Degradation,0,0.508204930019031,2.765575647354126,wet,1
2024-10-01,10,NL131,Noord-Drenthe,Freshwater Ecosystem Degradation,0,0.32296553180919846,1.9603742957115173,wet,1
2024-11-01,11,NL131,Noord-Drenthe,Freshwater Ecosystem Degradation,0,0.27058516463587823,1.541092872619629,wet,1
2024-12-01,12,NL131,Noord-Drenthe,Freshwater Ecosystem Degradation,0,0.20941806589573175,1.1613088250160217,wet,1
2025-01-01,1,NL131,Noord-Drenthe,Freshwater Ecosystem Degradation,0,0.23819356949103704,1.0562910437583923,wet,1
2025-02-01,2,NL131,Noord-Drenthe,Freshwater Ecosystem Degradation,0,0.269078517518396,0.4693644195795059,near_normal,1
2025-03-01,3,NL131,Noord-Drenthe,Freshwater Ecosystem Degradation,0,0.4278367768310904,0.14078162051737309,near_normal,1
2025-04-01,4,NL131,Noord-Drenthe,Freshwater Ecosystem Degradation,0,0.5311219781456913,-0.37382109463214874,near_normal,1
2025-05-01,5,NL131,Noord-Drenthe,Freshwater Ecosystem Degradation,0,0.7005074351832168,-0.8759167492389679,near_normal,1
2025-06-01,6,NL131,Noord-Drenthe,Freshwater Ecosystem Degradation,0,0.6080964796587979,-0.9764733612537384,near_normal,1
2025-07-01,7,NL131,Noord-Drenthe,Freshwater Ecosystem Degradation,0,0.5380313240272658,-1.0990380644798279,dry,1
2025-08-01,8,NL131,Noord-Drenthe,Freshwater Ecosystem Degradation,0,0.633842649361464,-1.2489697933197021,dry,1
2025-09-01,9,NL131,Noord-Drenthe,Freshwater Ecosystem Degradation,0,0.34994950386405854,-1.4132501482963562,dry,1
2024-01-01,1,NL132,Zuidoost-Drenthe,Freshwater Ecosystem Degradation,0,0.1051918005338456,1.862620234489441,wet,1
2024-02-01,2,NL132,Zuidoost-Drenthe,Freshwater Ecosystem Degradation,0,0.1319182744422258,2.074225902557373,wet,1
2024-03-01,3,NL132,Zuidoost-Drenthe,Freshwater Ecosystem Degradation,0,0.2670239915077529,1.7616868019104004,wet,1
2024-04-01,4,NL132,Zuidoost-Drenthe,Freshwater Ecosystem Degradation,0,0.2888972922499777,1.9577404260635376,wet,1
2024-05-01,5,NL132,Zuidoost-Drenthe,Freshwater Ecosystem Degradation,0,0.49036819515912705,2.271449089050293,wet,1
2024-06-01,6,NL132,Zuidoost-Drenthe,Freshwater Ecosystem Degradation,0,0.3993375338197416,2.8965072631835938,wet,1
2024-07-01,7,NL132,Zuidoost-Drenthe,Freshwater Ecosystem Degradation,0,0.37453027089627344,2.828998327255249,wet,1
2024-08-01,8,NL132,Zuidoost-Drenthe,Freshwater Ecosystem Degradation,0,0.35349308582322203,2.8166348934173584,wet,1
2024-09-01,9,NL132,Zuidoost-Drenthe,Freshwater Ecosystem Degradation,0,0.3077314171587721,3.1048576831817627,wet,1
2024-10-01,10,NL132,Zuidoost-Drenthe,Freshwater Ecosystem Degradation,0,0.17780413173227416,2.167729139328003,wet,1
2024-11-01,11,NL132,Zuidoost-Drenthe,Freshwater Ecosystem Degradation,0,0.14133992435135853,1.7443439960479736,wet,1
2024-12-01,12,NL132,Zuidoost-Drenthe,Freshwater Ecosystem Degradation,0,0.10067254107961532,1.2934812307357788,wet,1
2025-01-01,1,NL132,Zuidoost-Drenthe,Freshwater Ecosystem Degradation,0,0.11633667498512755,1.196232557296753,wet,1
2025-02-01,2,NL132,Zuidoost-Drenthe,Freshwater Ecosystem Degradation,0,0.13445225294523325,0.622021496295929,near_normal,1
2025-03-01,3,NL132,Zuidoost-Drenthe,Freshwater Ecosystem Degradation,0,0.3150256122917088,0.29568547010421753,near_normal,1
2025-04-01,4,NL132,Zuidoost-Drenthe,Freshwater Ecosystem Degradation,0,0.30558004879644973,-0.27435654401779175,near_normal,1
2025-05-01,5,NL132,Zuidoost-Drenthe,Freshwater Ecosystem Degradation,0,0.5042747339665103,-0.8413411974906921,near_normal,1
2025-06-01,6,NL132,Zuidoost-Drenthe,Freshwater Ecosystem Degradation,0,0.41348468313326353,-0.9112480282783508,near_normal,1
2025-07-01,7,NL132,Zuidoost-Drenthe,Freshwater Ecosystem Degradation,0,0.3026294972786805,-1.104096531867981,dry,1
2025-08-01,8,NL132,Zuidoost-Drenthe,Freshwater Ecosystem Degradation,0,0.416970150092583,-1.2686371803283691,dry,1
2025-09-01,9,NL132,Zuidoost-Drenthe,Freshwater Ecosystem Degradation,0,0.18465533138192894,-1.3522844314575195,dry,1
2024-01-01,1,NL133,Zuidwest-Drenthe,Freshwater Ecosystem Degradation,0,0.15250022648742637,1.72472482919693,wet,1
2024-02-01,2,NL133,Zuidwest-Drenthe,Freshwater Ecosystem Degradation,0,0.18666585124448135,2.0366421341896057,wet,1
2024-03-01,3,NL133,Zuidwest-Drenthe,Freshwater Ecosystem Degradation,0,0.3313527787987267,1.7058511972427368,wet,1
2024-04-01,4,NL133,Zuidwest-Drenthe,Freshwater Ecosystem Degradation,0,0.37198785037551324,1.8357419967651367,wet,1
2024-05-01,5,NL133,Zuidwest-Drenthe,Freshwater Ecosystem Degradation,0,0.5813646581004053,2.266860604286194,wet,1
2024-06-01,6,NL133,Zuidwest-Drenthe,Freshwater Ecosystem Degradation,1,0.5242405128384912,2.907911777496338,wet,1
2024-07-01,7,NL133,Zuidwest-Drenthe,Freshwater Ecosystem Degradation,0,0.49271684129989823,2.7513095140457153,wet,1
2024-08-01,8,NL133,Zuidwest-Drenthe,Freshwater Ecosystem Degradation,0,0.4604766191397097,2.632028818130493,wet,1
2024-09-01,9,NL133,Zuidwest-Drenthe,Freshwater Ecosystem Degradation,0,0.39019915208414135,3.0397181510925293,wet,1
2024-10-01,10,NL133,Zuidwest-Drenthe,Freshwater Ecosystem Degradation,0,0.2526642243691481,2.1555556058883667,wet,1
2024-11-01,11,NL133,Zuidwest-Drenthe,Freshwater Ecosystem Degradation,0,0.2035700961943573,1.7173022627830505,wet,1
2024-12-01,12,NL133,Zuidwest-Drenthe,Freshwater Ecosystem Degradation,0,0.15710624885077035,1.3606191873550415,wet,1
2025-01-01,1,NL133,Zuidwest-Drenthe,Freshwater Ecosystem Degradation,0,0.14992771018499096,1.2867012023925781,wet,1
2025-02-01,2,NL133,Zuidwest-Drenthe,Freshwater Ecosystem Degradation,0,0.19805361719370299,0.6509714722633362,near_normal,1
2025-03-01,3,NL133,Zuidwest-Drenthe,Freshwater Ecosystem Degradation,0,0.37623459458275205,0.2719087675213814,near_normal,1
2025-04-01,4,NL133,Zuidwest-Drenthe,Freshwater Ecosystem Degradation,0,0.3986923047305279,-0.26466917246580124,near_normal,1
2025-05-01,5,NL133,Zuidwest-Drenthe,Freshwater Ecosystem Degradation,0,0.5936593396306019,-0.8783625960350037,near_normal,1
2025-06-01,6,NL133,Zuidwest-Drenthe,Freshwater Ecosystem Degradation,0,0.5152180330292623,-0.9638475477695465,near_normal,1
2025-07-01,7,NL133,Zuidwest-Drenthe,Freshwater Ecosystem Degradation,0,0.4352107317376203,-1.0526711344718933,dry,1
2025-08-01,8,NL133,Zuidwest-Drenthe,Freshwater Ecosystem Degradation,0,0.5697062360644402,-1.2207630276679993,dry,1
2025-09-01,9,NL133,Zuidwest-Drenthe,Freshwater Ecosystem Degradation,0,0.26866062347417086,-1.363072395324707,dry,1
2024-01-01,1,NL211,Noord-Overijssel,Freshwater Ecosystem Degradation,0,0.23652900477102912,1.8030700087547302,wet,1
2024-02-01,2,NL211,Noord-Overijssel,Freshwater Ecosystem Degradation,0,0.29337908525101025,2.1056063175201416,wet,1
2024-03-01,3,NL211,Noord-Overijssel,Freshwater Ecosystem Degradation,0,0.41805253614126897,1.7778285145759583,wet,1
2024-04-01,4,NL211,Noord-Overijssel,Freshwater Ecosystem Degradation,0,0.5103903140357489,1.8979318737983704,wet,1
2024-05-01,5,NL211,Noord-Overijssel,Freshwater Ecosystem Degradation,0,0.7078856766918334,2.330261468887329,wet,1
2024-06-01,6,NL211,Noord-Overijssel,Freshwater Ecosystem Degradation,0,0.6650992447757199,2.892736077308655,wet,1
2024-07-01,7,NL211,Noord-Overijssel,Freshwater Ecosystem Degradation,0,0.5929687894205623,2.926464080810547,wet,1
2024-08-01,8,NL211,Noord-Overijssel,Freshwater Ecosystem Degradation,0,0.5830331430248903,2.801928162574768,wet,1
2024-09-01,9,NL211,Noord-Overijssel,Freshwater Ecosystem Degradation,0,0.5300345288832489,3.1640535593032837,wet,1
2024-10-01,10,NL211,Noord-Overijssel,Freshwater Ecosystem Degradation,0,0.3703925232331772,2.2690484523773193,wet,1
2024-11-01,11,NL211,Noord-Overijssel,Freshwater Ecosystem Degradation,1,0.31040105284937375,1.8291608691215515,wet,1
2024-12-01,12,NL211,Noord-Overijssel,Freshwater Ecosystem Degradation,0,0.24486650779979247,1.4506611824035645,wet,1
2025-01-01,1,NL211,Noord-Overijssel,Freshwater Ecosystem Degradation,0,0.2690645342709327,1.3931864500045776,wet,1
2025-02-01,2,NL211,Noord-Overijssel,Freshwater Ecosystem Degradation,0,0.2918326009389171,0.753440797328949,near_normal,1
2025-03-01,3,NL211,Noord-Overijssel,Freshwater Ecosystem Degradation,1,0.4775539991372538,0.3611278682947159,near_normal,1
2025-04-01,4,NL211,Noord-Overijssel,Freshwater Ecosystem Degradation,0,0.534631176581946,-0.20052483677864075,near_normal,1
2025-05-01,5,NL211,Noord-Overijssel,Freshwater Ecosystem Degradation,0,0.7244653452433786,-0.8454030454158783,near_normal,1
2025-06-01,6,NL211,Noord-Overijssel,Freshwater Ecosystem Degradation,1,0.656482903344154,-0.9478132128715515,near_normal,1
2025-07-01,7,NL211,Noord-Overijssel,Freshwater Ecosystem Degradation,1,0.5631965063032369,-1.0653294920921326,dry,1
2025-08-01,8,NL211,Noord-Overijssel,Freshwater Ecosystem Degradation,0,0.6373178679395486,-1.2702912092208862,dry,1
2025-09-01,9,NL211,Noord-Overijssel,Freshwater Ecosystem Degradation,0,0.3789311338488844,-1.3825294971466064,dry,1
2024-01-01,1,NL212,Zuidwest-Overijssel,Freshwater Ecosystem Degradation,0,0.4627426997499403,1.8292285203933716,wet,1
2024-02-01,2,NL212,Zuidwest-Overijssel,Freshwater Ecosystem Degradation,0,0.5511444586684268,2.213228702545166,wet,1
2024-03-01,3,NL212,Zuidwest-Overijssel,Freshwater Ecosystem Degradation,1,0.665180403853061,1.849002480506897,wet,1
2024-04-01,4,NL212,Zuidwest-Overijssel,Freshwater Ecosystem Degradation,0,0.7518312222088647,1.9571956396102905,wet,1
2024-05-01,5,NL212,Zuidwest-Overijssel,Freshwater Ecosystem Degradation,0,0.8830187422063368,2.3873307704925537,wet,1
2024-06-01,6,NL212,Zuidwest-Overijssel,Freshwater Ecosystem Degradation,0,0.8561607091066715,2.8320765495300293,wet,1
2024-07-01,7,NL212,Zuidwest-Overijssel,Freshwater Ecosystem Degradation,0,0.8103373691731756,3.2399985790252686,wet,1
2024-08-01,8,NL212,Zuidwest-Overijssel,Freshwater Ecosystem Degradation,0,0.8103106697783427,2.890531063079834,wet,1
2024-09-01,9,NL212,Zuidwest-Overijssel,Freshwater Ecosystem Degradation,0,0.7623195900588928,3.281804084777832,wet,1
2024-10-01,10,NL212,Zuidwest-Overijssel,Freshwater Ecosystem Degradation,0,0.6411440241423672,2.341593027114868,wet,1
2024-11-01,11,NL212,Zuidwest-Overijssel,Freshwater Ecosystem Degradation,0,0.5673401299691747,1.9496963024139404,wet,1
2024-12-01,12,NL212,Zuidwest-Overijssel,Freshwater Ecosystem Degradation,0,0.4678706567205297,1.6000728607177734,wet,1
2025-01-01,1,NL212,Zuidwest-Overijssel,Freshwater Ecosystem Degradation,0,0.49211336631497427,1.6217764616012573,wet,1
2025-02-01,2,NL212,Zuidwest-Overijssel,Freshwater Ecosystem Degradation,0,0.5344209657926343,0.9912475943565369,near_normal,1
2025-03-01,3,NL212,Zuidwest-Overijssel,Freshwater Ecosystem Degradation,0,0.7182838786891146,0.5870882868766785,near_normal,1
2025-04-01,4,NL212,Zuidwest-Overijssel,Freshwater Ecosystem Degradation,0,0.7519345781106593,-0.03741263225674629,near_normal,1
2025-05-01,5,NL212,Zuidwest-Overijssel,Freshwater Ecosystem Degradation,0,0.8862017137821784,-0.7523486614227295,near_normal,1
2025-06-01,6,NL212,Zuidwest-Overijssel,Freshwater Ecosystem Degradation,0,0.8289480413591028,-0.9098113179206848,near_normal,1
2025-07-01,7,NL212,Zuidwest-Overijssel,Freshwater Ecosystem Degradation,0,0.7736933816747542,-1.0562019348144531,dry,1
2025-08-01,8,NL212,Zuidwest-Overijssel,Freshwater Ecosystem Degradation,0,0.8227801976876032,-1.332362413406372,dry,1
2025-09-01,9,NL212,Zuidwest-Overijssel,Freshwater Ecosystem Degradation,0,0.6592104311163223,-1.4136707782745361,dry,1
2024-01-01,1,NL213,Twente,Freshwater Ecosystem Degradation,0,0.5041255115432933,1.7741056680679321,wet,1
2024-02-01,2,NL213,Twente,Freshwater Ecosystem Degradation,0,0.5952350243261213,2.1074114640553794,wet,1
2024-03-01,3,NL213,Twente,Freshwater Ecosystem Degradation,0,0.7347586936086447,1.7495448191960652,wet,1
2024-04-01,4,NL213,Twente,Freshwater Ecosystem Degradation,0,0.7831478109788418,1.8394211530685425,wet,1
2024-05-01,5,NL213,Twente,Freshwater Ecosystem Degradation,0,0.8985006049189779,2.2049256960550943,wet,1
2024-06-01,6,NL213,Twente,Freshwater Ecosystem Degradation,0,0.8751749830797331,2.5858238538106284,wet,1
2024-07-01,7,NL213,Twente,Freshwater Ecosystem Degradation,0,0.8190745087732801,2.9343260129292807,wet,1
2024-08-01,8,NL213,Twente,Freshwater Ecosystem Degradation,0,0.8105977743150128,2.6960832277933755,wet,1
2024-09-01,9,NL213,Twente,Freshwater Ecosystem Degradation,0,0.7683084365496685,3.2426631450653076,wet,1
2024-10-01,10,NL213,Twente,Freshwater Ecosystem Degradation,0,0.6682108745382885,2.2757716178894043,wet,1
2024-11-01,11,NL213,Twente,Freshwater Ecosystem Degradation,1,0.5915667090351306,1.856828014055888,wet,1
2024-12-01,12,NL213,Twente,Freshwater Ecosystem Degradation,0,0.49909167866784143,1.449364145596822,wet,1
2025-01-01,1,NL213,Twente,Freshwater Ecosystem Degradation,0,0.5426689822269593,1.4633930921554565,wet,1
2025-02-01,2,NL213,Twente,Freshwater Ecosystem Degradation,0,0.5928447927426884,0.8273681799570719,near_normal,1
2025-03-01,3,NL213,Twente,Freshwater Ecosystem Degradation,0,0.8260055441067172,0.45466773708661395,near_normal,1
2025-04-01,4,NL213,Twente,Freshwater Ecosystem Degradation,0,0.7798519366610578,-0.08532259364922841,near_normal,1
2025-05-01,5,NL213,Twente,Freshwater Ecosystem Degradation,0,0.8996436766948004,-0.7380898396174113,near_normal,1
2025-06-01,6,NL213,Twente,Freshwater Ecosystem Degradation,1,0.868375268971321,-0.8258537650108337,near_normal,1
2025-07-01,7,NL213,Twente,Freshwater Ecosystem Degradation,0,0.813652425699352,-0.9453806678454081,near_normal,1
2025-08-01,8,NL213,Twente,Freshwater Ecosystem Degradation,0,0.8837717114100918,-1.2185680468877156,dry,1
2025-09-01,9,NL213,Twente,Freshwater Ecosystem Degradation,0,0.6734604179875725,-1.2572739521662395,dry,1
2024-01-01,1,NL221,Veluwe,Freshwater Ecosystem Degradation,0,0.5612249701415011,1.8073323965072632,wet,1
2024-02-01,2,NL221,Veluwe,Freshwater Ecosystem Degradation,0,0.605400441940196,2.2413116296132407,wet,1
2024-03-01,3,NL221,Veluwe,Freshwater Ecosystem Degradation,0,0.7238441995000372,1.8151774009068806,wet,1
2024-04-01,4,NL221,Veluwe,Freshwater Ecosystem Degradation,0,0.8170165620291535,2.02529247601827,wet,1
2024-05-01,5,NL221,Veluwe,Freshwater Ecosystem Degradation,0,0.9179203048840245,2.5431505044301352,wet,1
2024-06-01,6,NL221,Veluwe,Freshwater Ecosystem Degradation,0,0.9030991967631427,2.9275620778401694,wet,1
2024-07-01,7,NL221,Veluwe,Freshwater Ecosystem Degradation,0,0.8749117245062794,3.333141009012858,wet,1
2024-08-01,8,NL221,Veluwe,Freshwater Ecosystem Degradation,0,0.881690215701369,2.8060739040374756,wet,1
2024-09-01,9,NL221,Veluwe,Freshwater Ecosystem Degradation,0,0.8381895115537823,3.3057305812835693,wet,1
2024-10-01,10,NL221,Veluwe,Freshwater Ecosystem Degradation,0,0.7240627817053413,2.3737645149230957,wet,1
2024-11-01,11,NL221,Veluwe,Freshwater Ecosystem Degradation,0,0.6631544995105888,1.9296060800552368,wet,1
2024-12-01,12,NL221,Veluwe,Freshwater Ecosystem Degradation,0,0.5672225697428352,1.6137422720591228,wet,1
2025-01-01,1,NL221,Veluwe,Freshwater Ecosystem Degradation,0,0.5758925165223514,1.6722465356190999,wet,1
2025-02-01,2,NL221,Veluwe,Freshwater Ecosystem Degradation,0,0.6145931773679661,1.0694556037584941,wet,1
2025-03-01,3,NL221,Veluwe,Freshwater Ecosystem Degradation,0,0.8150919563142461,0.6522466341654459,near_normal,1
2025-04-01,4,NL221,Veluwe,Freshwater Ecosystem Degradation,1,0.8096417701907023,-0.03821267498036226,near_normal,1
2025-05-01,5,NL221,Veluwe,Freshwater Ecosystem Degradation,0,0.9143473465227642,-0.8415002226829529,near_normal,1
2025-06-01,6,NL221,Veluwe,Freshwater Ecosystem Degradation,0,0.8804267443402328,-0.9649274547894796,near_normal,1
2025-07-01,7,NL221,Veluwe,Freshwater Ecosystem Degradation,0,0.8335296173895419,-1.1212384700775146,dry,1
2025-08-01,8,NL221,Veluwe,Freshwater Ecosystem Degradation,0,0.8727774993871767,-1.4766345818837483,dry,1
2025-09-01,9,NL221,Veluwe,Freshwater Ecosystem Degradation,0,0.7036359215896949,-1.5261424779891968,dry,1
2024-01-01,1,NL224,Zuidwest-Gelderland,Freshwater Ecosystem Degradation,0,0.18812536851038364,1.685375452041626,wet,1
2024-02-01,2,NL224,Zuidwest-Gelderland,Freshwater Ecosystem Degradation,0,0.2186133030885932,2.1737860441207886,wet,1
2024-03-01,3,NL224,Zuidwest-Gelderland,Freshwater Ecosystem Degradation,0,0.35676959704493366,1.7497069239616394,wet,1
2024-04-01,4,NL224,Zuidwest-Gelderland,Freshwater Ecosystem Degradation,0,0.45344924546188375,2.014431595802307,wet,1
2024-05-01,5,NL224,Zuidwest-Gelderland,Freshwater Ecosystem Degradation,0,0.6665917484381949,2.511814832687378,wet,1
2024-06-01,6,NL224,Zuidwest-Gelderland,Freshwater Ecosystem Degradation,0,0.6516876592762564,2.8723764419555664,wet,1
2024-07-01,7,NL224,Zuidwest-Gelderland,Freshwater Ecosystem Degradation,0,0.5985542105717633,3.360319137573242,wet,1
2024-08-01,8,NL224,Zuidwest-Gelderland,Freshwater Ecosystem Degradation,0,0.6202612011746165,2.7078782320022583,wet,1
2024-09-01,9,NL224,Zuidwest-Gelderland,Freshwater Ecosystem Degradation,0,0.48708206673005466,3.562034487724304,wet,1
2024-10-01,10,NL224,Zuidwest-Gelderland,Freshwater Ecosystem Degradation,0,0.3680291034037246,2.6191734075546265,wet,1
2024-11-01,11,NL224,Zuidwest-Gelderland,Freshwater Ecosystem Degradation,1,0.30047851891541455,2.088479518890381,wet,1
2024-12-01,12,NL224,Zuidwest-Gelderland,Freshwater Ecosystem Degradation,0,0.204951005163051,1.848576307296753,wet,1
2025-01-01,1,NL224,Zuidwest-Gelderland,Freshwater Ecosystem Degradation,0,0.2147404524433016,1.9212733507156372,wet,1
2025-02-01,2,NL224,Zuidwest-Gelderland,Freshwater Ecosystem Degradation,0,0.22388507715360148,1.400187075138092,wet,1
2025-03-01,3,NL224,Zuidwest-Gelderland,Freshwater Ecosystem Degradation,0,0.5187338262521625,0.972754567861557,near_normal,1
2025-04-01,4,NL224,Zuidwest-Gelderland,Freshwater Ecosystem Degradation,0,0.43068668366425905,0.29149629175662994,near_normal,1
2025-05-01,5,NL224,Zuidwest-Gelderland,Freshwater Ecosystem Degradation,0,0.6762517201062207,-0.6283363997936249,near_normal,1
2025-06-01,6,NL224,Zuidwest-Gelderland,Freshwater Ecosystem Degradation,0,0.5932573026019166,-0.8211278021335602,near_normal,1
2025-07-01,7,NL224,Zuidwest-Gelderland,Freshwater Ecosystem Degradation,0,0.5008222823141306,-1.0137033462524414,dry,1
2025-08-01,8,NL224,Zuidwest-Gelderland,Freshwater Ecosystem Degradation,0,0.5237118760094769,-1.4959520101547241,dry,1
2025-09-01,9,NL224,Zuidwest-Gelderland,Freshwater Ecosystem Degradation,0,0.2891220785822777,-1.5776581168174744,dry,1
2024-01-01,1,NL225,Achterhoek,Freshwater Ecosystem Degradation,0,0.4098394579125895,1.805512011051178,wet,1
2024-02-01,2,NL225,Achterhoek,Freshwater Ecosystem Degradation,0,0.46933967973866475,2.2859821915626526,wet,1
2024-03-01,3,NL225,Achterhoek,Freshwater Ecosystem Degradation,0,0.5771749369367972,1.7744671404361725,wet,1
2024-04-01,4,NL225,Achterhoek,Freshwater Ecosystem Degradation,0,0.7154613643512003,1.8754302561283112,wet,1
2024-05-01,5,NL225,Achterhoek,Freshwater Ecosystem Degradation,0,0.8623489933802788,2.249455988407135,wet,1
2024-06-01,6,NL225,Achterhoek,Freshwater Ecosystem Degradation,0,0.8456641421909727,2.5028456449508667,wet,1
2024-07-01,7,NL225,Achterhoek,Freshwater Ecosystem Degradation,0,0.7771232593020126,2.9508511424064636,wet,1
2024-08-01,8,NL225,Achterhoek,Freshwater Ecosystem Degradation,0,0.7670918245878162,2.5167282819747925,wet,1
2024-09-01,9,NL225,Achterhoek,Freshwater Ecosystem Degradation,0,0.6987690684448369,3.3198123574256897,wet,1
2024-10-01,10,NL225,Achterhoek,Freshwater Ecosystem Degradation,0,0.5939059301000373,2.387208878993988,wet,1
2024-11-01,11,NL225,Achterhoek,Freshwater Ecosystem Degradation,0,0.5084271790845529,1.9416667819023132,wet,1
2024-12-01,12,NL225,Achterhoek,Freshwater Ecosystem Degradation,0,0.42115928361463073,1.5921784937381744,wet,1
2025-01-01,1,NL225,Achterhoek,Freshwater Ecosystem Degradation,0,0.453018148713516,1.7311365902423859,wet,1
2025-02-01,2,NL225,Achterhoek,Freshwater Ecosystem Degradation,0,0.49668697517700033,1.0746888369321823,wet,1
2025-03-01,3,NL225,Achterhoek,Freshwater Ecosystem Degradation,0,0.7445113324228421,0.6834009438753128,near_normal,1
2025-04-01,4,NL225,Achterhoek,Freshwater Ecosystem Degradation,1,0.7106964539242921,0.09695965144783258,near_normal,1
2025-05-01,5,NL225,Achterhoek,Freshwater Ecosystem Degradation,1,0.8682418048316923,-0.612250030040741,near_normal,1
2025-06-01,6,NL225,Achterhoek,Freshwater Ecosystem Degradation,0,0.8086801428717119,-0.7061386853456497,near_normal,1
2025-07-01,7,NL225,Achterhoek,Freshwater Ecosystem Degradation,0,0.7548777830031954,-0.8033000975847244,near_normal,1
2025-08-01,8,NL225,Achterhoek,Freshwater Ecosystem Degradation,0,0.8480061304982507,-1.172307550907135,dry,1
2025-09-01,9,NL225,Achterhoek,Freshwater Ecosystem Degradation,0,0.6134074752252465,-1.218297392129898,dry,1
2024-01-01,1,NL226,Arnhem/Nijmegen,Freshwater Ecosystem Degradation,0,0.30904436436749877,1.8382607301076253,wet,1
2024-02-01,2,NL226,Arnhem/Nijmegen,Freshwater Ecosystem Degradation,0,0.34222235015669517,2.3888396422068277,wet,1
2024-03-01,3,NL226,Arnhem/Nijmegen,Freshwater Ecosystem Degradation,0,0.469522381963552,1.8225633303324382,wet,1
2024-04-01,4,NL226,Arnhem/Nijmegen,Freshwater Ecosystem Degradation,0,0.6229751513632984,2.003558794657389,wet,1
2024-05-01,5,NL226,Arnhem/Nijmegen,Freshwater Ecosystem Degradation,0,0.8065529024902139,2.5283732414245605,wet,1
2024-06-01,6,NL226,Arnhem/Nijmegen,Freshwater Ecosystem Degradation,0,0.7839550385078281,2.8170496622721353,wet,1
2024-07-01,7,NL226,Arnhem/Nijmegen,Freshwater Ecosystem Degradation,0,0.7080032468917093,3.480062961578369,wet,1
2024-08-01,8,NL226,Arnhem/Nijmegen,Freshwater Ecosystem Degradation,0,0.7205852352467704,2.6924848556518555,wet,1
2024-09-01,9,NL226,Arnhem/Nijmegen,Freshwater Ecosystem Degradation,0,0.6100822313131975,3.6542739868164062,wet,1
2024-10-01,10,NL226,Arnhem/Nijmegen,Freshwater Ecosystem Degradation,0,0.511618327995925,2.6188717683156333,wet,1
2024-11-01,11,NL226,Arnhem/Nijmegen,Freshwater Ecosystem Degradation,0,0.4202428527491109,2.119877894719442,wet,1
2024-12-01,12,NL226,Arnhem/Nijmegen,Freshwater Ecosystem Degradation,0,0.31516681849410727,1.8100270827611287,wet,1
2025-01-01,1,NL226,Arnhem/Nijmegen,Freshwater Ecosystem Degradation,0,0.3382217549461389,1.9685104290644329,wet,1
2025-02-01,2,NL226,Arnhem/Nijmegen,Freshwater Ecosystem Degradation,0,0.3569396711609859,1.3947044213612874,wet,1
2025-03-01,3,NL226,Arnhem/Nijmegen,Freshwater Ecosystem Degradation,0,0.6040591335833998,0.9596504171689352,near_normal,1
2025-04-01,4,NL226,Arnhem/Nijmegen,Freshwater Ecosystem Degradation,1,0.5986026195511721,0.3398151993751526,near_normal,1
2025-05-01,5,NL226,Arnhem/Nijmegen,Freshwater Ecosystem Degradation,0,0.7824353326774824,-0.5684083700180054,near_normal,1
2025-06-01,6,NL226,Arnhem/Nijmegen,Freshwater Ecosystem Degradation,0,0.7294185274095627,-0.671301543712616,near_normal,1
2025-07-01,7,NL226,Arnhem/Nijmegen,Freshwater Ecosystem Degradation,1,0.6737531946880577,-0.846276581287384,near_normal,1
2025-08-01,8,NL226,Arnhem/Nijmegen,Freshwater Ecosystem Degradation,0,0.6906240050558152,-1.2885345220565796,dry,1
2025-09-01,9,NL226,Arnhem/Nijmegen,Freshwater Ecosystem Degradation,0,0.4948402336753889,-1.3259549935658772,dry,1
2024-01-01,1,NL230,Flevoland,Freshwater Ecosystem Degradation,0,0.20657272060027893,1.6810797452926636,wet,1
2024-02-01,2,NL230,Flevoland,Freshwater Ecosystem Degradation,0,0.25991892534762684,2.042652944723765,wet,1
2024-03-01,3,NL230,Flevoland,Freshwater Ecosystem Degradation,0,0.3545841018708399,1.7197583715120952,wet,1
2024-04-01,4,NL230,Flevoland,Freshwater Ecosystem Degradation,0,0.46500435565950815,1.9411502679189045,wet,1
2024-05-01,5,NL230,Flevoland,Freshwater Ecosystem Degradation,0,0.6612213661189221,2.439574877421061,wet,1
2024-06-01,6,NL230,Flevoland,Freshwater Ecosystem Degradation,0,0.647920176644031,2.9559825658798218,wet,1
2024-07-01,7,NL230,Flevoland,Freshwater Ecosystem Degradation,0,0.6251880043359108,2.801535407702128,wet,1
2024-08-01,8,NL230,Flevoland,Freshwater Ecosystem Degradation,0,0.5930664528130695,2.583793560663859,wet,1
2024-09-01,9,NL230,Flevoland,Freshwater Ecosystem Degradation,0,0.5363629889239383,2.821715792020162,wet,1
2024-10-01,10,NL230,Flevoland,Freshwater Ecosystem Degradation,0,0.35024709539917737,2.08377875884374,wet,1
2024-11-01,11,NL230,Flevoland,Freshwater Ecosystem Degradation,0,0.28846758253049165,1.6295397281646729,wet,1
2024-12-01,12,NL230,Flevoland,Freshwater Ecosystem Degradation,0,0.21729652710598732,1.3571658531824748,wet,1
2025-01-01,1,NL230,Flevoland,Freshwater Ecosystem Degradation,0,0.24246988703426242,1.31018461783727,wet,1
2025-02-01,2,NL230,Flevoland,Freshwater Ecosystem Degradation,0,0.2772034111457056,0.681924487153689,near_normal,1
2025-03-01,3,NL230,Flevoland,Freshwater Ecosystem Degradation,0,0.5400210664909351,0.25594955605144304,near_normal,1
2025-04-01,4,NL230,Flevoland,Freshwater Ecosystem Degradation,1,0.5008155740893883,-0.42615289986133575,near_normal,1
2025-05-01,5,NL230,Flevoland,Freshwater Ecosystem Degradation,0,0.6848508791017806,-1.02263805270195,dry,1
2025-06-01,6,NL230,Flevoland,Freshwater Ecosystem Degradation,0,0.6086087070670801,-1.1407394806543987,dry,1
2025-07-01,7,NL230,Flevoland,Freshwater Ecosystem Degradation,0,0.5218788285458492,-1.2951755126317341,dry,1
2025-08-01,8,NL230,Flevoland,Freshwater Ecosystem Degradation,0,0.5608944068498674,-1.5772170821825664,dry,1
2025-09-01,9,NL230,Flevoland,Freshwater Ecosystem Degradation,0,0.33975649812441205,-1.6643696029980977,dry,1
2024-01-01,1,NL310,Utrecht,Freshwater Ecosystem Degradation,1,0.3255133568591904,1.6331657965977986,wet,1
2024-02-01,2,NL310,Utrecht,Freshwater Ecosystem Degradation,0,0.367537278025572,2.060304045677185,wet,1
2024-03-01,3,NL310,Utrecht,Freshwater Ecosystem Degradation,0,0.494080383396437,1.6860721111297607,wet,1
2024-04-01,4,NL310,Utrecht,Freshwater Ecosystem Degradation,0,0.618785152664538,1.934793512026469,wet,1
2024-05-01,5,NL310,Utrecht,Freshwater Ecosystem Degradation,0,0.7945038982241086,2.4599483807881675,wet,1
2024-06-01,6,NL310,Utrecht,Freshwater Ecosystem Degradation,0,0.7906942006180593,2.8643977642059326,wet,1
2024-07-01,7,NL310,Utrecht,Freshwater Ecosystem Degradation,0,0.7692401900230088,2.9952971935272217,wet,1
2024-08-01,8,NL310,Utrecht,Freshwater Ecosystem Degradation,1,0.7738170197665195,2.573964277903239,wet,1
2024-09-01,9,NL310,Utrecht,Freshwater Ecosystem Degradation,0,0.684796544753939,2.949850559234619,wet,1
2024-10-01,10,NL310,Utrecht,Freshwater Ecosystem Degradation,0,0.5262545019985602,2.2675256729125977,wet,1
2024-11-01,11,NL310,Utrecht,Freshwater Ecosystem Degradation,0,0.4471763687717328,1.8243724505106609,wet,1
2024-12-01,12,NL310,Utrecht,Freshwater Ecosystem Degradation,1,0.3366065414063694,1.599138617515564,wet,1
2025-01-01,1,NL310,Utrecht,Freshwater Ecosystem Degradation,0,0.36351327744390566,1.6418602069218953,wet,1
2025-02-01,2,NL310,Utrecht,Freshwater Ecosystem Degradation,0,0.37946574468574434,1.0959928433100383,wet,1
2025-03-01,3,NL310,Utrecht,Freshwater Ecosystem Degradation,1,0.6999768682262774,0.6640455524126688,near_normal,1
2025-04-01,4,NL310,Utrecht,Freshwater Ecosystem Degradation,1,0.6301659719342988,-0.07301297783851624,near_normal,1
2025-05-01,5,NL310,Utrecht,Freshwater Ecosystem Degradation,0,0.8080899045143324,-0.8883529901504517,near_normal,1
2025-06-01,6,NL310,Utrecht,Freshwater Ecosystem Degradation,1,0.7357070454814273,-1.0327074925104778,dry,1
2025-07-01,7,NL310,Utrecht,Freshwater Ecosystem Degradation,0,0.6708204904691548,-1.170036753018697,dry,1
2025-08-01,8,NL310,Utrecht,Freshwater Ecosystem Degradation,0,0.6779850253866384,-1.5849626461664836,dry,1
2025-09-01,9,NL310,Utrecht,Freshwater Ecosystem Degradation,0,0.4411456221495025,-1.695322314898173,dry,1
2024-01-01,1,NL321,Kop van Noord-Holland,Freshwater Ecosystem Degradation,0,0.1950368870666117,1.6329838037490845,wet,1
2024-02-01,2,NL321,Kop van Noord-Holland,Freshwater Ecosystem Degradation,0,0.22952823222464988,1.9536860883235931,wet,1
2024-03-01,3,NL321,Kop van Noord-Holland,Freshwater Ecosystem Degradation,0,0.3572717548088575,1.7587225437164307,wet,1
2024-04-01,4,NL321,Kop van Noord-Holland,Freshwater Ecosystem Degradation,0,0.4256728404471056,2.091783583164215,wet,1
2024-05-01,5,NL321,Kop van Noord-Holland,Freshwater Ecosystem Degradation,1,0.6057180487603078,2.2810864448547363,wet,1
2024-06-01,6,NL321,Kop van Noord-Holland,Freshwater Ecosystem Degradation,0,0.6670675088601915,2.7499186396598816,wet,1
2024-07-01,7,NL321,Kop van Noord-Holland,Freshwater Ecosystem Degradation,0,0.6335210800810491,2.32273006439209,wet,1
2024-08-01,8,NL321,Kop van Noord-Holland,Freshwater Ecosystem Degradation,0,0.5933406653255762,2.314435124397278,wet,1
2024-09-01,9,NL321,Kop van Noord-Holland,Freshwater Ecosystem Degradation,0,0.47553145477276904,2.3948420882225037,wet,1
2024-10-01,10,NL321,Kop van Noord-Holland,Freshwater Ecosystem Degradation,0,0.29615473349876625,1.7925672829151154,wet,1
2024-11-01,11,NL321,Kop van Noord-Holland,Freshwater Ecosystem Degradation,0,0.2526088262658959,1.154409036040306,wet,1
2024-12-01,12,NL321,Kop van Noord-Holland,Freshwater Ecosystem Degradation,0,0.19545347715435674,0.8799158334732056,near_normal,1
2025-01-01,1,NL321,Kop van Noord-Holland,Freshwater Ecosystem Degradation,0,0.24487255886303896,0.7503800988197327,near_normal,1
2025-02-01,2,NL321,Kop van Noord-Holland,Freshwater Ecosystem Degradation,0,0.2687620681052437,0.1837369699496776,near_normal,1
2025-03-01,3,NL321,Kop van Noord-Holland,Freshwater Ecosystem Degradation,0,0.47728907075282995,-0.19919294212013483,near_normal,1
2025-04-01,4,NL321,Kop van Noord-Holland,Freshwater Ecosystem Degradation,0,0.49876910175146394,-0.8529584109783173,near_normal,1
2025-05-01,5,NL321,Kop van Noord-Holland,Freshwater Ecosystem Degradation,0,0.6968428196961581,-1.0707411617040634,dry,1
2025-06-01,6,NL321,Kop van Noord-Holland,Freshwater Ecosystem Degradation,0,0.5582533302146101,-1.2265169620513916,dry,1
2025-07-01,7,NL321,Kop van Noord-Holland,Freshwater Ecosystem Degradation,1,0.5056874282506234,-1.3985914885997772,dry,1
2025-08-01,8,NL321,Kop van Noord-Holland,Freshwater Ecosystem Degradation,0,0.5124955687173904,-1.6699672937393188,dry,1
2025-09-01,9,NL321,Kop van Noord-Holland,Freshwater Ecosystem Degradation,0,0.3191528107635346,-1.6399725377559662,dry,1
2024-01-01,1,NL323,IJmond,Freshwater Ecosystem Degradation,0,0.17531048673474878,1.7469192743301392,wet,1
2024-02-01,2,NL323,IJmond,Freshwater Ecosystem Degradation,0,0.20293426653338814,1.9654667377471924,wet,1
2024-03-01,3,NL323,IJmond,Freshwater Ecosystem Degradation,0,0.2900223657509189,1.801576018333435,wet,1
2024-04-01,4,NL323,IJmond,Freshwater Ecosystem Degradation,0,0.4148577556457572,2.1092770099639893,wet,1
2024-05-01,5,NL323,IJmond,Freshwater Ecosystem Degradation,0,0.576716624347149,2.3961286544799805,wet,1
2024-06-01,6,NL323,IJmond,Freshwater Ecosystem Degradation,0,0.6308929928504204,2.795001268386841,wet,1
2024-07-01,7,NL323,IJmond,Freshwater Ecosystem Degradation,0,0.6236821074556963,2.374518632888794,wet,1
2024-08-01,8,NL323,IJmond,Freshwater Ecosystem Degradation,0,0.510479739229003,2.4498143196105957,wet,1
2024-09-01,9,NL323,IJmond,Freshwater Ecosystem Degradation,0,0.4525171022967099,2.5644779205322266,wet,1
2024-10-01,10,NL323,IJmond,Freshwater Ecosystem Degradation,0,0.29487404266598305,2.1055748462677,wet,1
2024-11-01,11,NL323,IJmond,Freshwater Ecosystem Degradation,0,0.22240740877061965,1.2876315116882324,wet,1
2024-12-01,12,NL323,IJmond,Freshwater Ecosystem Degradation,0,0.1684745424692298,1.054290771484375,wet,1
2025-01-01,1,NL323,IJmond,Freshwater Ecosystem Degradation,0,0.21265594761087475,0.9302926659584045,near_normal,1
2025-02-01,2,NL323,IJmond,Freshwater Ecosystem Degradation,1,0.2294913363115687,0.3864094913005829,near_normal,1
2025-03-01,3,NL323,IJmond,Freshwater Ecosystem Degradation,0,0.6002754786470352,-0.0300010796636343,near_normal,1
2025-04-01,4,NL323,IJmond,Freshwater Ecosystem Degradation,0,0.445847234092445,-0.679432213306427,near_normal,1
2025-05-01,5,NL323,IJmond,Freshwater Ecosystem Degradation,0,0.6730116856749696,-1.0121432542800903,dry,1
2025-06-01,6,NL323,IJmond,Freshwater Ecosystem Degradation,0,0.5788014658294407,-1.1519043445587158,dry,1
2025-07-01,7,NL323,IJmond,Freshwater Ecosystem Degradation,1,0.4787771865648946,-1.336739182472229,dry,1
2025-08-01,8,NL323,IJmond,Freshwater Ecosystem Degradation,0,0.5008563619064621,-1.6172122955322266,dry,1
2025-09-01,9,NL323,IJmond,Freshwater Ecosystem Degradation,0,0.2919233703829609,-1.5776567459106445,dry,1
2024-01-01,1,NL324,Agglomeratie Haarlem,Freshwater Ecosystem Degradation,0,0.22250393315308553,1.647356390953064,wet,1
2024-02-01,2,NL324,Agglomeratie Haarlem,Freshwater Ecosystem Degradation,0,0.2626120012477102,1.945382833480835,wet,1
2024-03-01,3,NL324,Agglomeratie Haarlem,Freshwater Ecosystem Degradation,0,0.39559934990496765,1.7071410417556763,wet,1
2024-04-01,4,NL324,Agglomeratie Haarlem,Freshwater Ecosystem Degradation,0,0.48920801678367215,1.988879919052124,wet,1
2024-05-01,5,NL324,Agglomeratie Haarlem,Freshwater Ecosystem Degradation,0,0.6697814939292497,2.4034242630004883,wet,1
2024-06-01,6,NL324,Agglomeratie Haarlem,Freshwater Ecosystem Degradation,0,0.6904671032480594,2.8238632678985596,wet,1
2024-07-01,7,NL324,Agglomeratie Haarlem,Freshwater Ecosystem Degradation,0,0.7062672587809684,2.4710593223571777,wet,1
2024-08-01,8,NL324,Agglomeratie Haarlem,Freshwater Ecosystem Degradation,0,0.6172276206475426,2.520214796066284,wet,1
2024-09-01,9,NL324,Agglomeratie Haarlem,Freshwater Ecosystem Degradation,0,0.5609506021204423,2.598809242248535,wet,1
2024-10-01,10,NL324,Agglomeratie Haarlem,Freshwater Ecosystem Degradation,0,0.3847777189910583,2.1641006469726562,wet,1
2024-11-01,11,NL324,Agglomeratie Haarlem,Freshwater Ecosystem Degradation,0,0.3028972799299955,1.519848108291626,wet,1
2024-12-01,12,NL324,Agglomeratie Haarlem,Freshwater Ecosystem Degradation,0,0.22553203660225887,1.3313369750976562,wet,1
2025-01-01,1,NL324,Agglomeratie Haarlem,Freshwater Ecosystem Degradation,0,0.2769992976816068,1.2478913068771362,wet,1
2025-02-01,2,NL324,Agglomeratie Haarlem,Freshwater Ecosystem Degradation,0,0.3009876117328426,0.668552577495575,near_normal,1
2025-03-01,3,NL324,Agglomeratie Haarlem,Freshwater Ecosystem Degradation,1,0.6843822232663993,0.24341583251953125,near_normal,1
2025-04-01,4,NL324,Agglomeratie Haarlem,Freshwater Ecosystem Degradation,0,0.5289611522927988,-0.45443814992904663,near_normal,1
2025-05-01,5,NL324,Agglomeratie Haarlem,Freshwater Ecosystem Degradation,0,0.7402023975412808,-0.9552810192108154,near_normal,1
2025-06-01,6,NL324,Agglomeratie Haarlem,Freshwater Ecosystem Degradation,0,0.6599286290567786,-1.0814781188964844,dry,1
2025-07-01,7,NL324,Agglomeratie Haarlem,Freshwater Ecosystem Degradation,1,0.5609549075309441,-1.2436511516571045,dry,1
2025-08-01,8,NL324,Agglomeratie Haarlem,Freshwater Ecosystem Degradation,0,0.5528514739694912,-1.534304141998291,dry,1
2025-09-01,9,NL324,Agglomeratie Haarlem,Freshwater Ecosystem Degradation,0,0.3262389218034238,-1.641973853111267,dry,1
2024-01-01,1,NL325,Zaanstreek,Freshwater Ecosystem Degradation,0,0.17983118394516706,1.6169030666351318,wet,1
2024-02-01,2,NL325,Zaanstreek,Freshwater Ecosystem Degradation,0,0.19994907479897567,1.957419753074646,wet,1
2024-03-01,3,NL325,Zaanstreek,Freshwater Ecosystem Degradation,0,0.27918617184781325,1.6453285217285156,wet,1
2024-04-01,4,NL325,Zaanstreek,Freshwater Ecosystem Degradation,0,0.40963094234496106,1.9042351245880127,wet,1
2024-05-01,5,NL325,Zaanstreek,Freshwater Ecosystem Degradation,0,0.5780754005407471,2.3876869678497314,wet,1
2024-06-01,6,NL325,Zaanstreek,Freshwater Ecosystem Degradation,0,0.6185651589139644,2.875868558883667,wet,1
2024-07-01,7,NL325,Zaanstreek,Freshwater Ecosystem Degradation,0,0.6125350299759833,2.6098756790161133,wet,1
2024-08-01,8,NL325,Zaanstreek,Freshwater Ecosystem Degradation,0,0.5832249420968383,2.4586730003356934,wet,1
2024-09-01,9,NL325,Zaanstreek,Freshwater Ecosystem Degradation,0,0.4703395461810208,2.6439425945281982,wet,1
2024-10-01,10,NL325,Zaanstreek,Freshwater Ecosystem Degradation,0,0.29100952671954783,2.0523898601531982,wet,1
2024-11-01,11,NL325,Zaanstreek,Freshwater Ecosystem Degradation,0,0.24197113416142407,1.5562342405319214,wet,1
2024-12-01,12,NL325,Zaanstreek,Freshwater Ecosystem Degradation,0,0.17944950984750355,1.3256824016571045,wet,1
2025-01-01,1,NL325,Zaanstreek,Freshwater Ecosystem Degradation,0,0.21383668952871157,1.2905166149139404,wet,1
2025-02-01,2,NL325,Zaanstreek,Freshwater Ecosystem Degradation,1,0.22054396452494443,0.7351674437522888,near_normal,1
2025-03-01,3,NL325,Zaanstreek,Freshwater Ecosystem Degradation,0,0.5403273497641408,0.2895616590976715,near_normal,1
2025-04-01,4,NL325,Zaanstreek,Freshwater Ecosystem Degradation,0,0.4524514707895154,-0.44397521018981934,near_normal,1
2025-05-01,5,NL325,Zaanstreek,Freshwater Ecosystem Degradation,0,0.6511937642077993,-1.0350122451782227,dry,1
2025-06-01,6,NL325,Zaanstreek,Freshwater Ecosystem Degradation,0,0.5019384916471894,-1.1691848039627075,dry,1
2025-07-01,7,NL325,Zaanstreek,Freshwater Ecosystem Degradation,1,0.463014510500671,-1.3288004398345947,dry,1
2025-08-01,8,NL325,Zaanstreek,Freshwater Ecosystem Degradation,0,0.4433722979723479,-1.6849058866500854,dry,1
2025-09-01,9,NL325,Zaanstreek,Freshwater Ecosystem Degradation,0,0.28914074094766784,-1.740875005722046,dry,1
2024-01-01,1,NL327,Het Gooi en Vechtstreek,Freshwater Ecosystem Degradation,0,0.27149815586939047,1.636123776435852,wet,1
2024-03-01,3,NL327,Het Gooi en Vechtstreek,Freshwater Ecosystem Degradation,0,0.3954668670531006,1.6505409479141235,wet,1
2024-04-01,4,NL327,Het Gooi en Vechtstreek,Freshwater Ecosystem Degradation,0,0.5432437141207463,1.8591419458389282,wet,1
2024-05-01,5,NL327,Het Gooi en Vechtstreek,Freshwater Ecosystem Degradation,0,0.7190437672315887,2.378713369369507,wet,1
2024-06-01,6,NL327,Het Gooi en Vechtstreek,Freshwater Ecosystem Degradation,0,0.7142666016772068,2.898977279663086,wet,1
2024-07-01,7,NL327,Het Gooi en Vechtstreek,Freshwater Ecosystem Degradation,0,0.7175562322329705,2.7814443111419678,wet,1
2024-08-01,8,NL327,Het Gooi en Vechtstreek,Freshwater Ecosystem Degradation,0,0.7159732021576203,2.4918413162231445,wet,1
2024-09-01,9,NL327,Het Gooi en Vechtstreek,Freshwater Ecosystem Degradation,0,0.6268804429380587,2.7578084468841553,wet,1
2024-10-01,10,NL327,Het Gooi en Vechtstreek,Freshwater Ecosystem Degradation,0,0.4325201583657471,2.0412652492523193,wet,1
2024-11-01,11,NL327,Het Gooi en Vechtstreek,Freshwater Ecosystem Degradation,0,0.36029470860065943,1.6262489557266235,wet,1
2024-12-01,12,NL327,Het Gooi en Vechtstreek,Freshwater Ecosystem Degradation,0,0.2689198931532503,1.3761451244354248,wet,1
2025-01-01,1,NL327,Het Gooi en Vechtstreek,Freshwater Ecosystem Degradation,0,0.30608019457080554,1.3592329025268555,wet,1
2025-02-01,2,NL327,Het Gooi en Vechtstreek,Freshwater Ecosystem Degradation,0,0.3303726989483746,0.8063275814056396,near_normal,1
2025-03-01,3,NL327,Het Gooi en Vechtstreek,Freshwater Ecosystem Degradation,0,0.5430165592998081,0.35810184478759766,near_normal,1
2025-04-01,4,NL327,Het Gooi en Vechtstreek,Freshwater Ecosystem Degradation,0,0.5769003928397544,-0.35341763496398926,near_normal,1
2025-05-01,5,NL327,Het Gooi en Vechtstreek,Freshwater Ecosystem Degradation,0,0.7761111146925418,-1.0387662649154663,dry,1
2025-06-01,6,NL327,Het Gooi en Vechtstreek,Freshwater Ecosystem Degradation,0,0.6660498802534903,-1.1725388765335083,dry,1
2025-07-01,7,NL327,Het Gooi en Vechtstreek,Freshwater Ecosystem Degradation,1,0.5950659575916132,-1.3508493900299072,dry,1
2025-08-01,8,NL327,Het Gooi en Vechtstreek,Freshwater Ecosystem Degradation,0,0.6128242862385748,-1.7118911743164062,dry,1
2025-09-01,9,NL327,Het Gooi en Vechtstreek,Freshwater Ecosystem Degradation,0,0.4064572608168706,-1.7690833806991577,dry,1
2024-01-01,1,NL328,Alkmaar en omgeving,Freshwater Ecosystem Degradation,0,0.21713144736665682,1.7100821137428284,wet,1
2024-02-01,2,NL328,Alkmaar en omgeving,Freshwater Ecosystem Degradation,0,0.264181952998261,1.9593284130096436,wet,1
2024-03-01,3,NL328,Alkmaar en omgeving,Freshwater Ecosystem Degradation,0,0.3458021138862389,1.739656686782837,wet,1
2024-04-01,4,NL328,Alkmaar en omgeving,Freshwater Ecosystem Degradation,0,0.4678361683991936,2.0186948776245117,wet,1
2024-05-01,5,NL328,Alkmaar en omgeving,Freshwater Ecosystem Degradation,0,0.6393351130074374,2.3344630002975464,wet,1
2024-06-01,6,NL328,Alkmaar en omgeving,Freshwater Ecosystem Degradation,0,0.6913158963579035,2.804568648338318,wet,1
2024-07-01,7,NL328,Alkmaar en omgeving,Freshwater Ecosystem Degradation,0,0.6856622371395337,2.428522229194641,wet,1
2024-08-01,8,NL328,Alkmaar en omgeving,Freshwater Ecosystem Degradation,0,0.6018006356939515,2.425881505012512,wet,1
2024-09-01,9,NL328,Alkmaar en omgeving,Freshwater Ecosystem Degradation,0,0.5251999015199752,2.5760817527770996,wet,1
2024-10-01,10,NL328,Alkmaar en omgeving,Freshwater Ecosystem Degradation,0,0.33289260825998307,2.0169880390167236,wet,1
2024-11-01,11,NL328,Alkmaar en omgeving,Freshwater Ecosystem Degradation,0,0.2777786338738384,1.3094255328178406,wet,1
2024-12-01,12,NL328,Alkmaar en omgeving,Freshwater Ecosystem Degradation,0,0.21295635982955366,1.0511134266853333,wet,1
2025-01-01,1,NL328,Alkmaar en omgeving,Freshwater Ecosystem Degradation,0,0.2557261022451891,0.9406598210334778,near_normal,1
2025-02-01,2,NL328,Alkmaar en omgeving,Freshwater Ecosystem Degradation,0,0.2801567776050854,0.40348732471466064,near_normal,1
2025-03-01,3,NL328,Alkmaar en omgeving,Freshwater Ecosystem Degradation,0,0.526044992159138,-0.023991535417735577,near_normal,1
2025-04-01,4,NL328,Alkmaar en omgeving,Freshwater Ecosystem Degradation,0,0.5162311899047828,-0.6851816177368164,near_normal,1
2025-05-01,5,NL328,Alkmaar en omgeving,Freshwater Ecosystem Degradation,0,0.7035748795365674,-1.0560193061828613,dry,1
2025-06-01,6,NL328,Alkmaar en omgeving,Freshwater Ecosystem Degradation,0,0.5754699945649904,-1.200132429599762,dry,1
2025-07-01,7,NL328,Alkmaar en omgeving,Freshwater Ecosystem Degradation,1,0.5366514964060336,-1.380033254623413,dry,1
2025-08-01,8,NL328,Alkmaar en omgeving,Freshwater Ecosystem Degradation,0,0.5510159209670594,-1.6897867918014526,dry,1
2025-09-01,9,NL328,Alkmaar en omgeving,Freshwater Ecosystem Degradation,0,0.3610151266768089,-1.6552176475524902,dry,1
2024-01-01,1,NL329,Groot-Amsterdam,Freshwater Ecosystem Degradation,0,0.20436630159120056,1.6169030666351318,wet,1
2024-02-01,2,NL329,Groot-Amsterdam,Freshwater Ecosystem Degradation,0,0.24905190427172522,1.957419753074646,wet,1
2024-03-01,3,NL329,Groot-Amsterdam,Freshwater Ecosystem Degradation,0,0.33649945834455486,1.6453285217285156,wet,1
2024-04-01,4,NL329,Groot-Amsterdam,Freshwater Ecosystem Degradation,0,0.4601280272940296,1.9042351245880127,wet,1
2024-05-01,5,NL329,Groot-Amsterdam,Freshwater Ecosystem Degradation,0,0.6359307279108538,2.3876869678497314,wet,1
2024-06-01,6,NL329,Groot-Amsterdam,Freshwater Ecosystem Degradation,0,0.6750434255571367,2.875868558883667,wet,1
2024-07-01,7,NL329,Groot-Amsterdam,Freshwater Ecosystem Degradation,0,0.6644289639801704,2.6098756790161133,wet,1
2024-08-01,8,NL329,Groot-Amsterdam,Freshwater Ecosystem Degradation,0,0.651680260821928,2.4586730003356934,wet,1
2024-09-01,9,NL329,Groot-Amsterdam,Freshwater Ecosystem Degradation,0,0.5516025945453907,2.6439425945281982,wet,1
2024-10-01,10,NL329,Groot-Amsterdam,Freshwater Ecosystem Degradation,0,0.3507861955627943,2.0523898601531982,wet,1
2024-11-01,11,NL329,Groot-Amsterdam,Freshwater Ecosystem Degradation,0,0.2826961780601218,1.5562342405319214,wet,1
2024-12-01,12,NL329,Groot-Amsterdam,Freshwater Ecosystem Degradation,0,0.21181700099237938,1.3256824016571045,wet,1
2025-01-01,1,NL329,Groot-Amsterdam,Freshwater Ecosystem Degradation,0,0.24552731568050917,1.2905166149139404,wet,1
2025-02-01,2,NL329,Groot-Amsterdam,Freshwater Ecosystem Degradation,0,0.2676179960113867,0.7351674437522888,near_normal,1
2025-03-01,3,NL329,Groot-Amsterdam,Freshwater Ecosystem Degradation,0,0.5628471240541928,0.2895616590976715,near_normal,1
2025-04-01,4,NL329,Groot-Amsterdam,Freshwater Ecosystem Degradation,1,0.504955459057203,-0.44397521018981934,near_normal,1
2025-05-01,5,NL329,Groot-Amsterdam,Freshwater Ecosystem Degradation,0,0.7036997037248875,-1.0350122451782227,dry,1
2025-06-01,6,NL329,Groot-Amsterdam,Freshwater Ecosystem Degradation,0,0.5912705298515467,-1.1691848039627075,dry,1
2025-07-01,7,NL329,Groot-Amsterdam,Freshwater Ecosystem Degradation,1,0.5145063368485618,-1.3288004398345947,dry,1
2025-08-01,8,NL329,Groot-Amsterdam,Freshwater Ecosystem Degradation,0,0.5396743762505631,-1.6849058866500854,dry,1
2025-09-01,9,NL329,Groot-Amsterdam,Freshwater Ecosystem Degradation,0,0.3211985154823349,-1.740875005722046,dry,1
2024-01-01,1,NL332,Agglomeratie ’s-Gravenhage,Freshwater Ecosystem Degradation,0,0.11910931949781618,1.5479464530944824,wet,1
2024-02-01,2,NL332,Agglomeratie ’s-Gravenhage,Freshwater Ecosystem Degradation,0,0.14886271907572168,1.9152671098709106,wet,1
2024-03-01,3,NL332,Agglomeratie ’s-Gravenhage,Freshwater Ecosystem Degradation,0,0.24182000108553497,1.6138807535171509,wet,1
2024-04-01,4,NL332,Agglomeratie ’s-Gravenhage,Freshwater Ecosystem Degradation,0,0.3014895792607285,1.7927536964416504,wet,1
2024-05-01,5,NL332,Agglomeratie ’s-Gravenhage,Freshwater Ecosystem Degradation,0,0.4884851287636217,2.222562551498413,wet,1
2024-06-01,6,NL332,Agglomeratie ’s-Gravenhage,Freshwater Ecosystem Degradation,0,0.5252046692753372,2.651139974594116,wet,1
2024-07-01,7,NL332,Agglomeratie ’s-Gravenhage,Freshwater Ecosystem Degradation,0,0.4898524488376446,2.602553367614746,wet,1
2024-08-01,8,NL332,Agglomeratie ’s-Gravenhage,Freshwater Ecosystem Degradation,0,0.45807249240679304,2.614240884780884,wet,1
2024-09-01,9,NL332,Agglomeratie ’s-Gravenhage,Freshwater Ecosystem Degradation,0,0.3668068732066484,2.760681390762329,wet,1
2024-10-01,10,NL332,Agglomeratie ’s-Gravenhage,Freshwater Ecosystem Degradation,0,0.2318035643802337,2.217620849609375,wet,1
2024-11-01,11,NL332,Agglomeratie ’s-Gravenhage,Freshwater Ecosystem Degradation,1,0.16177388549337854,1.6578664779663086,wet,1
2024-12-01,12,NL332,Agglomeratie ’s-Gravenhage,Freshwater Ecosystem Degradation,0,0.1197966261805019,1.5298305749893188,wet,1
2025-01-01,1,NL332,Agglomeratie ’s-Gravenhage,Freshwater Ecosystem Degradation,0,0.12766100443831413,1.4456462860107422,wet,1
2025-02-01,2,NL332,Agglomeratie ’s-Gravenhage,Freshwater Ecosystem Degradation,0,0.14584029666590498,0.8826550841331482,near_normal,1
2025-03-01,3,NL332,Agglomeratie ’s-Gravenhage,Freshwater Ecosystem Degradation,0,0.25129118360059716,0.4521176517009735,near_normal,1
2025-04-01,4,NL332,Agglomeratie ’s-Gravenhage,Freshwater Ecosystem Degradation,1,0.3311010767564542,-0.2299506515264511,near_normal,1
2025-05-01,5,NL332,Agglomeratie ’s-Gravenhage,Freshwater Ecosystem Degradation,0,0.5802882784751902,-0.8712313175201416,near_normal,1
2025-06-01,6,NL332,Agglomeratie ’s-Gravenhage,Freshwater Ecosystem Degradation,0,0.4798465577054355,-1.0435134172439575,dry,1
2025-07-01,7,NL332,Agglomeratie ’s-Gravenhage,Freshwater Ecosystem Degradation,0,0.37288668499889926,-1.2248507738113403,dry,1
2025-08-01,8,NL332,Agglomeratie ’s-Gravenhage,Freshwater Ecosystem Degradation,0,0.36359146569336037,-1.4840713739395142,dry,1
2025-09-01,9,NL332,Agglomeratie ’s-Gravenhage,Freshwater Ecosystem Degradation,0,0.1614697828200743,-1.723048210144043,dry,1
2024-01-01,1,NL333,Delft en Westland,Freshwater Ecosystem Degradation,0,0.27991814557441036,1.4589471817016602,wet,1
2024-02-01,2,NL333,Delft en Westland,Freshwater Ecosystem Degradation,0,0.3676413379227516,1.889495611190796,wet,1
2024-03-01,3,NL333,Delft en Westland,Freshwater Ecosystem Degradation,0,0.4458360737172538,1.5272536277770996,wet,1
2024-04-01,4,NL333,Delft en Westland,Freshwater Ecosystem Degradation,0,0.5788417198263078,1.6712430715560913,wet,1
2024-05-01,5,NL333,Delft en Westland,Freshwater Ecosystem Degradation,0,0.7560157230217078,2.103944778442383,wet,1
2024-06-01,6,NL333,Delft en Westland,Freshwater Ecosystem Degradation,1,0.7776992665284043,2.5638675689697266,wet,1
2024-07-01,7,NL333,Delft en Westland,Freshwater Ecosystem Degradation,0,0.7286044534494555,2.8959829807281494,wet,1
2024-08-01,8,NL333,Delft en Westland,Freshwater Ecosystem Degradation,0,0.7446749681335347,2.653705358505249,wet,1
2024-09-01,9,NL333,Delft en Westland,Freshwater Ecosystem Degradation,0,0.6365929991981716,2.9503586292266846,wet,1
2024-10-01,10,NL333,Delft en Westland,Freshwater Ecosystem Degradation,0,0.49631369538544867,2.2567052841186523,wet,1
2024-11-01,11,NL333,Delft en Westland,Freshwater Ecosystem Degradation,0,0.41511940147461013,1.799555778503418,wet,1
2024-12-01,12,NL333,Delft en Westland,Freshwater Ecosystem Degradation,0,0.3055382358300913,1.66428804397583,wet,1
2025-01-01,1,NL333,Delft en Westland,Freshwater Ecosystem Degradation,0,0.3250759270859011,1.640883445739746,wet,1
2025-02-01,2,NL333,Delft en Westland,Freshwater Ecosystem Degradation,0,0.3275931208586816,1.163700819015503,wet,1
2025-03-01,3,NL333,Delft en Westland,Freshwater Ecosystem Degradation,0,0.5382063273493044,0.7183709144592285,near_normal,1
2025-04-01,4,NL333,Delft en Westland,Freshwater Ecosystem Degradation,0,0.6045992877816683,0.003728199517354369,near_normal,1
2025-05-01,5,NL333,Delft en Westland,Freshwater Ecosystem Degradation,0,0.8011534060426065,-0.8432844877243042,near_normal,1
2025-06-01,6,NL333,Delft en Westland,Freshwater Ecosystem Degradation,0,0.6989944249762111,-1.0905721187591553,dry,1
2025-07-01,7,NL333,Delft en Westland,Freshwater Ecosystem Degradation,0,0.6473313506710515,-1.26656973361969,dry,1
2025-08-01,8,NL333,Delft en Westland,Freshwater Ecosystem Degradation,1,0.6967459055397232,-1.6068077087402344,dry,1
2025-09-01,9,NL333,Delft en Westland,Freshwater Ecosystem Degradation,0,0.38668346170424367,-1.8662478923797607,dry,1
2024-01-01,1,NL337,Agglomeratie Leiden en Bollenstreek,Freshwater Ecosystem Degradation,0,0.3558673971708842,1.5254942178726196,wet,1
2024-02-01,2,NL337,Agglomeratie Leiden en Bollenstreek,Freshwater Ecosystem Degradation,0,0.41616897539948494,1.930662751197815,wet,1
2024-03-01,3,NL337,Agglomeratie Leiden en Bollenstreek,Freshwater Ecosystem Degradation,0,0.5541323327604145,1.600808024406433,wet,1
2024-04-01,4,NL337,Agglomeratie Leiden en Bollenstreek,Freshwater Ecosystem Degradation,0,0.6378160860866747,1.8393596410751343,wet,1
2024-05-01,5,NL337,Agglomeratie Leiden en Bollenstreek,Freshwater Ecosystem Degradation,0,0.7986440860288706,2.308445453643799,wet,1
2024-06-01,6,NL337,Agglomeratie Leiden en Bollenstreek,Freshwater Ecosystem Degradation,0,0.8185009730418392,2.742405891418457,wet,1
2024-07-01,7,NL337,Agglomeratie Leiden en Bollenstreek,Freshwater Ecosystem Degradation,0,0.795375117152122,2.7151103019714355,wet,1
2024-08-01,8,NL337,Agglomeratie Leiden en Bollenstreek,Freshwater Ecosystem Degradation,0,0.8131391317990668,2.554049253463745,wet,1
2024-09-01,9,NL337,Agglomeratie Leiden en Bollenstreek,Freshwater Ecosystem Degradation,0,0.7143813010657583,2.7597999572753906,wet,1
2024-10-01,10,NL337,Agglomeratie Leiden en Bollenstreek,Freshwater Ecosystem Degradation,0,0.5734765820961059,2.198561906814575,wet,1
2024-11-01,11,NL337,Agglomeratie Leiden en Bollenstreek,Freshwater Ecosystem Degradation,0,0.4677454350718948,1.7335660457611084,wet,1
2024-12-01,12,NL337,Agglomeratie Leiden en Bollenstreek,Freshwater Ecosystem Degradation,0,0.36173722841261324,1.5648200511932373,wet,1
2025-01-01,1,NL337,Agglomeratie Leiden en Bollenstreek,Freshwater Ecosystem Degradation,0,0.39494136241922306,1.5522692203521729,wet,1
2025-02-01,2,NL337,Agglomeratie Leiden en Bollenstreek,Freshwater Ecosystem Degradation,0,0.41357573037524037,1.016635775566101,wet,1
2025-03-01,3,NL337,Agglomeratie Leiden en Bollenstreek,Freshwater Ecosystem Degradation,1,0.5772988131429083,0.5903820991516113,near_normal,1
2025-04-01,4,NL337,Agglomeratie Leiden en Bollenstreek,Freshwater Ecosystem Degradation,0,0.6663271375156312,-0.16400562226772308,near_normal,1
2025-05-01,5,NL337,Agglomeratie Leiden en Bollenstreek,Freshwater Ecosystem Degradation,0,0.8432662445998913,-0.8812072277069092,near_normal,1
2025-06-01,6,NL337,Agglomeratie Leiden en Bollenstreek,Freshwater Ecosystem Degradation,0,0.7830988365388911,-1.0348807573318481,dry,1
2025-07-01,7,NL337,Agglomeratie Leiden en Bollenstreek,Freshwater Ecosystem Degradation,0,0.7072828922446391,-1.1747100353240967,dry,1
2025-08-01,8,NL337,Agglomeratie Leiden en Bollenstreek,Freshwater Ecosystem Degradation,0,0.7107613882208876,-1.5170913934707642,dry,1
2025-09-01,9,NL337,Agglomeratie Leiden en Bollenstreek,Freshwater Ecosystem Degradation,0,0.44458094319645475,-1.738526463508606,dry,1
2024-01-01,1,NL33A,Zuidoost-Zuid-Holland,Freshwater Ecosystem Degradation,0,0.29471729391108453,1.5022345781326294,wet,1
2024-02-01,2,NL33A,Zuidoost-Zuid-Holland,Freshwater Ecosystem Degradation,0,0.3358709369562313,1.9734735488891602,wet,1
2024-03-01,3,NL33A,Zuidoost-Zuid-Holland,Freshwater Ecosystem Degradation,1,0.4606598471873551,1.6091928482055664,wet,1
2024-04-01,4,NL33A,Zuidoost-Zuid-Holland,Freshwater Ecosystem Degradation,0,0.5918086890077543,1.869387149810791,wet,1
2024-05-01,5,NL33A,Zuidoost-Zuid-Holland,Freshwater Ecosystem Degradation,0,0.7673745363417492,2.296041488647461,wet,1
2024-06-01,6,NL33A,Zuidoost-Zuid-Holland,Freshwater Ecosystem Degradation,0,0.7646940928307955,2.7406914234161377,wet,1
2024-07-01,7,NL33A,Zuidoost-Zuid-Holland,Freshwater Ecosystem Degradation,0,0.7334148638383721,3.1620676517486572,wet,1
2024-08-01,8,NL33A,Zuidoost-Zuid-Holland,Freshwater Ecosystem Degradation,0,0.7376610782599125,2.5882296562194824,wet,1
2024-09-01,9,NL33A,Zuidoost-Zuid-Holland,Freshwater Ecosystem Degradation,0,0.6620169285964759,3.196017026901245,wet,1
2024-10-01,10,NL33A,Zuidoost-Zuid-Holland,Freshwater Ecosystem Degradation,0,0.532568200541377,2.4383902549743652,wet,1
2024-11-01,11,NL33A,Zuidoost-Zuid-Holland,Freshwater Ecosystem Degradation,0,0.4316629449320932,1.9545094966888428,wet,1
2024-12-01,12,NL33A,Zuidoost-Zuid-Holland,Freshwater Ecosystem Degradation,0,0.32563765654575816,1.7752925157546997,wet,1
2025-01-01,1,NL33A,Zuidoost-Zuid-Holland,Freshwater Ecosystem Degradation,0,0.3358581701681793,1.8329216241836548,wet,1
2025-02-01,2,NL33A,Zuidoost-Zuid-Holland,Freshwater Ecosystem Degradation,0,0.3546160201948166,1.3434903621673584,wet,1
2025-03-01,3,NL33A,Zuidoost-Zuid-Holland,Freshwater Ecosystem Degradation,1,0.6025255331841354,0.9254148006439209,near_normal,1
2025-04-01,4,NL33A,Zuidoost-Zuid-Holland,Freshwater Ecosystem Degradation,0,0.5895088122920331,0.18472331762313843,near_normal,1
2025-05-01,5,NL33A,Zuidoost-Zuid-Holland,Freshwater Ecosystem Degradation,0,0.7909507955596339,-0.6993400454521179,near_normal,1
2025-06-01,6,NL33A,Zuidoost-Zuid-Holland,Freshwater Ecosystem Degradation,0,0.724434903598573,-0.928616464138031,near_normal,1
2025-07-01,7,NL33A,Zuidoost-Zuid-Holland,Freshwater Ecosystem Degradation,0,0.6591240376418767,-1.0900894403457642,dry,1
2025-08-01,8,NL33A,Zuidoost-Zuid-Holland,Freshwater Ecosystem Degradation,0,0.6701597749809641,-1.5483509302139282,dry,1
2025-09-01,9,NL33A,Zuidoost-Zuid-Holland,Freshwater Ecosystem Degradation,0,0.43671316851406794,-1.7110259532928467,dry,1
2024-01-01,1,NL33B,Oost-Zuid-Holland,Freshwater Ecosystem Degradation,0,0.1763018639732062,1.5254942178726196,wet,1
2024-02-01,2,NL33B,Oost-Zuid-Holland,Freshwater Ecosystem Degradation,0,0.20099140995531795,1.930662751197815,wet,1
2024-03-01,3,NL33B,Oost-Zuid-Holland,Freshwater Ecosystem Degradation,0,0.32597956410036316,1.600808024406433,wet,1
2024-04-01,4,NL33B,Oost-Zuid-Holland,Freshwater Ecosystem Degradation,0,0.4095007069616361,1.8393596410751343,wet,1
2024-05-01,5,NL33B,Oost-Zuid-Holland,Freshwater Ecosystem Degradation,0,0.6061524564516847,2.308445453643799,wet,1
2024-06-01,6,NL33B,Oost-Zuid-Holland,Freshwater Ecosystem Degradation,0,0.6239154984773108,2.742405891418457,wet,1
2024-07-01,7,NL33B,Oost-Zuid-Holland,Freshwater Ecosystem Degradation,0,0.6107399311359636,2.7151103019714355,wet,1
2024-08-01,8,NL33B,Oost-Zuid-Holland,Freshwater Ecosystem Degradation,0,0.5933108540901318,2.554049253463745,wet,1
2024-09-01,9,NL33B,Oost-Zuid-Holland,Freshwater Ecosystem Degradation,0,0.5054159248557532,2.7597999572753906,wet,1
2024-10-01,10,NL33B,Oost-Zuid-Holland,Freshwater Ecosystem Degradation,0,0.33122059718611513,2.198561906814575,wet,1
2024-11-01,11,NL33B,Oost-Zuid-Holland,Freshwater Ecosystem Degradation,0,0.25346929682192143,1.7335660457611084,wet,1
2024-12-01,12,NL33B,Oost-Zuid-Holland,Freshwater Ecosystem Degradation,0,0.18560791511306815,1.5648200511932373,wet,1
2025-01-01,1,NL33B,Oost-Zuid-Holland,Freshwater Ecosystem Degradation,0,0.20807686518040575,1.5522692203521729,wet,1
2025-02-01,2,NL33B,Oost-Zuid-Holland,Freshwater Ecosystem Degradation,0,0.21856590236278373,1.016635775566101,wet,1
2025-03-01,3,NL33B,Oost-Zuid-Holland,Freshwater Ecosystem Degradation,0,0.4177486131271814,0.5903820991516113,near_normal,1
2025-04-01,4,NL33B,Oost-Zuid-Holland,Freshwater Ecosystem Degradation,1,0.44057902025388035,-0.16400562226772308,near_normal,1
2025-05-01,5,NL33B,Oost-Zuid-Holland,Freshwater Ecosystem Degradation,0,0.6551759067368048,-0.8812072277069092,near_normal,1
2025-06-01,6,NL33B,Oost-Zuid-Holland,Freshwater Ecosystem Degradation,0,0.5320312231090837,-1.0348807573318481,dry,1
2025-07-01,7,NL33B,Oost-Zuid-Holland,Freshwater Ecosystem Degradation,0,0.4766764721841969,-1.1747100353240967,dry,1
2025-08-01,8,NL33B,Oost-Zuid-Holland,Freshwater Ecosystem Degradation,0,0.48226211707554095,-1.5170913934707642,dry,1
2025-09-01,9,NL33B,Oost-Zuid-Holland,Freshwater Ecosystem Degradation,0,0.27067994804321416,-1.738526463508606,dry,1
2024-01-01,1,NL33C,Groot-Rijnmond,Freshwater Ecosystem Degradation,0,0.24113480665544687,1.481999437014262,wet,1
2024-02-01,2,NL33C,Groot-Rijnmond,Freshwater Ecosystem Degradation,0,0.30260985313494243,1.9045462608337402,wet,1
2024-03-01,3,NL33C,Groot-Rijnmond,Freshwater Ecosystem Degradation,0,0.3947341932118546,1.55764905611674,wet,1
2024-04-01,4,NL33C,Groot-Rijnmond,Freshwater Ecosystem Degradation,0,0.5228647600681899,1.7358837127685547,wet,1
2024-05-01,5,NL33C,Groot-Rijnmond,Freshwater Ecosystem Degradation,0,0.7091601716037573,2.1709097226460776,wet,1
2024-06-01,6,NL33C,Groot-Rijnmond,Freshwater Ecosystem Degradation,0,0.7269017932264418,2.626691977183024,wet,1
2024-07-01,7,NL33C,Groot-Rijnmond,Freshwater Ecosystem Degradation,0,0.6890339700588488,2.903880516688029,wet,1
2024-08-01,8,NL33C,Groot-Rijnmond,Freshwater Ecosystem Degradation,0,0.6938486090405533,2.6491270065307617,wet,1
2024-09-01,9,NL33C,Groot-Rijnmond,Freshwater Ecosystem Degradation,0,0.5780901877184798,2.9472951889038086,wet,1
2024-10-01,10,NL33C,Groot-Rijnmond,Freshwater Ecosystem Degradation,0,0.4330336409901542,2.2849376996358237,wet,1
2024-11-01,11,NL33C,Groot-Rijnmond,Freshwater Ecosystem Degradation,0,0.34470252053227524,1.8019837141036987,wet,1
2024-12-01,12,NL33C,Groot-Rijnmond,Freshwater Ecosystem Degradation,0,0.26000192289560153,1.676819920539856,wet,1
2025-01-01,1,NL33C,Groot-Rijnmond,Freshwater Ecosystem Degradation,0,0.2778369337641913,1.6513664722442627,wet,1
2025-02-01,2,NL33C,Groot-Rijnmond,Freshwater Ecosystem Degradation,0,0.2866222979806883,1.1506803433100383,wet,1
2025-03-01,3,NL33C,Groot-Rijnmond,Freshwater Ecosystem Degradation,0,0.4758893327730278,0.7058199445406595,near_normal,1
2025-04-01,4,NL33C,Groot-Rijnmond,Freshwater Ecosystem Degradation,1,0.5295420548181116,-0.012301225292806825,near_normal,1
2025-05-01,5,NL33C,Groot-Rijnmond,Freshwater Ecosystem Degradation,0,0.7544383262873853,-0.8446452021598816,near_normal,1
2025-06-01,6,NL33C,Groot-Rijnmond,Freshwater Ecosystem Degradation,0,0.6517986375646048,-1.0734885931015015,dry,1
2025-07-01,7,NL33C,Groot-Rijnmond,Freshwater Ecosystem Degradation,0,0.5825336536269361,-1.2388241688410442,dry,1
2025-08-01,8,NL33C,Groot-Rijnmond,Freshwater Ecosystem Degradation,0,0.6371525406143735,-1.566239356994629,dry,1
2025-09-01,9,NL33C,Groot-Rijnmond,Freshwater Ecosystem Degradation,0,0.346651172635524,-1.825290282567342,dry,1
2024-01-01,1,NL341,Zeeuwsch-Vlaanderen,Freshwater Ecosystem Degradation,0,0.3071573471620967,1.0990768671035767,wet,1
2024-02-01,2,NL341,Zeeuwsch-Vlaanderen,Freshwater Ecosystem Degradation,0,0.3459005160652813,1.6654661893844604,wet,1
2024-03-01,3,NL341,Zeeuwsch-Vlaanderen,Freshwater Ecosystem Degradation,0,0.45151981272746416,1.4342957735061646,wet,1
2024-04-01,4,NL341,Zeeuwsch-Vlaanderen,Freshwater Ecosystem Degradation,0,0.5843054542236195,1.72164386510849,wet,1
2024-05-01,5,NL341,Zeeuwsch-Vlaanderen,Freshwater Ecosystem Degradation,0,0.7551155432981089,2.0468907356262207,wet,1
2024-06-01,6,NL341,Zeeuwsch-Vlaanderen,Freshwater Ecosystem Degradation,0,0.7664055801746764,2.511785864830017,wet,1
2024-07-01,7,NL341,Zeeuwsch-Vlaanderen,Freshwater Ecosystem Degradation,0,0.7453446749547211,2.5947717428207397,wet,1
2024-08-01,8,NL341,Zeeuwsch-Vlaanderen,Freshwater Ecosystem Degradation,0,0.7385294848376818,2.2865796089172363,wet,1
2024-09-01,9,NL341,Zeeuwsch-Vlaanderen,Freshwater Ecosystem Degradation,0,0.6497874652622541,2.4733811616897583,wet,1
2024-10-01,10,NL341,Zeeuwsch-Vlaanderen,Freshwater Ecosystem Degradation,0,0.5284774865342495,2.181926131248474,wet,1
2024-11-01,11,NL341,Zeeuwsch-Vlaanderen,Freshwater Ecosystem Degradation,0,0.3610222969544649,1.6795973777770996,wet,1
2024-12-01,12,NL341,Zeeuwsch-Vlaanderen,Freshwater Ecosystem Degradation,0,0.3071382178119251,1.661611557006836,wet,1
2025-01-01,1,NL341,Zeeuwsch-Vlaanderen,Freshwater Ecosystem Degradation,0,0.3454962001247399,1.6901467442512512,wet,1
2025-02-01,2,NL341,Zeeuwsch-Vlaanderen,Freshwater Ecosystem Degradation,0,0.3510481341389614,1.1577122211456299,wet,1
2025-03-01,3,NL341,Zeeuwsch-Vlaanderen,Freshwater Ecosystem Degradation,0,0.6388337787048987,0.565402165055275,near_normal,1
2025-04-01,4,NL341,Zeeuwsch-Vlaanderen,Freshwater Ecosystem Degradation,0,0.6301169672608767,-0.27620716392993927,near_normal,1
2025-05-01,5,NL341,Zeeuwsch-Vlaanderen,Freshwater Ecosystem Degradation,0,0.80814435620211,-1.0510993003845215,dry,1
2025-06-01,6,NL341,Zeeuwsch-Vlaanderen,Freshwater Ecosystem Degradation,0,0.7264352626491575,-1.2060883045196533,dry,1
2025-07-01,7,NL341,Zeeuwsch-Vlaanderen,Freshwater Ecosystem Degradation,0,0.6813399103169774,-1.3016448020935059,dry,1
2025-08-01,8,NL341,Zeeuwsch-Vlaanderen,Freshwater Ecosystem Degradation,0,0.7200276876693121,-1.7224125266075134,dry,1
2025-09-01,9,NL341,Zeeuwsch-Vlaanderen,Freshwater Ecosystem Degradation,0,0.4381019542926997,-2.1238150596618652,dry,1
2024-01-01,1,NL342,Overig Zeeland,Freshwater Ecosystem Degradation,0,0.2810462490169283,1.3286210298538208,wet,1
2024-02-01,2,NL342,Overig Zeeland,Freshwater Ecosystem Degradation,1,0.3435387470330987,1.7934848070144653,wet,1
2024-03-01,3,NL342,Overig Zeeland,Freshwater Ecosystem Degradation,0,0.42563747523523304,1.4659996032714844,wet,1
2024-04-01,4,NL342,Overig Zeeland,Freshwater Ecosystem Degradation,0,0.5696089089619712,1.6179192066192627,wet,1
2024-05-01,5,NL342,Overig Zeeland,Freshwater Ecosystem Degradation,0,0.7367687061109333,2.0807783603668213,wet,1
2024-06-01,6,NL342,Overig Zeeland,Freshwater Ecosystem Degradation,0,0.7497434360018072,2.572701930999756,wet,1
2024-07-01,7,NL342,Overig Zeeland,Freshwater Ecosystem Degradation,0,0.7187057353724196,2.9837281703948975,wet,1
2024-08-01,8,NL342,Overig Zeeland,Freshwater Ecosystem Degradation,0,0.7148504899496596,2.67411470413208,wet,1
2024-09-01,9,NL342,Overig Zeeland,Freshwater Ecosystem Degradation,0,0.6304098206652936,2.8608145713806152,wet,1
2024-10-01,10,NL342,Overig Zeeland,Freshwater Ecosystem Degradation,0,0.5191713139510413,2.296290636062622,wet,1
2024-11-01,11,NL342,Overig Zeeland,Freshwater Ecosystem Degradation,0,0.3883872337682408,1.8551033735275269,wet,1
2024-12-01,12,NL342,Overig Zeeland,Freshwater Ecosystem Degradation,0,0.31283333522459006,1.8005717992782593,wet,1
2025-01-01,1,NL342,Overig Zeeland,Freshwater Ecosystem Degradation,0,0.3186322271932537,1.798425555229187,wet,1
2025-02-01,2,NL342,Overig Zeeland,Freshwater Ecosystem Degradation,0,0.31623889787051396,1.329056739807129,wet,1
2025-03-01,3,NL342,Overig Zeeland,Freshwater Ecosystem Degradation,0,0.517849584633053,0.8654971122741699,near_normal,1
2025-04-01,4,NL342,Overig Zeeland,Freshwater Ecosystem Degradation,0,0.5889112317167742,0.127136692404747,near_normal,1
2025-05-01,5,NL342,Overig Zeeland,Freshwater Ecosystem Degradation,0,0.7876965875484454,-0.8692893981933594,near_normal,1
2025-06-01,6,NL342,Overig Zeeland,Freshwater Ecosystem Degradation,1,0.6912796087244077,-1.1390583515167236,dry,1
2025-07-01,7,NL342,Overig Zeeland,Freshwater Ecosystem Degradation,1,0.614618247450858,-1.3374229669570923,dry,1
2025-08-01,8,NL342,Overig Zeeland,Freshwater Ecosystem Degradation,0,0.6898646857729958,-1.7264788150787354,dry,1
2025-09-01,9,NL342,Overig Zeeland,Freshwater Ecosystem Degradation,0,0.3627877931037372,-2.0268850326538086,dry,1
2024-01-01,1,NL411,West-Noord-Brabant,Freshwater Ecosystem Degradation,0,0.4910768380116416,1.4279340207576752,wet,1
2024-02-01,2,NL411,West-Noord-Brabant,Freshwater Ecosystem Degradation,0,0.5540591132915638,1.9115989208221436,wet,1
2024-03-01,3,NL411,West-Noord-Brabant,Freshwater Ecosystem Degradation,0,0.674808731964719,1.5701760351657867,wet,1
2024-04-01,4,NL411,West-Noord-Brabant,Freshwater Ecosystem Degradation,0,0.7713949845105712,1.794410079717636,wet,1
2024-05-01,5,NL411,West-Noord-Brabant,Freshwater Ecosystem Degradation,0,0.8834765776946462,2.1759976744651794,wet,1
2024-06-01,6,NL411,West-Noord-Brabant,Freshwater Ecosystem Degradation,0,0.879075845590367,2.6817938685417175,wet,1
2024-07-01,7,NL411,West-Noord-Brabant,Freshwater Ecosystem Degradation,0,0.8607822855195695,3.1869431138038635,wet,1
2024-08-01,8,NL411,West-Noord-Brabant,Freshwater Ecosystem Degradation,0,0.8736279317001038,2.5752928256988525,wet,1
2024-09-01,9,NL411,West-Noord-Brabant,Freshwater Ecosystem Degradation,1,0.8175673576720117,3.2261340022087097,wet,1
2024-10-01,10,NL411,West-Noord-Brabant,Freshwater Ecosystem Degradation,0,0.738714964499022,2.4958202242851257,wet,1
2024-11-01,11,NL411,West-Noord-Brabant,Freshwater Ecosystem Degradation,0,0.6572087831340552,1.9934806823730469,wet,1
2024-12-01,12,NL411,West-Noord-Brabant,Freshwater Ecosystem Degradation,1,0.5445593906668207,1.8938453793525696,wet,1
2025-01-01,1,NL411,West-Noord-Brabant,Freshwater Ecosystem Degradation,0,0.5652576721909136,1.9489366114139557,wet,1
2025-02-01,2,NL411,West-Noord-Brabant,Freshwater Ecosystem Degradation,0,0.5579872696843426,1.4912947714328766,wet,1
2025-03-01,3,NL411,West-Noord-Brabant,Freshwater Ecosystem Degradation,0,0.7399334649155423,1.0794287621974945,wet,1
2025-04-01,4,NL411,West-Noord-Brabant,Freshwater Ecosystem Degradation,0,0.7680270631170115,0.3902544379234314,near_normal,1
2025-05-01,5,NL411,West-Noord-Brabant,Freshwater Ecosystem Degradation,0,0.9044104732415232,-0.6107541918754578,near_normal,1
2025-06-01,6,NL411,West-Noord-Brabant,Freshwater Ecosystem Degradation,1,0.8711705853166235,-0.9553556591272354,near_normal,1
2025-07-01,7,NL411,West-Noord-Brabant,Freshwater Ecosystem Degradation,1,0.8165643696968591,-1.197560876607895,dry,1
2025-08-01,8,NL411,West-Noord-Brabant,Freshwater Ecosystem Degradation,1,0.8673778902943023,-1.7818401753902435,dry,1
2025-09-01,9,NL411,West-Noord-Brabant,Freshwater Ecosystem Degradation,0,0.6423513509544547,-1.944325178861618,dry,1
2024-01-01,1,NL412,Midden-Noord-Brabant,Freshwater Ecosystem Degradation,0,0.5308945016557037,1.5439085960388184,wet,1
2024-02-01,2,NL412,Midden-Noord-Brabant,Freshwater Ecosystem Degradation,0,0.5830258379900707,2.0561699867248535,wet,1
2024-03-01,3,NL412,Midden-Noord-Brabant,Freshwater Ecosystem Degradation,0,0.7252805901641564,1.6683708429336548,wet,1
2024-04-01,4,NL412,Midden-Noord-Brabant,Freshwater Ecosystem Degradation,0,0.8052889141543761,1.9227519035339355,wet,1
2024-05-01,5,NL412,Midden-Noord-Brabant,Freshwater Ecosystem Degradation,0,0.9059158245434411,2.350119113922119,wet,1
2024-06-01,6,NL412,Midden-Noord-Brabant,Freshwater Ecosystem Degradation,0,0.9064007337636427,2.7400357723236084,wet,1
2024-07-01,7,NL412,Midden-Noord-Brabant,Freshwater Ecosystem Degradation,0,0.8854348467673322,3.3474960327148438,wet,1
2024-08-01,8,NL412,Midden-Noord-Brabant,Freshwater Ecosystem Degradation,0,0.8959014709174649,2.595762252807617,wet,1
2024-09-01,9,NL412,Midden-Noord-Brabant,Freshwater Ecosystem Degradation,1,0.8113002790520232,3.8588836193084717,wet,1
2024-10-01,10,NL412,Midden-Noord-Brabant,Freshwater Ecosystem Degradation,0,0.7774643111336114,2.767239809036255,wet,1
2024-11-01,11,NL412,Midden-Noord-Brabant,Freshwater Ecosystem Degradation,0,0.709366771286095,2.2039122581481934,wet,1
2024-12-01,12,NL412,Midden-Noord-Brabant,Freshwater Ecosystem Degradation,1,0.589371023497766,2.016164541244507,wet,1
2025-01-01,1,NL412,Midden-Noord-Brabant,Freshwater Ecosystem Degradation,0,0.6109088529862241,2.0861504077911377,wet,1
2025-02-01,2,NL412,Midden-Noord-Brabant,Freshwater Ecosystem Degradation,0,0.6040642111874472,1.595111608505249,wet,1
2025-03-01,3,NL412,Midden-Noord-Brabant,Freshwater Ecosystem Degradation,0,0.8108741952625212,1.174560785293579,wet,1
2025-04-01,4,NL412,Midden-Noord-Brabant,Freshwater Ecosystem Degradation,0,0.7902218927298678,0.5439844131469727,near_normal,1
2025-05-01,5,NL412,Midden-Noord-Brabant,Freshwater Ecosystem Degradation,0,0.9180326820576568,-0.45212289690971375,near_normal,1
2025-06-01,6,NL412,Midden-Noord-Brabant,Freshwater Ecosystem Degradation,1,0.8908846375406972,-0.7468729019165039,near_normal,1
2025-07-01,7,NL412,Midden-Noord-Brabant,Freshwater Ecosystem Degradation,1,0.8440879662666987,-1.0836814641952515,dry,1
2025-08-01,8,NL412,Midden-Noord-Brabant,Freshwater Ecosystem Degradation,1,0.8797562779512733,-1.6820485591888428,dry,1
2025-09-01,9,NL412,Midden-Noord-Brabant,Freshwater Ecosystem Degradation,0,0.7027454574384048,-1.6659215688705444,dry,1
2024-01-01,1,NL413,Noordoost-Noord-Brabant,Freshwater Ecosystem Degradation,0,0.5270764258625537,1.7263375918070476,wet,1
2024-02-01,2,NL413,Noordoost-Noord-Brabant,Freshwater Ecosystem Degradation,0,0.5650114388353247,2.301957845687866,wet,1
2024-03-01,3,NL413,Noordoost-Noord-Brabant,Freshwater Ecosystem Degradation,0,0.7344688928296814,1.7595105568567913,wet,1
2024-04-01,4,NL413,Noordoost-Noord-Brabant,Freshwater Ecosystem Degradation,0,0.8080705940012374,1.9506117502848308,wet,1
2024-05-01,5,NL413,Noordoost-Noord-Brabant,Freshwater Ecosystem Degradation,0,0.9106834094469399,2.5292108058929443,wet,1
2024-06-01,6,NL413,Noordoost-Noord-Brabant,Freshwater Ecosystem Degradation,0,0.9097145960528158,2.860475540161133,wet,1
2024-07-01,7,NL413,Noordoost-Noord-Brabant,Freshwater Ecosystem Degradation,0,0.8711046393710059,3.60351292292277,wet,1
2024-08-01,8,NL413,Noordoost-Noord-Brabant,Freshwater Ecosystem Degradation,0,0.9021520252290972,2.6137571334838867,wet,1
2024-09-01,9,NL413,Noordoost-Noord-Brabant,Freshwater Ecosystem Degradation,1,0.7983513858287965,3.99537460009257,wet,1
2024-10-01,10,NL413,Noordoost-Noord-Brabant,Freshwater Ecosystem Degradation,0,0.7636138685567674,2.824659744898478,wet,1
2024-11-01,11,NL413,Noordoost-Noord-Brabant,Freshwater Ecosystem Degradation,0,0.686156134677817,2.297260840733846,wet,1
2024-12-01,12,NL413,Noordoost-Noord-Brabant,Freshwater Ecosystem Degradation,1,0.561847992648157,2.027393857638041,wet,1
2025-01-01,1,NL413,Noordoost-Noord-Brabant,Freshwater Ecosystem Degradation,0,0.5574846667490541,2.1666224797566733,wet,1
2025-02-01,2,NL413,Noordoost-Noord-Brabant,Freshwater Ecosystem Degradation,1,0.5885098096960086,1.6576051712036133,wet,1
2025-03-01,3,NL413,Noordoost-Noord-Brabant,Freshwater Ecosystem Degradation,0,0.8303912313429314,1.1836046775182087,wet,1
2025-04-01,4,NL413,Noordoost-Noord-Brabant,Freshwater Ecosystem Degradation,1,0.7772310539493458,0.6166368325551351,near_normal,1
2025-05-01,5,NL413,Noordoost-Noord-Brabant,Freshwater Ecosystem Degradation,0,0.9144282944832847,-0.433600256840388,near_normal,1
2025-06-01,6,NL413,Noordoost-Noord-Brabant,Freshwater Ecosystem Degradation,1,0.8769857831870963,-0.6352093617121378,near_normal,1
2025-07-01,7,NL413,Noordoost-Noord-Brabant,Freshwater Ecosystem Degradation,1,0.8326894319084349,-0.9555245041847229,near_normal,1
2025-08-01,8,NL413,Noordoost-Noord-Brabant,Freshwater Ecosystem Degradation,1,0.8610236410016816,-1.5380258957544963,dry,1
2025-09-01,9,NL413,Noordoost-Noord-Brabant,Freshwater Ecosystem Degradation,0,0.7309505195834453,-1.4824391603469849,dry,1
2024-01-01,1,NL414,Zuidoost-Noord-Brabant,Freshwater Ecosystem Degradation,0,0.5836392199273679,1.6660036146640778,wet,1
2024-02-01,2,NL414,Zuidoost-Noord-Brabant,Freshwater Ecosystem Degradation,0,0.625760198604659,2.2208192348480225,wet,1
2024-03-01,3,NL414,Zuidoost-Noord-Brabant,Freshwater Ecosystem Degradation,0,0.777156301924407,1.7530253231525421,wet,1
2024-04-01,4,NL414,Zuidoost-Noord-Brabant,Freshwater Ecosystem Degradation,0,0.8380964149015779,1.9222524464130402,wet,1
2024-05-01,5,NL414,Zuidoost-Noord-Brabant,Freshwater Ecosystem Degradation,0,0.9205239798626103,2.4804680943489075,wet,1
2024-06-01,6,NL414,Zuidoost-Noord-Brabant,Freshwater Ecosystem Degradation,0,0.926687200700793,2.8313465118408203,wet,1
2024-07-01,7,NL414,Zuidoost-Noord-Brabant,Freshwater Ecosystem Degradation,0,0.9006118408370063,3.323698878288269,wet,1
2024-08-01,8,NL414,Zuidoost-Noord-Brabant,Freshwater Ecosystem Degradation,0,0.9150165984193758,2.4005433320999146,wet,1
2024-09-01,9,NL414,Zuidoost-Noord-Brabant,Freshwater Ecosystem Degradation,1,0.835874767478761,3.6095246076583862,wet,1
2024-10-01,10,NL414,Zuidoost-Noord-Brabant,Freshwater Ecosystem Degradation,0,0.7898951653129268,2.8009841442108154,wet,1
2024-11-01,11,NL414,Zuidoost-Noord-Brabant,Freshwater Ecosystem Degradation,0,0.721124601540671,2.219056189060211,wet,1
2024-12-01,12,NL414,Zuidoost-Noord-Brabant,Freshwater Ecosystem Degradation,1,0.6108746997911556,2.0562921166419983,wet,1
2025-01-01,1,NL414,Zuidoost-Noord-Brabant,Freshwater Ecosystem Degradation,0,0.6522692791979465,2.2320687770843506,wet,1
2025-02-01,2,NL414,Zuidoost-Noord-Brabant,Freshwater Ecosystem Degradation,0,0.643016383621551,1.7058507800102234,wet,1
2025-03-01,3,NL414,Zuidoost-Noord-Brabant,Freshwater Ecosystem Degradation,0,0.8410828854215052,1.2108392715454102,wet,1
2025-04-01,4,NL414,Zuidoost-Noord-Brabant,Freshwater Ecosystem Degradation,0,0.8181755551351598,0.6923550665378571,near_normal,1
2025-05-01,5,NL414,Zuidoost-Noord-Brabant,Freshwater Ecosystem Degradation,0,0.9310095539560672,-0.4158538803458214,near_normal,1
2025-06-01,6,NL414,Zuidoost-Noord-Brabant,Freshwater Ecosystem Degradation,1,0.8955618915058435,-0.6612778455018997,near_normal,1
2025-07-01,7,NL414,Zuidoost-Noord-Brabant,Freshwater Ecosystem Degradation,1,0.8735864523899306,-1.0086569488048553,dry,1
2025-08-01,8,NL414,Zuidoost-Noord-Brabant,Freshwater Ecosystem Degradation,1,0.9129967161079725,-1.6495905816555023,dry,1
2025-09-01,9,NL414,Zuidoost-Noord-Brabant,Freshwater Ecosystem Degradation,0,0.7950051765791395,-1.5304934084415436,dry,1
2024-01-01,1,NL421,Noord-Limburg,Freshwater Ecosystem Degradation,0,0.3798705083360506,1.8593108654022217,wet,1
2024-02-01,2,NL421,Noord-Limburg,Freshwater Ecosystem Degradation,0,0.3885640479609237,2.512042760848999,wet,1
2024-03-01,3,NL421,Noord-Limburg,Freshwater Ecosystem Degradation,0,0.5756211366221857,1.865483283996582,wet,1
2024-04-01,4,NL421,Noord-Limburg,Freshwater Ecosystem Degradation,0,0.6780339831680738,1.9734376668930054,wet,1
2024-05-01,5,NL421,Noord-Limburg,Freshwater Ecosystem Degradation,0,0.8370810438048907,2.605700731277466,wet,1
2024-06-01,6,NL421,Noord-Limburg,Freshwater Ecosystem Degradation,0,0.8295263049853769,2.8035495281219482,wet,1
2024-07-01,7,NL421,Noord-Limburg,Freshwater Ecosystem Degradation,1,0.7638452249319002,3.2032430171966553,wet,1
2024-08-01,8,NL421,Noord-Limburg,Freshwater Ecosystem Degradation,0,0.7854238392147637,2.251657724380493,wet,1
2024-09-01,9,NL421,Noord-Limburg,Freshwater Ecosystem Degradation,0,0.6722243145626557,3.5400261878967285,wet,1
2024-10-01,10,NL421,Noord-Limburg,Freshwater Ecosystem Degradation,0,0.6238667031476127,2.855512857437134,wet,1
2024-11-01,11,NL421,Noord-Limburg,Freshwater Ecosystem Degradation,0,0.5015364687322498,2.196915864944458,wet,1
2024-12-01,12,NL421,Noord-Limburg,Freshwater Ecosystem Degradation,0,0.4035533460198545,2.03786039352417,wet,1
2025-01-01,1,NL421,Noord-Limburg,Freshwater Ecosystem Degradation,0,0.43109600928734043,2.306771755218506,wet,1
2025-02-01,2,NL421,Noord-Limburg,Freshwater Ecosystem Degradation,0,0.43734646517141973,1.68009352684021,wet,1
2025-03-01,3,NL421,Noord-Limburg,Freshwater Ecosystem Degradation,0,0.738590969654603,1.0877587795257568,wet,1
2025-04-01,4,NL421,Noord-Limburg,Freshwater Ecosystem Degradation,1,0.6742426888064147,0.6619554162025452,near_normal,1
2025-05-01,5,NL421,Noord-Limburg,Freshwater Ecosystem Degradation,0,0.8497534439144011,-0.44544780254364014,near_normal,1
2025-06-01,6,NL421,Noord-Limburg,Freshwater Ecosystem Degradation,0,0.7718497363861394,-0.5798614025115967,near_normal,1
2025-07-01,7,NL421,Noord-Limburg,Freshwater Ecosystem Degradation,1,0.7452292593343387,-0.800941526889801,near_normal,1
2025-08-01,8,NL421,Noord-Limburg,Freshwater Ecosystem Degradation,0,0.8063377073613907,-1.2454304695129395,dry,1
2025-09-01,9,NL421,Noord-Limburg,Freshwater Ecosystem Degradation,0,0.601386750926598,-1.325162410736084,dry,1
2024-01-01,1,NL422,Midden-Limburg,Freshwater Ecosystem Degradation,1,0.39760786225761807,1.595084309577942,wet,1
2024-02-01,2,NL422,Midden-Limburg,Freshwater Ecosystem Degradation,0,0.4290457449549691,2.1346378326416016,wet,1
2024-03-01,3,NL422,Midden-Limburg,Freshwater Ecosystem Degradation,0,0.6116596524718537,1.6730749607086182,wet,1
2024-04-01,4,NL422,Midden-Limburg,Freshwater Ecosystem Degradation,0,0.6971172501460025,1.7786504030227661,wet,1
2024-05-01,5,NL422,Midden-Limburg,Freshwater Ecosystem Degradation,0,0.8558077253019716,2.3970389366149902,wet,1
2024-06-01,6,NL422,Midden-Limburg,Freshwater Ecosystem Degradation,0,0.8622198815040766,2.6647117137908936,wet,1
2024-07-01,7,NL422,Midden-Limburg,Freshwater Ecosystem Degradation,1,0.8254255307173554,2.893308162689209,wet,1
2024-08-01,8,NL422,Midden-Limburg,Freshwater Ecosystem Degradation,0,0.8026886559994694,2.179447650909424,wet,1
2024-09-01,9,NL422,Midden-Limburg,Freshwater Ecosystem Degradation,0,0.7027860889341784,3.121680974960327,wet,1
2024-10-01,10,NL422,Midden-Limburg,Freshwater Ecosystem Degradation,0,0.6167216369999481,2.612539768218994,wet,1
2024-11-01,11,NL422,Midden-Limburg,Freshwater Ecosystem Degradation,0,0.4920152193811534,2.029146194458008,wet,1
2024-12-01,12,NL422,Midden-Limburg,Freshwater Ecosystem Degradation,0,0.4017218201931776,1.9572449922561646,wet,1
2025-01-01,1,NL422,Midden-Limburg,Freshwater Ecosystem Degradation,0,0.45662108326988,2.3007307052612305,wet,1
2025-02-01,2,NL422,Midden-Limburg,Freshwater Ecosystem Degradation,0,0.47037220382020084,1.6659852266311646,wet,1
2025-03-01,3,NL422,Midden-Limburg,Freshwater Ecosystem Degradation,0,0.7304074594546606,1.1294753551483154,wet,1
2025-04-01,4,NL422,Midden-Limburg,Freshwater Ecosystem Degradation,1,0.6962387585281856,0.6900760531425476,near_normal,1
2025-05-01,5,NL422,Midden-Limburg,Freshwater Ecosystem Degradation,1,0.8574400687243544,-0.4340934157371521,near_normal,1
2025-06-01,6,NL422,Midden-Limburg,Freshwater Ecosystem Degradation,0,0.7968146082302475,-0.5961017608642578,near_normal,1
2025-07-01,7,NL422,Midden-Limburg,Freshwater Ecosystem Degradation,1,0.7792756667097175,-0.7561391592025757,near_normal,1
2025-08-01,8,NL422,Midden-Limburg,Freshwater Ecosystem Degradation,0,0.8479647513691991,-1.2596315145492554,dry,1
2025-09-01,9,NL422,Midden-Limburg,Freshwater Ecosystem Degradation,0,0.6600688411253277,-1.256527304649353,dry,1
2024-01-01,1,NL423,Zuid-Limburg,Freshwater Ecosystem Degradation,0,0.2299168148306304,1.4646683931350708,wet,1
2024-02-01,2,NL423,Zuid-Limburg,Freshwater Ecosystem Degradation,0,0.2588780018859258,1.9057672023773193,wet,1
2024-03-01,3,NL423,Zuid-Limburg,Freshwater Ecosystem Degradation,0,0.3888016933478652,1.4721426963806152,wet,1
2024-04-01,4,NL423,Zuid-Limburg,Freshwater Ecosystem Degradation,0,0.515128278246676,1.6109375953674316,wet,1
2024-05-01,5,NL423,Zuid-Limburg,Freshwater Ecosystem Degradation,0,0.7369082009185043,2.2602717876434326,wet,1
2024-06-01,6,NL423,Zuid-Limburg,Freshwater Ecosystem Degradation,0,0.7366929281532654,2.4993674755096436,wet,1
2024-07-01,7,NL423,Zuid-Limburg,Freshwater Ecosystem Degradation,1,0.6990577228541415,2.575399398803711,wet,1
2024-08-01,8,NL423,Zuid-Limburg,Freshwater Ecosystem Degradation,0,0.6905498649225346,2.1789464950561523,wet,1
2024-09-01,9,NL423,Zuid-Limburg,Freshwater Ecosystem Degradation,0,0.5623491095477997,2.988447666168213,wet,1
2024-10-01,10,NL423,Zuid-Limburg,Freshwater Ecosystem Degradation,0,0.47341542062477454,2.581728458404541,wet,1
2024-11-01,11,NL423,Zuid-Limburg,Freshwater Ecosystem Degradation,0,0.318049295674749,2.0978105068206787,wet,1
2024-12-01,12,NL423,Zuid-Limburg,Freshwater Ecosystem Degradation,0,0.25663290064931,2.107192277908325,wet,1
2025-01-01,1,NL423,Zuid-Limburg,Freshwater Ecosystem Degradation,0,0.2891800538369123,2.49822735786438,wet,1
2025-02-01,2,NL423,Zuid-Limburg,Freshwater Ecosystem Degradation,0,0.33955526005185727,1.7681748867034912,wet,1
2025-03-01,3,NL423,Zuid-Limburg,Freshwater Ecosystem Degradation,1,0.5808955097354316,1.286401629447937,wet,1
2025-04-01,4,NL423,Zuid-Limburg,Freshwater Ecosystem Degradation,1,0.5275131067658579,0.8446741700172424,near_normal,1
2025-05-01,5,NL423,Zuid-Limburg,Freshwater Ecosystem Degradation,0,0.7121514483862903,-0.30450639128685,near_normal,1
2025-06-01,6,NL423,Zuid-Limburg,Freshwater Ecosystem Degradation,0,0.6636834468152449,-0.48462241888046265,near_normal,1
2025-07-01,7,NL423,Zuid-Limburg,Freshwater Ecosystem Degradation,1,0.6861114649381892,-0.5175946354866028,near_normal,1
2025-08-01,8,NL423,Zuid-Limburg,Freshwater Ecosystem Degradation,0,0.7454714276639102,-1.1383399963378906,dry,1
2025-09-01,9,NL423,Zuid-Limburg,Freshwater Ecosystem Degradation,0,0.48538282410913863,-1.2109681367874146,dry,1
2024-01-01,1,NL111,Oost-Groningen,Groundwater Depletion,0,0.1845487202267194,1.811567783355713,wet,1
2024-02-01,2,NL111,Oost-Groningen,Groundwater Depletion,0,0.21979129833115507,1.99618661403656,wet,1
2024-03-01,3,NL111,Oost-Groningen,Groundwater Depletion,0,0.34667131444953864,1.6847506165504456,wet,1
2024-04-01,4,NL111,Oost-Groningen,Groundwater Depletion,0,0.4177225065117856,1.9079570770263672,wet,1
2024-05-01,5,NL111,Oost-Groningen,Groundwater Depletion,0,0.5083351714552732,2.1447561979293823,wet,1
2024-06-01,6,NL111,Oost-Groningen,Groundwater Depletion,0,0.354440273059642,2.7947285175323486,wet,1
2024-07-01,7,NL111,Oost-Groningen,Groundwater Depletion,0,0.32135338947153413,2.7147164344787598,wet,1
2024-08-01,8,NL111,Oost-Groningen,Groundwater Depletion,0,0.27219785237270405,2.659160852432251,wet,1
2024-09-01,9,NL111,Oost-Groningen,Groundwater Depletion,0,0.18845725613741549,2.968327760696411,wet,1
2024-10-01,10,NL111,Oost-Groningen,Groundwater Depletion,0,0.19263407370761415,1.971750020980835,wet,1
2024-11-01,11,NL111,Oost-Groningen,Groundwater Depletion,0,0.19644714018591616,1.6035258769989014,wet,1
2024-12-01,12,NL111,Oost-Groningen,Groundwater Depletion,0,0.22932497255481218,1.1509708762168884,wet,1
2025-01-01,1,NL111,Oost-Groningen,Groundwater Depletion,0,0.28585850915448485,1.0549432635307312,wet,1
2025-02-01,2,NL111,Oost-Groningen,Groundwater Depletion,1,0.38803751027349515,0.49514587223529816,near_normal,1
2025-03-01,3,NL111,Oost-Groningen,Groundwater Depletion,0,0.4991770862045297,0.1761770248413086,near_normal,1
2025-04-01,4,NL111,Oost-Groningen,Groundwater Depletion,0,0.6381770015702333,-0.4283472001552582,near_normal,1
2025-05-01,5,NL111,Oost-Groningen,Groundwater Depletion,0,0.7496994781738783,-0.9174109697341919,near_normal,1
2025-06-01,6,NL111,Oost-Groningen,Groundwater Depletion,0,0.7386446975532753,-0.9498004615306854,near_normal,1
2025-07-01,7,NL111,Oost-Groningen,Groundwater Depletion,0,0.6727860136042747,-1.1780112385749817,dry,1
2025-08-01,8,NL111,Oost-Groningen,Groundwater Depletion,0,0.6528701999820796,-1.31639963388443,dry,1
2025-09-01,9,NL111,Oost-Groningen,Groundwater Depletion,0,0.48197084028697895,-1.4372192025184631,dry,1
2024-01-01,1,NL112,Delfzijl en omgeving,Groundwater Depletion,0,0.2428753191543282,1.5744563341140747,wet,1
2024-03-01,3,NL112,Delfzijl en omgeving,Groundwater Depletion,0,0.42330469567410417,1.5986590385437012,wet,1
2024-04-01,4,NL112,Delfzijl en omgeving,Groundwater Depletion,0,0.5013949352653037,1.7463241815567017,wet,1
2024-05-01,5,NL112,Delfzijl en omgeving,Groundwater Depletion,0,0.5772170140673666,1.9306237697601318,wet,1
2024-06-01,6,NL112,Delfzijl en omgeving,Groundwater Depletion,0,0.4622359484453775,2.5208699703216553,wet,1
2024-07-01,7,NL112,Delfzijl en omgeving,Groundwater Depletion,0,0.4294912056229514,2.3603928089141846,wet,1
2024-08-01,8,NL112,Delfzijl en omgeving,Groundwater Depletion,0,0.3583302336728544,2.3377909660339355,wet,1
2024-09-01,9,NL112,Delfzijl en omgeving,Groundwater Depletion,0,0.26824998160157143,2.484579563140869,wet,1
2024-10-01,10,NL112,Delfzijl en omgeving,Groundwater Depletion,0,0.24822444232682275,1.6715155839920044,wet,1
2024-11-01,11,NL112,Delfzijl en omgeving,Groundwater Depletion,0,0.2574251491411643,1.3462355136871338,wet,1
2024-12-01,12,NL112,Delfzijl en omgeving,Groundwater Depletion,0,0.2870312264001503,0.9495850205421448,near_normal,1
2025-01-01,1,NL112,Delfzijl en omgeving,Groundwater Depletion,0,0.36776770561976374,0.815735936164856,near_normal,1
2025-02-01,2,NL112,Delfzijl en omgeving,Groundwater Depletion,0,0.48522769590512754,0.2707626223564148,near_normal,1
2025-03-01,3,NL112,Delfzijl en omgeving,Groundwater Depletion,0,0.5867553719811142,-0.011577821336686611,near_normal,1
2025-04-01,4,NL112,Delfzijl en omgeving,Groundwater Depletion,0,0.7121685289611352,-0.536076009273529,near_normal,1
2025-05-01,5,NL112,Delfzijl en omgeving,Groundwater Depletion,0,0.8028667167134639,-0.8959609270095825,near_normal,1
2025-06-01,6,NL112,Delfzijl en omgeving,Groundwater Depletion,0,0.7869396526952872,-0.9709566235542297,near_normal,1
2025-07-01,7,NL112,Delfzijl en omgeving,Groundwater Depletion,0,0.7364155618472373,-1.2213053703308105,dry,1
2025-08-01,8,NL112,Delfzijl en omgeving,Groundwater Depletion,0,0.6650719364968741,-1.3407152891159058,dry,1
2025-09-01,9,NL112,Delfzijl en omgeving,Groundwater Depletion,0,0.5471559351880112,-1.4633549451828003,dry,1
2024-01-01,1,NL113,Overig Groningen,Groundwater Depletion,0,0.164955719492365,1.553696870803833,wet,1
2024-02-01,2,NL113,Overig Groningen,Groundwater Depletion,0,0.18986034893315545,1.8252516984939575,wet,1
2024-03-01,3,NL113,Overig Groningen,Groundwater Depletion,0,0.3099129388378218,1.5759201447168987,wet,1
2024-04-01,4,NL113,Overig Groningen,Groundwater Depletion,0,0.37581372066375607,1.7591425975163777,wet,1
2024-05-01,5,NL113,Overig Groningen,Groundwater Depletion,0,0.44295491114524255,1.9804979960123699,wet,1
2024-06-01,6,NL113,Overig Groningen,Groundwater Depletion,0,0.34410736503544126,2.5567835172017417,wet,1
2024-07-01,7,NL113,Overig Groningen,Groundwater Depletion,0,0.33266913352148514,2.325056314468384,wet,1
2024-08-01,8,NL113,Overig Groningen,Groundwater Depletion,0,0.25827734930232504,2.289264678955078,wet,1
2024-09-01,9,NL113,Overig Groningen,Groundwater Depletion,0,0.18484989572117472,2.4607760111490884,wet,1
2024-10-01,10,NL113,Overig Groningen,Groundwater Depletion,0,0.16929094984453585,1.74251393477122,wet,1
2024-11-01,11,NL113,Overig Groningen,Groundwater Depletion,0,0.17498987334033358,1.3726389805475872,wet,1
2024-12-01,12,NL113,Overig Groningen,Groundwater Depletion,0,0.19779497384581446,0.9944103360176086,near_normal,1
2025-01-01,1,NL113,Overig Groningen,Groundwater Depletion,0,0.2591091567272353,0.8821484843889872,near_normal,1
2025-02-01,2,NL113,Overig Groningen,Groundwater Depletion,0,0.3676043567105516,0.31073737144470215,near_normal,1
2025-03-01,3,NL113,Overig Groningen,Groundwater Depletion,0,0.4681814112157493,0.035581901048620544,near_normal,1
2025-04-01,4,NL113,Overig Groningen,Groundwater Depletion,0,0.596221978782269,-0.45748992760976154,near_normal,1
2025-05-01,5,NL113,Overig Groningen,Groundwater Depletion,0,0.7120033887527601,-0.8022730549176534,near_normal,1
2025-06-01,6,NL113,Overig Groningen,Groundwater Depletion,0,0.6920230272095886,-0.9125909010569254,near_normal,1
2025-07-01,7,NL113,Overig Groningen,Groundwater Depletion,0,0.6347939246070505,-1.1193293333053589,dry,1
2025-08-01,8,NL113,Overig Groningen,Groundwater Depletion,0,0.5905408035645175,-1.2605481147766113,dry,1
2025-09-01,9,NL113,Overig Groningen,Groundwater Depletion,0,0.4339967423476073,-1.4358088970184326,dry,1
2024-01-01,1,NL124,Noord-Friesland,Groundwater Depletion,0,0.20186954532174547,1.3574422895908356,wet,1
2024-02-01,2,NL124,Noord-Friesland,Groundwater Depletion,0,0.21753427091308702,1.7159639298915863,wet,1
2024-03-01,3,NL124,Noord-Friesland,Groundwater Depletion,0,0.3467838879350701,1.4683093130588531,wet,1
2024-04-01,4,NL124,Noord-Friesland,Groundwater Depletion,1,0.41192588957992426,1.7018274664878845,wet,1
2024-05-01,5,NL124,Noord-Friesland,Groundwater Depletion,0,0.4784105728258906,1.886545330286026,wet,1
2024-06-01,6,NL124,Noord-Friesland,Groundwater Depletion,0,0.4012587930729261,2.4364304542541504,wet,1
2024-07-01,7,NL124,Noord-Friesland,Groundwater Depletion,0,0.3811755459528142,2.1045264899730682,wet,1
2024-08-01,8,NL124,Noord-Friesland,Groundwater Depletion,0,0.30175243526870144,2.0753729045391083,wet,1
2024-09-01,9,NL124,Noord-Friesland,Groundwater Depletion,0,0.2181183483883029,2.2301748991012573,wet,1
2024-10-01,10,NL124,Noord-Friesland,Groundwater Depletion,0,0.19954402666011012,1.551231563091278,wet,1
2024-11-01,11,NL124,Noord-Friesland,Groundwater Depletion,0,0.21538732286221401,1.0981620252132416,wet,1
2024-12-01,12,NL124,Noord-Friesland,Groundwater Depletion,0,0.24213043650497384,0.7735436260700226,near_normal,1
2025-01-01,1,NL124,Noord-Friesland,Groundwater Depletion,0,0.318526009957301,0.6505173146724701,near_normal,1
2025-02-01,2,NL124,Noord-Friesland,Groundwater Depletion,0,0.4400930114594005,0.10699054750148207,near_normal,1
2025-03-01,3,NL124,Noord-Friesland,Groundwater Depletion,0,0.5589631529038623,-0.16945494152605534,near_normal,1
2025-04-01,4,NL124,Noord-Friesland,Groundwater Depletion,1,0.6561074682497777,-0.7064715921878815,near_normal,1
2025-05-01,5,NL124,Noord-Friesland,Groundwater Depletion,1,0.7468649221163212,-0.9263435304164886,near_normal,1
2025-06-01,6,NL124,Noord-Friesland,Groundwater Depletion,1,0.7194657928278261,-1.0629418939352036,dry,1
2025-07-01,7,NL124,Noord-Friesland,Groundwater Depletion,0,0.6679253458070092,-1.2299838960170746,dry,1
2025-08-01,8,NL124,Noord-Friesland,Groundwater Depletion,0,0.6255708147279571,-1.4811941981315613,dry,1
2025-09-01,9,NL124,Noord-Friesland,Groundwater Depletion,0,0.45378253645627625,-1.572517216205597,dry,1
2024-01-01,1,NL125,Zuidwest-Friesland,Groundwater Depletion,0,0.12154065444256341,1.4139912724494934,wet,1
2024-02-01,2,NL125,Zuidwest-Friesland,Groundwater Depletion,0,0.13727961451929893,1.7786154747009277,wet,1
2024-03-01,3,NL125,Zuidwest-Friesland,Groundwater Depletion,0,0.2315956787406883,1.5638866424560547,wet,1
2024-04-01,4,NL125,Zuidwest-Friesland,Groundwater Depletion,1,0.29120912637067276,1.8326656818389893,wet,1
2024-05-01,5,NL125,Zuidwest-Friesland,Groundwater Depletion,0,0.3357435474040284,2.1068438291549683,wet,1
2024-06-01,6,NL125,Zuidwest-Friesland,Groundwater Depletion,0,0.28347349333731336,2.634555220603943,wet,1
2024-07-01,7,NL125,Zuidwest-Friesland,Groundwater Depletion,0,0.2766266595379665,2.177721381187439,wet,1
2024-08-01,8,NL125,Zuidwest-Friesland,Groundwater Depletion,0,0.20862612830529895,2.1380834579467773,wet,1
2024-09-01,9,NL125,Zuidwest-Friesland,Groundwater Depletion,0,0.14028999260108643,2.2827683687210083,wet,1
2024-10-01,10,NL125,Zuidwest-Friesland,Groundwater Depletion,0,0.12293494230836072,1.732323706150055,wet,1
2024-11-01,11,NL125,Zuidwest-Friesland,Groundwater Depletion,0,0.13791795845941546,1.1893419027328491,wet,1
2024-12-01,12,NL125,Zuidwest-Friesland,Groundwater Depletion,0,0.15325664823343274,0.9064917862415314,near_normal,1
2025-01-01,1,NL125,Zuidwest-Friesland,Groundwater Depletion,0,0.20348426224991087,0.7681446671485901,near_normal,1
2025-02-01,2,NL125,Zuidwest-Friesland,Groundwater Depletion,0,0.3133701265219642,0.15459422394633293,near_normal,1
2025-03-01,3,NL125,Zuidwest-Friesland,Groundwater Depletion,0,0.44206530174885944,-0.20276711881160736,near_normal,1
2025-04-01,4,NL125,Zuidwest-Friesland,Groundwater Depletion,0,0.5205489592307242,-0.842517763376236,near_normal,1
2025-05-01,5,NL125,Zuidwest-Friesland,Groundwater Depletion,0,0.6345645174585882,-1.0782914757728577,dry,1
2025-06-01,6,NL125,Zuidwest-Friesland,Groundwater Depletion,0,0.602300159286218,-1.1937094926834106,dry,1
2025-07-01,7,NL125,Zuidwest-Friesland,Groundwater Depletion,0,0.5407520105572039,-1.2997994422912598,dry,1
2025-08-01,8,NL125,Zuidwest-Friesland,Groundwater Depletion,0,0.4841275724331973,-1.5020229816436768,dry,1
2025-09-01,9,NL125,Zuidwest-Friesland,Groundwater Depletion,0,0.3374749345449552,-1.550790548324585,dry,1
2024-01-01,1,NL126,Zuidoost-Friesland,Groundwater Depletion,0,0.18025158476529535,1.545999010403951,wet,1
2024-03-01,3,NL126,Zuidoost-Friesland,Groundwater Depletion,0,0.33155561003017664,1.5629839499791462,wet,1
2024-04-01,4,NL126,Zuidoost-Friesland,Groundwater Depletion,1,0.3957828982823263,1.7216502825419109,wet,1
2024-05-01,5,NL126,Zuidoost-Friesland,Groundwater Depletion,0,0.4536246169829045,2.123636484146118,wet,1
2024-06-01,6,NL126,Zuidoost-Friesland,Groundwater Depletion,0,0.34827379863508373,2.8139727115631104,wet,1
2024-07-01,7,NL126,Zuidoost-Friesland,Groundwater Depletion,0,0.3312794702742271,2.4634934266408286,wet,1
2024-08-01,8,NL126,Zuidoost-Friesland,Groundwater Depletion,0,0.27830126696645857,2.2954910596211753,wet,1
2024-09-01,9,NL126,Zuidoost-Friesland,Groundwater Depletion,0,0.18623182324121454,2.6972495714823403,wet,1
2024-10-01,10,NL126,Zuidoost-Friesland,Groundwater Depletion,0,0.1750445951984277,1.9253834088643391,wet,1
2024-11-01,11,NL126,Zuidoost-Friesland,Groundwater Depletion,0,0.19185482080164284,1.4363560279210408,wet,1
2024-12-01,12,NL126,Zuidoost-Friesland,Groundwater Depletion,0,0.2116831121092091,1.123047669728597,wet,1
2025-01-01,1,NL126,Zuidoost-Friesland,Groundwater Depletion,0,0.26575484055406295,1.0151313543319702,wet,1
2025-02-01,2,NL126,Zuidoost-Friesland,Groundwater Depletion,0,0.38946652179743574,0.39727561672528583,near_normal,1
2025-03-01,3,NL126,Zuidoost-Friesland,Groundwater Depletion,0,0.49609992565010264,0.04762745307137569,near_normal,1
2025-04-01,4,NL126,Zuidoost-Friesland,Groundwater Depletion,0,0.6177072528783678,-0.49264203508694965,near_normal,1
2025-05-01,5,NL126,Zuidoost-Friesland,Groundwater Depletion,1,0.7419684811066247,-0.9436053037643433,near_normal,1
2025-06-01,6,NL126,Zuidoost-Friesland,Groundwater Depletion,0,0.7175995407299839,-1.055333097775777,dry,1
2025-07-01,7,NL126,Zuidoost-Friesland,Groundwater Depletion,0,0.6607585041154784,-1.1487988233566284,dry,1
2025-08-01,8,NL126,Zuidoost-Friesland,Groundwater Depletion,0,0.6405958156708099,-1.3487204710642497,dry,1
2025-09-01,9,NL126,Zuidoost-Friesland,Groundwater Depletion,0,0.46576537127911294,-1.5328909953435261,dry,1
2024-01-01,1,NL131,Noord-Drenthe,Groundwater Depletion,0,0.35244199206136545,1.625184416770935,wet,1
2024-02-01,2,NL131,Noord-Drenthe,Groundwater Depletion,0,0.3896577471558725,1.908049762248993,wet,1
2024-03-01,3,NL131,Noord-Drenthe,Groundwater Depletion,0,0.559439023156329,1.6074219346046448,wet,1
2024-04-01,4,NL131,Noord-Drenthe,Groundwater Depletion,0,0.6214796380579198,1.7808722257614136,wet,1
2024-05-01,5,NL131,Noord-Drenthe,Groundwater Depletion,0,0.682724304314614,2.125525951385498,wet,1
2024-06-01,6,NL131,Noord-Drenthe,Groundwater Depletion,0,0.5303520472129547,2.8354954719543457,wet,1
2024-07-01,7,NL131,Noord-Drenthe,Groundwater Depletion,1,0.5358428281438699,2.568251371383667,wet,1
2024-08-01,8,NL131,Noord-Drenthe,Groundwater Depletion,0,0.47954303893147177,2.437190890312195,wet,1
2024-09-01,9,NL131,Noord-Drenthe,Groundwater Depletion,0,0.3668931001133156,2.765575647354126,wet,1
2024-10-01,10,NL131,Noord-Drenthe,Groundwater Depletion,0,0.34662292788866106,1.9603742957115173,wet,1
2024-11-01,11,NL131,Noord-Drenthe,Groundwater Depletion,0,0.3615643209310932,1.541092872619629,wet,1
2024-12-01,12,NL131,Noord-Drenthe,Groundwater Depletion,0,0.3968360132039301,1.1613088250160217,wet,1
2025-01-01,1,NL131,Noord-Drenthe,Groundwater Depletion,0,0.47128839936420286,1.0562910437583923,wet,1
2025-02-01,2,NL131,Noord-Drenthe,Groundwater Depletion,0,0.5953461374168995,0.4693644195795059,near_normal,1
2025-03-01,3,NL131,Noord-Drenthe,Groundwater Depletion,0,0.6829779443976854,0.14078162051737309,near_normal,1
2025-04-01,4,NL131,Noord-Drenthe,Groundwater Depletion,0,0.7981468550203225,-0.37382109463214874,near_normal,1
2025-05-01,5,NL131,Noord-Drenthe,Groundwater Depletion,0,0.870459757209722,-0.8759167492389679,near_normal,1
2025-06-01,6,NL131,Noord-Drenthe,Groundwater Depletion,0,0.8655354440976507,-0.9764733612537384,near_normal,1
2025-07-01,7,NL131,Noord-Drenthe,Groundwater Depletion,0,0.8292730703617611,-1.0990380644798279,dry,1
2025-08-01,8,NL131,Noord-Drenthe,Groundwater Depletion,0,0.8177724311108306,-1.2489697933197021,dry,1
2025-09-01,9,NL131,Noord-Drenthe,Groundwater Depletion,0,0.6982865102033425,-1.4132501482963562,dry,1
2024-01-01,1,NL132,Zuidoost-Drenthe,Groundwater Depletion,0,0.11734881971438314,1.862620234489441,wet,1
2024-02-01,2,NL132,Zuidoost-Drenthe,Groundwater Depletion,0,0.14438034525936488,2.074225902557373,wet,1
2024-03-01,3,NL132,Zuidoost-Drenthe,Groundwater Depletion,0,0.25437617077021074,1.7616868019104004,wet,1
2024-04-01,4,NL132,Zuidoost-Drenthe,Groundwater Depletion,0,0.3033685307731487,1.9577404260635376,wet,1
2024-05-01,5,NL132,Zuidoost-Drenthe,Groundwater Depletion,0,0.3718604713560577,2.271449089050293,wet,1
2024-06-01,6,NL132,Zuidoost-Drenthe,Groundwater Depletion,0,0.220754735335967,2.8965072631835938,wet,1
2024-07-01,7,NL132,Zuidoost-Drenthe,Groundwater Depletion,0,0.20988016173924864,2.828998327255249,wet,1
2024-08-01,8,NL132,Zuidoost-Drenthe,Groundwater Depletion,0,0.17748931890668887,2.8166348934173584,wet,1
2024-09-01,9,NL132,Zuidoost-Drenthe,Groundwater Depletion,0,0.11798786326962145,3.1048576831817627,wet,1
2024-10-01,10,NL132,Zuidoost-Drenthe,Groundwater Depletion,0,0.11932098688375285,2.167729139328003,wet,1
2024-11-01,11,NL132,Zuidoost-Drenthe,Groundwater Depletion,0,0.124958932466329,1.7443439960479736,wet,1
2024-12-01,12,NL132,Zuidoost-Drenthe,Groundwater Depletion,0,0.14308624203484702,1.2934812307357788,wet,1
2025-01-01,1,NL132,Zuidoost-Drenthe,Groundwater Depletion,0,0.1787834976058924,1.196232557296753,wet,1
2025-02-01,2,NL132,Zuidoost-Drenthe,Groundwater Depletion,0,0.2643155313316479,0.622021496295929,near_normal,1
2025-03-01,3,NL132,Zuidoost-Drenthe,Groundwater Depletion,0,0.3839345998453906,0.29568547010421753,near_normal,1
2025-04-01,4,NL132,Zuidoost-Drenthe,Groundwater Depletion,0,0.49124677346619433,-0.27435654401779175,near_normal,1
2025-05-01,5,NL132,Zuidoost-Drenthe,Groundwater Depletion,0,0.630333869383343,-0.8413411974906921,near_normal,1
2025-06-01,6,NL132,Zuidoost-Drenthe,Groundwater Depletion,0,0.6257121293074596,-0.9112480282783508,near_normal,1
2025-07-01,7,NL132,Zuidoost-Drenthe,Groundwater Depletion,0,0.5442986548241331,-1.104096531867981,dry,1
2025-08-01,8,NL132,Zuidoost-Drenthe,Groundwater Depletion,0,0.5378679245518286,-1.2686371803283691,dry,1
2025-09-01,9,NL132,Zuidoost-Drenthe,Groundwater Depletion,0,0.3722800424365005,-1.3522844314575195,dry,1
2024-01-01,1,NL133,Zuidwest-Drenthe,Groundwater Depletion,0,0.21573927828486753,1.72472482919693,wet,1
2024-02-01,2,NL133,Zuidwest-Drenthe,Groundwater Depletion,0,0.2511508309850154,2.0366421341896057,wet,1
2024-03-01,3,NL133,Zuidwest-Drenthe,Groundwater Depletion,0,0.3946434242725826,1.7058511972427368,wet,1
2024-04-01,4,NL133,Zuidwest-Drenthe,Groundwater Depletion,0,0.4688528549181186,1.8357419967651367,wet,1
2024-05-01,5,NL133,Zuidwest-Drenthe,Groundwater Depletion,0,0.5298513610552833,2.266860604286194,wet,1
2024-06-01,6,NL133,Zuidwest-Drenthe,Groundwater Depletion,0,0.37449514198243394,2.907911777496338,wet,1
2024-07-01,7,NL133,Zuidwest-Drenthe,Groundwater Depletion,0,0.3590790469606708,2.7513095140457153,wet,1
2024-08-01,8,NL133,Zuidwest-Drenthe,Groundwater Depletion,0,0.3146193953484872,2.632028818130493,wet,1
2024-09-01,9,NL133,Zuidwest-Drenthe,Groundwater Depletion,0,0.21327803557438121,3.0397181510925293,wet,1
2024-10-01,10,NL133,Zuidwest-Drenthe,Groundwater Depletion,0,0.21630129597808886,2.1555556058883667,wet,1
2024-11-01,11,NL133,Zuidwest-Drenthe,Groundwater Depletion,0,0.22621931535043183,1.7173022627830505,wet,1
2024-12-01,12,NL133,Zuidwest-Drenthe,Groundwater Depletion,0,0.2533842961420148,1.3606191873550415,wet,1
2025-01-01,1,NL133,Zuidwest-Drenthe,Groundwater Depletion,0,0.28975409472495683,1.2867012023925781,wet,1
2025-02-01,2,NL133,Zuidwest-Drenthe,Groundwater Depletion,0,0.4292418933296946,0.6509714722633362,near_normal,1
2025-03-01,3,NL133,Zuidwest-Drenthe,Groundwater Depletion,0,0.5561439848327949,0.2719087675213814,near_normal,1
2025-04-01,4,NL133,Zuidwest-Drenthe,Groundwater Depletion,0,0.6633198065521827,-0.26466917246580124,near_normal,1
2025-05-01,5,NL133,Zuidwest-Drenthe,Groundwater Depletion,0,0.7791319573888362,-0.8783625960350037,near_normal,1
2025-06-01,6,NL133,Zuidwest-Drenthe,Groundwater Depletion,0,0.7760521834739323,-0.9638475477695465,near_normal,1
2025-07-01,7,NL133,Zuidwest-Drenthe,Groundwater Depletion,0,0.7157666610125497,-1.0526711344718933,dry,1
2025-08-01,8,NL133,Zuidwest-Drenthe,Groundwater Depletion,0,0.714592884710085,-1.2207630276679993,dry,1
2025-09-01,9,NL133,Zuidwest-Drenthe,Groundwater Depletion,0,0.5504938680268316,-1.363072395324707,dry,1
2024-01-01,1,NL211,Noord-Overijssel,Groundwater Depletion,0,0.18018708589875226,1.8030700087547302,wet,1
2024-02-01,2,NL211,Noord-Overijssel,Groundwater Depletion,0,0.21587145576313937,2.1056063175201416,wet,1
2024-03-01,3,NL211,Noord-Overijssel,Groundwater Depletion,0,0.32838889172501934,1.7778285145759583,wet,1
2024-04-01,4,NL211,Noord-Overijssel,Groundwater Depletion,0,0.4226921611212551,1.8979318737983704,wet,1
2024-05-01,5,NL211,Noord-Overijssel,Groundwater Depletion,0,0.48254800096799705,2.330261468887329,wet,1
2024-06-01,6,NL211,Noord-Overijssel,Groundwater Depletion,0,0.34392305878895757,2.892736077308655,wet,1
2024-07-01,7,NL211,Noord-Overijssel,Groundwater Depletion,0,0.29168748030338904,2.926464080810547,wet,1
2024-08-01,8,NL211,Noord-Overijssel,Groundwater Depletion,0,0.25859831496333285,2.801928162574768,wet,1
2024-09-01,9,NL211,Noord-Overijssel,Groundwater Depletion,0,0.17549451909612498,3.1640535593032837,wet,1
2024-10-01,10,NL211,Noord-Overijssel,Groundwater Depletion,0,0.181957802299076,2.2690484523773193,wet,1
2024-11-01,11,NL211,Noord-Overijssel,Groundwater Depletion,0,0.1907710813363704,1.8291608691215515,wet,1
2024-12-01,12,NL211,Noord-Overijssel,Groundwater Depletion,0,0.21491678253702548,1.4506611824035645,wet,1
2025-01-01,1,NL211,Noord-Overijssel,Groundwater Depletion,0,0.25705671063856544,1.3931864500045776,wet,1
2025-02-01,2,NL211,Noord-Overijssel,Groundwater Depletion,0,0.3718731342393861,0.753440797328949,near_normal,1
2025-03-01,3,NL211,Noord-Overijssel,Groundwater Depletion,0,0.4907305916313598,0.3611278682947159,near_normal,1
2025-04-01,4,NL211,Noord-Overijssel,Groundwater Depletion,1,0.605033492357354,-0.20052483677864075,near_normal,1
2025-05-01,5,NL211,Noord-Overijssel,Groundwater Depletion,0,0.7431198984813234,-0.8454030454158783,near_normal,1
2025-06-01,6,NL211,Noord-Overijssel,Groundwater Depletion,1,0.7371117417289218,-0.9478132128715515,near_normal,1
2025-07-01,7,NL211,Noord-Overijssel,Groundwater Depletion,1,0.6647273936863034,-1.0653294920921326,dry,1
2025-08-01,8,NL211,Noord-Overijssel,Groundwater Depletion,0,0.6415768880533791,-1.2702912092208862,dry,1
2025-09-01,9,NL211,Noord-Overijssel,Groundwater Depletion,0,0.4826999091868363,-1.3825294971466064,dry,1
2024-01-01,1,NL212,Zuidwest-Overijssel,Groundwater Depletion,0,0.5318063278259327,1.8292285203933716,wet,1
2024-02-01,2,NL212,Zuidwest-Overijssel,Groundwater Depletion,0,0.5890097922349159,2.213228702545166,wet,1
2024-03-01,3,NL212,Zuidwest-Overijssel,Groundwater Depletion,0,0.7151300104705877,1.849002480506897,wet,1
2024-04-01,4,NL212,Zuidwest-Overijssel,Groundwater Depletion,0,0.7946342218111572,1.9571956396102905,wet,1
2024-05-01,5,NL212,Zuidwest-Overijssel,Groundwater Depletion,0,0.8362902144906919,2.3873307704925537,wet,1
2024-06-01,6,NL212,Zuidwest-Overijssel,Groundwater Depletion,0,0.7536300197723295,2.8320765495300293,wet,1
2024-07-01,7,NL212,Zuidwest-Overijssel,Groundwater Depletion,0,0.6648599743765092,3.2399985790252686,wet,1
2024-08-01,8,NL212,Zuidwest-Overijssel,Groundwater Depletion,0,0.6550245746973133,2.890531063079834,wet,1
2024-09-01,9,NL212,Zuidwest-Overijssel,Groundwater Depletion,0,0.5255245653574946,3.281804084777832,wet,1
2024-10-01,10,NL212,Zuidwest-Overijssel,Groundwater Depletion,0,0.5439768256923211,2.341593027114868,wet,1
2024-11-01,11,NL212,Zuidwest-Overijssel,Groundwater Depletion,0,0.5486786506515064,1.9496963024139404,wet,1
2024-12-01,12,NL212,Zuidwest-Overijssel,Groundwater Depletion,0,0.5734566365809621,1.6000728607177734,wet,1
2025-01-01,1,NL212,Zuidwest-Overijssel,Groundwater Depletion,0,0.6164941292894655,1.6217764616012573,wet,1
2025-02-01,2,NL212,Zuidwest-Overijssel,Groundwater Depletion,0,0.7416620157851305,0.9912475943565369,near_normal,1
2025-03-01,3,NL212,Zuidwest-Overijssel,Groundwater Depletion,0,0.823251374978237,0.5870882868766785,near_normal,1
2025-04-01,4,NL212,Zuidwest-Overijssel,Groundwater Depletion,0,0.884523997339716,-0.03741263225674629,near_normal,1
2025-05-01,5,NL212,Zuidwest-Overijssel,Groundwater Depletion,0,0.935767265474883,-0.7523486614227295,near_normal,1
2025-06-01,6,NL212,Zuidwest-Overijssel,Groundwater Depletion,1,0.9322930781993712,-0.9098113179206848,near_normal,1
2025-07-01,7,NL212,Zuidwest-Overijssel,Groundwater Depletion,0,0.9099425634493994,-1.0562019348144531,dry,1
2025-08-01,8,NL212,Zuidwest-Overijssel,Groundwater Depletion,0,0.9059188324009092,-1.332362413406372,dry,1
2025-09-01,9,NL212,Zuidwest-Overijssel,Groundwater Depletion,0,0.8426839754163458,-1.4136707782745361,dry,1
2024-01-01,1,NL213,Twente,Groundwater Depletion,0,0.5932690880699026,1.7741056680679321,wet,1
2024-02-01,2,NL213,Twente,Groundwater Depletion,0,0.6564010268540065,2.1074114640553794,wet,1
2024-03-01,3,NL213,Twente,Groundwater Depletion,1,0.7814273380812845,1.7495448191960652,wet,1
2024-04-01,4,NL213,Twente,Groundwater Depletion,0,0.8344251458825993,1.8394211530685425,wet,1
2024-05-01,5,NL213,Twente,Groundwater Depletion,0,0.8695448530514595,2.2049256960550943,wet,1
2024-06-01,6,NL213,Twente,Groundwater Depletion,0,0.8133461931930129,2.5858238538106284,wet,1
2024-07-01,7,NL213,Twente,Groundwater Depletion,0,0.7209961869487617,2.9343260129292807,wet,1
2024-08-01,8,NL213,Twente,Groundwater Depletion,0,0.6974608095485949,2.6960832277933755,wet,1
2024-09-01,9,NL213,Twente,Groundwater Depletion,0,0.566312100785453,3.2426631450653076,wet,1
2024-10-01,10,NL213,Twente,Groundwater Depletion,0,0.6001409113075714,2.2757716178894043,wet,1
2024-11-01,11,NL213,Twente,Groundwater Depletion,0,0.6043211141310266,1.856828014055888,wet,1
2024-12-01,12,NL213,Twente,Groundwater Depletion,0,0.6353599749782828,1.449364145596822,wet,1
2025-01-01,1,NL213,Twente,Groundwater Depletion,0,0.6863721886618339,1.4633930921554565,wet,1
2025-02-01,2,NL213,Twente,Groundwater Depletion,0,0.7961239748566965,0.8273681799570719,near_normal,1
2025-03-01,3,NL213,Twente,Groundwater Depletion,1,0.8792109201494239,0.45466773708661395,near_normal,1
2025-04-01,4,NL213,Twente,Groundwater Depletion,0,0.9100243407168191,-0.08532259364922841,near_normal,1
2025-05-01,5,NL213,Twente,Groundwater Depletion,0,0.947796904807106,-0.7380898396174113,near_normal,1
2025-06-01,6,NL213,Twente,Groundwater Depletion,1,0.9488146431051885,-0.8258537650108337,near_normal,1
2025-07-01,7,NL213,Twente,Groundwater Depletion,0,0.928702882764029,-0.9453806678454081,near_normal,1
2025-08-01,8,NL213,Twente,Groundwater Depletion,0,0.9313290728557047,-1.2185680468877156,dry,1
2025-09-01,9,NL213,Twente,Groundwater Depletion,0,0.8677740158004471,-1.2572739521662395,dry,1
2024-01-01,1,NL221,Veluwe,Groundwater Depletion,0,0.6419526672888762,1.8073323965072632,wet,1
2024-02-01,2,NL221,Veluwe,Groundwater Depletion,0,0.6714421992728328,2.2413116296132407,wet,1
2024-03-01,3,NL221,Veluwe,Groundwater Depletion,0,0.7913235292570118,1.8151774009068806,wet,1
2024-04-01,4,NL221,Veluwe,Groundwater Depletion,0,0.8542127864950056,2.02529247601827,wet,1
2024-05-01,5,NL221,Veluwe,Groundwater Depletion,0,0.8865902160028298,2.5431505044301352,wet,1
2024-06-01,6,NL221,Veluwe,Groundwater Depletion,0,0.8352134754377877,2.9275620778401694,wet,1
2024-07-01,7,NL221,Veluwe,Groundwater Depletion,0,0.76852761674613,3.333141009012858,wet,1
2024-08-01,8,NL221,Veluwe,Groundwater Depletion,0,0.766303997316983,2.8060739040374756,wet,1
2024-09-01,9,NL221,Veluwe,Groundwater Depletion,0,0.6380497364736568,3.3057305812835693,wet,1
2024-10-01,10,NL221,Veluwe,Groundwater Depletion,0,0.6453344530254164,2.3737645149230957,wet,1
2024-11-01,11,NL221,Veluwe,Groundwater Depletion,0,0.6572811581299937,1.9296060800552368,wet,1
2024-12-01,12,NL221,Veluwe,Groundwater Depletion,0,0.673939331105271,1.6137422720591228,wet,1
2025-01-01,1,NL221,Veluwe,Groundwater Depletion,0,0.7024024396239186,1.6722465356190999,wet,1
2025-02-01,2,NL221,Veluwe,Groundwater Depletion,0,0.8110521270376145,1.0694556037584941,wet,1
2025-03-01,3,NL221,Veluwe,Groundwater Depletion,0,0.8845099547145386,0.6522466341654459,near_normal,1
2025-04-01,4,NL221,Veluwe,Groundwater Depletion,1,0.9204838511464094,-0.03821267498036226,near_normal,1
2025-05-01,5,NL221,Veluwe,Groundwater Depletion,0,0.9570885582262444,-0.8415002226829529,near_normal,1
2025-06-01,6,NL221,Veluwe,Groundwater Depletion,0,0.9568490745553379,-0.9649274547894796,near_normal,1
2025-07-01,7,NL221,Veluwe,Groundwater Depletion,1,0.9409766693555953,-1.1212384700775146,dry,1
2025-08-01,8,NL221,Veluwe,Groundwater Depletion,0,0.9407421367030993,-1.4766345818837483,dry,1
2025-09-01,9,NL221,Veluwe,Groundwater Depletion,0,0.8901842667721074,-1.5261424779891968,dry,1
2024-01-01,1,NL224,Zuidwest-Gelderland,Groundwater Depletion,1,0.23199629078023043,1.685375452041626,wet,1
2024-02-01,2,NL224,Zuidwest-Gelderland,Groundwater Depletion,0,0.25144331167447925,2.1737860441207886,wet,1
2024-03-01,3,NL224,Zuidwest-Gelderland,Groundwater Depletion,0,0.40491999651364646,1.7497069239616394,wet,1
2024-04-01,4,NL224,Zuidwest-Gelderland,Groundwater Depletion,0,0.4972807661268761,2.014431595802307,wet,1
2024-05-01,5,NL224,Zuidwest-Gelderland,Groundwater Depletion,0,0.581436227860941,2.511814832687378,wet,1
2024-06-01,6,NL224,Zuidwest-Gelderland,Groundwater Depletion,0,0.4820914294352568,2.8723764419555664,wet,1
2024-07-01,7,NL224,Zuidwest-Gelderland,Groundwater Depletion,0,0.3755708745891519,3.360319137573242,wet,1
2024-08-01,8,NL224,Zuidwest-Gelderland,Groundwater Depletion,0,0.38341473360525713,2.7078782320022583,wet,1
2024-09-01,9,NL224,Zuidwest-Gelderland,Groundwater Depletion,0,0.21002995065662852,3.562034487724304,wet,1
2024-10-01,10,NL224,Zuidwest-Gelderland,Groundwater Depletion,0,0.24052405644557717,2.6191734075546265,wet,1
2024-11-01,11,NL224,Zuidwest-Gelderland,Groundwater Depletion,0,0.2518433882893839,2.088479518890381,wet,1
2024-12-01,12,NL224,Zuidwest-Gelderland,Groundwater Depletion,0,0.245150573859126,1.848576307296753,wet,1
2025-01-01,1,NL224,Zuidwest-Gelderland,Groundwater Depletion,1,0.26168507224289267,1.9212733507156372,wet,1
2025-02-01,2,NL224,Zuidwest-Gelderland,Groundwater Depletion,0,0.3786926150846575,1.400187075138092,wet,1
2025-03-01,3,NL224,Zuidwest-Gelderland,Groundwater Depletion,0,0.5637499145296647,0.972754567861557,near_normal,1
2025-04-01,4,NL224,Zuidwest-Gelderland,Groundwater Depletion,0,0.6131116589543373,0.29149629175662994,near_normal,1
2025-05-01,5,NL224,Zuidwest-Gelderland,Groundwater Depletion,1,0.7726958534211821,-0.6283363997936249,near_normal,1
2025-06-01,6,NL224,Zuidwest-Gelderland,Groundwater Depletion,0,0.7626255619835214,-0.8211278021335602,near_normal,1
2025-07-01,7,NL224,Zuidwest-Gelderland,Groundwater Depletion,0,0.7083026497768972,-1.0137033462524414,dry,1
2025-08-01,8,NL224,Zuidwest-Gelderland,Groundwater Depletion,0,0.690203322583738,-1.4959520101547241,dry,1
2025-09-01,9,NL224,Zuidwest-Gelderland,Groundwater Depletion,0,0.5382582155423201,-1.5776581168174744,dry,1
2024-01-01,1,NL225,Achterhoek,Groundwater Depletion,0,0.4645722108716912,1.805512011051178,wet,1
2024-02-01,2,NL225,Achterhoek,Groundwater Depletion,1,0.5001745070860796,2.2859821915626526,wet,1
2024-03-01,3,NL225,Achterhoek,Groundwater Depletion,0,0.6490341757325288,1.7744671404361725,wet,1
2024-04-01,4,NL225,Achterhoek,Groundwater Depletion,0,0.7545228352575583,1.8754302561283112,wet,1
2024-05-01,5,NL225,Achterhoek,Groundwater Depletion,0,0.8082863324502085,2.249455988407135,wet,1
2024-06-01,6,NL225,Achterhoek,Groundwater Depletion,0,0.7584763258107633,2.5028456449508667,wet,1
2024-07-01,7,NL225,Achterhoek,Groundwater Depletion,0,0.625446189869837,2.9508511424064636,wet,1
2024-08-01,8,NL225,Achterhoek,Groundwater Depletion,0,0.6196530082034467,2.5167282819747925,wet,1
2024-09-01,9,NL225,Achterhoek,Groundwater Depletion,0,0.4376645105893226,3.3198123574256897,wet,1
2024-10-01,10,NL225,Achterhoek,Groundwater Depletion,0,0.47545080344477086,2.387208878993988,wet,1
2024-11-01,11,NL225,Achterhoek,Groundwater Depletion,0,0.4812472293320043,1.9416667819023132,wet,1
2024-12-01,12,NL225,Achterhoek,Groundwater Depletion,0,0.508713477455567,1.5921784937381744,wet,1
2025-01-01,1,NL225,Achterhoek,Groundwater Depletion,0,0.5466968165048816,1.7311365902423859,wet,1
2025-02-01,2,NL225,Achterhoek,Groundwater Depletion,0,0.6924258424114977,1.0746888369321823,wet,1
2025-03-01,3,NL225,Achterhoek,Groundwater Depletion,1,0.7978436205545015,0.6834009438753128,near_normal,1
2025-04-01,4,NL225,Achterhoek,Groundwater Depletion,1,0.850527340018765,0.09695965144783258,near_normal,1
2025-05-01,5,NL225,Achterhoek,Groundwater Depletion,1,0.9138216253493254,-0.612250030040741,near_normal,1
2025-06-01,6,NL225,Achterhoek,Groundwater Depletion,0,0.9104790765385542,-0.7061386853456497,near_normal,1
2025-07-01,7,NL225,Achterhoek,Groundwater Depletion,0,0.8799857434957589,-0.8033000975847244,near_normal,1
2025-08-01,8,NL225,Achterhoek,Groundwater Depletion,0,0.8929180552758695,-1.172307550907135,dry,1
2025-09-01,9,NL225,Achterhoek,Groundwater Depletion,1,0.8052163139432092,-1.218297392129898,dry,1
2024-01-01,1,NL226,Arnhem/Nijmegen,Groundwater Depletion,1,0.332628557409815,1.8382607301076253,wet,1
2024-02-01,2,NL226,Arnhem/Nijmegen,Groundwater Depletion,1,0.34507286157975464,2.3888396422068277,wet,1
2024-03-01,3,NL226,Arnhem/Nijmegen,Groundwater Depletion,0,0.5153088965045893,1.8225633303324382,wet,1
2024-04-01,4,NL226,Arnhem/Nijmegen,Groundwater Depletion,0,0.6324292721577149,2.003558794657389,wet,1
2024-05-01,5,NL226,Arnhem/Nijmegen,Groundwater Depletion,0,0.7070410748938337,2.5283732414245605,wet,1
2024-06-01,6,NL226,Arnhem/Nijmegen,Groundwater Depletion,0,0.6290186799288244,2.8170496622721353,wet,1
2024-07-01,7,NL226,Arnhem/Nijmegen,Groundwater Depletion,0,0.46119911097574257,3.480062961578369,wet,1
2024-08-01,8,NL226,Arnhem/Nijmegen,Groundwater Depletion,0,0.501227230913917,2.6924848556518555,wet,1
2024-09-01,9,NL226,Arnhem/Nijmegen,Groundwater Depletion,0,0.29096822183105747,3.6542739868164062,wet,1
2024-10-01,10,NL226,Arnhem/Nijmegen,Groundwater Depletion,0,0.3433041936334418,2.6188717683156333,wet,1
2024-11-01,11,NL226,Arnhem/Nijmegen,Groundwater Depletion,0,0.34829040789052124,2.119877894719442,wet,1
2024-12-01,12,NL226,Arnhem/Nijmegen,Groundwater Depletion,0,0.3571707230149111,1.8100270827611287,wet,1
2025-01-01,1,NL226,Arnhem/Nijmegen,Groundwater Depletion,1,0.38026815839336564,1.9685104290644329,wet,1
2025-02-01,2,NL226,Arnhem/Nijmegen,Groundwater Depletion,0,0.5215332820218499,1.3947044213612874,wet,1
2025-03-01,3,NL226,Arnhem/Nijmegen,Groundwater Depletion,0,0.6590591773627938,0.9596504171689352,near_normal,1
2025-04-01,4,NL226,Arnhem/Nijmegen,Groundwater Depletion,0,0.7375866717614835,0.3398151993751526,near_normal,1
2025-05-01,5,NL226,Arnhem/Nijmegen,Groundwater Depletion,0,0.8489365855484658,-0.5684083700180054,near_normal,1
2025-06-01,6,NL226,Arnhem/Nijmegen,Groundwater Depletion,0,0.8476617265705818,-0.671301543712616,near_normal,1
2025-07-01,7,NL226,Arnhem/Nijmegen,Groundwater Depletion,0,0.8080758467880502,-0.846276581287384,near_normal,1
2025-08-01,8,NL226,Arnhem/Nijmegen,Groundwater Depletion,0,0.7968234291632901,-1.2885345220565796,dry,1
2025-09-01,9,NL226,Arnhem/Nijmegen,Groundwater Depletion,0,0.6946702862826699,-1.3259549935658772,dry,1
2024-01-01,1,NL230,Flevoland,Groundwater Depletion,0,0.21763292949348145,1.6810797452926636,wet,1
2024-02-01,2,NL230,Flevoland,Groundwater Depletion,0,0.25134543658246555,2.042652944723765,wet,1
2024-03-01,3,NL230,Flevoland,Groundwater Depletion,1,0.3625041770097752,1.7197583715120952,wet,1
2024-04-01,4,NL230,Flevoland,Groundwater Depletion,0,0.4700706389470086,1.9411502679189045,wet,1
2024-05-01,5,NL230,Flevoland,Groundwater Depletion,1,0.528268030316938,2.439574877421061,wet,1
2024-06-01,6,NL230,Flevoland,Groundwater Depletion,0,0.42289465927076186,2.9559825658798218,wet,1
2024-07-01,7,NL230,Flevoland,Groundwater Depletion,0,0.39945257295131026,2.801535407702128,wet,1
2024-08-01,8,NL230,Flevoland,Groundwater Depletion,0,0.3366396595574279,2.583793560663859,wet,1
2024-09-01,9,NL230,Flevoland,Groundwater Depletion,0,0.23964162735206385,2.821715792020162,wet,1
2024-10-01,10,NL230,Flevoland,Groundwater Depletion,0,0.23017409791569282,2.08377875884374,wet,1
2024-11-01,11,NL230,Flevoland,Groundwater Depletion,0,0.23959930984386743,1.6295397281646729,wet,1
2024-12-01,12,NL230,Flevoland,Groundwater Depletion,0,0.2546335596014279,1.3571658531824748,wet,1
2025-01-01,1,NL230,Flevoland,Groundwater Depletion,0,0.30314467336529327,1.31018461783727,wet,1
2025-02-01,2,NL230,Flevoland,Groundwater Depletion,0,0.4396685206667962,0.681924487153689,near_normal,1
2025-03-01,3,NL230,Flevoland,Groundwater Depletion,1,0.6002523333179777,0.25594955605144304,near_normal,1
2025-04-01,4,NL230,Flevoland,Groundwater Depletion,0,0.6663903804070672,-0.42615289986133575,near_normal,1
2025-05-01,5,NL230,Flevoland,Groundwater Depletion,0,0.7812455440594561,-1.02263805270195,dry,1
2025-06-01,6,NL230,Flevoland,Groundwater Depletion,0,0.778211750736208,-1.1407394806543987,dry,1
2025-07-01,7,NL230,Flevoland,Groundwater Depletion,0,0.7174885362156915,-1.2951755126317341,dry,1
2025-08-01,8,NL230,Flevoland,Groundwater Depletion,0,0.6830316487239413,-1.5772170821825664,dry,1
2025-09-01,9,NL230,Flevoland,Groundwater Depletion,0,0.5352323891135804,-1.6643696029980977,dry,1
2024-01-01,1,NL310,Utrecht,Groundwater Depletion,0,0.28510367669666686,1.6331657965977986,wet,1
2024-02-01,2,NL310,Utrecht,Groundwater Depletion,0,0.31436226554213786,2.060304045677185,wet,1
2024-03-01,3,NL310,Utrecht,Groundwater Depletion,0,0.4516388797955035,1.6860721111297607,wet,1
2024-04-01,4,NL310,Utrecht,Groundwater Depletion,0,0.5601429476184399,1.934793512026469,wet,1
2024-05-01,5,NL310,Utrecht,Groundwater Depletion,0,0.6319745685231993,2.4599483807881675,wet,1
2024-06-01,6,NL310,Utrecht,Groundwater Depletion,0,0.5392552952869626,2.8643977642059326,wet,1
2024-07-01,7,NL310,Utrecht,Groundwater Depletion,0,0.48529512528706725,2.9952971935272217,wet,1
2024-08-01,8,NL310,Utrecht,Groundwater Depletion,0,0.45356128358170184,2.573964277903239,wet,1
2024-09-01,9,NL310,Utrecht,Groundwater Depletion,0,0.3102523440587848,2.949850559234619,wet,1
2024-10-01,10,NL310,Utrecht,Groundwater Depletion,0,0.30244465547260296,2.2675256729125977,wet,1
2024-11-01,11,NL310,Utrecht,Groundwater Depletion,0,0.3077349478798412,1.8243724505106609,wet,1
2024-12-01,12,NL310,Utrecht,Groundwater Depletion,0,0.30604065545842796,1.599138617515564,wet,1
2025-01-01,1,NL310,Utrecht,Groundwater Depletion,0,0.34262736950959416,1.6418602069218953,wet,1
2025-02-01,2,NL310,Utrecht,Groundwater Depletion,0,0.47664502358552163,1.0959928433100383,wet,1
2025-03-01,3,NL310,Utrecht,Groundwater Depletion,0,0.6585326538759545,0.6640455524126688,near_normal,1
2025-04-01,4,NL310,Utrecht,Groundwater Depletion,0,0.7061658718205218,-0.07301297783851624,near_normal,1
2025-05-01,5,NL310,Utrecht,Groundwater Depletion,0,0.828196364632795,-0.8883529901504517,near_normal,1
2025-06-01,6,NL310,Utrecht,Groundwater Depletion,1,0.8151811920482556,-1.0327074925104778,dry,1
2025-07-01,7,NL310,Utrecht,Groundwater Depletion,0,0.7706528660430283,-1.170036753018697,dry,1
2025-08-01,8,NL310,Utrecht,Groundwater Depletion,0,0.7498600178967589,-1.5849626461664836,dry,1
2025-09-01,9,NL310,Utrecht,Groundwater Depletion,0,0.604440440255881,-1.695322314898173,dry,1
2024-01-01,1,NL321,Kop van Noord-Holland,Groundwater Depletion,0,0.12468817150275437,1.6329838037490845,wet,1
2024-02-01,2,NL321,Kop van Noord-Holland,Groundwater Depletion,0,0.144903505244887,1.9536860883235931,wet,1
2024-03-01,3,NL321,Kop van Noord-Holland,Groundwater Depletion,0,0.22969681153775967,1.7587225437164307,wet,1
2024-04-01,4,NL321,Kop van Noord-Holland,Groundwater Depletion,0,0.29868132843392947,2.091783583164215,wet,1
2024-05-01,5,NL321,Kop van Noord-Holland,Groundwater Depletion,0,0.35116011623275745,2.2810864448547363,wet,1
2024-06-01,6,NL321,Kop van Noord-Holland,Groundwater Depletion,0,0.3142781119140569,2.7499186396598816,wet,1
2024-07-01,7,NL321,Kop van Noord-Holland,Groundwater Depletion,0,0.3032858707590457,2.32273006439209,wet,1
2024-08-01,8,NL321,Kop van Noord-Holland,Groundwater Depletion,0,0.2283568983489043,2.314435124397278,wet,1
2024-09-01,9,NL321,Kop van Noord-Holland,Groundwater Depletion,0,0.14709016330260882,2.3948420882225037,wet,1
2024-10-01,10,NL321,Kop van Noord-Holland,Groundwater Depletion,0,0.13596812760545476,1.7925672829151154,wet,1
2024-11-01,11,NL321,Kop van Noord-Holland,Groundwater Depletion,1,0.15153683136946833,1.154409036040306,wet,1
2024-12-01,12,NL321,Kop van Noord-Holland,Groundwater Depletion,0,0.16848580566902394,0.8799158334732056,near_normal,1
2025-01-01,1,NL321,Kop van Noord-Holland,Groundwater Depletion,0,0.22642411161757053,0.7503800988197327,near_normal,1
2025-02-01,2,NL321,Kop van Noord-Holland,Groundwater Depletion,0,0.33080397368507913,0.1837369699496776,near_normal,1
2025-03-01,3,NL321,Kop van Noord-Holland,Groundwater Depletion,0,0.4574249234251953,-0.19919294212013483,near_normal,1
2025-04-01,4,NL321,Kop van Noord-Holland,Groundwater Depletion,0,0.5513281200884685,-0.8529584109783173,near_normal,1
2025-05-01,5,NL321,Kop van Noord-Holland,Groundwater Depletion,0,0.6471936169537852,-1.0707411617040634,dry,1
2025-06-01,6,NL321,Kop van Noord-Holland,Groundwater Depletion,0,0.6178184559030049,-1.2265169620513916,dry,1
2025-07-01,7,NL321,Kop van Noord-Holland,Groundwater Depletion,0,0.5494490328768128,-1.3985914885997772,dry,1
2025-08-01,8,NL321,Kop van Noord-Holland,Groundwater Depletion,0,0.48519957021183024,-1.6699672937393188,dry,1
2025-09-01,9,NL321,Kop van Noord-Holland,Groundwater Depletion,0,0.3451280608953351,-1.6399725377559662,dry,1
2024-01-01,1,NL323,IJmond,Groundwater Depletion,0,0.10796942290694304,1.7469192743301392,wet,1
2024-02-01,2,NL323,IJmond,Groundwater Depletion,0,0.1324429590311373,1.9654667377471924,wet,1
2024-03-01,3,NL323,IJmond,Groundwater Depletion,0,0.20153790757644968,1.801576018333435,wet,1
2024-04-01,4,NL323,IJmond,Groundwater Depletion,0,0.28511605224103914,2.1092770099639893,wet,1
2024-05-01,5,NL323,IJmond,Groundwater Depletion,0,0.32434343781251984,2.3961286544799805,wet,1
2024-06-01,6,NL323,IJmond,Groundwater Depletion,0,0.29349645308279426,2.795001268386841,wet,1
2024-07-01,7,NL323,IJmond,Groundwater Depletion,0,0.29175102569064554,2.374518632888794,wet,1
2024-08-01,8,NL323,IJmond,Groundwater Depletion,0,0.18794045629498565,2.4498143196105957,wet,1
2024-09-01,9,NL323,IJmond,Groundwater Depletion,0,0.12653247051994843,2.5644779205322266,wet,1
2024-10-01,10,NL323,IJmond,Groundwater Depletion,0,0.11663672670399812,2.1055748462677,wet,1
2024-11-01,11,NL323,IJmond,Groundwater Depletion,0,0.1306058647468328,1.2876315116882324,wet,1
2024-12-01,12,NL323,IJmond,Groundwater Depletion,0,0.14397667570349285,1.054290771484375,wet,1
2025-01-01,1,NL323,IJmond,Groundwater Depletion,0,0.19379601433075047,0.9302926659584045,near_normal,1
2025-02-01,2,NL323,IJmond,Groundwater Depletion,0,0.2843932573963815,0.3864094913005829,near_normal,1
2025-03-01,3,NL323,IJmond,Groundwater Depletion,0,0.4767852817641249,-0.0300010796636343,near_normal,1
2025-04-01,4,NL323,IJmond,Groundwater Depletion,0,0.4999512973311131,-0.679432213306427,near_normal,1
2025-05-01,5,NL323,IJmond,Groundwater Depletion,0,0.6099925036607591,-1.0121432542800903,dry,1
2025-06-01,6,NL323,IJmond,Groundwater Depletion,0,0.5971810706877647,-1.1519043445587158,dry,1
2025-07-01,7,NL323,IJmond,Groundwater Depletion,0,0.5090058050660345,-1.336739182472229,dry,1
2025-08-01,8,NL323,IJmond,Groundwater Depletion,0,0.4531814309216751,-1.6172122955322266,dry,1
2025-09-01,9,NL323,IJmond,Groundwater Depletion,0,0.31842127800533565,-1.5776567459106445,dry,1
2024-01-01,1,NL324,Agglomeratie Haarlem,Groundwater Depletion,0,0.1129163321932218,1.647356390953064,wet,1
2024-02-01,2,NL324,Agglomeratie Haarlem,Groundwater Depletion,0,0.1366415728687381,1.945382833480835,wet,1
2024-03-01,3,NL324,Agglomeratie Haarlem,Groundwater Depletion,0,0.2209584853007868,1.7071410417556763,wet,1
2024-04-01,4,NL324,Agglomeratie Haarlem,Groundwater Depletion,0,0.2937948939496073,1.988879919052124,wet,1
2024-05-01,5,NL324,Agglomeratie Haarlem,Groundwater Depletion,0,0.3352849748108376,2.4034242630004883,wet,1
2024-06-01,6,NL324,Agglomeratie Haarlem,Groundwater Depletion,0,0.288872560322699,2.8238632678985596,wet,1
2024-07-01,7,NL324,Agglomeratie Haarlem,Groundwater Depletion,0,0.29681958424817695,2.4710593223571777,wet,1
2024-08-01,8,NL324,Agglomeratie Haarlem,Groundwater Depletion,0,0.19772117573528566,2.520214796066284,wet,1
2024-09-01,9,NL324,Agglomeratie Haarlem,Groundwater Depletion,0,0.13762282057174727,2.598809242248535,wet,1
2024-10-01,10,NL324,Agglomeratie Haarlem,Groundwater Depletion,0,0.12211490338719103,2.1641006469726562,wet,1
2024-11-01,11,NL324,Agglomeratie Haarlem,Groundwater Depletion,0,0.13198584377533637,1.519848108291626,wet,1
2024-12-01,12,NL324,Agglomeratie Haarlem,Groundwater Depletion,0,0.14024463057274744,1.3313369750976562,wet,1
2025-01-01,1,NL324,Agglomeratie Haarlem,Groundwater Depletion,0,0.18069289883497536,1.2478913068771362,wet,1
2025-02-01,2,NL324,Agglomeratie Haarlem,Groundwater Depletion,0,0.2762369930433153,0.668552577495575,near_normal,1
2025-03-01,3,NL324,Agglomeratie Haarlem,Groundwater Depletion,0,0.4577966087881835,0.24341583251953125,near_normal,1
2025-04-01,4,NL324,Agglomeratie Haarlem,Groundwater Depletion,0,0.4989425550597305,-0.45443814992904663,near_normal,1
2025-05-01,5,NL324,Agglomeratie Haarlem,Groundwater Depletion,0,0.6254092977628177,-0.9552810192108154,near_normal,1
2025-06-01,6,NL324,Agglomeratie Haarlem,Groundwater Depletion,0,0.6157708316956279,-1.0814781188964844,dry,1
2025-07-01,7,NL324,Agglomeratie Haarlem,Groundwater Depletion,0,0.5269646742964768,-1.2436511516571045,dry,1
2025-08-01,8,NL324,Agglomeratie Haarlem,Groundwater Depletion,0,0.46793426698246454,-1.534304141998291,dry,1
2025-09-01,9,NL324,Agglomeratie Haarlem,Groundwater Depletion,0,0.32847777145524615,-1.641973853111267,dry,1
2024-01-01,1,NL325,Zaanstreek,Groundwater Depletion,0,0.07650080133921562,1.6169030666351318,wet,1
2024-02-01,2,NL325,Zaanstreek,Groundwater Depletion,0,0.0861067684091019,1.957419753074646,wet,1
2024-03-01,3,NL325,Zaanstreek,Groundwater Depletion,0,0.1374797053084161,1.6453285217285156,wet,1
2024-04-01,4,NL325,Zaanstreek,Groundwater Depletion,0,0.20529825712477198,1.9042351245880127,wet,1
2024-05-01,5,NL325,Zaanstreek,Groundwater Depletion,0,0.24204238935332542,2.3876869678497314,wet,1
2024-06-01,6,NL325,Zaanstreek,Groundwater Depletion,0,0.19894901294090836,2.875868558883667,wet,1
2024-07-01,7,NL325,Zaanstreek,Groundwater Depletion,0,0.19382488097405365,2.6098756790161133,wet,1
2024-08-01,8,NL325,Zaanstreek,Groundwater Depletion,0,0.14216321659647768,2.4586730003356934,wet,1
2024-09-01,9,NL325,Zaanstreek,Groundwater Depletion,0,0.08677695612018697,2.6439425945281982,wet,1
2024-10-01,10,NL325,Zaanstreek,Groundwater Depletion,0,0.07905991289445324,2.0523898601531982,wet,1
2024-11-01,11,NL325,Zaanstreek,Groundwater Depletion,0,0.08378572572794261,1.5562342405319214,wet,1
2024-12-01,12,NL325,Zaanstreek,Groundwater Depletion,0,0.08830123770286764,1.3256824016571045,wet,1
2025-01-01,1,NL325,Zaanstreek,Groundwater Depletion,0,0.11435564086410607,1.2905166149139404,wet,1
2025-02-01,2,NL325,Zaanstreek,Groundwater Depletion,0,0.17908191055074468,0.7351674437522888,near_normal,1
2025-03-01,3,NL325,Zaanstreek,Groundwater Depletion,0,0.31957394037765396,0.2895616590976715,near_normal,1
2025-04-01,4,NL325,Zaanstreek,Groundwater Depletion,0,0.3524654605181313,-0.44397521018981934,near_normal,1
2025-05-01,5,NL325,Zaanstreek,Groundwater Depletion,0,0.5115450071367725,-1.0350122451782227,dry,1
2025-06-01,6,NL325,Zaanstreek,Groundwater Depletion,0,0.4702210552282743,-1.1691848039627075,dry,1
2025-07-01,7,NL325,Zaanstreek,Groundwater Depletion,0,0.4200429811203766,-1.3288004398345947,dry,1
2025-08-01,8,NL325,Zaanstreek,Groundwater Depletion,0,0.3614252938327524,-1.6849058866500854,dry,1
2025-09-01,9,NL325,Zaanstreek,Groundwater Depletion,0,0.25478352819353794,-1.740875005722046,dry,1
2024-01-01,1,NL327,Het Gooi en Vechtstreek,Groundwater Depletion,0,0.21634667285485945,1.636123776435852,wet,1
2024-03-01,3,NL327,Het Gooi en Vechtstreek,Groundwater Depletion,0,0.34768634487883193,1.6505409479141235,wet,1
2024-04-01,4,NL327,Het Gooi en Vechtstreek,Groundwater Depletion,0,0.46523370831969085,1.8591419458389282,wet,1
2024-05-01,5,NL327,Het Gooi en Vechtstreek,Groundwater Depletion,0,0.5252723632425909,2.378713369369507,wet,1
2024-06-01,6,NL327,Het Gooi en Vechtstreek,Groundwater Depletion,0,0.4227425021968385,2.898977279663086,wet,1
2024-07-01,7,NL327,Het Gooi en Vechtstreek,Groundwater Depletion,0,0.41399405288702024,2.7814443111419678,wet,1
2024-08-01,8,NL327,Het Gooi en Vechtstreek,Groundwater Depletion,0,0.3612717851016786,2.4918413162231445,wet,1
2024-09-01,9,NL327,Het Gooi en Vechtstreek,Groundwater Depletion,0,0.24535306096091075,2.7578084468841553,wet,1
2024-10-01,10,NL327,Het Gooi en Vechtstreek,Groundwater Depletion,0,0.2309689646092982,2.0412652492523193,wet,1
2024-11-01,11,NL327,Het Gooi en Vechtstreek,Groundwater Depletion,0,0.23328081978850354,1.6262489557266235,wet,1
2024-12-01,12,NL327,Het Gooi en Vechtstreek,Groundwater Depletion,0,0.2393041499844478,1.3761451244354248,wet,1
2025-01-01,1,NL327,Het Gooi en Vechtstreek,Groundwater Depletion,0,0.28904167014509174,1.3592329025268555,wet,1
2025-02-01,2,NL327,Het Gooi en Vechtstreek,Groundwater Depletion,0,0.4152652813062014,0.8063275814056396,near_normal,1
2025-03-01,3,NL327,Het Gooi en Vechtstreek,Groundwater Depletion,0,0.5493606959761558,0.35810184478759766,near_normal,1
2025-04-01,4,NL327,Het Gooi en Vechtstreek,Groundwater Depletion,0,0.6391195615364235,-0.35341763496398926,near_normal,1
2025-05-01,5,NL327,Het Gooi en Vechtstreek,Groundwater Depletion,0,0.7796433378948716,-1.0387662649154663,dry,1
2025-06-01,6,NL327,Het Gooi en Vechtstreek,Groundwater Depletion,0,0.7537027399646332,-1.1725388765335083,dry,1
2025-07-01,7,NL327,Het Gooi en Vechtstreek,Groundwater Depletion,0,0.6998195234170557,-1.3508493900299072,dry,1
2025-08-01,8,NL327,Het Gooi en Vechtstreek,Groundwater Depletion,0,0.6689120983082436,-1.7118911743164062,dry,1
2025-09-01,9,NL327,Het Gooi en Vechtstreek,Groundwater Depletion,0,0.5167323809262596,-1.7690833806991577,dry,1
2024-01-01,1,NL328,Alkmaar en omgeving,Groundwater Depletion,0,0.17762274853790394,1.7100821137428284,wet,1
2024-02-01,2,NL328,Alkmaar en omgeving,Groundwater Depletion,0,0.21414177659289702,1.9593284130096436,wet,1
2024-03-01,3,NL328,Alkmaar en omgeving,Groundwater Depletion,0,0.3055456699483592,1.739656686782837,wet,1
2024-04-01,4,NL328,Alkmaar en omgeving,Groundwater Depletion,0,0.41040133732271294,2.0186948776245117,wet,1
2024-05-01,5,NL328,Alkmaar en omgeving,Groundwater Depletion,0,0.4618658656876669,2.3344630002975464,wet,1
2024-06-01,6,NL328,Alkmaar en omgeving,Groundwater Depletion,0,0.415784794616446,2.804568648338318,wet,1
2024-07-01,7,NL328,Alkmaar en omgeving,Groundwater Depletion,0,0.4136289934335708,2.428522229194641,wet,1
2024-08-01,8,NL328,Alkmaar en omgeving,Groundwater Depletion,0,0.2983567322081893,2.425881505012512,wet,1
2024-09-01,9,NL328,Alkmaar en omgeving,Groundwater Depletion,0,0.20330259028355774,2.5760817527770996,wet,1
2024-10-01,10,NL328,Alkmaar en omgeving,Groundwater Depletion,0,0.1856258635465783,2.0169880390167236,wet,1
2024-11-01,11,NL328,Alkmaar en omgeving,Groundwater Depletion,0,0.20660775631084427,1.3094255328178406,wet,1
2024-12-01,12,NL328,Alkmaar en omgeving,Groundwater Depletion,0,0.22513649350445772,1.0511134266853333,wet,1
2025-01-01,1,NL328,Alkmaar en omgeving,Groundwater Depletion,0,0.29110526050622704,0.9406598210334778,near_normal,1
2025-02-01,2,NL328,Alkmaar en omgeving,Groundwater Depletion,0,0.4080154668932345,0.40348732471466064,near_normal,1
2025-03-01,3,NL328,Alkmaar en omgeving,Groundwater Depletion,0,0.5573767726895003,-0.023991535417735577,near_normal,1
2025-04-01,4,NL328,Alkmaar en omgeving,Groundwater Depletion,0,0.6299717653263412,-0.6851816177368164,near_normal,1
2025-05-01,5,NL328,Alkmaar en omgeving,Groundwater Depletion,0,0.7297752205887115,-1.0560193061828613,dry,1
2025-06-01,6,NL328,Alkmaar en omgeving,Groundwater Depletion,0,0.6985848673230797,-1.200132429599762,dry,1
2025-07-01,7,NL328,Alkmaar en omgeving,Groundwater Depletion,0,0.6498291590189745,-1.380033254623413,dry,1
2025-08-01,8,NL328,Alkmaar en omgeving,Groundwater Depletion,0,0.5954576869155678,-1.6897867918014526,dry,1
2025-09-01,9,NL328,Alkmaar en omgeving,Groundwater Depletion,0,0.46393225006788386,-1.6552176475524902,dry,1
2024-01-01,1,NL329,Groot-Amsterdam,Groundwater Depletion,0,0.12346333189562193,1.6169030666351318,wet,1
2024-02-01,2,NL329,Groot-Amsterdam,Groundwater Depletion,0,0.1443982998309046,1.957419753074646,wet,1
2024-03-01,3,NL329,Groot-Amsterdam,Groundwater Depletion,0,0.22183407983360043,1.6453285217285156,wet,1
2024-04-01,4,NL329,Groot-Amsterdam,Groundwater Depletion,1,0.30987018430465735,1.9042351245880127,wet,1
2024-05-01,5,NL329,Groot-Amsterdam,Groundwater Depletion,0,0.35869446127686816,2.3876869678497314,wet,1
2024-06-01,6,NL329,Groot-Amsterdam,Groundwater Depletion,0,0.30006038986699946,2.875868558883667,wet,1
2024-07-01,7,NL329,Groot-Amsterdam,Groundwater Depletion,0,0.2944747348310131,2.6098756790161133,wet,1
2024-08-01,8,NL329,Groot-Amsterdam,Groundwater Depletion,0,0.2330086677539841,2.4586730003356934,wet,1
2024-09-01,9,NL329,Groot-Amsterdam,Groundwater Depletion,0,0.14995718672586894,2.6439425945281982,wet,1
2024-10-01,10,NL329,Groot-Amsterdam,Groundwater Depletion,0,0.13272298544108016,2.0523898601531982,wet,1
2024-11-01,11,NL329,Groot-Amsterdam,Groundwater Depletion,0,0.13738343220851118,1.5562342405319214,wet,1
2024-12-01,12,NL329,Groot-Amsterdam,Groundwater Depletion,0,0.14403647879226866,1.3256824016571045,wet,1
2025-01-01,1,NL329,Groot-Amsterdam,Groundwater Depletion,0,0.18163740506188455,1.2905166149139404,wet,1
2025-02-01,2,NL329,Groot-Amsterdam,Groundwater Depletion,0,0.2781275281859638,0.7351674437522888,near_normal,1
2025-03-01,3,NL329,Groot-Amsterdam,Groundwater Depletion,0,0.43605186056919903,0.2895616590976715,near_normal,1
2025-04-01,4,NL329,Groot-Amsterdam,Groundwater Depletion,0,0.4917758514509823,-0.44397521018981934,near_normal,1
2025-05-01,5,NL329,Groot-Amsterdam,Groundwater Depletion,0,0.644152819061937,-1.0350122451782227,dry,1
2025-06-01,6,NL329,Groot-Amsterdam,Groundwater Depletion,0,0.6161125020347352,-1.1691848039627075,dry,1
2025-07-01,7,NL329,Groot-Amsterdam,Groundwater Depletion,0,0.5504497194586586,-1.3288004398345947,dry,1
2025-08-01,8,NL329,Groot-Amsterdam,Groundwater Depletion,0,0.511817976732674,-1.6849058866500854,dry,1
2025-09-01,9,NL329,Groot-Amsterdam,Groundwater Depletion,0,0.36009891946412953,-1.740875005722046,dry,1
2024-01-01,1,NL332,Agglomeratie ’s-Gravenhage,Groundwater Depletion,0,0.06679461479520271,1.5479464530944824,wet,1
2024-02-01,2,NL332,Agglomeratie ’s-Gravenhage,Groundwater Depletion,0,0.08131939360772446,1.9152671098709106,wet,1
2024-03-01,3,NL332,Agglomeratie ’s-Gravenhage,Groundwater Depletion,0,0.13971032191839858,1.6138807535171509,wet,1
2024-04-01,4,NL332,Agglomeratie ’s-Gravenhage,Groundwater Depletion,0,0.1907798416262722,1.7927536964416504,wet,1
2024-05-01,5,NL332,Agglomeratie ’s-Gravenhage,Groundwater Depletion,0,0.22964808826758268,2.222562551498413,wet,1
2024-06-01,6,NL332,Agglomeratie ’s-Gravenhage,Groundwater Depletion,0,0.18769225816297333,2.651139974594116,wet,1
2024-07-01,7,NL332,Agglomeratie ’s-Gravenhage,Groundwater Depletion,0,0.16095940639782386,2.602553367614746,wet,1
2024-08-01,8,NL332,Agglomeratie ’s-Gravenhage,Groundwater Depletion,0,0.11649201970556748,2.614240884780884,wet,1
2024-09-01,9,NL332,Agglomeratie ’s-Gravenhage,Groundwater Depletion,0,0.07509645964288252,2.760681390762329,wet,1
2024-10-01,10,NL332,Agglomeratie ’s-Gravenhage,Groundwater Depletion,0,0.06921086179009511,2.217620849609375,wet,1
2024-11-01,11,NL332,Agglomeratie ’s-Gravenhage,Groundwater Depletion,0,0.07055687851176232,1.6578664779663086,wet,1
2024-12-01,12,NL332,Agglomeratie ’s-Gravenhage,Groundwater Depletion,0,0.07195868778776135,1.5298305749893188,wet,1
2025-01-01,1,NL332,Agglomeratie ’s-Gravenhage,Groundwater Depletion,0,0.08812517193914655,1.4456462860107422,wet,1
2025-02-01,2,NL332,Agglomeratie ’s-Gravenhage,Groundwater Depletion,0,0.1483768649918764,0.8826550841331482,near_normal,1
2025-03-01,3,NL332,Agglomeratie ’s-Gravenhage,Groundwater Depletion,0,0.21054928434065576,0.4521176517009735,near_normal,1
2025-04-01,4,NL332,Agglomeratie ’s-Gravenhage,Groundwater Depletion,0,0.3123215456020464,-0.2299506515264511,near_normal,1
2025-05-01,5,NL332,Agglomeratie ’s-Gravenhage,Groundwater Depletion,0,0.4491191963228839,-0.8712313175201416,near_normal,1
2025-06-01,6,NL332,Agglomeratie ’s-Gravenhage,Groundwater Depletion,1,0.43895326362082726,-1.0435134172439575,dry,1
2025-07-01,7,NL332,Agglomeratie ’s-Gravenhage,Groundwater Depletion,0,0.35628545558350466,-1.2248507738113403,dry,1
2025-08-01,8,NL332,Agglomeratie ’s-Gravenhage,Groundwater Depletion,0,0.30572432206287414,-1.4840713739395142,dry,1
2025-09-01,9,NL332,Agglomeratie ’s-Gravenhage,Groundwater Depletion,0,0.1837987170262148,-1.723048210144043,dry,1
2024-01-01,1,NL333,Delft en Westland,Groundwater Depletion,0,0.08272433322623056,1.4589471817016602,wet,1
2024-02-01,2,NL333,Delft en Westland,Groundwater Depletion,0,0.10635164630450085,1.889495611190796,wet,1
2024-03-01,3,NL333,Delft en Westland,Groundwater Depletion,0,0.16518086349365035,1.5272536277770996,wet,1
2024-04-01,4,NL333,Delft en Westland,Groundwater Depletion,0,0.23979010792037667,1.6712430715560913,wet,1
2024-05-01,5,NL333,Delft en Westland,Groundwater Depletion,0,0.2932289531353832,2.103944778442383,wet,1
2024-06-01,6,NL333,Delft en Westland,Groundwater Depletion,0,0.22934825419008031,2.5638675689697266,wet,1
2024-07-01,7,NL333,Delft en Westland,Groundwater Depletion,0,0.16710904587425907,2.8959829807281494,wet,1
2024-08-01,8,NL333,Delft en Westland,Groundwater Depletion,0,0.14633072451507603,2.653705358505249,wet,1
2024-09-01,9,NL333,Delft en Westland,Groundwater Depletion,0,0.08650209902574985,2.9503586292266846,wet,1
2024-10-01,10,NL333,Delft en Westland,Groundwater Depletion,0,0.08773562101100667,2.2567052841186523,wet,1
2024-11-01,11,NL333,Delft en Westland,Groundwater Depletion,0,0.08826664662307011,1.799555778503418,wet,1
2024-12-01,12,NL333,Delft en Westland,Groundwater Depletion,0,0.08353911576487422,1.66428804397583,wet,1
2025-01-01,1,NL333,Delft en Westland,Groundwater Depletion,0,0.09761008283010576,1.640883445739746,wet,1
2025-02-01,2,NL333,Delft en Westland,Groundwater Depletion,0,0.14989976925563586,1.163700819015503,wet,1
2025-03-01,3,NL333,Delft en Westland,Groundwater Depletion,0,0.2323885630685661,0.7183709144592285,near_normal,1
2025-04-01,4,NL333,Delft en Westland,Groundwater Depletion,1,0.33534832470950127,0.003728199517354369,near_normal,1
2025-05-01,5,NL333,Delft en Westland,Groundwater Depletion,0,0.497202396114963,-0.8432844877243042,near_normal,1
2025-06-01,6,NL333,Delft en Westland,Groundwater Depletion,1,0.4651668422435097,-1.0905721187591553,dry,1
2025-07-01,7,NL333,Delft en Westland,Groundwater Depletion,0,0.40751006145034274,-1.26656973361969,dry,1
2025-08-01,8,NL333,Delft en Westland,Groundwater Depletion,1,0.38772855822126173,-1.6068077087402344,dry,1
2025-09-01,9,NL333,Delft en Westland,Groundwater Depletion,0,0.2274661051592347,-1.8662478923797607,dry,1
2024-01-01,1,NL337,Agglomeratie Leiden en Bollenstreek,Groundwater Depletion,0,0.1798022852486418,1.5254942178726196,wet,1
2024-02-01,2,NL337,Agglomeratie Leiden en Bollenstreek,Groundwater Depletion,0,0.21065075721081983,1.930662751197815,wet,1
2024-03-01,3,NL337,Agglomeratie Leiden en Bollenstreek,Groundwater Depletion,0,0.3251229767332482,1.600808024406433,wet,1
2024-04-01,4,NL337,Agglomeratie Leiden en Bollenstreek,Groundwater Depletion,0,0.4113678043183343,1.8393596410751343,wet,1
2024-05-01,5,NL337,Agglomeratie Leiden en Bollenstreek,Groundwater Depletion,0,0.47478338762320943,2.308445453643799,wet,1
2024-06-01,6,NL337,Agglomeratie Leiden en Bollenstreek,Groundwater Depletion,0,0.4072070588212773,2.742405891418457,wet,1
2024-07-01,7,NL337,Agglomeratie Leiden en Bollenstreek,Groundwater Depletion,0,0.3653089084975952,2.7151103019714355,wet,1
2024-08-01,8,NL337,Agglomeratie Leiden en Bollenstreek,Groundwater Depletion,0,0.31927018386077866,2.554049253463745,wet,1
2024-09-01,9,NL337,Agglomeratie Leiden en Bollenstreek,Groundwater Depletion,0,0.205588604258045,2.7597999572753906,wet,1
2024-10-01,10,NL337,Agglomeratie Leiden en Bollenstreek,Groundwater Depletion,0,0.19648843978123331,2.198561906814575,wet,1
2024-11-01,11,NL337,Agglomeratie Leiden en Bollenstreek,Groundwater Depletion,0,0.19352573536467846,1.7335660457611084,wet,1
2024-12-01,12,NL337,Agglomeratie Leiden en Bollenstreek,Groundwater Depletion,0,0.1929786699364344,1.5648200511932373,wet,1
2025-01-01,1,NL337,Agglomeratie Leiden en Bollenstreek,Groundwater Depletion,0,0.2256448351983286,1.5522692203521729,wet,1
2025-02-01,2,NL337,Agglomeratie Leiden en Bollenstreek,Groundwater Depletion,0,0.33381729519484354,1.016635775566101,wet,1
2025-03-01,3,NL337,Agglomeratie Leiden en Bollenstreek,Groundwater Depletion,0,0.4326786517080513,0.5903820991516113,near_normal,1
2025-04-01,4,NL337,Agglomeratie Leiden en Bollenstreek,Groundwater Depletion,0,0.5715609813651805,-0.16400562226772308,near_normal,1
2025-05-01,5,NL337,Agglomeratie Leiden en Bollenstreek,Groundwater Depletion,0,0.7171994060442319,-0.8812072277069092,near_normal,1
2025-06-01,6,NL337,Agglomeratie Leiden en Bollenstreek,Groundwater Depletion,0,0.7058837484141415,-1.0348807573318481,dry,1
2025-07-01,7,NL337,Agglomeratie Leiden en Bollenstreek,Groundwater Depletion,0,0.6352235627740047,-1.1747100353240967,dry,1
2025-08-01,8,NL337,Agglomeratie Leiden en Bollenstreek,Groundwater Depletion,0,0.5950771035515281,-1.5170913934707642,dry,1
2025-09-01,9,NL337,Agglomeratie Leiden en Bollenstreek,Groundwater Depletion,0,0.42369236008286826,-1.738526463508606,dry,1
2024-01-01,1,NL33A,Zuidoost-Zuid-Holland,Groundwater Depletion,0,0.15051748858345437,1.5022345781326294,wet,1
2024-02-01,2,NL33A,Zuidoost-Zuid-Holland,Groundwater Depletion,0,0.16923068868489582,1.9734735488891602,wet,1
2024-03-01,3,NL33A,Zuidoost-Zuid-Holland,Groundwater Depletion,0,0.26983215317906406,1.6091928482055664,wet,1
2024-04-01,4,NL33A,Zuidoost-Zuid-Holland,Groundwater Depletion,0,0.36032562939767104,1.869387149810791,wet,1
2024-05-01,5,NL33A,Zuidoost-Zuid-Holland,Groundwater Depletion,0,0.43833408888773395,2.296041488647461,wet,1
2024-06-01,6,NL33A,Zuidoost-Zuid-Holland,Groundwater Depletion,0,0.34100299306461973,2.7406914234161377,wet,1
2024-07-01,7,NL33A,Zuidoost-Zuid-Holland,Groundwater Depletion,0,0.2663864956575832,3.1620676517486572,wet,1
2024-08-01,8,NL33A,Zuidoost-Zuid-Holland,Groundwater Depletion,0,0.256936445220815,2.5882296562194824,wet,1
2024-09-01,9,NL33A,Zuidoost-Zuid-Holland,Groundwater Depletion,0,0.15252679236655903,3.196017026901245,wet,1
2024-10-01,10,NL33A,Zuidoost-Zuid-Holland,Groundwater Depletion,0,0.16249777542875066,2.4383902549743652,wet,1
2024-11-01,11,NL33A,Zuidoost-Zuid-Holland,Groundwater Depletion,0,0.16135089774234077,1.9545094966888428,wet,1
2024-12-01,12,NL33A,Zuidoost-Zuid-Holland,Groundwater Depletion,0,0.15625399436096127,1.7752925157546997,wet,1
2025-01-01,1,NL33A,Zuidoost-Zuid-Holland,Groundwater Depletion,0,0.1695712688954447,1.8329216241836548,wet,1
2025-02-01,2,NL33A,Zuidoost-Zuid-Holland,Groundwater Depletion,0,0.25994432054135075,1.3434903621673584,wet,1
2025-03-01,3,NL33A,Zuidoost-Zuid-Holland,Groundwater Depletion,1,0.3978025407139393,0.9254148006439209,near_normal,1
2025-04-01,4,NL33A,Zuidoost-Zuid-Holland,Groundwater Depletion,0,0.48348125024429056,0.18472331762313843,near_normal,1
2025-05-01,5,NL33A,Zuidoost-Zuid-Holland,Groundwater Depletion,0,0.6574492353497691,-0.6993400454521179,near_normal,1
2025-06-01,6,NL33A,Zuidoost-Zuid-Holland,Groundwater Depletion,0,0.6394108656567269,-0.928616464138031,near_normal,1
2025-07-01,7,NL33A,Zuidoost-Zuid-Holland,Groundwater Depletion,0,0.5791539647741156,-1.0900894403457642,dry,1
2025-08-01,8,NL33A,Zuidoost-Zuid-Holland,Groundwater Depletion,0,0.5523811375343797,-1.5483509302139282,dry,1
2025-09-01,9,NL33A,Zuidoost-Zuid-Holland,Groundwater Depletion,0,0.39112720222818304,-1.7110259532928467,dry,1
2024-01-01,1,NL33B,Oost-Zuid-Holland,Groundwater Depletion,0,0.09329996460394396,1.5254942178726196,wet,1
2024-02-01,2,NL33B,Oost-Zuid-Holland,Groundwater Depletion,1,0.10595503578715804,1.930662751197815,wet,1
2024-03-01,3,NL33B,Oost-Zuid-Holland,Groundwater Depletion,0,0.18380389207183534,1.600808024406433,wet,1
2024-04-01,4,NL33B,Oost-Zuid-Holland,Groundwater Depletion,0,0.2470167520083395,1.8393596410751343,wet,1
2024-05-01,5,NL33B,Oost-Zuid-Holland,Groundwater Depletion,0,0.29973537549286133,2.308445453643799,wet,1
2024-06-01,6,NL33B,Oost-Zuid-Holland,Groundwater Depletion,0,0.24007983281515302,2.742405891418457,wet,1
2024-07-01,7,NL33B,Oost-Zuid-Holland,Groundwater Depletion,0,0.21396476603825887,2.7151103019714355,wet,1
2024-08-01,8,NL33B,Oost-Zuid-Holland,Groundwater Depletion,0,0.1683508044838879,2.554049253463745,wet,1
2024-09-01,9,NL33B,Oost-Zuid-Holland,Groundwater Depletion,0,0.10869028389835424,2.7597999572753906,wet,1
2024-10-01,10,NL33B,Oost-Zuid-Holland,Groundwater Depletion,0,0.10075468667051268,2.198561906814575,wet,1
2024-11-01,11,NL33B,Oost-Zuid-Holland,Groundwater Depletion,0,0.1007746601613662,1.7335660457611084,wet,1
2024-12-01,12,NL33B,Oost-Zuid-Holland,Groundwater Depletion,0,0.1009934587849004,1.5648200511932373,wet,1
2025-01-01,1,NL33B,Oost-Zuid-Holland,Groundwater Depletion,0,0.12248409742659452,1.5522692203521729,wet,1
2025-02-01,2,NL33B,Oost-Zuid-Holland,Groundwater Depletion,0,0.195338591687808,1.016635775566101,wet,1
2025-03-01,3,NL33B,Oost-Zuid-Holland,Groundwater Depletion,0,0.3035566758604643,0.5903820991516113,near_normal,1
2025-04-01,4,NL33B,Oost-Zuid-Holland,Groundwater Depletion,0,0.3871596444119744,-0.16400562226772308,near_normal,1
2025-05-01,5,NL33B,Oost-Zuid-Holland,Groundwater Depletion,0,0.5484814073090517,-0.8812072277069092,near_normal,1
2025-06-01,6,NL33B,Oost-Zuid-Holland,Groundwater Depletion,0,0.5100609058194109,-1.0348807573318481,dry,1
2025-07-01,7,NL33B,Oost-Zuid-Holland,Groundwater Depletion,0,0.4516682413285545,-1.1747100353240967,dry,1
2025-08-01,8,NL33B,Oost-Zuid-Holland,Groundwater Depletion,0,0.40945102431486047,-1.5170913934707642,dry,1
2025-09-01,9,NL33B,Oost-Zuid-Holland,Groundwater Depletion,0,0.27296259984424776,-1.738526463508606,dry,1
2024-01-01,1,NL33C,Groot-Rijnmond,Groundwater Depletion,0,0.17768348061619038,1.481999437014262,wet,1
2024-02-01,2,NL33C,Groot-Rijnmond,Groundwater Depletion,0,0.2138582031468746,1.9045462608337402,wet,1
2024-03-01,3,NL33C,Groot-Rijnmond,Groundwater Depletion,0,0.32032950787408915,1.55764905611674,wet,1
2024-04-01,4,NL33C,Groot-Rijnmond,Groundwater Depletion,0,0.42136933478573235,1.7358837127685547,wet,1
2024-05-01,5,NL33C,Groot-Rijnmond,Groundwater Depletion,0,0.48928057673530656,2.1709097226460776,wet,1
2024-06-01,6,NL33C,Groot-Rijnmond,Groundwater Depletion,0,0.4054534551305416,2.626691977183024,wet,1
2024-07-01,7,NL33C,Groot-Rijnmond,Groundwater Depletion,0,0.3264413301816104,2.903880516688029,wet,1
2024-08-01,8,NL33C,Groot-Rijnmond,Groundwater Depletion,0,0.2872381715389434,2.6491270065307617,wet,1
2024-09-01,9,NL33C,Groot-Rijnmond,Groundwater Depletion,0,0.18217728342692263,2.9472951889038086,wet,1
2024-10-01,10,NL33C,Groot-Rijnmond,Groundwater Depletion,1,0.18274638243861618,2.2849376996358237,wet,1
2024-11-01,11,NL33C,Groot-Rijnmond,Groundwater Depletion,0,0.18224480520769354,1.8019837141036987,wet,1
2024-12-01,12,NL33C,Groot-Rijnmond,Groundwater Depletion,0,0.17824844628524028,1.676819920539856,wet,1
2025-01-01,1,NL33C,Groot-Rijnmond,Groundwater Depletion,0,0.20577074798846917,1.6513664722442627,wet,1
2025-02-01,2,NL33C,Groot-Rijnmond,Groundwater Depletion,1,0.3036334037979272,1.1506803433100383,wet,1
2025-03-01,3,NL33C,Groot-Rijnmond,Groundwater Depletion,0,0.4254623874216938,0.7058199445406595,near_normal,1
2025-04-01,4,NL33C,Groot-Rijnmond,Groundwater Depletion,1,0.5438411719947457,-0.012301225292806825,near_normal,1
2025-05-01,5,NL33C,Groot-Rijnmond,Groundwater Depletion,1,0.7013188458428886,-0.8446452021598816,near_normal,1
2025-06-01,6,NL33C,Groot-Rijnmond,Groundwater Depletion,0,0.6781210200992958,-1.0734885931015015,dry,1
2025-07-01,7,NL33C,Groot-Rijnmond,Groundwater Depletion,0,0.6175799690797922,-1.2388241688410442,dry,1
2025-08-01,8,NL33C,Groot-Rijnmond,Groundwater Depletion,0,0.5963541230579629,-1.566239356994629,dry,1
2025-09-01,9,NL33C,Groot-Rijnmond,Groundwater Depletion,0,0.4130381422999959,-1.825290282567342,dry,1
2024-01-01,1,NL341,Zeeuwsch-Vlaanderen,Groundwater Depletion,0,0.2558770436082093,1.0990768671035767,wet,1
2024-02-01,2,NL341,Zeeuwsch-Vlaanderen,Groundwater Depletion,0,0.28016152973795827,1.6654661893844604,wet,1
2024-03-01,3,NL341,Zeeuwsch-Vlaanderen,Groundwater Depletion,0,0.4111948626510871,1.4342957735061646,wet,1
2024-04-01,4,NL341,Zeeuwsch-Vlaanderen,Groundwater Depletion,0,0.504737386532898,1.72164386510849,wet,1
2024-05-01,5,NL341,Zeeuwsch-Vlaanderen,Groundwater Depletion,0,0.5746158306258045,2.0468907356262207,wet,1
2024-06-01,6,NL341,Zeeuwsch-Vlaanderen,Groundwater Depletion,0,0.48875858466597477,2.511785864830017,wet,1
2024-07-01,7,NL341,Zeeuwsch-Vlaanderen,Groundwater Depletion,0,0.427115210503347,2.5947717428207397,wet,1
2024-08-01,8,NL341,Zeeuwsch-Vlaanderen,Groundwater Depletion,0,0.388182446229604,2.2865796089172363,wet,1
2024-09-01,9,NL341,Zeeuwsch-Vlaanderen,Groundwater Depletion,0,0.26513237542435575,2.4733811616897583,wet,1
2024-10-01,10,NL341,Zeeuwsch-Vlaanderen,Groundwater Depletion,0,0.24067981100572908,2.181926131248474,wet,1
2024-11-01,11,NL341,Zeeuwsch-Vlaanderen,Groundwater Depletion,0,0.2127875389287076,1.6795973777770996,wet,1
2024-12-01,12,NL341,Zeeuwsch-Vlaanderen,Groundwater Depletion,1,0.21244832142938436,1.661611557006836,wet,1
2025-01-01,1,NL341,Zeeuwsch-Vlaanderen,Groundwater Depletion,0,0.251531806953909,1.6901467442512512,wet,1
2025-02-01,2,NL341,Zeeuwsch-Vlaanderen,Groundwater Depletion,0,0.37073117290905866,1.1577122211456299,wet,1
2025-03-01,3,NL341,Zeeuwsch-Vlaanderen,Groundwater Depletion,1,0.5533720020073243,0.565402165055275,near_normal,1
2025-04-01,4,NL341,Zeeuwsch-Vlaanderen,Groundwater Depletion,0,0.6538097375337432,-0.27620716392993927,near_normal,1
2025-05-01,5,NL341,Zeeuwsch-Vlaanderen,Groundwater Depletion,0,0.7618940416494432,-1.0510993003845215,dry,1
2025-06-01,6,NL341,Zeeuwsch-Vlaanderen,Groundwater Depletion,0,0.7386244476730128,-1.2060883045196533,dry,1
2025-07-01,7,NL341,Zeeuwsch-Vlaanderen,Groundwater Depletion,0,0.6788325836793109,-1.3016448020935059,dry,1
2025-08-01,8,NL341,Zeeuwsch-Vlaanderen,Groundwater Depletion,0,0.6707706538571068,-1.7224125266075134,dry,1
2025-09-01,9,NL341,Zeeuwsch-Vlaanderen,Groundwater Depletion,0,0.5034911215594201,-2.1238150596618652,dry,1
2024-01-01,1,NL342,Overig Zeeland,Groundwater Depletion,0,0.1963441180044397,1.3286210298538208,wet,1
2024-02-01,2,NL342,Overig Zeeland,Groundwater Depletion,0,0.23204469451005924,1.7934848070144653,wet,1
2024-03-01,3,NL342,Overig Zeeland,Groundwater Depletion,0,0.3427084220487245,1.4659996032714844,wet,1
2024-04-01,4,NL342,Overig Zeeland,Groundwater Depletion,0,0.44802459245229576,1.6179192066192627,wet,1
2024-05-01,5,NL342,Overig Zeeland,Groundwater Depletion,0,0.5100637543993602,2.0807783603668213,wet,1
2024-06-01,6,NL342,Overig Zeeland,Groundwater Depletion,0,0.41529116149947043,2.572701930999756,wet,1
2024-07-01,7,NL342,Overig Zeeland,Groundwater Depletion,0,0.332799532851218,2.9837281703948975,wet,1
2024-08-01,8,NL342,Overig Zeeland,Groundwater Depletion,0,0.2969641363609585,2.67411470413208,wet,1
2024-09-01,9,NL342,Overig Zeeland,Groundwater Depletion,0,0.20100697570582957,2.8608145713806152,wet,1
2024-10-01,10,NL342,Overig Zeeland,Groundwater Depletion,0,0.2021011530171052,2.296290636062622,wet,1
2024-11-01,11,NL342,Overig Zeeland,Groundwater Depletion,0,0.1857370091507177,1.8551033735275269,wet,1
2024-12-01,12,NL342,Overig Zeeland,Groundwater Depletion,1,0.1790465505286849,1.8005717992782593,wet,1
2025-01-01,1,NL342,Overig Zeeland,Groundwater Depletion,0,0.19790909209512755,1.798425555229187,wet,1
2025-02-01,2,NL342,Overig Zeeland,Groundwater Depletion,0,0.2850277258620057,1.329056739807129,wet,1
2025-03-01,3,NL342,Overig Zeeland,Groundwater Depletion,1,0.4095809842283705,0.8654971122741699,near_normal,1
2025-04-01,4,NL342,Overig Zeeland,Groundwater Depletion,0,0.5369890937447208,0.127136692404747,near_normal,1
2025-05-01,5,NL342,Overig Zeeland,Groundwater Depletion,0,0.6997857854484716,-0.8692893981933594,near_normal,1
2025-06-01,6,NL342,Overig Zeeland,Groundwater Depletion,0,0.6735230613090238,-1.1390583515167236,dry,1
2025-07-01,7,NL342,Overig Zeeland,Groundwater Depletion,0,0.6131453927219399,-1.3374229669570923,dry,1
2025-08-01,8,NL342,Overig Zeeland,Groundwater Depletion,0,0.6124407586374434,-1.7264788150787354,dry,1
2025-09-01,9,NL342,Overig Zeeland,Groundwater Depletion,0,0.4194074520389294,-2.0268850326538086,dry,1
2024-01-01,1,NL411,West-Noord-Brabant,Groundwater Depletion,0,0.46873103060312377,1.4279340207576752,wet,1
2024-02-01,2,NL411,West-Noord-Brabant,Groundwater Depletion,0,0.5139849517284889,1.9115989208221436,wet,1
2024-03-01,3,NL411,West-Noord-Brabant,Groundwater Depletion,1,0.6596349085027547,1.5701760351657867,wet,1
2024-04-01,4,NL411,West-Noord-Brabant,Groundwater Depletion,0,0.7388100890799232,1.794410079717636,wet,1
2024-05-01,5,NL411,West-Noord-Brabant,Groundwater Depletion,0,0.7997674487162606,2.1759976744651794,wet,1
2024-06-01,6,NL411,West-Noord-Brabant,Groundwater Depletion,1,0.7099535291152145,2.6817938685417175,wet,1
2024-07-01,7,NL411,West-Noord-Brabant,Groundwater Depletion,0,0.6315070589511403,3.1869431138038635,wet,1
2024-08-01,8,NL411,West-Noord-Brabant,Groundwater Depletion,0,0.6389095834942542,2.5752928256988525,wet,1
2024-09-01,9,NL411,West-Noord-Brabant,Groundwater Depletion,1,0.46349942830814583,3.2261340022087097,wet,1
2024-10-01,10,NL411,West-Noord-Brabant,Groundwater Depletion,0,0.48465440700107815,2.4958202242851257,wet,1
2024-11-01,11,NL411,West-Noord-Brabant,Groundwater Depletion,0,0.4858521678527872,1.9934806823730469,wet,1
2024-12-01,12,NL411,West-Noord-Brabant,Groundwater Depletion,1,0.46414984433061496,1.8938453793525696,wet,1
2025-01-01,1,NL411,West-Noord-Brabant,Groundwater Depletion,0,0.4891028733498822,1.9489366114139557,wet,1
2025-02-01,2,NL411,West-Noord-Brabant,Groundwater Depletion,0,0.605349419732418,1.4912947714328766,wet,1
2025-03-01,3,NL411,West-Noord-Brabant,Groundwater Depletion,1,0.7193251312371383,1.0794287621974945,wet,1
2025-04-01,4,NL411,West-Noord-Brabant,Groundwater Depletion,1,0.8031414431094569,0.3902544379234314,near_normal,1
2025-05-01,5,NL411,West-Noord-Brabant,Groundwater Depletion,0,0.896800083788802,-0.6107541918754578,near_normal,1
2025-06-01,6,NL411,West-Noord-Brabant,Groundwater Depletion,1,0.8952114980813706,-0.9553556591272354,near_normal,1
2025-07-01,7,NL411,West-Noord-Brabant,Groundwater Depletion,1,0.8524531571387748,-1.197560876607895,dry,1
2025-08-01,8,NL411,West-Noord-Brabant,Groundwater Depletion,1,0.8616750602637858,-1.7818401753902435,dry,1
2025-09-01,9,NL411,West-Noord-Brabant,Groundwater Depletion,0,0.719924915579161,-1.944325178861618,dry,1
2024-01-01,1,NL412,Midden-Noord-Brabant,Groundwater Depletion,0,0.5073593558482606,1.5439085960388184,wet,1
2024-02-01,2,NL412,Midden-Noord-Brabant,Groundwater Depletion,0,0.539689075595299,2.0561699867248535,wet,1
2024-03-01,3,NL412,Midden-Noord-Brabant,Groundwater Depletion,1,0.6973053949092618,1.6683708429336548,wet,1
2024-04-01,4,NL412,Midden-Noord-Brabant,Groundwater Depletion,0,0.7705307575641163,1.9227519035339355,wet,1
2024-05-01,5,NL412,Midden-Noord-Brabant,Groundwater Depletion,0,0.8246313686402421,2.350119113922119,wet,1
2024-06-01,6,NL412,Midden-Noord-Brabant,Groundwater Depletion,1,0.7646947457264119,2.7400357723236084,wet,1
2024-07-01,7,NL412,Midden-Noord-Brabant,Groundwater Depletion,0,0.6714005126647109,3.3474960327148438,wet,1
2024-08-01,8,NL412,Midden-Noord-Brabant,Groundwater Depletion,0,0.6896796791903935,2.595762252807617,wet,1
2024-09-01,9,NL412,Midden-Noord-Brabant,Groundwater Depletion,1,0.4252221123621473,3.8588836193084717,wet,1
2024-10-01,10,NL412,Midden-Noord-Brabant,Groundwater Depletion,0,0.5175197696336772,2.767239809036255,wet,1
2024-11-01,11,NL412,Midden-Noord-Brabant,Groundwater Depletion,0,0.5302836089552893,2.2039122581481934,wet,1
2024-12-01,12,NL412,Midden-Noord-Brabant,Groundwater Depletion,1,0.5139801463138614,2.016164541244507,wet,1
2025-01-01,1,NL412,Midden-Noord-Brabant,Groundwater Depletion,0,0.5351029024471609,2.0861504077911377,wet,1
2025-02-01,2,NL412,Midden-Noord-Brabant,Groundwater Depletion,0,0.6529693000482053,1.595111608505249,wet,1
2025-03-01,3,NL412,Midden-Noord-Brabant,Groundwater Depletion,1,0.7717349125166194,1.174560785293579,wet,1
2025-04-01,4,NL412,Midden-Noord-Brabant,Groundwater Depletion,1,0.8276397922855327,0.5439844131469727,near_normal,1
2025-05-01,5,NL412,Midden-Noord-Brabant,Groundwater Depletion,0,0.909199151203884,-0.45212289690971375,near_normal,1
2025-06-01,6,NL412,Midden-Noord-Brabant,Groundwater Depletion,1,0.9126801557538002,-0.7468729019165039,near_normal,1
2025-07-01,7,NL412,Midden-Noord-Brabant,Groundwater Depletion,1,0.8790308019513279,-1.0836814641952515,dry,1
2025-08-01,8,NL412,Midden-Noord-Brabant,Groundwater Depletion,1,0.8834139544169096,-1.6820485591888428,dry,1
2025-09-01,9,NL412,Midden-Noord-Brabant,Groundwater Depletion,0,0.7656356641188766,-1.6659215688705444,dry,1
2024-01-01,1,NL413,Noordoost-Noord-Brabant,Groundwater Depletion,0,0.5332958276936058,1.7263375918070476,wet,1
2024-02-01,2,NL413,Noordoost-Noord-Brabant,Groundwater Depletion,0,0.5476266943804237,2.301957845687866,wet,1
2024-03-01,3,NL413,Noordoost-Noord-Brabant,Groundwater Depletion,1,0.7290866066240558,1.7595105568567913,wet,1
2024-04-01,4,NL413,Noordoost-Noord-Brabant,Groundwater Depletion,0,0.8000497359859718,1.9506117502848308,wet,1
2024-05-01,5,NL413,Noordoost-Noord-Brabant,Groundwater Depletion,0,0.8467045033641074,2.5292108058929443,wet,1
2024-06-01,6,NL413,Noordoost-Noord-Brabant,Groundwater Depletion,1,0.8005846703131955,2.860475540161133,wet,1
2024-07-01,7,NL413,Noordoost-Noord-Brabant,Groundwater Depletion,0,0.6614971050875954,3.60351292292277,wet,1
2024-08-01,8,NL413,Noordoost-Noord-Brabant,Groundwater Depletion,0,0.7424108828421785,2.6137571334838867,wet,1
2024-09-01,9,NL413,Noordoost-Noord-Brabant,Groundwater Depletion,1,0.451357936563911,3.99537460009257,wet,1
2024-10-01,10,NL413,Noordoost-Noord-Brabant,Groundwater Depletion,0,0.5520818640461229,2.824659744898478,wet,1
2024-11-01,11,NL413,Noordoost-Noord-Brabant,Groundwater Depletion,0,0.552157997218086,2.297260840733846,wet,1
2024-12-01,12,NL413,Noordoost-Noord-Brabant,Groundwater Depletion,1,0.5483718103781056,2.027393857638041,wet,1
2025-01-01,1,NL413,Noordoost-Noord-Brabant,Groundwater Depletion,0,0.5549501464500297,2.1666224797566733,wet,1
2025-02-01,2,NL413,Noordoost-Noord-Brabant,Groundwater Depletion,0,0.6851076441449441,1.6576051712036133,wet,1
2025-03-01,3,NL413,Noordoost-Noord-Brabant,Groundwater Depletion,1,0.8087764261954388,1.1836046775182087,wet,1
2025-04-01,4,NL413,Noordoost-Noord-Brabant,Groundwater Depletion,1,0.8457487201214948,0.6166368325551351,near_normal,1
2025-05-01,5,NL413,Noordoost-Noord-Brabant,Groundwater Depletion,0,0.9224852898216986,-0.433600256840388,near_normal,1
2025-06-01,6,NL413,Noordoost-Noord-Brabant,Groundwater Depletion,1,0.9249677174964772,-0.6352093617121378,near_normal,1
2025-07-01,7,NL413,Noordoost-Noord-Brabant,Groundwater Depletion,1,0.8989968023932668,-0.9555245041847229,near_normal,1
2025-08-01,8,NL413,Noordoost-Noord-Brabant,Groundwater Depletion,1,0.9021481312394541,-1.5380258957544963,dry,1
2025-09-01,9,NL413,Noordoost-Noord-Brabant,Groundwater Depletion,0,0.8309761749906107,-1.4824391603469849,dry,1
2024-01-01,1,NL414,Zuidoost-Noord-Brabant,Groundwater Depletion,0,0.6008154939361345,1.6660036146640778,wet,1
2024-02-01,2,NL414,Zuidoost-Noord-Brabant,Groundwater Depletion,0,0.6204390023125166,2.2208192348480225,wet,1
2024-03-01,3,NL414,Zuidoost-Noord-Brabant,Groundwater Depletion,1,0.7785449850838448,1.7530253231525421,wet,1
2024-04-01,4,NL414,Zuidoost-Noord-Brabant,Groundwater Depletion,0,0.8365348990475183,1.9222524464130402,wet,1
2024-05-01,5,NL414,Zuidoost-Noord-Brabant,Groundwater Depletion,0,0.8745550029747451,2.4804680943489075,wet,1
2024-06-01,6,NL414,Zuidoost-Noord-Brabant,Groundwater Depletion,1,0.8417602925475539,2.8313465118408203,wet,1
2024-07-01,7,NL414,Zuidoost-Noord-Brabant,Groundwater Depletion,0,0.7560277993305197,3.323698878288269,wet,1
2024-08-01,8,NL414,Zuidoost-Noord-Brabant,Groundwater Depletion,0,0.7970638788625115,2.4005433320999146,wet,1
2024-09-01,9,NL414,Zuidoost-Noord-Brabant,Groundwater Depletion,1,0.5499936854557871,3.6095246076583862,wet,1
2024-10-01,10,NL414,Zuidoost-Noord-Brabant,Groundwater Depletion,0,0.5988717051590617,2.8009841442108154,wet,1
2024-11-01,11,NL414,Zuidoost-Noord-Brabant,Groundwater Depletion,0,0.6084876336458064,2.219056189060211,wet,1
2024-12-01,12,NL414,Zuidoost-Noord-Brabant,Groundwater Depletion,1,0.599566664719741,2.0562921166419983,wet,1
2025-01-01,1,NL414,Zuidoost-Noord-Brabant,Groundwater Depletion,0,0.6289342758775387,2.2320687770843506,wet,1
2025-02-01,2,NL414,Zuidoost-Noord-Brabant,Groundwater Depletion,0,0.7344971228258913,1.7058507800102234,wet,1
2025-03-01,3,NL414,Zuidoost-Noord-Brabant,Groundwater Depletion,1,0.8348097460893424,1.2108392715454102,wet,1
2025-04-01,4,NL414,Zuidoost-Noord-Brabant,Groundwater Depletion,1,0.8769919609223764,0.6923550665378571,near_normal,1
2025-05-01,5,NL414,Zuidoost-Noord-Brabant,Groundwater Depletion,0,0.937923495978107,-0.4158538803458214,near_normal,1
2025-06-01,6,NL414,Zuidoost-Noord-Brabant,Groundwater Depletion,1,0.9416923595327996,-0.6612778455018997,near_normal,1
2025-07-01,7,NL414,Zuidoost-Noord-Brabant,Groundwater Depletion,1,0.9203956242151824,-1.0086569488048553,dry,1
2025-08-01,8,NL414,Zuidoost-Noord-Brabant,Groundwater Depletion,1,0.9299084822185685,-1.6495905816555023,dry,1
2025-09-01,9,NL414,Zuidoost-Noord-Brabant,Groundwater Depletion,0,0.864369599961841,-1.5304934084415436,dry,1
2024-01-01,1,NL421,Noord-Limburg,Groundwater Depletion,0,0.3675252202923795,1.8593108654022217,wet,1
2024-02-01,2,NL421,Noord-Limburg,Groundwater Depletion,0,0.3593029178116206,2.512042760848999,wet,1
2024-03-01,3,NL421,Noord-Limburg,Groundwater Depletion,0,0.5695531960904794,1.865483283996582,wet,1
2024-04-01,4,NL421,Noord-Limburg,Groundwater Depletion,0,0.6682712989973968,1.9734376668930054,wet,1
2024-05-01,5,NL421,Noord-Limburg,Groundwater Depletion,0,0.7371666535497776,2.605700731277466,wet,1
2024-06-01,6,NL421,Noord-Limburg,Groundwater Depletion,0,0.6906044634910822,2.8035495281219482,wet,1
2024-07-01,7,NL421,Noord-Limburg,Groundwater Depletion,0,0.5460383499070213,3.2032430171966553,wet,1
2024-08-01,8,NL421,Noord-Limburg,Groundwater Depletion,0,0.6054505683967827,2.251657724380493,wet,1
2024-09-01,9,NL421,Noord-Limburg,Groundwater Depletion,0,0.33443070829908167,3.5400261878967285,wet,1
2024-10-01,10,NL421,Noord-Limburg,Groundwater Depletion,0,0.3780379163847398,2.855512857437134,wet,1
2024-11-01,11,NL421,Noord-Limburg,Groundwater Depletion,0,0.3832961098832726,2.196915864944458,wet,1
2024-12-01,12,NL421,Noord-Limburg,Groundwater Depletion,1,0.3892011887810255,2.03786039352417,wet,1
2025-01-01,1,NL421,Noord-Limburg,Groundwater Depletion,0,0.40771730835924247,2.306771755218506,wet,1
2025-02-01,2,NL421,Noord-Limburg,Groundwater Depletion,0,0.5500945099816097,1.68009352684021,wet,1
2025-03-01,3,NL421,Noord-Limburg,Groundwater Depletion,0,0.7137633854111601,1.0877587795257568,wet,1
2025-04-01,4,NL421,Noord-Limburg,Groundwater Depletion,0,0.7579153219426034,0.6619554162025452,near_normal,1
2025-05-01,5,NL421,Noord-Limburg,Groundwater Depletion,1,0.8686906929132733,-0.44544780254364014,near_normal,1
2025-06-01,6,NL421,Noord-Limburg,Groundwater Depletion,0,0.8704514623153367,-0.5798614025115967,near_normal,1
2025-07-01,7,NL421,Noord-Limburg,Groundwater Depletion,0,0.8307879613964825,-0.800941526889801,near_normal,1
2025-08-01,8,NL421,Noord-Limburg,Groundwater Depletion,0,0.8377447580186045,-1.2454304695129395,dry,1
2025-09-01,9,NL421,Noord-Limburg,Groundwater Depletion,0,0.7335786697182901,-1.325162410736084,dry,1
2024-01-01,1,NL422,Midden-Limburg,Groundwater Depletion,0,0.3332786382517218,1.595084309577942,wet,1
2024-02-01,2,NL422,Midden-Limburg,Groundwater Depletion,0,0.35132073629515276,2.1346378326416016,wet,1
2024-03-01,3,NL422,Midden-Limburg,Groundwater Depletion,0,0.5357577365193501,1.6730749607086182,wet,1
2024-04-01,4,NL422,Midden-Limburg,Groundwater Depletion,0,0.6306033837465586,1.7786504030227661,wet,1
2024-05-01,5,NL422,Midden-Limburg,Groundwater Depletion,0,0.7166678892471233,2.3970389366149902,wet,1
2024-06-01,6,NL422,Midden-Limburg,Groundwater Depletion,0,0.6743523534762617,2.6647117137908936,wet,1
2024-07-01,7,NL422,Midden-Limburg,Groundwater Depletion,0,0.5600207888074208,2.893308162689209,wet,1
2024-08-01,8,NL422,Midden-Limburg,Groundwater Depletion,0,0.545135359434854,2.179447650909424,wet,1
2024-09-01,9,NL422,Midden-Limburg,Groundwater Depletion,0,0.3175632770067777,3.121680974960327,wet,1
2024-10-01,10,NL422,Midden-Limburg,Groundwater Depletion,0,0.3275210239446226,2.612539768218994,wet,1
2024-11-01,11,NL422,Midden-Limburg,Groundwater Depletion,0,0.3212572359511359,2.029146194458008,wet,1
2024-12-01,12,NL422,Midden-Limburg,Groundwater Depletion,1,0.32333194454111114,1.9572449922561646,wet,1
2025-01-01,1,NL422,Midden-Limburg,Groundwater Depletion,0,0.3518566633759136,2.3007307052612305,wet,1
2025-02-01,2,NL422,Midden-Limburg,Groundwater Depletion,0,0.4940091764728671,1.6659852266311646,wet,1
2025-03-01,3,NL422,Midden-Limburg,Groundwater Depletion,0,0.6421504581044785,1.1294753551483154,wet,1
2025-04-01,4,NL422,Midden-Limburg,Groundwater Depletion,0,0.7127339253456749,0.6900760531425476,near_normal,1
2025-05-01,5,NL422,Midden-Limburg,Groundwater Depletion,1,0.8411350370711593,-0.4340934157371521,near_normal,1
2025-06-01,6,NL422,Midden-Limburg,Groundwater Depletion,0,0.8483584694460533,-0.5961017608642578,near_normal,1
2025-07-01,7,NL422,Midden-Limburg,Groundwater Depletion,0,0.8015134632240561,-0.7561391592025757,near_normal,1
2025-08-01,8,NL422,Midden-Limburg,Groundwater Depletion,0,0.8182808816690998,-1.2596315145492554,dry,1
2025-09-01,9,NL422,Midden-Limburg,Groundwater Depletion,0,0.6944571926106483,-1.256527304649353,dry,1
2024-01-01,1,NL423,Zuid-Limburg,Groundwater Depletion,0,0.19387859743410277,1.4646683931350708,wet,1
2024-02-01,2,NL423,Zuid-Limburg,Groundwater Depletion,0,0.21577271684473032,1.9057672023773193,wet,1
2024-03-01,3,NL423,Zuid-Limburg,Groundwater Depletion,0,0.3440574389117535,1.4721426963806152,wet,1
2024-04-01,4,NL423,Zuid-Limburg,Groundwater Depletion,0,0.46027402770880127,1.6109375953674316,wet,1
2024-05-01,5,NL423,Zuid-Limburg,Groundwater Depletion,0,0.5719360531249411,2.2602717876434326,wet,1
2024-06-01,6,NL423,Zuid-Limburg,Groundwater Depletion,0,0.4998516781427425,2.4993674755096436,wet,1
2024-07-01,7,NL423,Zuid-Limburg,Groundwater Depletion,0,0.41988285127773844,2.575399398803711,wet,1
2024-08-01,8,NL423,Zuid-Limburg,Groundwater Depletion,0,0.38372749954070806,2.1789464950561523,wet,1
2024-09-01,9,NL423,Zuid-Limburg,Groundwater Depletion,0,0.20258327317833524,2.988447666168213,wet,1
2024-10-01,10,NL423,Zuid-Limburg,Groundwater Depletion,0,0.20876384922188784,2.581728458404541,wet,1
2024-11-01,11,NL423,Zuid-Limburg,Groundwater Depletion,0,0.18558985170159634,2.0978105068206787,wet,1
2024-12-01,12,NL423,Zuid-Limburg,Groundwater Depletion,1,0.18857925329725347,2.107192277908325,wet,1
2025-01-01,1,NL423,Zuid-Limburg,Groundwater Depletion,0,0.2051529457947397,2.49822735786438,wet,1
2025-02-01,2,NL423,Zuid-Limburg,Groundwater Depletion,0,0.32934290413126566,1.7681748867034912,wet,1
2025-03-01,3,NL423,Zuid-Limburg,Groundwater Depletion,0,0.4603247398555037,1.286401629447937,wet,1
2025-04-01,4,NL423,Zuid-Limburg,Groundwater Depletion,0,0.5181240206575899,0.8446741700172424,near_normal,1
2025-05-01,5,NL423,Zuid-Limburg,Groundwater Depletion,1,0.7144235559050603,-0.30450639128685,near_normal,1
2025-06-01,6,NL423,Zuid-Limburg,Groundwater Depletion,0,0.723773600564502,-0.48462241888046265,near_normal,1
2025-07-01,7,NL423,Zuid-Limburg,Groundwater Depletion,0,0.6739245340180096,-0.5175946354866028,near_normal,1
2025-08-01,8,NL423,Zuid-Limburg,Groundwater Depletion,0,0.6903131685581718,-1.1383399963378906,dry,1
2025-09-01,9,NL423,Zuid-Limburg,Groundwater Depletion,0,0.5340296331248728,-1.2109681367874146,dry,1
2024-01-01,1,NL111,Oost-Groningen,Water Use Restrictions,0,0.0382583557671184,1.811567783355713,wet,1
2024-02-01,2,NL111,Oost-Groningen,Water Use Restrictions,0,0.07437260637021817,1.99618661403656,wet,1
2024-03-01,3,NL111,Oost-Groningen,Water Use Restrictions,0,0.13598553042046665,1.6847506165504456,wet,1
2024-04-01,4,NL111,Oost-Groningen,Water Use Restrictions,0,0.2501121190580806,1.9079570770263672,wet,1
2024-05-01,5,NL111,Oost-Groningen,Water Use Restrictions,0,0.4241434956137642,2.1447561979293823,wet,1
2024-06-01,6,NL111,Oost-Groningen,Water Use Restrictions,0,0.2978714931471893,2.7947285175323486,wet,1
2024-07-01,7,NL111,Oost-Groningen,Water Use Restrictions,1,0.24978566738051733,2.7147164344787598,wet,1
2024-08-01,8,NL111,Oost-Groningen,Water Use Restrictions,0,0.2181167761178343,2.659160852432251,wet,1
2024-09-01,9,NL111,Oost-Groningen,Water Use Restrictions,0,0.16179253755181805,2.968327760696411,wet,1
2024-10-01,10,NL111,Oost-Groningen,Water Use Restrictions,0,0.042943261322481205,1.971750020980835,wet,1
2024-11-01,11,NL111,Oost-Groningen,Water Use Restrictions,0,0.03111035095331787,1.6035258769989014,wet,1
2024-12-01,12,NL111,Oost-Groningen,Water Use Restrictions,0,0.024038064233365457,1.1509708762168884,wet,1
2025-01-01,1,NL111,Oost-Groningen,Water Use Restrictions,0,0.06776350379807547,1.0549432635307312,wet,1
2025-02-01,2,NL111,Oost-Groningen,Water Use Restrictions,0,0.12321192900580821,0.49514587223529816,near_normal,1
2025-03-01,3,NL111,Oost-Groningen,Water Use Restrictions,0,0.31514162406059504,0.1761770248413086,near_normal,1
2025-04-01,4,NL111,Oost-Groningen,Water Use Restrictions,0,0.5699159587265046,-0.4283472001552582,near_normal,1
2025-05-01,5,NL111,Oost-Groningen,Water Use Restrictions,0,0.6728167574570362,-0.9174109697341919,near_normal,1
2025-06-01,6,NL111,Oost-Groningen,Water Use Restrictions,0,0.7006503066989828,-0.9498004615306854,near_normal,1
2025-07-01,7,NL111,Oost-Groningen,Water Use Restrictions,0,0.4660603165113969,-1.1780112385749817,dry,1
2025-08-01,8,NL111,Oost-Groningen,Water Use Restrictions,0,0.5087521537428188,-1.31639963388443,dry,1
2025-09-01,9,NL111,Oost-Groningen,Water Use Restrictions,0,0.12122901663112391,-1.4372192025184631,dry,1
2024-01-01,1,NL112,Delfzijl en omgeving,Water Use Restrictions,0,0.050631243768296474,1.5744563341140747,wet,1
2024-03-01,3,NL112,Delfzijl en omgeving,Water Use Restrictions,0,0.17599075486506308,1.5986590385437012,wet,1
2024-04-01,4,NL112,Delfzijl en omgeving,Water Use Restrictions,0,0.3069646779656683,1.7463241815567017,wet,1
2024-05-01,5,NL112,Delfzijl en omgeving,Water Use Restrictions,0,0.45588948654772204,1.9306237697601318,wet,1
2024-06-01,6,NL112,Delfzijl en omgeving,Water Use Restrictions,0,0.37702442032134287,2.5208699703216553,wet,1
2024-07-01,7,NL112,Delfzijl en omgeving,Water Use Restrictions,1,0.3015779509179771,2.3603928089141846,wet,1
2024-08-01,8,NL112,Delfzijl en omgeving,Water Use Restrictions,0,0.25664455372564704,2.3377909660339355,wet,1
2024-09-01,9,NL112,Delfzijl en omgeving,Water Use Restrictions,0,0.18298497938885633,2.484579563140869,wet,1
2024-10-01,10,NL112,Delfzijl en omgeving,Water Use Restrictions,0,0.057908916166343166,1.6715155839920044,wet,1
2024-11-01,11,NL112,Delfzijl en omgeving,Water Use Restrictions,0,0.04263697480923135,1.3462355136871338,wet,1
2024-12-01,12,NL112,Delfzijl en omgeving,Water Use Restrictions,0,0.03318981128226899,0.9495850205421448,near_normal,1
2025-01-01,1,NL112,Delfzijl en omgeving,Water Use Restrictions,0,0.0878078196272436,0.815735936164856,near_normal,1
2025-02-01,2,NL112,Delfzijl en omgeving,Water Use Restrictions,0,0.15274368773607513,0.2707626223564148,near_normal,1
2025-03-01,3,NL112,Delfzijl en omgeving,Water Use Restrictions,0,0.3645966395650416,-0.011577821336686611,near_normal,1
2025-04-01,4,NL112,Delfzijl en omgeving,Water Use Restrictions,0,0.6311646397355943,-0.536076009273529,near_normal,1
2025-05-01,5,NL112,Delfzijl en omgeving,Water Use Restrictions,0,0.7457675416807897,-0.8959609270095825,near_normal,1
2025-06-01,6,NL112,Delfzijl en omgeving,Water Use Restrictions,0,0.7297990587699219,-0.9709566235542297,near_normal,1
2025-07-01,7,NL112,Delfzijl en omgeving,Water Use Restrictions,0,0.4982086551769937,-1.2213053703308105,dry,1
2025-08-01,8,NL112,Delfzijl en omgeving,Water Use Restrictions,0,0.4313361226285507,-1.3407152891159058,dry,1
2025-09-01,9,NL112,Delfzijl en omgeving,Water Use Restrictions,0,0.1359800200381945,-1.4633549451828003,dry,1
2024-01-01,1,NL113,Overig Groningen,Water Use Restrictions,0,0.03888284960086752,1.553696870803833,wet,1
2024-02-01,2,NL113,Overig Groningen,Water Use Restrictions,0,0.06858851082684912,1.8252516984939575,wet,1
2024-03-01,3,NL113,Overig Groningen,Water Use Restrictions,0,0.13959918176340688,1.5759201447168987,wet,1
2024-04-01,4,NL113,Overig Groningen,Water Use Restrictions,0,0.25096397374718865,1.7591425975163777,wet,1
2024-05-01,5,NL113,Overig Groningen,Water Use Restrictions,0,0.4049948927721447,1.9804979960123699,wet,1
2024-06-01,6,NL113,Overig Groningen,Water Use Restrictions,0,0.32543110680542836,2.5567835172017417,wet,1
2024-07-01,7,NL113,Overig Groningen,Water Use Restrictions,1,0.2590948723375769,2.325056314468384,wet,1
2024-08-01,8,NL113,Overig Groningen,Water Use Restrictions,0,0.2105350918128796,2.289264678955078,wet,1
2024-09-01,9,NL113,Overig Groningen,Water Use Restrictions,0,0.13768537838131933,2.4607760111490884,wet,1
2024-10-01,10,NL113,Overig Groningen,Water Use Restrictions,0,0.04573284923522855,1.74251393477122,wet,1
2024-11-01,11,NL113,Overig Groningen,Water Use Restrictions,0,0.03211675809313143,1.3726389805475872,wet,1
2024-12-01,12,NL113,Overig Groningen,Water Use Restrictions,0,0.025084411136769225,0.9944103360176086,near_normal,1
2025-01-01,1,NL113,Overig Groningen,Water Use Restrictions,0,0.06863228696494018,0.8821484843889872,near_normal,1
2025-02-01,2,NL113,Overig Groningen,Water Use Restrictions,0,0.12025046939977631,0.31073737144470215,near_normal,1
2025-03-01,3,NL113,Overig Groningen,Water Use Restrictions,0,0.30927733866045237,0.035581901048620544,near_normal,1
2025-04-01,4,NL113,Overig Groningen,Water Use Restrictions,0,0.5381508339534955,-0.45748992760976154,near_normal,1
2025-05-01,5,NL113,Overig Groningen,Water Use Restrictions,0,0.6843149937558173,-0.8022730549176534,near_normal,1
2025-06-01,6,NL113,Overig Groningen,Water Use Restrictions,0,0.6869964700907222,-0.9125909010569254,near_normal,1
2025-07-01,7,NL113,Overig Groningen,Water Use Restrictions,0,0.4578449688011865,-1.1193293333053589,dry,1
2025-08-01,8,NL113,Overig Groningen,Water Use Restrictions,0,0.4504795740569688,-1.2605481147766113,dry,1
2025-09-01,9,NL113,Overig Groningen,Water Use Restrictions,0,0.11183499376679276,-1.4358088970184326,dry,1
2024-01-01,1,NL124,Noord-Friesland,Water Use Restrictions,0,0.063851877599909,1.3574422895908356,wet,1
2024-02-01,2,NL124,Noord-Friesland,Water Use Restrictions,0,0.10163928527274366,1.7159639298915863,wet,1
2024-03-01,3,NL124,Noord-Friesland,Water Use Restrictions,0,0.20151617840495586,1.4683093130588531,wet,1
2024-04-01,4,NL124,Noord-Friesland,Water Use Restrictions,0,0.3681646608418339,1.7018274664878845,wet,1
2024-05-01,5,NL124,Noord-Friesland,Water Use Restrictions,0,0.5613891520351408,1.886545330286026,wet,1
2024-06-01,6,NL124,Noord-Friesland,Water Use Restrictions,0,0.5058994245798613,2.4364304542541504,wet,1
2024-07-01,7,NL124,Noord-Friesland,Water Use Restrictions,0,0.35811958439549874,2.1045264899730682,wet,1
2024-08-01,8,NL124,Noord-Friesland,Water Use Restrictions,0,0.31278800277458463,2.0753729045391083,wet,1
2024-09-01,9,NL124,Noord-Friesland,Water Use Restrictions,0,0.19253343864865607,2.2301748991012573,wet,1
2024-10-01,10,NL124,Noord-Friesland,Water Use Restrictions,0,0.07096853540555409,1.551231563091278,wet,1
2024-11-01,11,NL124,Noord-Friesland,Water Use Restrictions,0,0.051470084791829844,1.0981620252132416,wet,1
2024-12-01,12,NL124,Noord-Friesland,Water Use Restrictions,0,0.04219523359331392,0.7735436260700226,near_normal,1
2025-01-01,1,NL124,Noord-Friesland,Water Use Restrictions,0,0.11618147631566798,0.6505173146724701,near_normal,1
2025-02-01,2,NL124,Noord-Friesland,Water Use Restrictions,0,0.19201531067682026,0.10699054750148207,near_normal,1
2025-03-01,3,NL124,Noord-Friesland,Water Use Restrictions,0,0.4564287380757639,-0.16945494152605534,near_normal,1
2025-04-01,4,NL124,Noord-Friesland,Water Use Restrictions,0,0.6274705173286249,-0.7064715921878815,near_normal,1
2025-05-01,5,NL124,Noord-Friesland,Water Use Restrictions,0,0.768589473284788,-0.9263435304164886,near_normal,1
2025-06-01,6,NL124,Noord-Friesland,Water Use Restrictions,0,0.7650787927335266,-1.0629418939352036,dry,1
2025-07-01,7,NL124,Noord-Friesland,Water Use Restrictions,0,0.5786881243006655,-1.2299838960170746,dry,1
2025-08-01,8,NL124,Noord-Friesland,Water Use Restrictions,0,0.5279301763055119,-1.4811941981315613,dry,1
2025-09-01,9,NL124,Noord-Friesland,Water Use Restrictions,0,0.1483659495355115,-1.572517216205597,dry,1
2024-01-01,1,NL125,Zuidwest-Friesland,Water Use Restrictions,0,0.0320273836331113,1.4139912724494934,wet,1
2024-02-01,2,NL125,Zuidwest-Friesland,Water Use Restrictions,0,0.05425645989996767,1.7786154747009277,wet,1
2024-03-01,3,NL125,Zuidwest-Friesland,Water Use Restrictions,0,0.10508506026987714,1.5638866424560547,wet,1
2024-04-01,4,NL125,Zuidwest-Friesland,Water Use Restrictions,0,0.23199580780006754,1.8326656818389893,wet,1
2024-05-01,5,NL125,Zuidwest-Friesland,Water Use Restrictions,0,0.3747234716733795,2.1068438291549683,wet,1
2024-06-01,6,NL125,Zuidwest-Friesland,Water Use Restrictions,0,0.36106781606346194,2.634555220603943,wet,1
2024-07-01,7,NL125,Zuidwest-Friesland,Water Use Restrictions,0,0.20644211508543062,2.177721381187439,wet,1
2024-08-01,8,NL125,Zuidwest-Friesland,Water Use Restrictions,0,0.15432415612906916,2.1380834579467773,wet,1
2024-09-01,9,NL125,Zuidwest-Friesland,Water Use Restrictions,0,0.07984718343266095,2.2827683687210083,wet,1
2024-10-01,10,NL125,Zuidwest-Friesland,Water Use Restrictions,0,0.02762357100342362,1.732323706150055,wet,1
2024-11-01,11,NL125,Zuidwest-Friesland,Water Use Restrictions,0,0.023050025633703435,1.1893419027328491,wet,1
2024-12-01,12,NL125,Zuidwest-Friesland,Water Use Restrictions,0,0.0204740996619653,0.9064917862415314,near_normal,1
2025-01-01,1,NL125,Zuidwest-Friesland,Water Use Restrictions,0,0.06012015358999587,0.7681446671485901,near_normal,1
2025-02-01,2,NL125,Zuidwest-Friesland,Water Use Restrictions,0,0.11913262220399638,0.15459422394633293,near_normal,1
2025-03-01,3,NL125,Zuidwest-Friesland,Water Use Restrictions,0,0.3477344765664845,-0.20276711881160736,near_normal,1
2025-04-01,4,NL125,Zuidwest-Friesland,Water Use Restrictions,0,0.42985683138456915,-0.842517763376236,near_normal,1
2025-05-01,5,NL125,Zuidwest-Friesland,Water Use Restrictions,1,0.5666907451185894,-1.0782914757728577,dry,1
2025-06-01,6,NL125,Zuidwest-Friesland,Water Use Restrictions,0,0.5549603174064224,-1.1937094926834106,dry,1
2025-07-01,7,NL125,Zuidwest-Friesland,Water Use Restrictions,0,0.364549828527709,-1.2997994422912598,dry,1
2025-08-01,8,NL125,Zuidwest-Friesland,Water Use Restrictions,0,0.3137323802985537,-1.5020229816436768,dry,1
2025-09-01,9,NL125,Zuidwest-Friesland,Water Use Restrictions,0,0.07956038387576471,-1.550790548324585,dry,1
2024-01-01,1,NL126,Zuidoost-Friesland,Water Use Restrictions,0,0.039839468501165036,1.545999010403951,wet,1
2024-03-01,3,NL126,Zuidoost-Friesland,Water Use Restrictions,0,0.13208420205356347,1.5629839499791462,wet,1
2024-04-01,4,NL126,Zuidoost-Friesland,Water Use Restrictions,0,0.23240038049547476,1.7216502825419109,wet,1
2024-05-01,5,NL126,Zuidoost-Friesland,Water Use Restrictions,0,0.411675982871799,2.123636484146118,wet,1
2024-06-01,6,NL126,Zuidoost-Friesland,Water Use Restrictions,0,0.33773976628450475,2.8139727115631104,wet,1
2024-07-01,7,NL126,Zuidoost-Friesland,Water Use Restrictions,0,0.24984508278114032,2.4634934266408286,wet,1
2024-08-01,8,NL126,Zuidoost-Friesland,Water Use Restrictions,0,0.20240763746095722,2.2954910596211753,wet,1
2024-09-01,9,NL126,Zuidoost-Friesland,Water Use Restrictions,0,0.1229577465677415,2.6972495714823403,wet,1
2024-10-01,10,NL126,Zuidoost-Friesland,Water Use Restrictions,0,0.03449821992599249,1.9253834088643391,wet,1
2024-11-01,11,NL126,Zuidoost-Friesland,Water Use Restrictions,0,0.028065114856096696,1.4363560279210408,wet,1
2024-12-01,12,NL126,Zuidoost-Friesland,Water Use Restrictions,0,0.02210526347510215,1.123047669728597,wet,1
2025-01-01,1,NL126,Zuidoost-Friesland,Water Use Restrictions,0,0.06165669479654081,1.0151313543319702,wet,1
2025-02-01,2,NL126,Zuidoost-Friesland,Water Use Restrictions,0,0.1264334401370834,0.39727561672528583,near_normal,1
2025-03-01,3,NL126,Zuidoost-Friesland,Water Use Restrictions,0,0.318454434249985,0.04762745307137569,near_normal,1
2025-04-01,4,NL126,Zuidoost-Friesland,Water Use Restrictions,0,0.4970267986105819,-0.49264203508694965,near_normal,1
2025-05-01,5,NL126,Zuidoost-Friesland,Water Use Restrictions,0,0.651402157576462,-0.9436053037643433,near_normal,1
2025-06-01,6,NL126,Zuidoost-Friesland,Water Use Restrictions,0,0.651935422578733,-1.055333097775777,dry,1
2025-07-01,7,NL126,Zuidoost-Friesland,Water Use Restrictions,0,0.4655292740851319,-1.1487988233566284,dry,1
2025-08-01,8,NL126,Zuidoost-Friesland,Water Use Restrictions,0,0.4887717675110324,-1.3487204710642497,dry,1
2025-09-01,9,NL126,Zuidoost-Friesland,Water Use Restrictions,0,0.11408525433819298,-1.5328909953435261,dry,1
2024-01-01,1,NL131,Noord-Drenthe,Water Use Restrictions,0,0.059599450695932435,1.625184416770935,wet,1
2024-02-01,2,NL131,Noord-Drenthe,Water Use Restrictions,0,0.1046282463577734,1.908049762248993,wet,1
2024-03-01,3,NL131,Noord-Drenthe,Water Use Restrictions,0,0.2082114037063765,1.6074219346046448,wet,1
2024-04-01,4,NL131,Noord-Drenthe,Water Use Restrictions,0,0.32897485725192877,1.7808722257614136,wet,1
2024-05-01,5,NL131,Noord-Drenthe,Water Use Restrictions,0,0.5170673661178472,2.125525951385498,wet,1
2024-06-01,6,NL131,Noord-Drenthe,Water Use Restrictions,0,0.3651767170723021,2.8354954719543457,wet,1
2024-07-01,7,NL131,Noord-Drenthe,Water Use Restrictions,0,0.3290154603261906,2.568251371383667,wet,1
2024-08-01,8,NL131,Noord-Drenthe,Water Use Restrictions,0,0.29609889460007666,2.437190890312195,wet,1
2024-09-01,9,NL131,Noord-Drenthe,Water Use Restrictions,0,0.21553133805175984,2.765575647354126,wet,1
2024-10-01,10,NL131,Noord-Drenthe,Water Use Restrictions,0,0.059105475223578834,1.9603742957115173,wet,1
2024-11-01,11,NL131,Noord-Drenthe,Water Use Restrictions,0,0.046230121957242215,1.541092872619629,wet,1
2024-12-01,12,NL131,Noord-Drenthe,Water Use Restrictions,0,0.03523318192262283,1.1613088250160217,wet,1
2025-01-01,1,NL131,Noord-Drenthe,Water Use Restrictions,0,0.09844024467690753,1.0562910437583923,wet,1
2025-02-01,2,NL131,Noord-Drenthe,Water Use Restrictions,0,0.17992044281575353,0.4693644195795059,near_normal,1
2025-03-01,3,NL131,Noord-Drenthe,Water Use Restrictions,0,0.38034091568010187,0.14078162051737309,near_normal,1
2025-04-01,4,NL131,Noord-Drenthe,Water Use Restrictions,0,0.6502276860960582,-0.37382109463214874,near_normal,1
2025-05-01,5,NL131,Noord-Drenthe,Water Use Restrictions,0,0.7384830381255685,-0.8759167492389679,near_normal,1
2025-06-01,6,NL131,Noord-Drenthe,Water Use Restrictions,0,0.7700354412407298,-0.9764733612537384,near_normal,1
2025-07-01,7,NL131,Noord-Drenthe,Water Use Restrictions,0,0.5950006191777658,-1.0990380644798279,dry,1
2025-08-01,8,NL131,Noord-Drenthe,Water Use Restrictions,1,0.6340806935865587,-1.2489697933197021,dry,1
2025-09-01,9,NL131,Noord-Drenthe,Water Use Restrictions,0,0.21046145113040626,-1.4132501482963562,dry,1
2024-01-01,1,NL132,Zuidoost-Drenthe,Water Use Restrictions,0,0.02855500578481649,1.862620234489441,wet,1
2024-02-01,2,NL132,Zuidoost-Drenthe,Water Use Restrictions,0,0.05721902728988091,2.074225902557373,wet,1
2024-03-01,3,NL132,Zuidoost-Drenthe,Water Use Restrictions,0,0.12659750429462255,1.7616868019104004,wet,1
2024-04-01,4,NL132,Zuidoost-Drenthe,Water Use Restrictions,0,0.21351398528956714,1.9577404260635376,wet,1
2024-05-01,5,NL132,Zuidoost-Drenthe,Water Use Restrictions,0,0.36654522207176904,2.271449089050293,wet,1
2024-06-01,6,NL132,Zuidoost-Drenthe,Water Use Restrictions,0,0.1961326074076384,2.8965072631835938,wet,1
2024-07-01,7,NL132,Zuidoost-Drenthe,Water Use Restrictions,0,0.1726363036975526,2.828998327255249,wet,1
2024-08-01,8,NL132,Zuidoost-Drenthe,Water Use Restrictions,0,0.16534641248397286,2.8166348934173584,wet,1
2024-09-01,9,NL132,Zuidoost-Drenthe,Water Use Restrictions,0,0.13193422960044435,3.1048576831817627,wet,1
2024-10-01,10,NL132,Zuidoost-Drenthe,Water Use Restrictions,0,0.030376106771407268,2.167729139328003,wet,1
2024-11-01,11,NL132,Zuidoost-Drenthe,Water Use Restrictions,0,0.02305324157486184,1.7443439960479736,wet,1
2024-12-01,12,NL132,Zuidoost-Drenthe,Water Use Restrictions,0,0.016068615140787557,1.2934812307357788,wet,1
2025-01-01,1,NL132,Zuidoost-Drenthe,Water Use Restrictions,0,0.04572341876727251,1.196232557296753,wet,1
2025-02-01,2,NL132,Zuidoost-Drenthe,Water Use Restrictions,0,0.09141427344237944,0.622021496295929,near_normal,1
2025-03-01,3,NL132,Zuidoost-Drenthe,Water Use Restrictions,0,0.28608913471895386,0.29568547010421753,near_normal,1
2025-04-01,4,NL132,Zuidoost-Drenthe,Water Use Restrictions,0,0.4714299328051924,-0.27435654401779175,near_normal,1
2025-05-01,5,NL132,Zuidoost-Drenthe,Water Use Restrictions,0,0.5737879374325139,-0.8413411974906921,near_normal,1
2025-06-01,6,NL132,Zuidoost-Drenthe,Water Use Restrictions,0,0.6304440660225156,-0.9112480282783508,near_normal,1
2025-07-01,7,NL132,Zuidoost-Drenthe,Water Use Restrictions,0,0.41294029484801686,-1.104096531867981,dry,1
2025-08-01,8,NL132,Zuidoost-Drenthe,Water Use Restrictions,0,0.47043814806448236,-1.2686371803283691,dry,1
2025-09-01,9,NL132,Zuidoost-Drenthe,Water Use Restrictions,0,0.11883501346879659,-1.3522844314575195,dry,1
2024-01-01,1,NL133,Zuidwest-Drenthe,Water Use Restrictions,0,0.04689593505154084,1.72472482919693,wet,1
2024-02-01,2,NL133,Zuidwest-Drenthe,Water Use Restrictions,0,0.08439617541262245,2.0366421341896057,wet,1
2024-03-01,3,NL133,Zuidwest-Drenthe,Water Use Restrictions,0,0.1624767540764909,1.7058511972427368,wet,1
2024-04-01,4,NL133,Zuidwest-Drenthe,Water Use Restrictions,0,0.2798424099948514,1.8357419967651367,wet,1
2024-05-01,5,NL133,Zuidwest-Drenthe,Water Use Restrictions,0,0.451318484743194,2.266860604286194,wet,1
2024-06-01,6,NL133,Zuidwest-Drenthe,Water Use Restrictions,0,0.2984357668925708,2.907911777496338,wet,1
2024-07-01,7,NL133,Zuidwest-Drenthe,Water Use Restrictions,0,0.2627717828272456,2.7513095140457153,wet,1
2024-08-01,8,NL133,Zuidwest-Drenthe,Water Use Restrictions,0,0.23144578237353775,2.632028818130493,wet,1
2024-09-01,9,NL133,Zuidwest-Drenthe,Water Use Restrictions,0,0.1543979926597568,3.0397181510925293,wet,1
2024-10-01,10,NL133,Zuidwest-Drenthe,Water Use Restrictions,0,0.0395269024284984,2.1555556058883667,wet,1
2024-11-01,11,NL133,Zuidwest-Drenthe,Water Use Restrictions,0,0.03227345796044227,1.7173022627830505,wet,1
2024-12-01,12,NL133,Zuidwest-Drenthe,Water Use Restrictions,0,0.025886910237653556,1.3606191873550415,wet,1
2025-01-01,1,NL133,Zuidwest-Drenthe,Water Use Restrictions,0,0.06226079340101795,1.2867012023925781,wet,1
2025-02-01,2,NL133,Zuidwest-Drenthe,Water Use Restrictions,0,0.14703261775021326,0.6509714722633362,near_normal,1
2025-03-01,3,NL133,Zuidwest-Drenthe,Water Use Restrictions,0,0.3873189240664244,0.2719087675213814,near_normal,1
2025-04-01,4,NL133,Zuidwest-Drenthe,Water Use Restrictions,0,0.5602031651083703,-0.26466917246580124,near_normal,1
2025-05-01,5,NL133,Zuidwest-Drenthe,Water Use Restrictions,0,0.6385243127533136,-0.8783625960350037,near_normal,1
2025-06-01,6,NL133,Zuidwest-Drenthe,Water Use Restrictions,0,0.6967047010038058,-0.9638475477695465,near_normal,1
2025-07-01,7,NL133,Zuidwest-Drenthe,Water Use Restrictions,0,0.5152507637229221,-1.0526711344718933,dry,1
2025-08-01,8,NL133,Zuidwest-Drenthe,Water Use Restrictions,0,0.5849076687373771,-1.2207630276679993,dry,1
2025-09-01,9,NL133,Zuidwest-Drenthe,Water Use Restrictions,0,0.16491604551501013,-1.363072395324707,dry,1
2024-01-01,1,NL211,Noord-Overijssel,Water Use Restrictions,0,0.0589222370778365,1.8030700087547302,wet,1
2024-02-01,2,NL211,Noord-Overijssel,Water Use Restrictions,0,0.10565040253486893,2.1056063175201416,wet,1
2024-03-01,3,NL211,Noord-Overijssel,Water Use Restrictions,0,0.1743297536194804,1.7778285145759583,wet,1
2024-04-01,4,NL211,Noord-Overijssel,Water Use Restrictions,0,0.33956798427170476,1.8979318737983704,wet,1
2024-05-01,5,NL211,Noord-Overijssel,Water Use Restrictions,0,0.518551766733181,2.330261468887329,wet,1
2024-06-01,6,NL211,Noord-Overijssel,Water Use Restrictions,0,0.35909473340773773,2.892736077308655,wet,1
2024-07-01,7,NL211,Noord-Overijssel,Water Use Restrictions,0,0.2783084162332132,2.926464080810547,wet,1
2024-08-01,8,NL211,Noord-Overijssel,Water Use Restrictions,0,0.24891543034995514,2.801928162574768,wet,1
2024-09-01,9,NL211,Noord-Overijssel,Water Use Restrictions,0,0.18516561200459059,3.1640535593032837,wet,1
2024-10-01,10,NL211,Noord-Overijssel,Water Use Restrictions,0,0.048077270252489646,2.2690484523773193,wet,1
2024-11-01,11,NL211,Noord-Overijssel,Water Use Restrictions,0,0.04001562115659518,1.8291608691215515,wet,1
2024-12-01,12,NL211,Noord-Overijssel,Water Use Restrictions,0,0.032104330786724596,1.4506611824035645,wet,1
2025-01-01,1,NL211,Noord-Overijssel,Water Use Restrictions,0,0.08707798398129761,1.3931864500045776,wet,1
2025-02-01,2,NL211,Noord-Overijssel,Water Use Restrictions,0,0.17558125376110975,0.753440797328949,near_normal,1
2025-03-01,3,NL211,Noord-Overijssel,Water Use Restrictions,0,0.4315520425034575,0.3611278682947159,near_normal,1
2025-04-01,4,NL211,Noord-Overijssel,Water Use Restrictions,1,0.5957941242085278,-0.20052483677864075,near_normal,1
2025-05-01,5,NL211,Noord-Overijssel,Water Use Restrictions,0,0.6956364214601162,-0.8454030454158783,near_normal,1
2025-06-01,6,NL211,Noord-Overijssel,Water Use Restrictions,1,0.7413126859591115,-0.9478132128715515,near_normal,1
2025-07-01,7,NL211,Noord-Overijssel,Water Use Restrictions,0,0.5556794395846019,-1.0653294920921326,dry,1
2025-08-01,8,NL211,Noord-Overijssel,Water Use Restrictions,0,0.5702506349317912,-1.2702912092208862,dry,1
2025-09-01,9,NL211,Noord-Overijssel,Water Use Restrictions,0,0.17185687599238372,-1.3825294971466064,dry,1
2024-01-01,1,NL212,Zuidwest-Overijssel,Water Use Restrictions,0,0.15492797603649114,1.8292285203933716,wet,1
2024-02-01,2,NL212,Zuidwest-Overijssel,Water Use Restrictions,0,0.26034270030901746,2.213228702545166,wet,1
2024-03-01,3,NL212,Zuidwest-Overijssel,Water Use Restrictions,0,0.37943604709071976,1.849002480506897,wet,1
2024-04-01,4,NL212,Zuidwest-Overijssel,Water Use Restrictions,0,0.5823525524397425,1.9571956396102905,wet,1
2024-05-01,5,NL212,Zuidwest-Overijssel,Water Use Restrictions,0,0.7586301434164747,2.3873307704925537,wet,1
2024-06-01,6,NL212,Zuidwest-Overijssel,Water Use Restrictions,0,0.612735710225048,2.8320765495300293,wet,1
2024-07-01,7,NL212,Zuidwest-Overijssel,Water Use Restrictions,0,0.5395332691299807,3.2399985790252686,wet,1
2024-08-01,8,NL212,Zuidwest-Overijssel,Water Use Restrictions,0,0.487174607530208,2.890531063079834,wet,1
2024-09-01,9,NL212,Zuidwest-Overijssel,Water Use Restrictions,0,0.3917565814140875,3.281804084777832,wet,1
2024-10-01,10,NL212,Zuidwest-Overijssel,Water Use Restrictions,0,0.12521458531059063,2.341593027114868,wet,1
2024-11-01,11,NL212,Zuidwest-Overijssel,Water Use Restrictions,0,0.10291743534654293,1.9496963024139404,wet,1
2024-12-01,12,NL212,Zuidwest-Overijssel,Water Use Restrictions,0,0.08153322893869583,1.6000728607177734,wet,1
2025-01-01,1,NL212,Zuidwest-Overijssel,Water Use Restrictions,0,0.20331881197377993,1.6217764616012573,wet,1
2025-02-01,2,NL212,Zuidwest-Overijssel,Water Use Restrictions,0,0.3809104305988538,0.9912475943565369,near_normal,1
2025-03-01,3,NL212,Zuidwest-Overijssel,Water Use Restrictions,0,0.6967816970294166,0.5870882868766785,near_normal,1
2025-04-01,4,NL212,Zuidwest-Overijssel,Water Use Restrictions,0,0.8254757414565509,-0.03741263225674629,near_normal,1
2025-05-01,5,NL212,Zuidwest-Overijssel,Water Use Restrictions,0,0.8649373101120312,-0.7523486614227295,near_normal,1
2025-06-01,6,NL212,Zuidwest-Overijssel,Water Use Restrictions,1,0.8966351947939717,-0.9098113179206848,near_normal,1
2025-07-01,7,NL212,Zuidwest-Overijssel,Water Use Restrictions,0,0.7755111959172813,-1.0562019348144531,dry,1
2025-08-01,8,NL212,Zuidwest-Overijssel,Water Use Restrictions,0,0.7987335461314125,-1.332362413406372,dry,1
2025-09-01,9,NL212,Zuidwest-Overijssel,Water Use Restrictions,0,0.39382137537141654,-1.4136707782745361,dry,1
2024-01-01,1,NL213,Twente,Water Use Restrictions,0,0.13745621954120038,1.7741056680679321,wet,1
2024-02-01,2,NL213,Twente,Water Use Restrictions,0,0.24205066033389114,2.1074114640553794,wet,1
2024-03-01,3,NL213,Twente,Water Use Restrictions,0,0.4013503292113477,1.7495448191960652,wet,1
2024-04-01,4,NL213,Twente,Water Use Restrictions,0,0.5790720202564181,1.8394211530685425,wet,1
2024-05-01,5,NL213,Twente,Water Use Restrictions,0,0.7437291108695225,2.2049256960550943,wet,1
2024-06-01,6,NL213,Twente,Water Use Restrictions,0,0.6066986999392568,2.5858238538106284,wet,1
2024-07-01,7,NL213,Twente,Water Use Restrictions,0,0.45564860435035426,2.9343260129292807,wet,1
2024-08-01,8,NL213,Twente,Water Use Restrictions,0,0.3935862529977701,2.6960832277933755,wet,1
2024-09-01,9,NL213,Twente,Water Use Restrictions,0,0.3682959978290409,3.2426631450653076,wet,1
2024-10-01,10,NL213,Twente,Water Use Restrictions,0,0.11451763565550648,2.2757716178894043,wet,1
2024-11-01,11,NL213,Twente,Water Use Restrictions,0,0.0962751902614743,1.856828014055888,wet,1
2024-12-01,12,NL213,Twente,Water Use Restrictions,0,0.07211708106371352,1.449364145596822,wet,1
2025-01-01,1,NL213,Twente,Water Use Restrictions,0,0.1814479490572838,1.4633930921554565,wet,1
2025-02-01,2,NL213,Twente,Water Use Restrictions,0,0.34110970864961554,0.8273681799570719,near_normal,1
2025-03-01,3,NL213,Twente,Water Use Restrictions,1,0.7101699457694794,0.45466773708661395,near_normal,1
2025-04-01,4,NL213,Twente,Water Use Restrictions,0,0.7988115756505467,-0.08532259364922841,near_normal,1
2025-05-01,5,NL213,Twente,Water Use Restrictions,0,0.8403033257787726,-0.7380898396174113,near_normal,1
2025-06-01,6,NL213,Twente,Water Use Restrictions,1,0.8889591946205712,-0.8258537650108337,near_normal,1
2025-07-01,7,NL213,Twente,Water Use Restrictions,0,0.7878878892998317,-0.9453806678454081,near_normal,1
2025-08-01,8,NL213,Twente,Water Use Restrictions,0,0.8268891781333707,-1.2185680468877156,dry,1
2025-09-01,9,NL213,Twente,Water Use Restrictions,0,0.3898477414739512,-1.2572739521662395,dry,1
2024-01-01,1,NL221,Veluwe,Water Use Restrictions,0,0.25521359189370724,1.8073323965072632,wet,1
2024-02-01,2,NL221,Veluwe,Water Use Restrictions,0,0.36377236398795615,2.2413116296132407,wet,1
2024-03-01,3,NL221,Veluwe,Water Use Restrictions,0,0.49235301256352926,1.8151774009068806,wet,1
2024-04-01,4,NL221,Veluwe,Water Use Restrictions,0,0.702139154122513,2.02529247601827,wet,1
2024-05-01,5,NL221,Veluwe,Water Use Restrictions,0,0.8524421272174642,2.5431505044301352,wet,1
2024-06-01,6,NL221,Veluwe,Water Use Restrictions,0,0.7768611790720699,2.9275620778401694,wet,1
2024-07-01,7,NL221,Veluwe,Water Use Restrictions,0,0.7114960900375943,3.333141009012858,wet,1
2024-08-01,8,NL221,Veluwe,Water Use Restrictions,0,0.6548238498758486,2.8060739040374756,wet,1
2024-09-01,9,NL221,Veluwe,Water Use Restrictions,0,0.547021298659075,3.3057305812835693,wet,1
2024-10-01,10,NL221,Veluwe,Water Use Restrictions,0,0.20973158889827054,2.3737645149230957,wet,1
2024-11-01,11,NL221,Veluwe,Water Use Restrictions,0,0.17181544536347626,1.9296060800552368,wet,1
2024-12-01,12,NL221,Veluwe,Water Use Restrictions,0,0.14593031860325748,1.6137422720591228,wet,1
2025-01-01,1,NL221,Veluwe,Water Use Restrictions,0,0.31698782351561894,1.6722465356190999,wet,1
2025-02-01,2,NL221,Veluwe,Water Use Restrictions,0,0.5657315532344585,1.0694556037584941,wet,1
2025-03-01,3,NL221,Veluwe,Water Use Restrictions,0,0.854671664895992,0.6522466341654459,near_normal,1
2025-04-01,4,NL221,Veluwe,Water Use Restrictions,1,0.9028610956417041,-0.03821267498036226,near_normal,1
2025-05-01,5,NL221,Veluwe,Water Use Restrictions,0,0.9204361419432299,-0.8415002226829529,near_normal,1
2025-06-01,6,NL221,Veluwe,Water Use Restrictions,1,0.9474801887747465,-0.9649274547894796,near_normal,1
2025-07-01,7,NL221,Veluwe,Water Use Restrictions,0,0.8698827282148871,-1.1212384700775146,dry,1
2025-08-01,8,NL221,Veluwe,Water Use Restrictions,0,0.886147830596674,-1.4766345818837483,dry,1
2025-09-01,9,NL221,Veluwe,Water Use Restrictions,0,0.5252836722447812,-1.5261424779891968,dry,1
2024-01-01,1,NL224,Zuidwest-Gelderland,Water Use Restrictions,0,0.07086785416430555,1.685375452041626,wet,1
2024-02-01,2,NL224,Zuidwest-Gelderland,Water Use Restrictions,0,0.10580868525913681,2.1737860441207886,wet,1
2024-03-01,3,NL224,Zuidwest-Gelderland,Water Use Restrictions,0,0.17641536240317807,1.7497069239616394,wet,1
2024-04-01,4,NL224,Zuidwest-Gelderland,Water Use Restrictions,0,0.328230516326937,2.014431595802307,wet,1
2024-05-01,5,NL224,Zuidwest-Gelderland,Water Use Restrictions,0,0.5688174272931841,2.511814832687378,wet,1
2024-06-01,6,NL224,Zuidwest-Gelderland,Water Use Restrictions,0,0.44735534093937546,2.8723764419555664,wet,1
2024-07-01,7,NL224,Zuidwest-Gelderland,Water Use Restrictions,0,0.32551808728818243,3.360319137573242,wet,1
2024-08-01,8,NL224,Zuidwest-Gelderland,Water Use Restrictions,0,0.262741435394089,2.7078782320022583,wet,1
2024-09-01,9,NL224,Zuidwest-Gelderland,Water Use Restrictions,0,0.1666636754328364,3.562034487724304,wet,1
2024-10-01,10,NL224,Zuidwest-Gelderland,Water Use Restrictions,0,0.056562542276776186,2.6191734075546265,wet,1
2024-11-01,11,NL224,Zuidwest-Gelderland,Water Use Restrictions,0,0.039688961447129495,2.088479518890381,wet,1
2024-12-01,12,NL224,Zuidwest-Gelderland,Water Use Restrictions,0,0.035368266213994165,1.848576307296753,wet,1
2025-01-01,1,NL224,Zuidwest-Gelderland,Water Use Restrictions,0,0.0844912574615046,1.9212733507156372,wet,1
2025-02-01,2,NL224,Zuidwest-Gelderland,Water Use Restrictions,0,0.20859451126517412,1.400187075138092,wet,1
2025-03-01,3,NL224,Zuidwest-Gelderland,Water Use Restrictions,0,0.6294653316631439,0.972754567861557,near_normal,1
2025-04-01,4,NL224,Zuidwest-Gelderland,Water Use Restrictions,0,0.639193299770715,0.29149629175662994,near_normal,1
2025-05-01,5,NL224,Zuidwest-Gelderland,Water Use Restrictions,1,0.7168897332477283,-0.6283363997936249,near_normal,1
2025-06-01,6,NL224,Zuidwest-Gelderland,Water Use Restrictions,1,0.7726680836359551,-0.8211278021335602,near_normal,1
2025-07-01,7,NL224,Zuidwest-Gelderland,Water Use Restrictions,0,0.5584810802163144,-1.0137033462524414,dry,1
2025-08-01,8,NL224,Zuidwest-Gelderland,Water Use Restrictions,0,0.5433568847660689,-1.4959520101547241,dry,1
2025-09-01,9,NL224,Zuidwest-Gelderland,Water Use Restrictions,0,0.148131484537586,-1.5776581168174744,dry,1
2024-01-01,1,NL225,Achterhoek,Water Use Restrictions,0,0.1740613809286399,1.805512011051178,wet,1
2024-02-01,2,NL225,Achterhoek,Water Use Restrictions,0,0.2654411952867146,2.2859821915626526,wet,1
2024-03-01,3,NL225,Achterhoek,Water Use Restrictions,0,0.3989830960035439,1.7744671404361725,wet,1
2024-04-01,4,NL225,Achterhoek,Water Use Restrictions,0,0.6272475685519594,1.8754302561283112,wet,1
2024-05-01,5,NL225,Achterhoek,Water Use Restrictions,0,0.7969275085053102,2.249455988407135,wet,1
2024-06-01,6,NL225,Achterhoek,Water Use Restrictions,0,0.6962201446896226,2.5028456449508667,wet,1
2024-07-01,7,NL225,Achterhoek,Water Use Restrictions,0,0.5254233735403951,2.9508511424064636,wet,1
2024-08-01,8,NL225,Achterhoek,Water Use Restrictions,0,0.4434037404395428,2.5167282819747925,wet,1
2024-09-01,9,NL225,Achterhoek,Water Use Restrictions,0,0.4131625456360575,3.3198123574256897,wet,1
2024-10-01,10,NL225,Achterhoek,Water Use Restrictions,0,0.13352370500300556,2.387208878993988,wet,1
2024-11-01,11,NL225,Achterhoek,Water Use Restrictions,0,0.1104817030599574,1.9416667819023132,wet,1
2024-12-01,12,NL225,Achterhoek,Water Use Restrictions,0,0.08806078033572401,1.5921784937381744,wet,1
2025-01-01,1,NL225,Achterhoek,Water Use Restrictions,0,0.21000301428931573,1.7311365902423859,wet,1
2025-02-01,2,NL225,Achterhoek,Water Use Restrictions,0,0.4004253810250694,1.0746888369321823,wet,1
2025-03-01,3,NL225,Achterhoek,Water Use Restrictions,0,0.7400308083311008,0.6834009438753128,near_normal,1
2025-04-01,4,NL225,Achterhoek,Water Use Restrictions,0,0.8107056673750247,0.09695965144783258,near_normal,1
2025-05-01,5,NL225,Achterhoek,Water Use Restrictions,1,0.8567153729149921,-0.612250030040741,near_normal,1
2025-06-01,6,NL225,Achterhoek,Water Use Restrictions,1,0.8997835724273062,-0.7061386853456497,near_normal,1
2025-07-01,7,NL225,Achterhoek,Water Use Restrictions,1,0.8139163551626916,-0.8033000975847244,near_normal,1
2025-08-01,8,NL225,Achterhoek,Water Use Restrictions,0,0.8654956069566414,-1.172307550907135,dry,1
2025-09-01,9,NL225,Achterhoek,Water Use Restrictions,0,0.4490180082492016,-1.218297392129898,dry,1
2024-01-01,1,NL226,Arnhem/Nijmegen,Water Use Restrictions,0,0.12210777464386072,1.8382607301076253,wet,1
2024-02-01,2,NL226,Arnhem/Nijmegen,Water Use Restrictions,0,0.17283263285392167,2.3888396422068277,wet,1
2024-03-01,3,NL226,Arnhem/Nijmegen,Water Use Restrictions,0,0.28142261514313277,1.8225633303324382,wet,1
2024-04-01,4,NL226,Arnhem/Nijmegen,Water Use Restrictions,0,0.49027707870283216,2.003558794657389,wet,1
2024-05-01,5,NL226,Arnhem/Nijmegen,Water Use Restrictions,0,0.7341197537290758,2.5283732414245605,wet,1
2024-06-01,6,NL226,Arnhem/Nijmegen,Water Use Restrictions,0,0.625490667767547,2.8170496622721353,wet,1
2024-07-01,7,NL226,Arnhem/Nijmegen,Water Use Restrictions,0,0.4467719560964746,3.480062961578369,wet,1
2024-08-01,8,NL226,Arnhem/Nijmegen,Water Use Restrictions,1,0.36202239050560353,2.6924848556518555,wet,1
2024-09-01,9,NL226,Arnhem/Nijmegen,Water Use Restrictions,0,0.2925203060862368,3.6542739868164062,wet,1
2024-10-01,10,NL226,Arnhem/Nijmegen,Water Use Restrictions,0,0.09071501035369982,2.6188717683156333,wet,1
2024-11-01,11,NL226,Arnhem/Nijmegen,Water Use Restrictions,0,0.06631615545219657,2.119877894719442,wet,1
2024-12-01,12,NL226,Arnhem/Nijmegen,Water Use Restrictions,0,0.057010651103375665,1.8100270827611287,wet,1
2025-01-01,1,NL226,Arnhem/Nijmegen,Water Use Restrictions,0,0.13999191987195542,1.9685104290644329,wet,1
2025-02-01,2,NL226,Arnhem/Nijmegen,Water Use Restrictions,0,0.30810305297570545,1.3947044213612874,wet,1
2025-03-01,3,NL226,Arnhem/Nijmegen,Water Use Restrictions,0,0.6647156087932842,0.9596504171689352,near_normal,1
2025-04-01,4,NL226,Arnhem/Nijmegen,Water Use Restrictions,0,0.7406750801943801,0.3398151993751526,near_normal,1
2025-05-01,5,NL226,Arnhem/Nijmegen,Water Use Restrictions,0,0.7865125488039174,-0.5684083700180054,near_normal,1
2025-06-01,6,NL226,Arnhem/Nijmegen,Water Use Restrictions,1,0.8542467653746326,-0.671301543712616,near_normal,1
2025-07-01,7,NL226,Arnhem/Nijmegen,Water Use Restrictions,0,0.7444270558089933,-0.846276581287384,near_normal,1
2025-08-01,8,NL226,Arnhem/Nijmegen,Water Use Restrictions,0,0.7314905917983103,-1.2885345220565796,dry,1
2025-09-01,9,NL226,Arnhem/Nijmegen,Water Use Restrictions,0,0.30715056443543826,-1.3259549935658772,dry,1
2024-01-01,1,NL230,Flevoland,Water Use Restrictions,0,0.042366643726476236,1.6810797452926636,wet,1
2024-02-01,2,NL230,Flevoland,Water Use Restrictions,0,0.07438343808098584,2.042652944723765,wet,1
2024-03-01,3,NL230,Flevoland,Water Use Restrictions,0,0.10275428756690977,1.7197583715120952,wet,1
2024-04-01,4,NL230,Flevoland,Water Use Restrictions,0,0.25796035755461105,1.9411502679189045,wet,1
2024-05-01,5,NL230,Flevoland,Water Use Restrictions,1,0.43285036686013806,2.439574877421061,wet,1
2024-06-01,6,NL230,Flevoland,Water Use Restrictions,0,0.3504614495093118,2.9559825658798218,wet,1
2024-07-01,7,NL230,Flevoland,Water Use Restrictions,0,0.25586011186894914,2.801535407702128,wet,1
2024-08-01,8,NL230,Flevoland,Water Use Restrictions,0,0.1964460879891401,2.583793560663859,wet,1
2024-09-01,9,NL230,Flevoland,Water Use Restrictions,0,0.11817031229637828,2.821715792020162,wet,1
2024-10-01,10,NL230,Flevoland,Water Use Restrictions,0,0.03607526994768904,2.08377875884374,wet,1
2024-11-01,11,NL230,Flevoland,Water Use Restrictions,0,0.028032995384200305,1.6295397281646729,wet,1
2024-12-01,12,NL230,Flevoland,Water Use Restrictions,0,0.024153299118251228,1.3571658531824748,wet,1
2025-01-01,1,NL230,Flevoland,Water Use Restrictions,0,0.06540588874404615,1.31018461783727,wet,1
2025-02-01,2,NL230,Flevoland,Water Use Restrictions,0,0.15802286110547772,0.681924487153689,near_normal,1
2025-03-01,3,NL230,Flevoland,Water Use Restrictions,0,0.48493063130834313,0.25594955605144304,near_normal,1
2025-04-01,4,NL230,Flevoland,Water Use Restrictions,0,0.5249618927017478,-0.42615289986133575,near_normal,1
2025-05-01,5,NL230,Flevoland,Water Use Restrictions,0,0.6068130952477692,-1.02263805270195,dry,1
2025-06-01,6,NL230,Flevoland,Water Use Restrictions,1,0.6707308594446431,-1.1407394806543987,dry,1
2025-07-01,7,NL230,Flevoland,Water Use Restrictions,0,0.4424296508538591,-1.2951755126317341,dry,1
2025-08-01,8,NL230,Flevoland,Water Use Restrictions,0,0.41495887960963396,-1.5772170821825664,dry,1
2025-09-01,9,NL230,Flevoland,Water Use Restrictions,0,0.1098494461316185,-1.6643696029980977,dry,1
2024-01-01,1,NL310,Utrecht,Water Use Restrictions,0,0.08965669243253876,1.6331657965977986,wet,1
2024-02-01,2,NL310,Utrecht,Water Use Restrictions,0,0.13514767062733646,2.060304045677185,wet,1
2024-03-01,3,NL310,Utrecht,Water Use Restrictions,0,0.1856655206716548,1.6860721111297607,wet,1
2024-04-01,4,NL310,Utrecht,Water Use Restrictions,0,0.3974848128117301,1.934793512026469,wet,1
2024-05-01,5,NL310,Utrecht,Water Use Restrictions,0,0.6172805021583139,2.4599483807881675,wet,1
2024-06-01,6,NL310,Utrecht,Water Use Restrictions,0,0.5316601603179258,2.8643977642059326,wet,1
2024-07-01,7,NL310,Utrecht,Water Use Restrictions,0,0.4255828331669172,2.9952971935272217,wet,1
2024-08-01,8,NL310,Utrecht,Water Use Restrictions,0,0.37062689075644234,2.573964277903239,wet,1
2024-09-01,9,NL310,Utrecht,Water Use Restrictions,0,0.21948049810670012,2.949850559234619,wet,1
2024-10-01,10,NL310,Utrecht,Water Use Restrictions,0,0.07685245234844529,2.2675256729125977,wet,1
2024-11-01,11,NL310,Utrecht,Water Use Restrictions,0,0.054371068051252074,1.8243724505106609,wet,1
2024-12-01,12,NL310,Utrecht,Water Use Restrictions,1,0.046810132302204675,1.599138617515564,wet,1
2025-01-01,1,NL310,Utrecht,Water Use Restrictions,0,0.11717343712330648,1.6418602069218953,wet,1
2025-02-01,2,NL310,Utrecht,Water Use Restrictions,0,0.28473912215414315,1.0959928433100383,wet,1
2025-03-01,3,NL310,Utrecht,Water Use Restrictions,0,0.7043132470913723,0.6640455524126688,near_normal,1
2025-04-01,4,NL310,Utrecht,Water Use Restrictions,0,0.7034331855352528,-0.07301297783851624,near_normal,1
2025-05-01,5,NL310,Utrecht,Water Use Restrictions,0,0.7629192543951636,-0.8883529901504517,near_normal,1
2025-06-01,6,NL310,Utrecht,Water Use Restrictions,1,0.8053816765911183,-1.0327074925104778,dry,1
2025-07-01,7,NL310,Utrecht,Water Use Restrictions,0,0.6148542895064393,-1.170036753018697,dry,1
2025-08-01,8,NL310,Utrecht,Water Use Restrictions,0,0.5981799945545341,-1.5849626461664836,dry,1
2025-09-01,9,NL310,Utrecht,Water Use Restrictions,0,0.180523997809554,-1.695322314898173,dry,1
2024-01-01,1,NL321,Kop van Noord-Holland,Water Use Restrictions,0,0.04593944743236652,1.6329838037490845,wet,1
2024-02-01,2,NL321,Kop van Noord-Holland,Water Use Restrictions,0,0.08052903703341384,1.9536860883235931,wet,1
2024-03-01,3,NL321,Kop van Noord-Holland,Water Use Restrictions,0,0.14054858023763372,1.7587225437164307,wet,1
2024-04-01,4,NL321,Kop van Noord-Holland,Water Use Restrictions,0,0.3395643525106909,2.091783583164215,wet,1
2024-05-01,5,NL321,Kop van Noord-Holland,Water Use Restrictions,0,0.49295742405163107,2.2810864448547363,wet,1
2024-06-01,6,NL321,Kop van Noord-Holland,Water Use Restrictions,0,0.5143863314008608,2.7499186396598816,wet,1
2024-07-01,7,NL321,Kop van Noord-Holland,Water Use Restrictions,0,0.28963113639676485,2.32273006439209,wet,1
2024-08-01,8,NL321,Kop van Noord-Holland,Water Use Restrictions,1,0.28700451513181363,2.314435124397278,wet,1
2024-09-01,9,NL321,Kop van Noord-Holland,Water Use Restrictions,0,0.1370211487464023,2.3948420882225037,wet,1
2024-10-01,10,NL321,Kop van Noord-Holland,Water Use Restrictions,0,0.055138432898089396,1.7925672829151154,wet,1
2024-11-01,11,NL321,Kop van Noord-Holland,Water Use Restrictions,1,0.04042884292390383,1.154409036040306,wet,1
2024-12-01,12,NL321,Kop van Noord-Holland,Water Use Restrictions,0,0.037455968201086806,0.8799158334732056,near_normal,1
2025-01-01,1,NL321,Kop van Noord-Holland,Water Use Restrictions,0,0.10638764637249973,0.7503800988197327,near_normal,1
2025-02-01,2,NL321,Kop van Noord-Holland,Water Use Restrictions,0,0.18102163297138796,0.1837369699496776,near_normal,1
2025-03-01,3,NL321,Kop van Noord-Holland,Water Use Restrictions,0,0.45141685733625836,-0.19919294212013483,near_normal,1
2025-04-01,4,NL321,Kop van Noord-Holland,Water Use Restrictions,0,0.5764828080338613,-0.8529584109783173,near_normal,1
2025-05-01,5,NL321,Kop van Noord-Holland,Water Use Restrictions,1,0.6816774291222657,-1.0707411617040634,dry,1
2025-06-01,6,NL321,Kop van Noord-Holland,Water Use Restrictions,0,0.6751115321650772,-1.2265169620513916,dry,1
2025-07-01,7,NL321,Kop van Noord-Holland,Water Use Restrictions,0,0.47915576679754884,-1.3985914885997772,dry,1
2025-08-01,8,NL321,Kop van Noord-Holland,Water Use Restrictions,0,0.39802865513056335,-1.6699672937393188,dry,1
2025-09-01,9,NL321,Kop van Noord-Holland,Water Use Restrictions,0,0.11754538024331682,-1.6399725377559662,dry,1
2024-01-01,1,NL323,IJmond,Water Use Restrictions,0,0.03315903837421283,1.7469192743301392,wet,1
2024-02-01,2,NL323,IJmond,Water Use Restrictions,0,0.058101653759808795,1.9654667377471924,wet,1
2024-03-01,3,NL323,IJmond,Water Use Restrictions,0,0.09697523334840805,1.801576018333435,wet,1
2024-04-01,4,NL323,IJmond,Water Use Restrictions,0,0.2917727406293675,2.1092770099639893,wet,1
2024-05-01,5,NL323,IJmond,Water Use Restrictions,0,0.4171950106424946,2.3961286544799805,wet,1
2024-06-01,6,NL323,IJmond,Water Use Restrictions,0,0.40756431202746335,2.795001268386841,wet,1
2024-07-01,7,NL323,IJmond,Water Use Restrictions,0,0.1844823470484592,2.374518632888794,wet,1
2024-08-01,8,NL323,IJmond,Water Use Restrictions,0,0.18445496839061887,2.4498143196105957,wet,1
2024-09-01,9,NL323,IJmond,Water Use Restrictions,0,0.10104744005006112,2.5644779205322266,wet,1
2024-10-01,10,NL323,IJmond,Water Use Restrictions,0,0.050741438593178874,2.1055748462677,wet,1
2024-11-01,11,NL323,IJmond,Water Use Restrictions,0,0.028639791676218284,1.2876315116882324,wet,1
2024-12-01,12,NL323,IJmond,Water Use Restrictions,0,0.027493670260743924,1.054290771484375,wet,1
2025-01-01,1,NL323,IJmond,Water Use Restrictions,0,0.07344172120211491,0.9302926659584045,near_normal,1
2025-02-01,2,NL323,IJmond,Water Use Restrictions,0,0.13640900713589812,0.3864094913005829,near_normal,1
2025-03-01,3,NL323,IJmond,Water Use Restrictions,0,0.49322714414662705,-0.0300010796636343,near_normal,1
2025-04-01,4,NL323,IJmond,Water Use Restrictions,0,0.48104884190503633,-0.679432213306427,near_normal,1
2025-05-01,5,NL323,IJmond,Water Use Restrictions,0,0.5665949905928133,-1.0121432542800903,dry,1
2025-06-01,6,NL323,IJmond,Water Use Restrictions,0,0.6179380364051068,-1.1519043445587158,dry,1
2025-07-01,7,NL323,IJmond,Water Use Restrictions,0,0.38700271140902515,-1.336739182472229,dry,1
2025-08-01,8,NL323,IJmond,Water Use Restrictions,0,0.3552497120272458,-1.6172122955322266,dry,1
2025-09-01,9,NL323,IJmond,Water Use Restrictions,0,0.08831647841071064,-1.5776567459106445,dry,1
2024-01-01,1,NL324,Agglomeratie Haarlem,Water Use Restrictions,0,0.04626576993495333,1.647356390953064,wet,1
2024-02-01,2,NL324,Agglomeratie Haarlem,Water Use Restrictions,0,0.07732302989982294,1.945382833480835,wet,1
2024-03-01,3,NL324,Agglomeratie Haarlem,Water Use Restrictions,0,0.12920322033173268,1.7071410417556763,wet,1
2024-04-01,4,NL324,Agglomeratie Haarlem,Water Use Restrictions,0,0.31325817531737316,1.988879919052124,wet,1
2024-05-01,5,NL324,Agglomeratie Haarlem,Water Use Restrictions,0,0.4601311766094654,2.4034242630004883,wet,1
2024-06-01,6,NL324,Agglomeratie Haarlem,Water Use Restrictions,0,0.4342787977924215,2.8238632678985596,wet,1
2024-07-01,7,NL324,Agglomeratie Haarlem,Water Use Restrictions,0,0.24209630564689033,2.4710593223571777,wet,1
2024-08-01,8,NL324,Agglomeratie Haarlem,Water Use Restrictions,0,0.22260470339579125,2.520214796066284,wet,1
2024-09-01,9,NL324,Agglomeratie Haarlem,Water Use Restrictions,0,0.12339022148994071,2.598809242248535,wet,1
2024-10-01,10,NL324,Agglomeratie Haarlem,Water Use Restrictions,0,0.05300173720331441,2.1641006469726562,wet,1
2024-11-01,11,NL324,Agglomeratie Haarlem,Water Use Restrictions,0,0.0326753376785181,1.519848108291626,wet,1
2024-12-01,12,NL324,Agglomeratie Haarlem,Water Use Restrictions,0,0.03198249901286335,1.3313369750976562,wet,1
2025-01-01,1,NL324,Agglomeratie Haarlem,Water Use Restrictions,0,0.08057512638646579,1.2478913068771362,wet,1
2025-02-01,2,NL324,Agglomeratie Haarlem,Water Use Restrictions,0,0.17568626312537386,0.668552577495575,near_normal,1
2025-03-01,3,NL324,Agglomeratie Haarlem,Water Use Restrictions,0,0.5416497835208222,0.24341583251953125,near_normal,1
2025-04-01,4,NL324,Agglomeratie Haarlem,Water Use Restrictions,0,0.5756837625911528,-0.45443814992904663,near_normal,1
2025-05-01,5,NL324,Agglomeratie Haarlem,Water Use Restrictions,0,0.6328009322370276,-0.9552810192108154,near_normal,1
2025-06-01,6,NL324,Agglomeratie Haarlem,Water Use Restrictions,0,0.7069681194667544,-1.0814781188964844,dry,1
2025-07-01,7,NL324,Agglomeratie Haarlem,Water Use Restrictions,0,0.4566981558178638,-1.2436511516571045,dry,1
2025-08-01,8,NL324,Agglomeratie Haarlem,Water Use Restrictions,0,0.4122655788368505,-1.534304141998291,dry,1
2025-09-01,9,NL324,Agglomeratie Haarlem,Water Use Restrictions,0,0.10746797242996846,-1.641973853111267,dry,1
2024-01-01,1,NL325,Zaanstreek,Water Use Restrictions,0,0.02738488340248011,1.6169030666351318,wet,1
2024-02-01,2,NL325,Zaanstreek,Water Use Restrictions,0,0.04112824134784055,1.957419753074646,wet,1
2024-03-01,3,NL325,Zaanstreek,Water Use Restrictions,0,0.05595211005829719,1.6453285217285156,wet,1
2024-04-01,4,NL325,Zaanstreek,Water Use Restrictions,0,0.1732384307043476,1.9042351245880127,wet,1
2024-05-01,5,NL325,Zaanstreek,Water Use Restrictions,0,0.295290247973667,2.3876869678497314,wet,1
2024-06-01,6,NL325,Zaanstreek,Water Use Restrictions,0,0.2930686701556472,2.875868558883667,wet,1
2024-07-01,7,NL325,Zaanstreek,Water Use Restrictions,0,0.1678237870024926,2.6098756790161133,wet,1
2024-08-01,8,NL325,Zaanstreek,Water Use Restrictions,0,0.13732493858671738,2.4586730003356934,wet,1
2024-09-01,9,NL325,Zaanstreek,Water Use Restrictions,0,0.06493776407928345,2.6439425945281982,wet,1
2024-10-01,10,NL325,Zaanstreek,Water Use Restrictions,0,0.022953090139571863,2.0523898601531982,wet,1
2024-11-01,11,NL325,Zaanstreek,Water Use Restrictions,0,0.015893762730299202,1.5562342405319214,wet,1
2024-12-01,12,NL325,Zaanstreek,Water Use Restrictions,0,0.014439130691079216,1.3256824016571045,wet,1
2025-01-01,1,NL325,Zaanstreek,Water Use Restrictions,0,0.04118734843652551,1.2905166149139404,wet,1
2025-02-01,2,NL325,Zaanstreek,Water Use Restrictions,0,0.10203589611674753,0.7351674437522888,near_normal,1
2025-03-01,3,NL325,Zaanstreek,Water Use Restrictions,0,0.3982255207203834,0.2895616590976715,near_normal,1
2025-04-01,4,NL325,Zaanstreek,Water Use Restrictions,0,0.35606736110608345,-0.44397521018981934,near_normal,1
2025-05-01,5,NL325,Zaanstreek,Water Use Restrictions,0,0.49106323211263436,-1.0350122451782227,dry,1
2025-06-01,6,NL325,Zaanstreek,Water Use Restrictions,0,0.49311971554708883,-1.1691848039627075,dry,1
2025-07-01,7,NL325,Zaanstreek,Water Use Restrictions,1,0.3162862287855317,-1.3288004398345947,dry,1
2025-08-01,8,NL325,Zaanstreek,Water Use Restrictions,0,0.2456176872307647,-1.6849058866500854,dry,1
2025-09-01,9,NL325,Zaanstreek,Water Use Restrictions,0,0.06775805511045081,-1.740875005722046,dry,1
2024-01-01,1,NL327,Het Gooi en Vechtstreek,Water Use Restrictions,0,0.07046904625080037,1.636123776435852,wet,1
2024-03-01,3,NL327,Het Gooi en Vechtstreek,Water Use Restrictions,0,0.13858854823272593,1.6505409479141235,wet,1
2024-04-01,4,NL327,Het Gooi en Vechtstreek,Water Use Restrictions,0,0.35214410133019947,1.8591419458389282,wet,1
2024-05-01,5,NL327,Het Gooi en Vechtstreek,Water Use Restrictions,0,0.5305225535618796,2.378713369369507,wet,1
2024-06-01,6,NL327,Het Gooi en Vechtstreek,Water Use Restrictions,0,0.46220938259730976,2.898977279663086,wet,1
2024-07-01,7,NL327,Het Gooi en Vechtstreek,Water Use Restrictions,0,0.36654588850834396,2.7814443111419678,wet,1
2024-08-01,8,NL327,Het Gooi en Vechtstreek,Water Use Restrictions,0,0.3213289077643817,2.4918413162231445,wet,1
2024-09-01,9,NL327,Het Gooi en Vechtstreek,Water Use Restrictions,0,0.1845584229058462,2.7578084468841553,wet,1
2024-10-01,10,NL327,Het Gooi en Vechtstreek,Water Use Restrictions,0,0.06016178715439334,2.0412652492523193,wet,1
2024-11-01,11,NL327,Het Gooi en Vechtstreek,Water Use Restrictions,0,0.043028694686692036,1.6262489557266235,wet,1
2024-12-01,12,NL327,Het Gooi en Vechtstreek,Water Use Restrictions,0,0.036708247582698326,1.3761451244354248,wet,1
2025-01-01,1,NL327,Het Gooi en Vechtstreek,Water Use Restrictions,0,0.09966660285996623,1.3592329025268555,wet,1
2025-02-01,2,NL327,Het Gooi en Vechtstreek,Water Use Restrictions,0,0.24942141095051018,0.8063275814056396,near_normal,1
2025-03-01,3,NL327,Het Gooi en Vechtstreek,Water Use Restrictions,0,0.5642910071738401,0.35810184478759766,near_normal,1
2025-04-01,4,NL327,Het Gooi en Vechtstreek,Water Use Restrictions,0,0.6319197469537355,-0.35341763496398926,near_normal,1
2025-05-01,5,NL327,Het Gooi en Vechtstreek,Water Use Restrictions,0,0.7350423101409881,-1.0387662649154663,dry,1
2025-06-01,6,NL327,Het Gooi en Vechtstreek,Water Use Restrictions,0,0.7417789424823059,-1.1725388765335083,dry,1
2025-07-01,7,NL327,Het Gooi en Vechtstreek,Water Use Restrictions,0,0.5458048043598571,-1.3508493900299072,dry,1
2025-08-01,8,NL327,Het Gooi en Vechtstreek,Water Use Restrictions,0,0.5143406871357589,-1.7118911743164062,dry,1
2025-09-01,9,NL327,Het Gooi en Vechtstreek,Water Use Restrictions,0,0.15090688707680627,-1.7690833806991577,dry,1
2024-01-01,1,NL328,Alkmaar en omgeving,Water Use Restrictions,0,0.05298232448687234,1.7100821137428284,wet,1
2024-02-01,2,NL328,Alkmaar en omgeving,Water Use Restrictions,0,0.09544993298811666,1.9593284130096436,wet,1
2024-03-01,3,NL328,Alkmaar en omgeving,Water Use Restrictions,0,0.13751481456315712,1.739656686782837,wet,1
2024-04-01,4,NL328,Alkmaar en omgeving,Water Use Restrictions,0,0.37223039947003556,2.0186948776245117,wet,1
2024-05-01,5,NL328,Alkmaar en omgeving,Water Use Restrictions,0,0.5164592295693433,2.3344630002975464,wet,1
2024-06-01,6,NL328,Alkmaar en omgeving,Water Use Restrictions,0,0.515143689244719,2.804568648338318,wet,1
2024-07-01,7,NL328,Alkmaar en omgeving,Water Use Restrictions,0,0.29166031364056744,2.428522229194641,wet,1
2024-08-01,8,NL328,Alkmaar en omgeving,Water Use Restrictions,0,0.2711239439052154,2.425881505012512,wet,1
2024-09-01,9,NL328,Alkmaar en omgeving,Water Use Restrictions,0,0.14830228453484093,2.5760817527770996,wet,1
2024-10-01,10,NL328,Alkmaar en omgeving,Water Use Restrictions,0,0.06310535596481402,2.0169880390167236,wet,1
2024-11-01,11,NL328,Alkmaar en omgeving,Water Use Restrictions,0,0.04171103025383871,1.3094255328178406,wet,1
2024-12-01,12,NL328,Alkmaar en omgeving,Water Use Restrictions,0,0.03895972628019497,1.0511134266853333,wet,1
2025-01-01,1,NL328,Alkmaar en omgeving,Water Use Restrictions,0,0.10475262233035304,0.9406598210334778,near_normal,1
2025-02-01,2,NL328,Alkmaar en omgeving,Water Use Restrictions,0,0.20349855727127913,0.40348732471466064,near_normal,1
2025-03-01,3,NL328,Alkmaar en omgeving,Water Use Restrictions,0,0.5136833354009872,-0.023991535417735577,near_normal,1
2025-04-01,4,NL328,Alkmaar en omgeving,Water Use Restrictions,0,0.5850560878998713,-0.6851816177368164,near_normal,1
2025-05-01,5,NL328,Alkmaar en omgeving,Water Use Restrictions,0,0.6749149835085657,-1.0560193061828613,dry,1
2025-06-01,6,NL328,Alkmaar en omgeving,Water Use Restrictions,0,0.6611535633296268,-1.200132429599762,dry,1
2025-07-01,7,NL328,Alkmaar en omgeving,Water Use Restrictions,0,0.498769449356829,-1.380033254623413,dry,1
2025-08-01,8,NL328,Alkmaar en omgeving,Water Use Restrictions,0,0.44125576974837194,-1.6897867918014526,dry,1
2025-09-01,9,NL328,Alkmaar en omgeving,Water Use Restrictions,0,0.1391541556356586,-1.6552176475524902,dry,1
2024-01-01,1,NL329,Groot-Amsterdam,Water Use Restrictions,0,0.035244715330041906,1.6169030666351318,wet,1
2024-02-01,2,NL329,Groot-Amsterdam,Water Use Restrictions,0,0.05811820573747275,1.957419753074646,wet,1
2024-03-01,3,NL329,Groot-Amsterdam,Water Use Restrictions,0,0.07866585257151963,1.6453285217285156,wet,1
2024-04-01,4,NL329,Groot-Amsterdam,Water Use Restrictions,0,0.2215667679400666,1.9042351245880127,wet,1
2024-05-01,5,NL329,Groot-Amsterdam,Water Use Restrictions,0,0.36428565374108257,2.3876869678497314,wet,1
2024-06-01,6,NL329,Groot-Amsterdam,Water Use Restrictions,0,0.3510126051332681,2.875868558883667,wet,1
2024-07-01,7,NL329,Groot-Amsterdam,Water Use Restrictions,0,0.212934312514682,2.6098756790161133,wet,1
2024-08-01,8,NL329,Groot-Amsterdam,Water Use Restrictions,0,0.19681780683194147,2.4586730003356934,wet,1
2024-09-01,9,NL329,Groot-Amsterdam,Water Use Restrictions,0,0.09858410168953621,2.6439425945281982,wet,1
2024-10-01,10,NL329,Groot-Amsterdam,Water Use Restrictions,0,0.03234183967917594,2.0523898601531982,wet,1
2024-11-01,11,NL329,Groot-Amsterdam,Water Use Restrictions,0,0.021548808855800895,1.5562342405319214,wet,1
2024-12-01,12,NL329,Groot-Amsterdam,Water Use Restrictions,0,0.019486722536568767,1.3256824016571045,wet,1
2025-01-01,1,NL329,Groot-Amsterdam,Water Use Restrictions,0,0.05399776222119711,1.2905166149139404,wet,1
2025-02-01,2,NL329,Groot-Amsterdam,Water Use Restrictions,0,0.13680865926219826,0.7351674437522888,near_normal,1
2025-03-01,3,NL329,Groot-Amsterdam,Water Use Restrictions,0,0.44494815445623814,0.2895616590976715,near_normal,1
2025-04-01,4,NL329,Groot-Amsterdam,Water Use Restrictions,0,0.44543178523450494,-0.44397521018981934,near_normal,1
2025-05-01,5,NL329,Groot-Amsterdam,Water Use Restrictions,0,0.559118912619273,-1.0350122451782227,dry,1
2025-06-01,6,NL329,Groot-Amsterdam,Water Use Restrictions,0,0.5816097525263697,-1.1691848039627075,dry,1
2025-07-01,7,NL329,Groot-Amsterdam,Water Use Restrictions,0,0.3658685258587846,-1.3288004398345947,dry,1
2025-08-01,8,NL329,Groot-Amsterdam,Water Use Restrictions,0,0.3312641800430994,-1.6849058866500854,dry,1
2025-09-01,9,NL329,Groot-Amsterdam,Water Use Restrictions,0,0.0788592919080298,-1.740875005722046,dry,1
2024-01-01,1,NL332,Agglomeratie ’s-Gravenhage,Water Use Restrictions,0,0.03143758205749084,1.5479464530944824,wet,1
2024-02-01,2,NL332,Agglomeratie ’s-Gravenhage,Water Use Restrictions,0,0.050344030929982145,1.9152671098709106,wet,1
2024-03-01,3,NL332,Agglomeratie ’s-Gravenhage,Water Use Restrictions,0,0.08271412854073427,1.6138807535171509,wet,1
2024-04-01,4,NL332,Agglomeratie ’s-Gravenhage,Water Use Restrictions,0,0.1932438039960249,1.7927536964416504,wet,1
2024-05-01,5,NL332,Agglomeratie ’s-Gravenhage,Water Use Restrictions,0,0.3314924622560073,2.222562551498413,wet,1
2024-06-01,6,NL332,Agglomeratie ’s-Gravenhage,Water Use Restrictions,0,0.2869171591044261,2.651139974594116,wet,1
2024-07-01,7,NL332,Agglomeratie ’s-Gravenhage,Water Use Restrictions,0,0.14649738759712316,2.602553367614746,wet,1
2024-08-01,8,NL332,Agglomeratie ’s-Gravenhage,Water Use Restrictions,0,0.1546229036439821,2.614240884780884,wet,1
2024-09-01,9,NL332,Agglomeratie ’s-Gravenhage,Water Use Restrictions,0,0.0740614418870428,2.760681390762329,wet,1
2024-10-01,10,NL332,Agglomeratie ’s-Gravenhage,Water Use Restrictions,0,0.028217161054600485,2.217620849609375,wet,1
2024-11-01,11,NL332,Agglomeratie ’s-Gravenhage,Water Use Restrictions,0,0.018270807218884227,1.6578664779663086,wet,1
2024-12-01,12,NL332,Agglomeratie ’s-Gravenhage,Water Use Restrictions,0,0.017830988153831162,1.5298305749893188,wet,1
2025-01-01,1,NL332,Agglomeratie ’s-Gravenhage,Water Use Restrictions,0,0.037926124546952523,1.4456462860107422,wet,1
2025-02-01,2,NL332,Agglomeratie ’s-Gravenhage,Water Use Restrictions,0,0.10460946097099126,0.8826550841331482,near_normal,1
2025-03-01,3,NL332,Agglomeratie ’s-Gravenhage,Water Use Restrictions,0,0.23588190108732146,0.4521176517009735,near_normal,1
2025-04-01,4,NL332,Agglomeratie ’s-Gravenhage,Water Use Restrictions,0,0.4117488564269978,-0.2299506515264511,near_normal,1
2025-05-01,5,NL332,Agglomeratie ’s-Gravenhage,Water Use Restrictions,0,0.44980583815955716,-0.8712313175201416,near_normal,1
2025-06-01,6,NL332,Agglomeratie ’s-Gravenhage,Water Use Restrictions,0,0.5528950436852053,-1.0435134172439575,dry,1
2025-07-01,7,NL332,Agglomeratie ’s-Gravenhage,Water Use Restrictions,0,0.3093763472739394,-1.2248507738113403,dry,1
2025-08-01,8,NL332,Agglomeratie ’s-Gravenhage,Water Use Restrictions,0,0.27077409225745314,-1.4840713739395142,dry,1
2025-09-01,9,NL332,Agglomeratie ’s-Gravenhage,Water Use Restrictions,0,0.053368435093378803,-1.723048210144043,dry,1
2024-01-01,1,NL333,Delft en Westland,Water Use Restrictions,0,0.057021883009427066,1.4589471817016602,wet,1
2024-02-01,2,NL333,Delft en Westland,Water Use Restrictions,0,0.10717841516359292,1.889495611190796,wet,1
2024-03-01,3,NL333,Delft en Westland,Water Use Restrictions,0,0.12428090653623909,1.5272536277770996,wet,1
2024-04-01,4,NL333,Delft en Westland,Water Use Restrictions,0,0.27839387358996864,1.6712430715560913,wet,1
2024-05-01,5,NL333,Delft en Westland,Water Use Restrictions,0,0.454396948230817,2.103944778442383,wet,1
2024-06-01,6,NL333,Delft en Westland,Water Use Restrictions,0,0.39373291085635287,2.5638675689697266,wet,1
2024-07-01,7,NL333,Delft en Westland,Water Use Restrictions,0,0.24668230878614011,2.8959829807281494,wet,1
2024-08-01,8,NL333,Delft en Westland,Water Use Restrictions,0,0.23873605261714684,2.653705358505249,wet,1
2024-09-01,9,NL333,Delft en Westland,Water Use Restrictions,0,0.11313374802583884,2.9503586292266846,wet,1
2024-10-01,10,NL333,Delft en Westland,Water Use Restrictions,0,0.044606599916113696,2.2567052841186523,wet,1
2024-11-01,11,NL333,Delft en Westland,Water Use Restrictions,0,0.03217892749614986,1.799555778503418,wet,1
2024-12-01,12,NL333,Delft en Westland,Water Use Restrictions,0,0.030481954321000437,1.66428804397583,wet,1
2025-01-01,1,NL333,Delft en Westland,Water Use Restrictions,0,0.06390230601640348,1.640883445739746,wet,1
2025-02-01,2,NL333,Delft en Westland,Water Use Restrictions,0,0.1631949630103659,1.163700819015503,wet,1
2025-03-01,3,NL333,Delft en Westland,Water Use Restrictions,0,0.40803776211931875,0.7183709144592285,near_normal,1
2025-04-01,4,NL333,Delft en Westland,Water Use Restrictions,0,0.5769635231143581,0.003728199517354369,near_normal,1
2025-05-01,5,NL333,Delft en Westland,Water Use Restrictions,0,0.6154165563834121,-0.8432844877243042,near_normal,1
2025-06-01,6,NL333,Delft en Westland,Water Use Restrictions,0,0.6556184369047219,-1.0905721187591553,dry,1
2025-07-01,7,NL333,Delft en Westland,Water Use Restrictions,0,0.458903294908803,-1.26656973361969,dry,1
2025-08-01,8,NL333,Delft en Westland,Water Use Restrictions,0,0.4641071556032453,-1.6068077087402344,dry,1
2025-09-01,9,NL333,Delft en Westland,Water Use Restrictions,0,0.1037824303233654,-1.8662478923797607,dry,1
2024-01-01,1,NL337,Agglomeratie Leiden en Bollenstreek,Water Use Restrictions,0,0.07416561617538245,1.5254942178726196,wet,1
2024-02-01,2,NL337,Agglomeratie Leiden en Bollenstreek,Water Use Restrictions,0,0.11653907977622473,1.930662751197815,wet,1
2024-03-01,3,NL337,Agglomeratie Leiden en Bollenstreek,Water Use Restrictions,0,0.1673369054523482,1.600808024406433,wet,1
2024-04-01,4,NL337,Agglomeratie Leiden en Bollenstreek,Water Use Restrictions,0,0.3409714361799687,1.8393596410751343,wet,1
2024-05-01,5,NL337,Agglomeratie Leiden en Bollenstreek,Water Use Restrictions,0,0.5285471709543746,2.308445453643799,wet,1
2024-06-01,6,NL337,Agglomeratie Leiden en Bollenstreek,Water Use Restrictions,0,0.4918852365529753,2.742405891418457,wet,1
2024-07-01,7,NL337,Agglomeratie Leiden en Bollenstreek,Water Use Restrictions,0,0.32674459363535646,2.7151103019714355,wet,1
2024-08-01,8,NL337,Agglomeratie Leiden en Bollenstreek,Water Use Restrictions,0,0.34267919843605665,2.554049253463745,wet,1
2024-09-01,9,NL337,Agglomeratie Leiden en Bollenstreek,Water Use Restrictions,0,0.1644861349390136,2.7597999572753906,wet,1
2024-10-01,10,NL337,Agglomeratie Leiden en Bollenstreek,Water Use Restrictions,0,0.06367108188300823,2.198561906814575,wet,1
2024-11-01,11,NL337,Agglomeratie Leiden en Bollenstreek,Water Use Restrictions,0,0.04062896519951334,1.7335660457611084,wet,1
2024-12-01,12,NL337,Agglomeratie Leiden en Bollenstreek,Water Use Restrictions,0,0.03788232346260752,1.5648200511932373,wet,1
2025-01-01,1,NL337,Agglomeratie Leiden en Bollenstreek,Water Use Restrictions,0,0.08850785411046892,1.5522692203521729,wet,1
2025-02-01,2,NL337,Agglomeratie Leiden en Bollenstreek,Water Use Restrictions,0,0.21639655743440447,1.016635775566101,wet,1
2025-03-01,3,NL337,Agglomeratie Leiden en Bollenstreek,Water Use Restrictions,0,0.43237414592625756,0.5903820991516113,near_normal,1
2025-04-01,4,NL337,Agglomeratie Leiden en Bollenstreek,Water Use Restrictions,0,0.6227980635376866,-0.16400562226772308,near_normal,1
2025-05-01,5,NL337,Agglomeratie Leiden en Bollenstreek,Water Use Restrictions,0,0.6764073748129282,-0.8812072277069092,near_normal,1
2025-06-01,6,NL337,Agglomeratie Leiden en Bollenstreek,Water Use Restrictions,0,0.7516347721579147,-1.0348807573318481,dry,1
2025-07-01,7,NL337,Agglomeratie Leiden en Bollenstreek,Water Use Restrictions,0,0.5131142755670022,-1.1747100353240967,dry,1
2025-08-01,8,NL337,Agglomeratie Leiden en Bollenstreek,Water Use Restrictions,0,0.479653719541574,-1.5170913934707642,dry,1
2025-09-01,9,NL337,Agglomeratie Leiden en Bollenstreek,Water Use Restrictions,0,0.11649782059496767,-1.738526463508606,dry,1
2024-01-01,1,NL33A,Zuidoost-Zuid-Holland,Water Use Restrictions,0,0.063413630575019,1.5022345781326294,wet,1
2024-02-01,2,NL33A,Zuidoost-Zuid-Holland,Water Use Restrictions,0,0.09850159138200053,1.9734735488891602,wet,1
2024-03-01,3,NL33A,Zuidoost-Zuid-Holland,Water Use Restrictions,0,0.1325772365375231,1.6091928482055664,wet,1
2024-04-01,4,NL33A,Zuidoost-Zuid-Holland,Water Use Restrictions,0,0.28190473448805786,1.869387149810791,wet,1
2024-05-01,5,NL33A,Zuidoost-Zuid-Holland,Water Use Restrictions,0,0.48215552729931055,2.296041488647461,wet,1
2024-06-01,6,NL33A,Zuidoost-Zuid-Holland,Water Use Restrictions,0,0.38499266886208494,2.7406914234161377,wet,1
2024-07-01,7,NL33A,Zuidoost-Zuid-Holland,Water Use Restrictions,0,0.2849058491183892,3.1620676517486572,wet,1
2024-08-01,8,NL33A,Zuidoost-Zuid-Holland,Water Use Restrictions,0,0.22213521051367036,2.5882296562194824,wet,1
2024-09-01,9,NL33A,Zuidoost-Zuid-Holland,Water Use Restrictions,0,0.13346994024640935,3.196017026901245,wet,1
2024-10-01,10,NL33A,Zuidoost-Zuid-Holland,Water Use Restrictions,0,0.04967442311503548,2.4383902549743652,wet,1
2024-11-01,11,NL33A,Zuidoost-Zuid-Holland,Water Use Restrictions,0,0.031766459848480415,1.9545094966888428,wet,1
2024-12-01,12,NL33A,Zuidoost-Zuid-Holland,Water Use Restrictions,0,0.030591227979831048,1.7752925157546997,wet,1
2025-01-01,1,NL33A,Zuidoost-Zuid-Holland,Water Use Restrictions,0,0.06987153025762985,1.8329216241836548,wet,1
2025-02-01,2,NL33A,Zuidoost-Zuid-Holland,Water Use Restrictions,0,0.18439042395187127,1.3434903621673584,wet,1
2025-03-01,3,NL33A,Zuidoost-Zuid-Holland,Water Use Restrictions,0,0.5220707750263816,0.9254148006439209,near_normal,1
2025-04-01,4,NL33A,Zuidoost-Zuid-Holland,Water Use Restrictions,0,0.5942461526641363,0.18472331762313843,near_normal,1
2025-05-01,5,NL33A,Zuidoost-Zuid-Holland,Water Use Restrictions,0,0.6671400861447435,-0.6993400454521179,near_normal,1
2025-06-01,6,NL33A,Zuidoost-Zuid-Holland,Water Use Restrictions,0,0.7150245970929122,-0.928616464138031,near_normal,1
2025-07-01,7,NL33A,Zuidoost-Zuid-Holland,Water Use Restrictions,0,0.48465923436747704,-1.0900894403457642,dry,1
2025-08-01,8,NL33A,Zuidoost-Zuid-Holland,Water Use Restrictions,0,0.4732143767244138,-1.5483509302139282,dry,1
2025-09-01,9,NL33A,Zuidoost-Zuid-Holland,Water Use Restrictions,0,0.11742927715947839,-1.7110259532928467,dry,1
2024-01-01,1,NL33B,Oost-Zuid-Holland,Water Use Restrictions,0,0.032239052442871625,1.5254942178726196,wet,1
2024-02-01,2,NL33B,Oost-Zuid-Holland,Water Use Restrictions,0,0.046050069702221565,1.930662751197815,wet,1
2024-03-01,3,NL33B,Oost-Zuid-Holland,Water Use Restrictions,0,0.07608091806744459,1.600808024406433,wet,1
2024-04-01,4,NL33B,Oost-Zuid-Holland,Water Use Restrictions,0,0.1759947160495661,1.8393596410751343,wet,1
2024-05-01,5,NL33B,Oost-Zuid-Holland,Water Use Restrictions,0,0.32364123809872175,2.308445453643799,wet,1
2024-06-01,6,NL33B,Oost-Zuid-Holland,Water Use Restrictions,0,0.27907832412401484,2.742405891418457,wet,1
2024-07-01,7,NL33B,Oost-Zuid-Holland,Water Use Restrictions,0,0.16854479868676528,2.7151103019714355,wet,1
2024-08-01,8,NL33B,Oost-Zuid-Holland,Water Use Restrictions,0,0.15175885678245185,2.554049253463745,wet,1
2024-09-01,9,NL33B,Oost-Zuid-Holland,Water Use Restrictions,0,0.07480986096223784,2.7597999572753906,wet,1
2024-10-01,10,NL33B,Oost-Zuid-Holland,Water Use Restrictions,0,0.0261612982753925,2.198561906814575,wet,1
2024-11-01,11,NL33B,Oost-Zuid-Holland,Water Use Restrictions,0,0.017063916470513155,1.7335660457611084,wet,1
2024-12-01,12,NL33B,Oost-Zuid-Holland,Water Use Restrictions,0,0.015883469711481496,1.5648200511932373,wet,1
2025-01-01,1,NL33B,Oost-Zuid-Holland,Water Use Restrictions,0,0.04052060578852051,1.5522692203521729,wet,1
2025-02-01,2,NL33B,Oost-Zuid-Holland,Water Use Restrictions,0,0.11127457340191912,1.016635775566101,wet,1
2025-03-01,3,NL33B,Oost-Zuid-Holland,Water Use Restrictions,0,0.33550455549931285,0.5903820991516113,near_normal,1
2025-04-01,4,NL33B,Oost-Zuid-Holland,Water Use Restrictions,0,0.4116858503435549,-0.16400562226772308,near_normal,1
2025-05-01,5,NL33B,Oost-Zuid-Holland,Water Use Restrictions,0,0.49106418126748275,-0.8812072277069092,near_normal,1
2025-06-01,6,NL33B,Oost-Zuid-Holland,Water Use Restrictions,0,0.5204333036755574,-1.0348807573318481,dry,1
2025-07-01,7,NL33B,Oost-Zuid-Holland,Water Use Restrictions,0,0.31240629278864485,-1.1747100353240967,dry,1
2025-08-01,8,NL33B,Oost-Zuid-Holland,Water Use Restrictions,0,0.2822531862151565,-1.5170913934707642,dry,1
2025-09-01,9,NL33B,Oost-Zuid-Holland,Water Use Restrictions,0,0.061445156404879644,-1.738526463508606,dry,1
2024-01-01,1,NL33C,Groot-Rijnmond,Water Use Restrictions,0,0.07223241489160014,1.481999437014262,wet,1
2024-02-01,2,NL33C,Groot-Rijnmond,Water Use Restrictions,0,0.1214735964194319,1.9045462608337402,wet,1
2024-03-01,3,NL33C,Groot-Rijnmond,Water Use Restrictions,0,0.15448092475477943,1.55764905611674,wet,1
2024-04-01,4,NL33C,Groot-Rijnmond,Water Use Restrictions,0,0.32456169651181416,1.7358837127685547,wet,1
2024-05-01,5,NL33C,Groot-Rijnmond,Water Use Restrictions,0,0.5140405518756914,2.1709097226460776,wet,1
2024-06-01,6,NL33C,Groot-Rijnmond,Water Use Restrictions,0,0.445947680484408,2.626691977183024,wet,1
2024-07-01,7,NL33C,Groot-Rijnmond,Water Use Restrictions,0,0.2935093807885879,2.903880516688029,wet,1
2024-08-01,8,NL33C,Groot-Rijnmond,Water Use Restrictions,0,0.2744694624720746,2.6491270065307617,wet,1
2024-09-01,9,NL33C,Groot-Rijnmond,Water Use Restrictions,0,0.13563269570664122,2.9472951889038086,wet,1
2024-10-01,10,NL33C,Groot-Rijnmond,Water Use Restrictions,0,0.05585445136200476,2.2849376996358237,wet,1
2024-11-01,11,NL33C,Groot-Rijnmond,Water Use Restrictions,0,0.0387807055612692,1.8019837141036987,wet,1
2024-12-01,12,NL33C,Groot-Rijnmond,Water Use Restrictions,0,0.0389227425504654,1.676819920539856,wet,1
2025-01-01,1,NL33C,Groot-Rijnmond,Water Use Restrictions,0,0.08167964975554984,1.6513664722442627,wet,1
2025-02-01,2,NL33C,Groot-Rijnmond,Water Use Restrictions,0,0.2075558024792344,1.1506803433100383,wet,1
2025-03-01,3,NL33C,Groot-Rijnmond,Water Use Restrictions,0,0.47440733465115925,0.7058199445406595,near_normal,1
2025-04-01,4,NL33C,Groot-Rijnmond,Water Use Restrictions,0,0.6219936825061868,-0.012301225292806825,near_normal,1
2025-05-01,5,NL33C,Groot-Rijnmond,Water Use Restrictions,0,0.6633693624231626,-0.8446452021598816,near_normal,1
2025-06-01,6,NL33C,Groot-Rijnmond,Water Use Restrictions,0,0.7127327102932098,-1.0734885931015015,dry,1
2025-07-01,7,NL33C,Groot-Rijnmond,Water Use Restrictions,0,0.5136619850388288,-1.2388241688410442,dry,1
2025-08-01,8,NL33C,Groot-Rijnmond,Water Use Restrictions,0,0.5179142723683487,-1.566239356994629,dry,1
2025-09-01,9,NL33C,Groot-Rijnmond,Water Use Restrictions,0,0.12676206889135752,-1.825290282567342,dry,1
2024-01-01,1,NL341,Zeeuwsch-Vlaanderen,Water Use Restrictions,0,0.11340493302349113,1.0990768671035767,wet,1
2024-02-01,2,NL341,Zeeuwsch-Vlaanderen,Water Use Restrictions,0,0.1602453863362621,1.6654661893844604,wet,1
2024-03-01,3,NL341,Zeeuwsch-Vlaanderen,Water Use Restrictions,0,0.23083125540805388,1.4342957735061646,wet,1
2024-04-01,4,NL341,Zeeuwsch-Vlaanderen,Water Use Restrictions,0,0.4272338748769478,1.72164386510849,wet,1
2024-05-01,5,NL341,Zeeuwsch-Vlaanderen,Water Use Restrictions,0,0.636238282063688,2.0468907356262207,wet,1
2024-06-01,6,NL341,Zeeuwsch-Vlaanderen,Water Use Restrictions,0,0.5593961046511885,2.511785864830017,wet,1
2024-07-01,7,NL341,Zeeuwsch-Vlaanderen,Water Use Restrictions,0,0.3638311018949475,2.5947717428207397,wet,1
2024-08-01,8,NL341,Zeeuwsch-Vlaanderen,Water Use Restrictions,0,0.33082964600738496,2.2865796089172363,wet,1
2024-09-01,9,NL341,Zeeuwsch-Vlaanderen,Water Use Restrictions,0,0.17663968419486295,2.4733811616897583,wet,1
2024-10-01,10,NL341,Zeeuwsch-Vlaanderen,Water Use Restrictions,0,0.08667191322631036,2.181926131248474,wet,1
2024-11-01,11,NL341,Zeeuwsch-Vlaanderen,Water Use Restrictions,0,0.05506361492474428,1.6795973777770996,wet,1
2024-12-01,12,NL341,Zeeuwsch-Vlaanderen,Water Use Restrictions,0,0.07302678290241427,1.661611557006836,wet,1
2025-01-01,1,NL341,Zeeuwsch-Vlaanderen,Water Use Restrictions,0,0.1550839506815168,1.6901467442512512,wet,1
2025-02-01,2,NL341,Zeeuwsch-Vlaanderen,Water Use Restrictions,0,0.3181386530523072,1.1577122211456299,wet,1
2025-03-01,3,NL341,Zeeuwsch-Vlaanderen,Water Use Restrictions,0,0.6357956008532627,0.565402165055275,near_normal,1
2025-04-01,4,NL341,Zeeuwsch-Vlaanderen,Water Use Restrictions,0,0.7088114852155266,-0.27620716392993927,near_normal,1
2025-05-01,5,NL341,Zeeuwsch-Vlaanderen,Water Use Restrictions,0,0.7044750509856406,-1.0510993003845215,dry,1
2025-06-01,6,NL341,Zeeuwsch-Vlaanderen,Water Use Restrictions,0,0.789417966163888,-1.2060883045196533,dry,1
2025-07-01,7,NL341,Zeeuwsch-Vlaanderen,Water Use Restrictions,0,0.6694735455304116,-1.3016448020935059,dry,1
2025-08-01,8,NL341,Zeeuwsch-Vlaanderen,Water Use Restrictions,0,0.6328779496396552,-1.7224125266075134,dry,1
2025-09-01,9,NL341,Zeeuwsch-Vlaanderen,Water Use Restrictions,0,0.17312875644565662,-2.1238150596618652,dry,1
2024-01-01,1,NL342,Overig Zeeland,Water Use Restrictions,0,0.08306765770014468,1.3286210298538208,wet,1
2024-02-01,2,NL342,Overig Zeeland,Water Use Restrictions,0,0.1417307270999468,1.7934848070144653,wet,1
2024-03-01,3,NL342,Overig Zeeland,Water Use Restrictions,0,0.17939998514908612,1.4659996032714844,wet,1
2024-04-01,4,NL342,Overig Zeeland,Water Use Restrictions,0,0.3532771987310503,1.6179192066192627,wet,1
2024-05-01,5,NL342,Overig Zeeland,Water Use Restrictions,0,0.5302052322267717,2.0807783603668213,wet,1
2024-06-01,6,NL342,Overig Zeeland,Water Use Restrictions,0,0.4514288064393021,2.572701930999756,wet,1
2024-07-01,7,NL342,Overig Zeeland,Water Use Restrictions,0,0.3003370108106244,2.9837281703948975,wet,1
2024-08-01,8,NL342,Overig Zeeland,Water Use Restrictions,0,0.2479272401456508,2.67411470413208,wet,1
2024-09-01,9,NL342,Overig Zeeland,Water Use Restrictions,0,0.129636910221814,2.8608145713806152,wet,1
2024-10-01,10,NL342,Overig Zeeland,Water Use Restrictions,0,0.06017386274274006,2.296290636062622,wet,1
2024-11-01,11,NL342,Overig Zeeland,Water Use Restrictions,0,0.03900000411457833,1.8551033735275269,wet,1
2024-12-01,12,NL342,Overig Zeeland,Water Use Restrictions,0,0.044283885073127596,1.8005717992782593,wet,1
2025-01-01,1,NL342,Overig Zeeland,Water Use Restrictions,0,0.0860625247727272,1.798425555229187,wet,1
2025-02-01,2,NL342,Overig Zeeland,Water Use Restrictions,0,0.21921419931884462,1.329056739807129,wet,1
2025-03-01,3,NL342,Overig Zeeland,Water Use Restrictions,0,0.4929017167912476,0.8654971122741699,near_normal,1
2025-04-01,4,NL342,Overig Zeeland,Water Use Restrictions,1,0.65524938338416,0.127136692404747,near_normal,1
2025-05-01,5,NL342,Overig Zeeland,Water Use Restrictions,0,0.6707794018572255,-0.8692893981933594,near_normal,1
2025-06-01,6,NL342,Overig Zeeland,Water Use Restrictions,0,0.7139167832717876,-1.1390583515167236,dry,1
2025-07-01,7,NL342,Overig Zeeland,Water Use Restrictions,0,0.5489990919256871,-1.3374229669570923,dry,1
2025-08-01,8,NL342,Overig Zeeland,Water Use Restrictions,0,0.5667514512820108,-1.7264788150787354,dry,1
2025-09-01,9,NL342,Overig Zeeland,Water Use Restrictions,0,0.14289345962957226,-2.0268850326538086,dry,1
2024-01-01,1,NL411,West-Noord-Brabant,Water Use Restrictions,0,0.16525021311736868,1.4279340207576752,wet,1
2024-02-01,2,NL411,West-Noord-Brabant,Water Use Restrictions,0,0.2661898188777491,1.9115989208221436,wet,1
2024-03-01,3,NL411,West-Noord-Brabant,Water Use Restrictions,0,0.34972260095722885,1.5701760351657867,wet,1
2024-04-01,4,NL411,West-Noord-Brabant,Water Use Restrictions,0,0.5510089310671801,1.794410079717636,wet,1
2024-05-01,5,NL411,West-Noord-Brabant,Water Use Restrictions,0,0.732940164007232,2.1759976744651794,wet,1
2024-06-01,6,NL411,West-Noord-Brabant,Water Use Restrictions,0,0.6182993425479946,2.6817938685417175,wet,1
2024-07-01,7,NL411,West-Noord-Brabant,Water Use Restrictions,0,0.49670331477271434,3.1869431138038635,wet,1
2024-08-01,8,NL411,West-Noord-Brabant,Water Use Restrictions,0,0.41398661127001235,2.5752928256988525,wet,1
2024-09-01,9,NL411,West-Noord-Brabant,Water Use Restrictions,0,0.2756348277581439,3.2261340022087097,wet,1
2024-10-01,10,NL411,West-Noord-Brabant,Water Use Restrictions,0,0.12152486193674668,2.4958202242851257,wet,1
2024-11-01,11,NL411,West-Noord-Brabant,Water Use Restrictions,0,0.0848050198760329,1.9934806823730469,wet,1
2024-12-01,12,NL411,West-Noord-Brabant,Water Use Restrictions,1,0.08873023377547971,1.8938453793525696,wet,1
2025-01-01,1,NL411,West-Noord-Brabant,Water Use Restrictions,0,0.17859905469016055,1.9489366114139557,wet,1
2025-02-01,2,NL411,West-Noord-Brabant,Water Use Restrictions,0,0.3750774625423015,1.4912947714328766,wet,1
2025-03-01,3,NL411,West-Noord-Brabant,Water Use Restrictions,1,0.6914325074779074,1.0794287621974945,wet,1
2025-04-01,4,NL411,West-Noord-Brabant,Water Use Restrictions,1,0.802014268223503,0.3902544379234314,near_normal,1
2025-05-01,5,NL411,West-Noord-Brabant,Water Use Restrictions,0,0.8470868388637328,-0.6107541918754578,near_normal,1
2025-06-01,6,NL411,West-Noord-Brabant,Water Use Restrictions,1,0.883983883593417,-0.9553556591272354,near_normal,1
2025-07-01,7,NL411,West-Noord-Brabant,Water Use Restrictions,0,0.712743133855386,-1.197560876607895,dry,1
2025-08-01,8,NL411,West-Noord-Brabant,Water Use Restrictions,0,0.7523668085583949,-1.7818401753902435,dry,1
2025-09-01,9,NL411,West-Noord-Brabant,Water Use Restrictions,0,0.21508090530767265,-1.944325178861618,dry,1
2024-01-01,1,NL412,Midden-Noord-Brabant,Water Use Restrictions,0,0.17846955190277655,1.5439085960388184,wet,1
2024-02-01,2,NL412,Midden-Noord-Brabant,Water Use Restrictions,0,0.2730771127104952,2.0561699867248535,wet,1
2024-03-01,3,NL412,Midden-Noord-Brabant,Water Use Restrictions,0,0.39188910750582334,1.6683708429336548,wet,1
2024-04-01,4,NL412,Midden-Noord-Brabant,Water Use Restrictions,0,0.5940309234351349,1.9227519035339355,wet,1
2024-05-01,5,NL412,Midden-Noord-Brabant,Water Use Restrictions,0,0.7771806528891565,2.350119113922119,wet,1
2024-06-01,6,NL412,Midden-Noord-Brabant,Water Use Restrictions,0,0.6853327896754046,2.7400357723236084,wet,1
2024-07-01,7,NL412,Midden-Noord-Brabant,Water Use Restrictions,0,0.5260292443639677,3.3474960327148438,wet,1
2024-08-01,8,NL412,Midden-Noord-Brabant,Water Use Restrictions,0,0.4249245723293038,2.595762252807617,wet,1
2024-09-01,9,NL412,Midden-Noord-Brabant,Water Use Restrictions,0,0.31294714231239523,3.8588836193084717,wet,1
2024-10-01,10,NL412,Midden-Noord-Brabant,Water Use Restrictions,0,0.13910495917233442,2.767239809036255,wet,1
2024-11-01,11,NL412,Midden-Noord-Brabant,Water Use Restrictions,0,0.09959505607902411,2.2039122581481934,wet,1
2024-12-01,12,NL412,Midden-Noord-Brabant,Water Use Restrictions,1,0.09818622267930154,2.016164541244507,wet,1
2025-01-01,1,NL412,Midden-Noord-Brabant,Water Use Restrictions,0,0.20499924438200343,2.0861504077911377,wet,1
2025-02-01,2,NL412,Midden-Noord-Brabant,Water Use Restrictions,0,0.4097682828924203,1.595111608505249,wet,1
2025-03-01,3,NL412,Midden-Noord-Brabant,Water Use Restrictions,1,0.7573265603312686,1.174560785293579,wet,1
2025-04-01,4,NL412,Midden-Noord-Brabant,Water Use Restrictions,1,0.835869496687705,0.5439844131469727,near_normal,1
2025-05-01,5,NL412,Midden-Noord-Brabant,Water Use Restrictions,0,0.8653419851609927,-0.45212289690971375,near_normal,1
2025-06-01,6,NL412,Midden-Noord-Brabant,Water Use Restrictions,1,0.9065674647487753,-0.7468729019165039,near_normal,1
2025-07-01,7,NL412,Midden-Noord-Brabant,Water Use Restrictions,0,0.7424814196057378,-1.0836814641952515,dry,1
2025-08-01,8,NL412,Midden-Noord-Brabant,Water Use Restrictions,0,0.7685745461665174,-1.6820485591888428,dry,1
2025-09-01,9,NL412,Midden-Noord-Brabant,Water Use Restrictions,0,0.24531654061598826,-1.6659215688705444,dry,1
2024-01-01,1,NL413,Noordoost-Noord-Brabant,Water Use Restrictions,0,0.20871442372441396,1.7263375918070476,wet,1
2024-02-01,2,NL413,Noordoost-Noord-Brabant,Water Use Restrictions,0,0.28665667338738576,2.301957845687866,wet,1
2024-03-01,3,NL413,Noordoost-Noord-Brabant,Water Use Restrictions,0,0.4478088426719567,1.7595105568567913,wet,1
2024-04-01,4,NL413,Noordoost-Noord-Brabant,Water Use Restrictions,0,0.635176718823537,1.9506117502848308,wet,1
2024-05-01,5,NL413,Noordoost-Noord-Brabant,Water Use Restrictions,0,0.8228638742646746,2.5292108058929443,wet,1
2024-06-01,6,NL413,Noordoost-Noord-Brabant,Water Use Restrictions,0,0.7495059893036637,2.860475540161133,wet,1
2024-07-01,7,NL413,Noordoost-Noord-Brabant,Water Use Restrictions,0,0.5150076781686612,3.60351292292277,wet,1
2024-08-01,8,NL413,Noordoost-Noord-Brabant,Water Use Restrictions,0,0.4785411145686767,2.6137571334838867,wet,1
2024-09-01,9,NL413,Noordoost-Noord-Brabant,Water Use Restrictions,0,0.37292529810280806,3.99537460009257,wet,1
2024-10-01,10,NL413,Noordoost-Noord-Brabant,Water Use Restrictions,0,0.14655166007469128,2.824659744898478,wet,1
2024-11-01,11,NL413,Noordoost-Noord-Brabant,Water Use Restrictions,0,0.10575575817596976,2.297260840733846,wet,1
2024-12-01,12,NL413,Noordoost-Noord-Brabant,Water Use Restrictions,1,0.10077552648476569,2.027393857638041,wet,1
2025-01-01,1,NL413,Noordoost-Noord-Brabant,Water Use Restrictions,0,0.2054361062929329,2.1666224797566733,wet,1
2025-02-01,2,NL413,Noordoost-Noord-Brabant,Water Use Restrictions,0,0.44640911001939537,1.6576051712036133,wet,1
2025-03-01,3,NL413,Noordoost-Noord-Brabant,Water Use Restrictions,1,0.8004373607444072,1.1836046775182087,wet,1
2025-04-01,4,NL413,Noordoost-Noord-Brabant,Water Use Restrictions,1,0.8443317810099015,0.6166368325551351,near_normal,1
2025-05-01,5,NL413,Noordoost-Noord-Brabant,Water Use Restrictions,0,0.8678607324282761,-0.433600256840388,near_normal,1
2025-06-01,6,NL413,Noordoost-Noord-Brabant,Water Use Restrictions,1,0.9136755255117186,-0.6352093617121378,near_normal,1
2025-07-01,7,NL413,Noordoost-Noord-Brabant,Water Use Restrictions,0,0.8198401137008082,-0.9555245041847229,near_normal,1
2025-08-01,8,NL413,Noordoost-Noord-Brabant,Water Use Restrictions,0,0.8245746144164905,-1.5380258957544963,dry,1
2025-09-01,9,NL413,Noordoost-Noord-Brabant,Water Use Restrictions,0,0.4068160432112168,-1.4824391603469849,dry,1
2024-01-01,1,NL414,Zuidoost-Noord-Brabant,Water Use Restrictions,0,0.22541138439891856,1.6660036146640778,wet,1
2024-02-01,2,NL414,Zuidoost-Noord-Brabant,Water Use Restrictions,0,0.32349690071381393,2.2208192348480225,wet,1
2024-03-01,3,NL414,Zuidoost-Noord-Brabant,Water Use Restrictions,0,0.4871464999279834,1.7530253231525421,wet,1
2024-04-01,4,NL414,Zuidoost-Noord-Brabant,Water Use Restrictions,0,0.6867029461105104,1.9222524464130402,wet,1
2024-05-01,5,NL414,Zuidoost-Noord-Brabant,Water Use Restrictions,0,0.838402944377169,2.4804680943489075,wet,1
2024-06-01,6,NL414,Zuidoost-Noord-Brabant,Water Use Restrictions,0,0.7829220652239858,2.8313465118408203,wet,1
2024-07-01,7,NL414,Zuidoost-Noord-Brabant,Water Use Restrictions,0,0.5660214091531187,3.323698878288269,wet,1
2024-08-01,8,NL414,Zuidoost-Noord-Brabant,Water Use Restrictions,0,0.48475225883378115,2.4005433320999146,wet,1
2024-09-01,9,NL414,Zuidoost-Noord-Brabant,Water Use Restrictions,0,0.3729057041095279,3.6095246076583862,wet,1
2024-10-01,10,NL414,Zuidoost-Noord-Brabant,Water Use Restrictions,0,0.15096222652046143,2.8009841442108154,wet,1
2024-11-01,11,NL414,Zuidoost-Noord-Brabant,Water Use Restrictions,0,0.1108966981336966,2.219056189060211,wet,1
2024-12-01,12,NL414,Zuidoost-Noord-Brabant,Water Use Restrictions,1,0.11543594904592701,2.0562921166419983,wet,1
2025-01-01,1,NL414,Zuidoost-Noord-Brabant,Water Use Restrictions,0,0.24252585476602906,2.2320687770843506,wet,1
2025-02-01,2,NL414,Zuidoost-Noord-Brabant,Water Use Restrictions,0,0.4859852501346701,1.7058507800102234,wet,1
2025-03-01,3,NL414,Zuidoost-Noord-Brabant,Water Use Restrictions,1,0.7855308505181472,1.2108392715454102,wet,1
2025-04-01,4,NL414,Zuidoost-Noord-Brabant,Water Use Restrictions,1,0.8634654943814178,0.6923550665378571,near_normal,1
2025-05-01,5,NL414,Zuidoost-Noord-Brabant,Water Use Restrictions,1,0.8686036111787168,-0.4158538803458214,near_normal,1
2025-06-01,6,NL414,Zuidoost-Noord-Brabant,Water Use Restrictions,1,0.9141514542922752,-0.6612778455018997,near_normal,1
2025-07-01,7,NL414,Zuidoost-Noord-Brabant,Water Use Restrictions,0,0.8337906207662387,-1.0086569488048553,dry,1
2025-08-01,8,NL414,Zuidoost-Noord-Brabant,Water Use Restrictions,0,0.853068754823421,-1.6495905816555023,dry,1
2025-09-01,9,NL414,Zuidoost-Noord-Brabant,Water Use Restrictions,0,0.44714455257118024,-1.5304934084415436,dry,1
2024-01-01,1,NL421,Noord-Limburg,Water Use Restrictions,0,0.1812347440998282,1.8593108654022217,wet,1
2024-02-01,2,NL421,Noord-Limburg,Water Use Restrictions,0,0.24669811809672124,2.512042760848999,wet,1
2024-03-01,3,NL421,Noord-Limburg,Water Use Restrictions,0,0.4271819869403648,1.865483283996582,wet,1
2024-04-01,4,NL421,Noord-Limburg,Water Use Restrictions,0,0.6322184121011452,1.9734376668930054,wet,1
2024-05-01,5,NL421,Noord-Limburg,Water Use Restrictions,0,0.8075635167918481,2.605700731277466,wet,1
2024-06-01,6,NL421,Noord-Limburg,Water Use Restrictions,0,0.6977981971099241,2.8035495281219482,wet,1
2024-07-01,7,NL421,Noord-Limburg,Water Use Restrictions,0,0.4370425842301826,3.2032430171966553,wet,1
2024-08-01,8,NL421,Noord-Limburg,Water Use Restrictions,0,0.37529601287943537,2.251657724380493,wet,1
2024-09-01,9,NL421,Noord-Limburg,Water Use Restrictions,0,0.31059612703886225,3.5400261878967285,wet,1
2024-10-01,10,NL421,Noord-Limburg,Water Use Restrictions,0,0.11428784976148365,2.855512857437134,wet,1
2024-11-01,11,NL421,Noord-Limburg,Water Use Restrictions,0,0.08057355455825274,2.196915864944458,wet,1
2024-12-01,12,NL421,Noord-Limburg,Water Use Restrictions,0,0.08581502612631127,2.03786039352417,wet,1
2025-01-01,1,NL421,Noord-Limburg,Water Use Restrictions,0,0.18245153479960907,2.306771755218506,wet,1
2025-02-01,2,NL421,Noord-Limburg,Water Use Restrictions,0,0.42679549387629817,1.68009352684021,wet,1
2025-03-01,3,NL421,Noord-Limburg,Water Use Restrictions,0,0.7572723309377193,1.0877587795257568,wet,1
2025-04-01,4,NL421,Noord-Limburg,Water Use Restrictions,0,0.7836865591975788,0.6619554162025452,near_normal,1
2025-05-01,5,NL421,Noord-Limburg,Water Use Restrictions,0,0.7832773189085485,-0.44544780254364014,near_normal,1
2025-06-01,6,NL421,Noord-Limburg,Water Use Restrictions,1,0.856737630310445,-0.5798614025115967,near_normal,1
2025-07-01,7,NL421,Noord-Limburg,Water Use Restrictions,1,0.8174736003665349,-0.800941526889801,near_normal,1
2025-08-01,8,NL421,Noord-Limburg,Water Use Restrictions,0,0.8430270732253526,-1.2454304695129395,dry,1
2025-09-01,9,NL421,Noord-Limburg,Water Use Restrictions,0,0.43311366685524405,-1.325162410736084,dry,1
2024-01-01,1,NL422,Midden-Limburg,Water Use Restrictions,0,0.17126119764423742,1.595084309577942,wet,1
2024-02-01,2,NL422,Midden-Limburg,Water Use Restrictions,0,0.261083544396074,2.1346378326416016,wet,1
2024-03-01,3,NL422,Midden-Limburg,Water Use Restrictions,0,0.41080754586757845,1.6730749607086182,wet,1
2024-04-01,4,NL422,Midden-Limburg,Water Use Restrictions,0,0.6004236702419209,1.7786504030227661,wet,1
2024-05-01,5,NL422,Midden-Limburg,Water Use Restrictions,0,0.7801311970517799,2.3970389366149902,wet,1
2024-06-01,6,NL422,Midden-Limburg,Water Use Restrictions,0,0.7130705642779382,2.6647117137908936,wet,1
2024-07-01,7,NL422,Midden-Limburg,Water Use Restrictions,0,0.5245990150206686,2.893308162689209,wet,1
2024-08-01,8,NL422,Midden-Limburg,Water Use Restrictions,0,0.39921675247411015,2.179447650909424,wet,1
2024-09-01,9,NL422,Midden-Limburg,Water Use Restrictions,0,0.30843601324434927,3.121680974960327,wet,1
2024-10-01,10,NL422,Midden-Limburg,Water Use Restrictions,0,0.10158033062048885,2.612539768218994,wet,1
2024-11-01,11,NL422,Midden-Limburg,Water Use Restrictions,0,0.0703523146713131,2.029146194458008,wet,1
2024-12-01,12,NL422,Midden-Limburg,Water Use Restrictions,0,0.076770730448299,1.9572449922561646,wet,1
2025-01-01,1,NL422,Midden-Limburg,Water Use Restrictions,0,0.1697259942745719,2.3007307052612305,wet,1
2025-02-01,2,NL422,Midden-Limburg,Water Use Restrictions,0,0.42887992256537144,1.6659852266311646,wet,1
2025-03-01,3,NL422,Midden-Limburg,Water Use Restrictions,0,0.7128979444406511,1.1294753551483154,wet,1
2025-04-01,4,NL422,Midden-Limburg,Water Use Restrictions,0,0.7803179970267112,0.6900760531425476,near_normal,1
2025-05-01,5,NL422,Midden-Limburg,Water Use Restrictions,0,0.7751218871425738,-0.4340934157371521,near_normal,1
2025-06-01,6,NL422,Midden-Limburg,Water Use Restrictions,0,0.8469598439479824,-0.5961017608642578,near_normal,1
2025-07-01,7,NL422,Midden-Limburg,Water Use Restrictions,1,0.7962898516924356,-0.7561391592025757,near_normal,1
2025-08-01,8,NL422,Midden-Limburg,Water Use Restrictions,0,0.8130025299321685,-1.2596315145492554,dry,1
2025-09-01,9,NL422,Midden-Limburg,Water Use Restrictions,0,0.3793825435908995,-1.256527304649353,dry,1
2024-01-01,1,NL423,Zuid-Limburg,Water Use Restrictions,0,0.14459729189672088,1.4646683931350708,wet,1
2024-02-01,2,NL423,Zuid-Limburg,Water Use Restrictions,0,0.23411722848238095,1.9057672023773193,wet,1
2024-03-01,3,NL423,Zuid-Limburg,Water Use Restrictions,0,0.31919405631338876,1.4721426963806152,wet,1
2024-04-01,4,NL423,Zuid-Limburg,Water Use Restrictions,0,0.5473247213814986,1.6109375953674316,wet,1
2024-05-01,5,NL423,Zuid-Limburg,Water Use Restrictions,0,0.7369787951744194,2.2602717876434326,wet,1
2024-06-01,6,NL423,Zuid-Limburg,Water Use Restrictions,0,0.6434530165541342,2.4993674755096436,wet,1
2024-07-01,7,NL423,Zuid-Limburg,Water Use Restrictions,0,0.5240839514240572,2.575399398803711,wet,1
2024-08-01,8,NL423,Zuid-Limburg,Water Use Restrictions,0,0.4082319529880886,2.1789464950561523,wet,1
2024-09-01,9,NL423,Zuid-Limburg,Water Use Restrictions,0,0.27331736549806257,2.988447666168213,wet,1
2024-10-01,10,NL423,Zuid-Limburg,Water Use Restrictions,0,0.09146583263940489,2.581728458404541,wet,1
2024-11-01,11,NL423,Zuid-Limburg,Water Use Restrictions,0,0.05355179639054245,2.0978105068206787,wet,1
2024-12-01,12,NL423,Zuid-Limburg,Water Use Restrictions,0,0.052125142997096835,2.107192277908325,wet,1
2025-01-01,1,NL423,Zuid-Limburg,Water Use Restrictions,0,0.12208560276863582,2.49822735786438,wet,1
2025-02-01,2,NL423,Zuid-Limburg,Water Use Restrictions,0,0.3664152354728855,1.7681748867034912,wet,1
2025-03-01,3,NL423,Zuid-Limburg,Water Use Restrictions,0,0.6714229541173588,1.286401629447937,wet,1
2025-04-01,4,NL423,Zuid-Limburg,Water Use Restrictions,0,0.6770720423019903,0.8446741700172424,near_normal,1
2025-05-01,5,NL423,Zuid-Limburg,Water Use Restrictions,0,0.7370134104056683,-0.30450639128685,near_normal,1
2025-06-01,6,NL423,Zuid-Limburg,Water Use Restrictions,0,0.8105963183234536,-0.48462241888046265,near_normal,1
2025-07-01,7,NL423,Zuid-Limburg,Water Use Restrictions,1,0.7883677071846594,-0.5175946354866028,near_normal,1
2025-08-01,8,NL423,Zuid-Limburg,Water Use Restrictions,0,0.7519460005036394,-1.1383399963378906,dry,1
2025-09-01,9,NL423,Zuid-Limburg,Water Use Restrictions,0,0.28228186094063856,-1.2109681367874146,dry,1
2024-01-01,1,NL111,Oost-Groningen,Forest Dieback & Vegetation Stress,0,0.0882286205475095,1.811567783355713,wet,1
2024-02-01,2,NL111,Oost-Groningen,Forest Dieback & Vegetation Stress,0,0.10527331041347375,1.99618661403656,wet,1
2024-03-01,3,NL111,Oost-Groningen,Forest Dieback & Vegetation Stress,0,0.19236338545099788,1.6847506165504456,wet,1
2024-04-01,4,NL111,Oost-Groningen,Forest Dieback & Vegetation Stress,0,0.2296392384684735,1.9079570770263672,wet,1
2024-05-01,5,NL111,Oost-Groningen,Forest Dieback & Vegetation Stress,0,0.4052515603058702,2.1447561979293823,wet,1
2024-06-01,6,NL111,Oost-Groningen,Forest Dieback & Vegetation Stress,0,0.39358001081879135,2.7947285175323486,wet,1
2024-07-01,7,NL111,Oost-Groningen,Forest Dieback & Vegetation Stress,0,0.3086794370018664,2.7147164344787598,wet,1
2024-08-01,8,NL111,Oost-Groningen,Forest Dieback & Vegetation Stress,0,0.27163522451129224,2.659160852432251,wet,1
2024-09-01,9,NL111,Oost-Groningen,Forest Dieback & Vegetation Stress,0,0.24605357853431334,2.968327760696411,wet,1
2024-10-01,10,NL111,Oost-Groningen,Forest Dieback & Vegetation Stress,0,0.12070082874122119,1.971750020980835,wet,1
2024-11-01,11,NL111,Oost-Groningen,Forest Dieback & Vegetation Stress,0,0.09871974324279977,1.6035258769989014,wet,1
2024-12-01,12,NL111,Oost-Groningen,Forest Dieback & Vegetation Stress,0,0.07604872469586833,1.1509708762168884,wet,1
2025-01-01,1,NL111,Oost-Groningen,Forest Dieback & Vegetation Stress,0,0.1014413366738218,1.0549432635307312,wet,1
2025-02-01,2,NL111,Oost-Groningen,Forest Dieback & Vegetation Stress,0,0.10540328462580696,0.49514587223529816,near_normal,1
2025-03-01,3,NL111,Oost-Groningen,Forest Dieback & Vegetation Stress,0,0.19914116718744895,0.1761770248413086,near_normal,1
2025-04-01,4,NL111,Oost-Groningen,Forest Dieback & Vegetation Stress,1,0.27666750378232785,-0.4283472001552582,near_normal,1
2025-05-01,5,NL111,Oost-Groningen,Forest Dieback & Vegetation Stress,0,0.4729813596778259,-0.9174109697341919,near_normal,1
2025-06-01,6,NL111,Oost-Groningen,Forest Dieback & Vegetation Stress,0,0.3843056789208707,-0.9498004615306854,near_normal,1
2025-07-01,7,NL111,Oost-Groningen,Forest Dieback & Vegetation Stress,0,0.2787973090925725,-1.1780112385749817,dry,1
2025-08-01,8,NL111,Oost-Groningen,Forest Dieback & Vegetation Stress,0,0.4698825140539014,-1.31639963388443,dry,1
2025-09-01,9,NL111,Oost-Groningen,Forest Dieback & Vegetation Stress,0,0.1514219896475098,-1.4372192025184631,dry,1
2024-01-01,1,NL112,Delfzijl en omgeving,Forest Dieback & Vegetation Stress,0,0.11597079694177004,1.5744563341140747,wet,1
2024-03-01,3,NL112,Delfzijl en omgeving,Forest Dieback & Vegetation Stress,0,0.24371801150602465,1.5986590385437012,wet,1
2024-04-01,4,NL112,Delfzijl en omgeving,Forest Dieback & Vegetation Stress,0,0.2946754003538537,1.7463241815567017,wet,1
2024-05-01,5,NL112,Delfzijl en omgeving,Forest Dieback & Vegetation Stress,0,0.4686851943812693,1.9306237697601318,wet,1
2024-06-01,6,NL112,Delfzijl en omgeving,Forest Dieback & Vegetation Stress,0,0.47561243656978663,2.5208699703216553,wet,1
2024-07-01,7,NL112,Delfzijl en omgeving,Forest Dieback & Vegetation Stress,0,0.39085558079704785,2.3603928089141846,wet,1
2024-08-01,8,NL112,Delfzijl en omgeving,Forest Dieback & Vegetation Stress,0,0.3485127469503642,2.3377909660339355,wet,1
2024-09-01,9,NL112,Delfzijl en omgeving,Forest Dieback & Vegetation Stress,0,0.313001899652601,2.484579563140869,wet,1
2024-10-01,10,NL112,Delfzijl en omgeving,Forest Dieback & Vegetation Stress,0,0.15123207663575045,1.6715155839920044,wet,1
2024-11-01,11,NL112,Delfzijl en omgeving,Forest Dieback & Vegetation Stress,0,0.13009933170599458,1.3462355136871338,wet,1
2024-12-01,12,NL112,Delfzijl en omgeving,Forest Dieback & Vegetation Stress,0,0.09591370784680647,0.9495850205421448,near_normal,1
2025-01-01,1,NL112,Delfzijl en omgeving,Forest Dieback & Vegetation Stress,0,0.13143855793024944,0.815735936164856,near_normal,1
2025-02-01,2,NL112,Delfzijl en omgeving,Forest Dieback & Vegetation Stress,0,0.13668019731098022,0.2707626223564148,near_normal,1
2025-03-01,3,NL112,Delfzijl en omgeving,Forest Dieback & Vegetation Stress,0,0.2147282500813354,-0.011577821336686611,near_normal,1
2025-04-01,4,NL112,Delfzijl en omgeving,Forest Dieback & Vegetation Stress,1,0.35017882750306256,-0.536076009273529,near_normal,1
2025-05-01,5,NL112,Delfzijl en omgeving,Forest Dieback & Vegetation Stress,0,0.5662580800575601,-0.8959609270095825,near_normal,1
2025-06-01,6,NL112,Delfzijl en omgeving,Forest Dieback & Vegetation Stress,0,0.44825916965449364,-0.9709566235542297,near_normal,1
2025-07-01,7,NL112,Delfzijl en omgeving,Forest Dieback & Vegetation Stress,0,0.3758446115888356,-1.2213053703308105,dry,1
2025-08-01,8,NL112,Delfzijl en omgeving,Forest Dieback & Vegetation Stress,0,0.3996968830577876,-1.3407152891159058,dry,1
2025-09-01,9,NL112,Delfzijl en omgeving,Forest Dieback & Vegetation Stress,0,0.20511048973271853,-1.4633549451828003,dry,1
2024-01-01,1,NL113,Overig Groningen,Forest Dieback & Vegetation Stress,0,0.08729146859919054,1.553696870803833,wet,1
2024-02-01,2,NL113,Overig Groningen,Forest Dieback & Vegetation Stress,0,0.09810532607564644,1.8252516984939575,wet,1
2024-03-01,3,NL113,Overig Groningen,Forest Dieback & Vegetation Stress,0,0.197500014293876,1.5759201447168987,wet,1
2024-04-01,4,NL113,Overig Groningen,Forest Dieback & Vegetation Stress,0,0.23195784057006932,1.7591425975163777,wet,1
2024-05-01,5,NL113,Overig Groningen,Forest Dieback & Vegetation Stress,0,0.3978631737089083,1.9804979960123699,wet,1
2024-06-01,6,NL113,Overig Groningen,Forest Dieback & Vegetation Stress,0,0.42026426179812354,2.5567835172017417,wet,1
2024-07-01,7,NL113,Overig Groningen,Forest Dieback & Vegetation Stress,0,0.33735956637517095,2.325056314468384,wet,1
2024-08-01,8,NL113,Overig Groningen,Forest Dieback & Vegetation Stress,0,0.27167484225969774,2.289264678955078,wet,1
2024-09-01,9,NL113,Overig Groningen,Forest Dieback & Vegetation Stress,0,0.23936116845009672,2.4607760111490884,wet,1
2024-10-01,10,NL113,Overig Groningen,Forest Dieback & Vegetation Stress,0,0.12490172650766722,1.74251393477122,wet,1
2024-11-01,11,NL113,Overig Groningen,Forest Dieback & Vegetation Stress,0,0.09881460806265475,1.3726389805475872,wet,1
2024-12-01,12,NL113,Overig Groningen,Forest Dieback & Vegetation Stress,0,0.07130900260164111,0.9944103360176086,near_normal,1
2025-01-01,1,NL113,Overig Groningen,Forest Dieback & Vegetation Stress,0,0.0988092850058668,0.8821484843889872,near_normal,1
2025-02-01,2,NL113,Overig Groningen,Forest Dieback & Vegetation Stress,0,0.1074917762950013,0.31073737144470215,near_normal,1
2025-03-01,3,NL113,Overig Groningen,Forest Dieback & Vegetation Stress,0,0.17989500839360084,0.035581901048620544,near_normal,1
2025-04-01,4,NL113,Overig Groningen,Forest Dieback & Vegetation Stress,1,0.2690200855306607,-0.45748992760976154,near_normal,1
2025-05-01,5,NL113,Overig Groningen,Forest Dieback & Vegetation Stress,0,0.49299893002517925,-0.8022730549176534,near_normal,1
2025-06-01,6,NL113,Overig Groningen,Forest Dieback & Vegetation Stress,0,0.3787588238549928,-0.9125909010569254,near_normal,1
2025-07-01,7,NL113,Overig Groningen,Forest Dieback & Vegetation Stress,0,0.3135168448133295,-1.1193293333053589,dry,1
2025-08-01,8,NL113,Overig Groningen,Forest Dieback & Vegetation Stress,0,0.4414579212047763,-1.2605481147766113,dry,1
2025-09-01,9,NL113,Overig Groningen,Forest Dieback & Vegetation Stress,0,0.1694984568135673,-1.4358088970184326,dry,1
2024-01-01,1,NL124,Noord-Friesland,Forest Dieback & Vegetation Stress,0,0.12695402784630888,1.3574422895908356,wet,1
2024-02-01,2,NL124,Noord-Friesland,Forest Dieback & Vegetation Stress,0,0.13685401115085974,1.7159639298915863,wet,1
2024-03-01,3,NL124,Noord-Friesland,Forest Dieback & Vegetation Stress,0,0.2755794291110446,1.4683093130588531,wet,1
2024-04-01,4,NL124,Noord-Friesland,Forest Dieback & Vegetation Stress,0,0.292012606764888,1.7018274664878845,wet,1
2024-05-01,5,NL124,Noord-Friesland,Forest Dieback & Vegetation Stress,0,0.49154304877647204,1.886545330286026,wet,1
2024-06-01,6,NL124,Noord-Friesland,Forest Dieback & Vegetation Stress,0,0.5137992409135302,2.4364304542541504,wet,1
2024-07-01,7,NL124,Noord-Friesland,Forest Dieback & Vegetation Stress,0,0.41828046395274376,2.1045264899730682,wet,1
2024-08-01,8,NL124,Noord-Friesland,Forest Dieback & Vegetation Stress,0,0.3464566897086253,2.0753729045391083,wet,1
2024-09-01,9,NL124,Noord-Friesland,Forest Dieback & Vegetation Stress,0,0.3052093445595492,2.2301748991012573,wet,1
2024-10-01,10,NL124,Noord-Friesland,Forest Dieback & Vegetation Stress,0,0.15628626914756877,1.551231563091278,wet,1
2024-11-01,11,NL124,Noord-Friesland,Forest Dieback & Vegetation Stress,0,0.13470259432313028,1.0981620252132416,wet,1
2024-12-01,12,NL124,Noord-Friesland,Forest Dieback & Vegetation Stress,0,0.09582538972026507,0.7735436260700226,near_normal,1
2025-01-01,1,NL124,Noord-Friesland,Forest Dieback & Vegetation Stress,0,0.1366878016167889,0.6505173146724701,near_normal,1
2025-02-01,2,NL124,Noord-Friesland,Forest Dieback & Vegetation Stress,0,0.15328695946015924,0.10699054750148207,near_normal,1
2025-03-01,3,NL124,Noord-Friesland,Forest Dieback & Vegetation Stress,1,0.29288478039140725,-0.16945494152605534,near_normal,1
2025-04-01,4,NL124,Noord-Friesland,Forest Dieback & Vegetation Stress,0,0.3415695246248402,-0.7064715921878815,near_normal,1
2025-05-01,5,NL124,Noord-Friesland,Forest Dieback & Vegetation Stress,1,0.5745418905995863,-0.9263435304164886,near_normal,1
2025-06-01,6,NL124,Noord-Friesland,Forest Dieback & Vegetation Stress,0,0.44993324442111676,-1.0629418939352036,dry,1
2025-07-01,7,NL124,Noord-Friesland,Forest Dieback & Vegetation Stress,0,0.3923637854510438,-1.2299838960170746,dry,1
2025-08-01,8,NL124,Noord-Friesland,Forest Dieback & Vegetation Stress,0,0.5273690080544746,-1.4811941981315613,dry,1
2025-09-01,9,NL124,Noord-Friesland,Forest Dieback & Vegetation Stress,1,0.20981836122400926,-1.572517216205597,dry,1
2024-01-01,1,NL125,Zuidwest-Friesland,Forest Dieback & Vegetation Stress,0,0.07993568289799584,1.4139912724494934,wet,1
2024-02-01,2,NL125,Zuidwest-Friesland,Forest Dieback & Vegetation Stress,0,0.09508487014493724,1.7786154747009277,wet,1
2024-03-01,3,NL125,Zuidwest-Friesland,Forest Dieback & Vegetation Stress,0,0.1901198087033128,1.5638866424560547,wet,1
2024-04-01,4,NL125,Zuidwest-Friesland,Forest Dieback & Vegetation Stress,0,0.20438649709357667,1.8326656818389893,wet,1
2024-05-01,5,NL125,Zuidwest-Friesland,Forest Dieback & Vegetation Stress,0,0.34563027151377146,2.1068438291549683,wet,1
2024-06-01,6,NL125,Zuidwest-Friesland,Forest Dieback & Vegetation Stress,0,0.40782022248009875,2.634555220603943,wet,1
2024-07-01,7,NL125,Zuidwest-Friesland,Forest Dieback & Vegetation Stress,0,0.3012227032419958,2.177721381187439,wet,1
2024-08-01,8,NL125,Zuidwest-Friesland,Forest Dieback & Vegetation Stress,0,0.25651011162626863,2.1380834579467773,wet,1
2024-09-01,9,NL125,Zuidwest-Friesland,Forest Dieback & Vegetation Stress,0,0.20659643204802797,2.2827683687210083,wet,1
2024-10-01,10,NL125,Zuidwest-Friesland,Forest Dieback & Vegetation Stress,0,0.0949285330198919,1.732323706150055,wet,1
2024-11-01,11,NL125,Zuidwest-Friesland,Forest Dieback & Vegetation Stress,0,0.08301315323858294,1.1893419027328491,wet,1
2024-12-01,12,NL125,Zuidwest-Friesland,Forest Dieback & Vegetation Stress,0,0.058030937315910795,0.9064917862415314,near_normal,1
2025-01-01,1,NL125,Zuidwest-Friesland,Forest Dieback & Vegetation Stress,0,0.078026329737839,0.7681446671485901,near_normal,1
2025-02-01,2,NL125,Zuidwest-Friesland,Forest Dieback & Vegetation Stress,0,0.09845129771822707,0.15459422394633293,near_normal,1
2025-03-01,3,NL125,Zuidwest-Friesland,Forest Dieback & Vegetation Stress,1,0.24089886963766752,-0.20276711881160736,near_normal,1
2025-04-01,4,NL125,Zuidwest-Friesland,Forest Dieback & Vegetation Stress,0,0.2103910101412865,-0.842517763376236,near_normal,1
2025-05-01,5,NL125,Zuidwest-Friesland,Forest Dieback & Vegetation Stress,0,0.42199153644069465,-1.0782914757728577,dry,1
2025-06-01,6,NL125,Zuidwest-Friesland,Forest Dieback & Vegetation Stress,0,0.288519499051023,-1.1937094926834106,dry,1
2025-07-01,7,NL125,Zuidwest-Friesland,Forest Dieback & Vegetation Stress,0,0.25354057573842725,-1.2997994422912598,dry,1
2025-08-01,8,NL125,Zuidwest-Friesland,Forest Dieback & Vegetation Stress,0,0.3651506814419258,-1.5020229816436768,dry,1
2025-09-01,9,NL125,Zuidwest-Friesland,Forest Dieback & Vegetation Stress,1,0.1503365131379515,-1.550790548324585,dry,1
2024-01-01,1,NL126,Zuidoost-Friesland,Forest Dieback & Vegetation Stress,0,0.07493961432040595,1.545999010403951,wet,1
2024-03-01,3,NL126,Zuidoost-Friesland,Forest Dieback & Vegetation Stress,0,0.19514099957618541,1.5629839499791462,wet,1
2024-04-01,4,NL126,Zuidoost-Friesland,Forest Dieback & Vegetation Stress,0,0.19235018687666836,1.7216502825419109,wet,1
2024-05-01,5,NL126,Zuidoost-Friesland,Forest Dieback & Vegetation Stress,0,0.355943177765926,2.123636484146118,wet,1
2024-06-01,6,NL126,Zuidoost-Friesland,Forest Dieback & Vegetation Stress,0,0.4082127279353703,2.8139727115631104,wet,1
2024-07-01,7,NL126,Zuidoost-Friesland,Forest Dieback & Vegetation Stress,0,0.287577811242186,2.4634934266408286,wet,1
2024-08-01,8,NL126,Zuidoost-Friesland,Forest Dieback & Vegetation Stress,0,0.2349734138122744,2.2954910596211753,wet,1
2024-09-01,9,NL126,Zuidoost-Friesland,Forest Dieback & Vegetation Stress,0,0.20041354133396436,2.6972495714823403,wet,1
2024-10-01,10,NL126,Zuidoost-Friesland,Forest Dieback & Vegetation Stress,0,0.09437230894092974,1.9253834088643391,wet,1
2024-11-01,11,NL126,Zuidoost-Friesland,Forest Dieback & Vegetation Stress,0,0.08245976960600926,1.4363560279210408,wet,1
2024-12-01,12,NL126,Zuidoost-Friesland,Forest Dieback & Vegetation Stress,0,0.0566964048726102,1.123047669728597,wet,1
2025-01-01,1,NL126,Zuidoost-Friesland,Forest Dieback & Vegetation Stress,0,0.07230283789630555,1.0151313543319702,wet,1
2025-02-01,2,NL126,Zuidoost-Friesland,Forest Dieback & Vegetation Stress,0,0.09033952556493895,0.39727561672528583,near_normal,1
2025-03-01,3,NL126,Zuidoost-Friesland,Forest Dieback & Vegetation Stress,1,0.1692543348240292,0.04762745307137569,near_normal,1
2025-04-01,4,NL126,Zuidoost-Friesland,Forest Dieback & Vegetation Stress,0,0.21819006459163934,-0.49264203508694965,near_normal,1
2025-05-01,5,NL126,Zuidoost-Friesland,Forest Dieback & Vegetation Stress,0,0.43830227973798036,-0.9436053037643433,near_normal,1
2025-06-01,6,NL126,Zuidoost-Friesland,Forest Dieback & Vegetation Stress,0,0.31514963780218697,-1.055333097775777,dry,1
2025-07-01,7,NL126,Zuidoost-Friesland,Forest Dieback & Vegetation Stress,0,0.26210661861855983,-1.1487988233566284,dry,1
2025-08-01,8,NL126,Zuidoost-Friesland,Forest Dieback & Vegetation Stress,1,0.45017011777272,-1.3487204710642497,dry,1
2025-09-01,9,NL126,Zuidoost-Friesland,Forest Dieback & Vegetation Stress,1,0.15095572914427588,-1.5328909953435261,dry,1
2024-01-01,1,NL131,Noord-Drenthe,Forest Dieback & Vegetation Stress,0,0.11793497741481544,1.625184416770935,wet,1
2024-02-01,2,NL131,Noord-Drenthe,Forest Dieback & Vegetation Stress,0,0.133565332887978,1.908049762248993,wet,1
2024-03-01,3,NL131,Noord-Drenthe,Forest Dieback & Vegetation Stress,0,0.28053292278973413,1.6074219346046448,wet,1
2024-04-01,4,NL131,Noord-Drenthe,Forest Dieback & Vegetation Stress,0,0.28862137196809634,1.7808722257614136,wet,1
2024-05-01,5,NL131,Noord-Drenthe,Forest Dieback & Vegetation Stress,0,0.4709809077379909,2.125525951385498,wet,1
2024-06-01,6,NL131,Noord-Drenthe,Forest Dieback & Vegetation Stress,1,0.44836986413419433,2.8354954719543457,wet,1
2024-07-01,7,NL131,Noord-Drenthe,Forest Dieback & Vegetation Stress,1,0.3747662382651784,2.568251371383667,wet,1
2024-08-01,8,NL131,Noord-Drenthe,Forest Dieback & Vegetation Stress,1,0.3337179213041187,2.437190890312195,wet,1
2024-09-01,9,NL131,Noord-Drenthe,Forest Dieback & Vegetation Stress,0,0.31209905044776903,2.765575647354126,wet,1
2024-10-01,10,NL131,Noord-Drenthe,Forest Dieback & Vegetation Stress,0,0.14962405722111846,1.9603742957115173,wet,1
2024-11-01,11,NL131,Noord-Drenthe,Forest Dieback & Vegetation Stress,0,0.12883441412339783,1.541092872619629,wet,1
2024-12-01,12,NL131,Noord-Drenthe,Forest Dieback & Vegetation Stress,0,0.0935668255039306,1.1613088250160217,wet,1
2025-01-01,1,NL131,Noord-Drenthe,Forest Dieback & Vegetation Stress,0,0.12587303380619358,1.0562910437583923,wet,1
2025-02-01,2,NL131,Noord-Drenthe,Forest Dieback & Vegetation Stress,0,0.1371545421689703,0.4693644195795059,near_normal,1
2025-03-01,3,NL131,Noord-Drenthe,Forest Dieback & Vegetation Stress,0,0.22233935178411254,0.14078162051737309,near_normal,1
2025-04-01,4,NL131,Noord-Drenthe,Forest Dieback & Vegetation Stress,0,0.33562130703976983,-0.37382109463214874,near_normal,1
2025-05-01,5,NL131,Noord-Drenthe,Forest Dieback & Vegetation Stress,0,0.5378818563810551,-0.8759167492389679,near_normal,1
2025-06-01,6,NL131,Noord-Drenthe,Forest Dieback & Vegetation Stress,0,0.448667409687489,-0.9764733612537384,near_normal,1
2025-07-01,7,NL131,Noord-Drenthe,Forest Dieback & Vegetation Stress,0,0.36934405813683013,-1.0990380644798279,dry,1
2025-08-01,8,NL131,Noord-Drenthe,Forest Dieback & Vegetation Stress,0,0.5726402494801617,-1.2489697933197021,dry,1
2025-09-01,9,NL131,Noord-Drenthe,Forest Dieback & Vegetation Stress,0,0.24591051742151787,-1.4132501482963562,dry,1
2024-01-01,1,NL132,Zuidoost-Drenthe,Forest Dieback & Vegetation Stress,0,0.0468992611989618,1.862620234489441,wet,1
2024-02-01,2,NL132,Zuidoost-Drenthe,Forest Dieback & Vegetation Stress,0,0.06011249288660086,2.074225902557373,wet,1
2024-03-01,3,NL132,Zuidoost-Drenthe,Forest Dieback & Vegetation Stress,0,0.14021657560578182,1.7616868019104004,wet,1
2024-04-01,4,NL132,Zuidoost-Drenthe,Forest Dieback & Vegetation Stress,0,0.13821406017393167,1.9577404260635376,wet,1
2024-05-01,5,NL132,Zuidoost-Drenthe,Forest Dieback & Vegetation Stress,0,0.26483929441093834,2.271449089050293,wet,1
2024-06-01,6,NL132,Zuidoost-Drenthe,Forest Dieback & Vegetation Stress,0,0.22305860422094745,2.8965072631835938,wet,1
2024-07-01,7,NL132,Zuidoost-Drenthe,Forest Dieback & Vegetation Stress,0,0.17370437049642745,2.828998327255249,wet,1
2024-08-01,8,NL132,Zuidoost-Drenthe,Forest Dieback & Vegetation Stress,0,0.1644331351803,2.8166348934173584,wet,1
2024-09-01,9,NL132,Zuidoost-Drenthe,Forest Dieback & Vegetation Stress,0,0.15231575834811667,3.1048576831817627,wet,1
2024-10-01,10,NL132,Zuidoost-Drenthe,Forest Dieback & Vegetation Stress,0,0.06306655192660332,2.167729139328003,wet,1
2024-11-01,11,NL132,Zuidoost-Drenthe,Forest Dieback & Vegetation Stress,0,0.0530166985101522,1.7443439960479736,wet,1
2024-12-01,12,NL132,Zuidoost-Drenthe,Forest Dieback & Vegetation Stress,0,0.03548751885535449,1.2934812307357788,wet,1
2025-01-01,1,NL132,Zuidoost-Drenthe,Forest Dieback & Vegetation Stress,0,0.05016119293536065,1.196232557296753,wet,1
2025-02-01,2,NL132,Zuidoost-Drenthe,Forest Dieback & Vegetation Stress,0,0.0567069792858171,0.622021496295929,near_normal,1
2025-03-01,3,NL132,Zuidoost-Drenthe,Forest Dieback & Vegetation Stress,0,0.15677788853601002,0.29568547010421753,near_normal,1
2025-04-01,4,NL132,Zuidoost-Drenthe,Forest Dieback & Vegetation Stress,0,0.14997455126667034,-0.27435654401779175,near_normal,1
2025-05-01,5,NL132,Zuidoost-Drenthe,Forest Dieback & Vegetation Stress,0,0.303226717232511,-0.8413411974906921,near_normal,1
2025-06-01,6,NL132,Zuidoost-Drenthe,Forest Dieback & Vegetation Stress,0,0.24847485137460226,-0.9112480282783508,near_normal,1
2025-07-01,7,NL132,Zuidoost-Drenthe,Forest Dieback & Vegetation Stress,0,0.16328213419080587,-1.104096531867981,dry,1
2025-08-01,8,NL132,Zuidoost-Drenthe,Forest Dieback & Vegetation Stress,0,0.33784663478061,-1.2686371803283691,dry,1
2025-09-01,9,NL132,Zuidoost-Drenthe,Forest Dieback & Vegetation Stress,0,0.10715088002773714,-1.3522844314575195,dry,1
2024-01-01,1,NL133,Zuidwest-Drenthe,Forest Dieback & Vegetation Stress,0,0.08090875316197432,1.72472482919693,wet,1
2024-02-01,2,NL133,Zuidwest-Drenthe,Forest Dieback & Vegetation Stress,0,0.0979256406097662,2.0366421341896057,wet,1
2024-03-01,3,NL133,Zuidwest-Drenthe,Forest Dieback & Vegetation Stress,0,0.19647735611685954,1.7058511972427368,wet,1
2024-04-01,4,NL133,Zuidwest-Drenthe,Forest Dieback & Vegetation Stress,0,0.212916601795379,1.8357419967651367,wet,1
2024-05-01,5,NL133,Zuidwest-Drenthe,Forest Dieback & Vegetation Stress,0,0.3739120163609025,2.266860604286194,wet,1
2024-06-01,6,NL133,Zuidwest-Drenthe,Forest Dieback & Vegetation Stress,0,0.35658247317763636,2.907911777496338,wet,1
2024-07-01,7,NL133,Zuidwest-Drenthe,Forest Dieback & Vegetation Stress,0,0.2913185465855379,2.7513095140457153,wet,1
2024-08-01,8,NL133,Zuidwest-Drenthe,Forest Dieback & Vegetation Stress,0,0.2603934280982936,2.632028818130493,wet,1
2024-09-01,9,NL133,Zuidwest-Drenthe,Forest Dieback & Vegetation Stress,1,0.21905352633789216,3.0397181510925293,wet,1
2024-10-01,10,NL133,Zuidwest-Drenthe,Forest Dieback & Vegetation Stress,0,0.10267729100882508,2.1555556058883667,wet,1
2024-11-01,11,NL133,Zuidwest-Drenthe,Forest Dieback & Vegetation Stress,0,0.08503278427618163,1.7173022627830505,wet,1
2024-12-01,12,NL133,Zuidwest-Drenthe,Forest Dieback & Vegetation Stress,0,0.06286937354427544,1.3606191873550415,wet,1
2025-01-01,1,NL133,Zuidwest-Drenthe,Forest Dieback & Vegetation Stress,0,0.06695127654185788,1.2867012023925781,wet,1
2025-02-01,2,NL133,Zuidwest-Drenthe,Forest Dieback & Vegetation Stress,0,0.09511103524754261,0.6509714722633362,near_normal,1
2025-03-01,3,NL133,Zuidwest-Drenthe,Forest Dieback & Vegetation Stress,0,0.21210934924514743,0.2719087675213814,near_normal,1
2025-04-01,4,NL133,Zuidwest-Drenthe,Forest Dieback & Vegetation Stress,0,0.22368498855477947,-0.26466917246580124,near_normal,1
2025-05-01,5,NL133,Zuidwest-Drenthe,Forest Dieback & Vegetation Stress,0,0.39997833535872424,-0.8783625960350037,near_normal,1
2025-06-01,6,NL133,Zuidwest-Drenthe,Forest Dieback & Vegetation Stress,0,0.34510412488422604,-0.9638475477695465,near_normal,1
2025-07-01,7,NL133,Zuidwest-Drenthe,Forest Dieback & Vegetation Stress,0,0.2633585949036798,-1.0526711344718933,dry,1
2025-08-01,8,NL133,Zuidwest-Drenthe,Forest Dieback & Vegetation Stress,0,0.5007012229475183,-1.2207630276679993,dry,1
2025-09-01,9,NL133,Zuidwest-Drenthe,Forest Dieback & Vegetation Stress,0,0.17165899925467687,-1.363072395324707,dry,1
2024-01-01,1,NL211,Noord-Overijssel,Forest Dieback & Vegetation Stress,0,0.1244804163841666,1.8030700087547302,wet,1
2024-02-01,2,NL211,Noord-Overijssel,Forest Dieback & Vegetation Stress,0,0.1519107009594366,2.1056063175201416,wet,1
2024-03-01,3,NL211,Noord-Overijssel,Forest Dieback & Vegetation Stress,0,0.23036961890405036,1.7778285145759583,wet,1
2024-04-01,4,NL211,Noord-Overijssel,Forest Dieback & Vegetation Stress,0,0.30524566079200244,1.8979318737983704,wet,1
2024-05-01,5,NL211,Noord-Overijssel,Forest Dieback & Vegetation Stress,0,0.4889379337121197,2.330261468887329,wet,1
2024-06-01,6,NL211,Noord-Overijssel,Forest Dieback & Vegetation Stress,1,0.47353831987012107,2.892736077308655,wet,1
2024-07-01,7,NL211,Noord-Overijssel,Forest Dieback & Vegetation Stress,0,0.35814606922256736,2.926464080810547,wet,1
2024-08-01,8,NL211,Noord-Overijssel,Forest Dieback & Vegetation Stress,0,0.340682403672046,2.801928162574768,wet,1
2024-09-01,9,NL211,Noord-Overijssel,Forest Dieback & Vegetation Stress,0,0.3161317239527512,3.1640535593032837,wet,1
2024-10-01,10,NL211,Noord-Overijssel,Forest Dieback & Vegetation Stress,0,0.1536231729307857,2.2690484523773193,wet,1
2024-11-01,11,NL211,Noord-Overijssel,Forest Dieback & Vegetation Stress,0,0.13030210622597216,1.8291608691215515,wet,1
2024-12-01,12,NL211,Noord-Overijssel,Forest Dieback & Vegetation Stress,0,0.09741458844313608,1.4506611824035645,wet,1
2025-01-01,1,NL211,Noord-Overijssel,Forest Dieback & Vegetation Stress,0,0.1312406647611744,1.3931864500045776,wet,1
2025-02-01,2,NL211,Noord-Overijssel,Forest Dieback & Vegetation Stress,0,0.14395442282610618,0.753440797328949,near_normal,1
2025-03-01,3,NL211,Noord-Overijssel,Forest Dieback & Vegetation Stress,0,0.2815849636574717,0.3611278682947159,near_normal,1
2025-04-01,4,NL211,Noord-Overijssel,Forest Dieback & Vegetation Stress,1,0.3116969209409211,-0.20052483677864075,near_normal,1
2025-05-01,5,NL211,Noord-Overijssel,Forest Dieback & Vegetation Stress,0,0.5333070315104242,-0.8454030454158783,near_normal,1
2025-06-01,6,NL211,Noord-Overijssel,Forest Dieback & Vegetation Stress,1,0.46784291536289546,-0.9478132128715515,near_normal,1
2025-07-01,7,NL211,Noord-Overijssel,Forest Dieback & Vegetation Stress,1,0.34732459080797057,-1.0653294920921326,dry,1
2025-08-01,8,NL211,Noord-Overijssel,Forest Dieback & Vegetation Stress,0,0.5199341914181442,-1.2702912092208862,dry,1
2025-09-01,9,NL211,Noord-Overijssel,Forest Dieback & Vegetation Stress,0,0.2220177176031367,-1.3825294971466064,dry,1
2024-01-01,1,NL212,Zuidwest-Overijssel,Forest Dieback & Vegetation Stress,0,0.3658868182483936,1.8292285203933716,wet,1
2024-02-01,2,NL212,Zuidwest-Overijssel,Forest Dieback & Vegetation Stress,0,0.4312932395903593,2.213228702545166,wet,1
2024-03-01,3,NL212,Zuidwest-Overijssel,Forest Dieback & Vegetation Stress,1,0.5426014864842765,1.849002480506897,wet,1
2024-04-01,4,NL212,Zuidwest-Overijssel,Forest Dieback & Vegetation Stress,0,0.641368208288146,1.9571956396102905,wet,1
2024-05-01,5,NL212,Zuidwest-Overijssel,Forest Dieback & Vegetation Stress,0,0.802691303418642,2.3873307704925537,wet,1
2024-06-01,6,NL212,Zuidwest-Overijssel,Forest Dieback & Vegetation Stress,1,0.7709278729913573,2.8320765495300293,wet,1
2024-07-01,7,NL212,Zuidwest-Overijssel,Forest Dieback & Vegetation Stress,0,0.7014661058848399,3.2399985790252686,wet,1
2024-08-01,8,NL212,Zuidwest-Overijssel,Forest Dieback & Vegetation Stress,0,0.6785932810976734,2.890531063079834,wet,1
2024-09-01,9,NL212,Zuidwest-Overijssel,Forest Dieback & Vegetation Stress,0,0.6458972544778845,3.281804084777832,wet,1
2024-10-01,10,NL212,Zuidwest-Overijssel,Forest Dieback & Vegetation Stress,0,0.4279882942153402,2.341593027114868,wet,1
2024-11-01,11,NL212,Zuidwest-Overijssel,Forest Dieback & Vegetation Stress,0,0.37615016575764454,1.9496963024139404,wet,1
2024-12-01,12,NL212,Zuidwest-Overijssel,Forest Dieback & Vegetation Stress,0,0.2890874300320421,1.6000728607177734,wet,1
2025-01-01,1,NL212,Zuidwest-Overijssel,Forest Dieback & Vegetation Stress,0,0.3651738440348924,1.6217764616012573,wet,1
2025-02-01,2,NL212,Zuidwest-Overijssel,Forest Dieback & Vegetation Stress,0,0.407852227216193,0.9912475943565369,near_normal,1
2025-03-01,3,NL212,Zuidwest-Overijssel,Forest Dieback & Vegetation Stress,0,0.6217596668502878,0.5870882868766785,near_normal,1
2025-04-01,4,NL212,Zuidwest-Overijssel,Forest Dieback & Vegetation Stress,0,0.6574326992092364,-0.03741263225674629,near_normal,1
2025-05-01,5,NL212,Zuidwest-Overijssel,Forest Dieback & Vegetation Stress,0,0.8259526480012666,-0.7523486614227295,near_normal,1
2025-06-01,6,NL212,Zuidwest-Overijssel,Forest Dieback & Vegetation Stress,1,0.7703048111419544,-0.9098113179206848,near_normal,1
2025-07-01,7,NL212,Zuidwest-Overijssel,Forest Dieback & Vegetation Stress,0,0.6651582744100354,-1.0562019348144531,dry,1
2025-08-01,8,NL212,Zuidwest-Overijssel,Forest Dieback & Vegetation Stress,0,0.8105804552284682,-1.332362413406372,dry,1
2025-09-01,9,NL212,Zuidwest-Overijssel,Forest Dieback & Vegetation Stress,0,0.5783956537215599,-1.4136707782745361,dry,1
2024-01-01,1,NL213,Twente,Forest Dieback & Vegetation Stress,0,0.3188598320776982,1.7741056680679321,wet,1
2024-02-01,2,NL213,Twente,Forest Dieback & Vegetation Stress,0,0.3868870831532093,2.1074114640553794,wet,1
2024-03-01,3,NL213,Twente,Forest Dieback & Vegetation Stress,1,0.5508487523169753,1.7495448191960652,wet,1
2024-04-01,4,NL213,Twente,Forest Dieback & Vegetation Stress,0,0.600708688891636,1.8394211530685425,wet,1
2024-05-01,5,NL213,Twente,Forest Dieback & Vegetation Stress,0,0.7653476528126067,2.2049256960550943,wet,1
2024-06-01,6,NL213,Twente,Forest Dieback & Vegetation Stress,1,0.7414749915901949,2.5858238538106284,wet,1
2024-07-01,7,NL213,Twente,Forest Dieback & Vegetation Stress,0,0.6369217061877377,2.9343260129292807,wet,1
2024-08-01,8,NL213,Twente,Forest Dieback & Vegetation Stress,0,0.6004054803416676,2.6960832277933755,wet,1
2024-09-01,9,NL213,Twente,Forest Dieback & Vegetation Stress,0,0.5914306359042056,3.2426631450653076,wet,1
2024-10-01,10,NL213,Twente,Forest Dieback & Vegetation Stress,0,0.37174964591725435,2.2757716178894043,wet,1
2024-11-01,11,NL213,Twente,Forest Dieback & Vegetation Stress,0,0.3203112258045505,1.856828014055888,wet,1
2024-12-01,12,NL213,Twente,Forest Dieback & Vegetation Stress,0,0.24666810348453133,1.449364145596822,wet,1
2025-01-01,1,NL213,Twente,Forest Dieback & Vegetation Stress,0,0.3313321360149912,1.4633930921554565,wet,1
2025-02-01,2,NL213,Twente,Forest Dieback & Vegetation Stress,0,0.3851547518073121,0.8273681799570719,near_normal,1
2025-03-01,3,NL213,Twente,Forest Dieback & Vegetation Stress,0,0.7093177299483012,0.45466773708661395,near_normal,1
2025-04-01,4,NL213,Twente,Forest Dieback & Vegetation Stress,1,0.6258442119056935,-0.08532259364922841,near_normal,1
2025-05-01,5,NL213,Twente,Forest Dieback & Vegetation Stress,0,0.7913596490530123,-0.7380898396174113,near_normal,1
2025-06-01,6,NL213,Twente,Forest Dieback & Vegetation Stress,1,0.7664748310709436,-0.8258537650108337,near_normal,1
2025-07-01,7,NL213,Twente,Forest Dieback & Vegetation Stress,0,0.657347906010498,-0.9453806678454081,near_normal,1
2025-08-01,8,NL213,Twente,Forest Dieback & Vegetation Stress,0,0.8496073400232214,-1.2185680468877156,dry,1
2025-09-01,9,NL213,Twente,Forest Dieback & Vegetation Stress,0,0.5129636803101049,-1.2572739521662395,dry,1
2024-01-01,1,NL221,Veluwe,Forest Dieback & Vegetation Stress,0,0.5439728944871661,1.8073323965072632,wet,1
2024-02-01,2,NL221,Veluwe,Forest Dieback & Vegetation Stress,0,0.5583918926753977,2.2413116296132407,wet,1
2024-03-01,3,NL221,Veluwe,Forest Dieback & Vegetation Stress,1,0.6753336719941414,1.8151774009068806,wet,1
2024-04-01,4,NL221,Veluwe,Forest Dieback & Vegetation Stress,1,0.7792911247789911,2.02529247601827,wet,1
2024-05-01,5,NL221,Veluwe,Forest Dieback & Vegetation Stress,0,0.8896506058969825,2.5431505044301352,wet,1
2024-06-01,6,NL221,Veluwe,Forest Dieback & Vegetation Stress,1,0.8838010837861056,2.9275620778401694,wet,1
2024-07-01,7,NL221,Veluwe,Forest Dieback & Vegetation Stress,0,0.8381351397454921,3.333141009012858,wet,1
2024-08-01,8,NL221,Veluwe,Forest Dieback & Vegetation Stress,0,0.8215251430654473,2.8060739040374756,wet,1
2024-09-01,9,NL221,Veluwe,Forest Dieback & Vegetation Stress,0,0.7950930214143616,3.3057305812835693,wet,1
2024-10-01,10,NL221,Veluwe,Forest Dieback & Vegetation Stress,0,0.5942363467097329,2.3737645149230957,wet,1
2024-11-01,11,NL221,Veluwe,Forest Dieback & Vegetation Stress,0,0.5520678423792703,1.9296060800552368,wet,1
2024-12-01,12,NL221,Veluwe,Forest Dieback & Vegetation Stress,0,0.462428068237499,1.6137422720591228,wet,1
2025-01-01,1,NL221,Veluwe,Forest Dieback & Vegetation Stress,0,0.5284891306194396,1.6722465356190999,wet,1
2025-02-01,2,NL221,Veluwe,Forest Dieback & Vegetation Stress,0,0.5776153081472883,1.0694556037584941,wet,1
2025-03-01,3,NL221,Veluwe,Forest Dieback & Vegetation Stress,1,0.8186975221449233,0.6522466341654459,near_normal,1
2025-04-01,4,NL221,Veluwe,Forest Dieback & Vegetation Stress,1,0.7896238372504852,-0.03821267498036226,near_normal,1
2025-05-01,5,NL221,Veluwe,Forest Dieback & Vegetation Stress,0,0.8988373270081444,-0.8415002226829529,near_normal,1
2025-06-01,6,NL221,Veluwe,Forest Dieback & Vegetation Stress,1,0.8833721082247868,-0.9649274547894796,near_normal,1
2025-07-01,7,NL221,Veluwe,Forest Dieback & Vegetation Stress,1,0.8065049203914698,-1.1212384700775146,dry,1
2025-08-01,8,NL221,Veluwe,Forest Dieback & Vegetation Stress,0,0.9033433819729617,-1.4766345818837483,dry,1
2025-09-01,9,NL221,Veluwe,Forest Dieback & Vegetation Stress,1,0.7074255417287196,-1.5261424779891968,dry,1
2024-01-01,1,NL224,Zuidwest-Gelderland,Forest Dieback & Vegetation Stress,0,0.14779842464002105,1.685375452041626,wet,1
2024-02-01,2,NL224,Zuidwest-Gelderland,Forest Dieback & Vegetation Stress,0,0.14336997334807383,2.1737860441207886,wet,1
2024-03-01,3,NL224,Zuidwest-Gelderland,Forest Dieback & Vegetation Stress,0,0.2560090570830886,1.7497069239616394,wet,1
2024-04-01,4,NL224,Zuidwest-Gelderland,Forest Dieback & Vegetation Stress,0,0.32929955946185274,2.014431595802307,wet,1
2024-05-01,5,NL224,Zuidwest-Gelderland,Forest Dieback & Vegetation Stress,0,0.5171813164940477,2.511814832687378,wet,1
2024-06-01,6,NL224,Zuidwest-Gelderland,Forest Dieback & Vegetation Stress,1,0.5208559047868567,2.8723764419555664,wet,1
2024-07-01,7,NL224,Zuidwest-Gelderland,Forest Dieback & Vegetation Stress,0,0.4426241835353561,3.360319137573242,wet,1
2024-08-01,8,NL224,Zuidwest-Gelderland,Forest Dieback & Vegetation Stress,0,0.40612830671316885,2.7078782320022583,wet,1
2024-09-01,9,NL224,Zuidwest-Gelderland,Forest Dieback & Vegetation Stress,0,0.33820200737718403,3.562034487724304,wet,1
2024-10-01,10,NL224,Zuidwest-Gelderland,Forest Dieback & Vegetation Stress,0,0.18737653721138142,2.6191734075546265,wet,1
2024-11-01,11,NL224,Zuidwest-Gelderland,Forest Dieback & Vegetation Stress,0,0.15405176051533695,2.088479518890381,wet,1
2024-12-01,12,NL224,Zuidwest-Gelderland,Forest Dieback & Vegetation Stress,0,0.10565442265452275,1.848576307296753,wet,1
2025-01-01,1,NL224,Zuidwest-Gelderland,Forest Dieback & Vegetation Stress,0,0.14215180138792874,1.9212733507156372,wet,1
2025-02-01,2,NL224,Zuidwest-Gelderland,Forest Dieback & Vegetation Stress,0,0.15764514028787907,1.400187075138092,wet,1
2025-03-01,3,NL224,Zuidwest-Gelderland,Forest Dieback & Vegetation Stress,0,0.5042226852217072,0.972754567861557,near_normal,1
2025-04-01,4,NL224,Zuidwest-Gelderland,Forest Dieback & Vegetation Stress,0,0.32434242288265674,0.29149629175662994,near_normal,1
2025-05-01,5,NL224,Zuidwest-Gelderland,Forest Dieback & Vegetation Stress,0,0.5763471622423069,-0.6283363997936249,near_normal,1
2025-06-01,6,NL224,Zuidwest-Gelderland,Forest Dieback & Vegetation Stress,0,0.4991426005172793,-0.8211278021335602,near_normal,1
2025-07-01,7,NL224,Zuidwest-Gelderland,Forest Dieback & Vegetation Stress,1,0.3557826632007001,-1.0137033462524414,dry,1
2025-08-01,8,NL224,Zuidwest-Gelderland,Forest Dieback & Vegetation Stress,0,0.4780030352799615,-1.4959520101547241,dry,1
2025-09-01,9,NL224,Zuidwest-Gelderland,Forest Dieback & Vegetation Stress,0,0.21196121901542844,-1.5776581168174744,dry,1
2024-01-01,1,NL225,Achterhoek,Forest Dieback & Vegetation Stress,0,0.42317477986210655,1.805512011051178,wet,1
2024-02-01,2,NL225,Achterhoek,Forest Dieback & Vegetation Stress,1,0.44904143119688145,2.2859821915626526,wet,1
2024-03-01,3,NL225,Achterhoek,Forest Dieback & Vegetation Stress,0,0.5445819665301345,1.7744671404361725,wet,1
2024-04-01,4,NL225,Achterhoek,Forest Dieback & Vegetation Stress,0,0.6962577806096947,1.8754302561283112,wet,1
2024-05-01,5,NL225,Achterhoek,Forest Dieback & Vegetation Stress,0,0.8342606660093447,2.249455988407135,wet,1
2024-06-01,6,NL225,Achterhoek,Forest Dieback & Vegetation Stress,1,0.8288411619640207,2.5028456449508667,wet,1
2024-07-01,7,NL225,Achterhoek,Forest Dieback & Vegetation Stress,0,0.750249787485072,2.9508511424064636,wet,1
2024-08-01,8,NL225,Achterhoek,Forest Dieback & Vegetation Stress,0,0.694538394349222,2.5167282819747925,wet,1
2024-09-01,9,NL225,Achterhoek,Forest Dieback & Vegetation Stress,0,0.6829321588034772,3.3198123574256897,wet,1
2024-10-01,10,NL225,Achterhoek,Forest Dieback & Vegetation Stress,0,0.46658430609281987,2.387208878993988,wet,1
2024-11-01,11,NL225,Achterhoek,Forest Dieback & Vegetation Stress,0,0.41382170811923374,1.9416667819023132,wet,1
2024-12-01,12,NL225,Achterhoek,Forest Dieback & Vegetation Stress,1,0.3452734926884697,1.5921784937381744,wet,1
2025-01-01,1,NL225,Achterhoek,Forest Dieback & Vegetation Stress,0,0.4324856891613521,1.7311365902423859,wet,1
2025-02-01,2,NL225,Achterhoek,Forest Dieback & Vegetation Stress,0,0.4874939464622348,1.0746888369321823,wet,1
2025-03-01,3,NL225,Achterhoek,Forest Dieback & Vegetation Stress,0,0.7682607806357117,0.6834009438753128,near_normal,1
2025-04-01,4,NL225,Achterhoek,Forest Dieback & Vegetation Stress,1,0.7165579607141237,0.09695965144783258,near_normal,1
2025-05-01,5,NL225,Achterhoek,Forest Dieback & Vegetation Stress,0,0.8600610259030347,-0.612250030040741,near_normal,1
2025-06-01,6,NL225,Achterhoek,Forest Dieback & Vegetation Stress,0,0.8149166348870492,-0.7061386853456497,near_normal,1
2025-07-01,7,NL225,Achterhoek,Forest Dieback & Vegetation Stress,0,0.730627989963307,-0.8033000975847244,near_normal,1
2025-08-01,8,NL225,Achterhoek,Forest Dieback & Vegetation Stress,0,0.8996128474337575,-1.172307550907135,dry,1
2025-09-01,9,NL225,Achterhoek,Forest Dieback & Vegetation Stress,0,0.6332177028264226,-1.218297392129898,dry,1
2024-01-01,1,NL226,Arnhem/Nijmegen,Forest Dieback & Vegetation Stress,0,0.38284262750018216,1.8382607301076253,wet,1
2024-02-01,2,NL226,Arnhem/Nijmegen,Forest Dieback & Vegetation Stress,0,0.37438844418453887,2.3888396422068277,wet,1
2024-03-01,3,NL226,Arnhem/Nijmegen,Forest Dieback & Vegetation Stress,0,0.49536700317632715,1.8225633303324382,wet,1
2024-04-01,4,NL226,Arnhem/Nijmegen,Forest Dieback & Vegetation Stress,0,0.6460046335650033,2.003558794657389,wet,1
2024-05-01,5,NL226,Arnhem/Nijmegen,Forest Dieback & Vegetation Stress,0,0.8083519062937367,2.5283732414245605,wet,1
2024-06-01,6,NL226,Arnhem/Nijmegen,Forest Dieback & Vegetation Stress,1,0.8063536422243638,2.8170496622721353,wet,1
2024-07-01,7,NL226,Arnhem/Nijmegen,Forest Dieback & Vegetation Stress,0,0.7331349792927311,3.480062961578369,wet,1
2024-08-01,8,NL226,Arnhem/Nijmegen,Forest Dieback & Vegetation Stress,0,0.668463486440279,2.6924848556518555,wet,1
2024-09-01,9,NL226,Arnhem/Nijmegen,Forest Dieback & Vegetation Stress,0,0.6342239004642716,3.6542739868164062,wet,1
2024-10-01,10,NL226,Arnhem/Nijmegen,Forest Dieback & Vegetation Stress,0,0.4232394236779238,2.6188717683156333,wet,1
2024-11-01,11,NL226,Arnhem/Nijmegen,Forest Dieback & Vegetation Stress,0,0.36801446769824825,2.119877894719442,wet,1
2024-12-01,12,NL226,Arnhem/Nijmegen,Forest Dieback & Vegetation Stress,0,0.2868133639547981,1.8100270827611287,wet,1
2025-01-01,1,NL226,Arnhem/Nijmegen,Forest Dieback & Vegetation Stress,0,0.3706520192919693,1.9685104290644329,wet,1
2025-02-01,2,NL226,Arnhem/Nijmegen,Forest Dieback & Vegetation Stress,0,0.39986232218690954,1.3947044213612874,wet,1
2025-03-01,3,NL226,Arnhem/Nijmegen,Forest Dieback & Vegetation Stress,0,0.6973765505390422,0.9596504171689352,near_normal,1
2025-04-01,4,NL226,Arnhem/Nijmegen,Forest Dieback & Vegetation Stress,0,0.6526795461488002,0.3398151993751526,near_normal,1
2025-05-01,5,NL226,Arnhem/Nijmegen,Forest Dieback & Vegetation Stress,0,0.8093832811689122,-0.5684083700180054,near_normal,1
2025-06-01,6,NL226,Arnhem/Nijmegen,Forest Dieback & Vegetation Stress,0,0.7788930381656342,-0.671301543712616,near_normal,1
2025-07-01,7,NL226,Arnhem/Nijmegen,Forest Dieback & Vegetation Stress,1,0.702053475348571,-0.846276581287384,near_normal,1
2025-08-01,8,NL226,Arnhem/Nijmegen,Forest Dieback & Vegetation Stress,0,0.7908478628851624,-1.2885345220565796,dry,1
2025-09-01,9,NL226,Arnhem/Nijmegen,Forest Dieback & Vegetation Stress,0,0.5671858371927443,-1.3259549935658772,dry,1
2024-01-01,1,NL230,Flevoland,Forest Dieback & Vegetation Stress,0,0.08876490272032023,1.6810797452926636,wet,1
2024-02-01,2,NL230,Flevoland,Forest Dieback & Vegetation Stress,0,0.10946728745886596,2.042652944723765,wet,1
2024-03-01,3,NL230,Flevoland,Forest Dieback & Vegetation Stress,0,0.1493569087487249,1.7197583715120952,wet,1
2024-04-01,4,NL230,Flevoland,Forest Dieback & Vegetation Stress,0,0.2273363002262836,1.9411502679189045,wet,1
2024-05-01,5,NL230,Flevoland,Forest Dieback & Vegetation Stress,0,0.39268796362227637,2.439574877421061,wet,1
2024-06-01,6,NL230,Flevoland,Forest Dieback & Vegetation Stress,0,0.4057741242050604,2.9559825658798218,wet,1
2024-07-01,7,NL230,Flevoland,Forest Dieback & Vegetation Stress,0,0.3163180061839757,2.801535407702128,wet,1
2024-08-01,8,NL230,Flevoland,Forest Dieback & Vegetation Stress,0,0.272892292837737,2.583793560663859,wet,1
2024-09-01,9,NL230,Flevoland,Forest Dieback & Vegetation Stress,0,0.24082267615914438,2.821715792020162,wet,1
2024-10-01,10,NL230,Flevoland,Forest Dieback & Vegetation Stress,0,0.11852637826696223,2.08377875884374,wet,1
2024-11-01,11,NL230,Flevoland,Forest Dieback & Vegetation Stress,0,0.0955917899451923,1.6295397281646729,wet,1
2024-12-01,12,NL230,Flevoland,Forest Dieback & Vegetation Stress,0,0.06960024172762128,1.3571658531824748,wet,1
2025-01-01,1,NL230,Flevoland,Forest Dieback & Vegetation Stress,0,0.09049745570289701,1.31018461783727,wet,1
2025-02-01,2,NL230,Flevoland,Forest Dieback & Vegetation Stress,0,0.10849303466861056,0.681924487153689,near_normal,1
2025-03-01,3,NL230,Flevoland,Forest Dieback & Vegetation Stress,0,0.32358346866737875,0.25594955605144304,near_normal,1
2025-04-01,4,NL230,Flevoland,Forest Dieback & Vegetation Stress,0,0.23204949979934636,-0.42615289986133575,near_normal,1
2025-05-01,5,NL230,Flevoland,Forest Dieback & Vegetation Stress,0,0.4195271488199232,-1.02263805270195,dry,1
2025-06-01,6,NL230,Flevoland,Forest Dieback & Vegetation Stress,0,0.37555287649027413,-1.1407394806543987,dry,1
2025-07-01,7,NL230,Flevoland,Forest Dieback & Vegetation Stress,0,0.26135968316901464,-1.2951755126317341,dry,1
2025-08-01,8,NL230,Flevoland,Forest Dieback & Vegetation Stress,0,0.375472245895996,-1.5772170821825664,dry,1
2025-09-01,9,NL230,Flevoland,Forest Dieback & Vegetation Stress,0,0.16121461133231071,-1.6643696029980977,dry,1
2024-01-01,1,NL310,Utrecht,Forest Dieback & Vegetation Stress,0,0.26394122473295606,1.6331657965977986,wet,1
2024-02-01,2,NL310,Utrecht,Forest Dieback & Vegetation Stress,0,0.2637775776717736,2.060304045677185,wet,1
2024-03-01,3,NL310,Utrecht,Forest Dieback & Vegetation Stress,0,0.3734093432291459,1.6860721111297607,wet,1
2024-04-01,4,NL310,Utrecht,Forest Dieback & Vegetation Stress,0,0.5049479398735719,1.934793512026469,wet,1
2024-05-01,5,NL310,Utrecht,Forest Dieback & Vegetation Stress,0,0.6887314558637658,2.4599483807881675,wet,1
2024-06-01,6,NL310,Utrecht,Forest Dieback & Vegetation Stress,0,0.7040808955377393,2.8643977642059326,wet,1
2024-07-01,7,NL310,Utrecht,Forest Dieback & Vegetation Stress,0,0.6358990230180809,2.9952971935272217,wet,1
2024-08-01,8,NL310,Utrecht,Forest Dieback & Vegetation Stress,1,0.6130773813309787,2.573964277903239,wet,1
2024-09-01,9,NL310,Utrecht,Forest Dieback & Vegetation Stress,0,0.5163970435379314,2.949850559234619,wet,1
2024-10-01,10,NL310,Utrecht,Forest Dieback & Vegetation Stress,0,0.32894263095306525,2.2675256729125977,wet,1
2024-11-01,11,NL310,Utrecht,Forest Dieback & Vegetation Stress,0,0.2743968531668735,1.8243724505106609,wet,1
2024-12-01,12,NL310,Utrecht,Forest Dieback & Vegetation Stress,0,0.20158564462340126,1.599138617515564,wet,1
2025-01-01,1,NL310,Utrecht,Forest Dieback & Vegetation Stress,0,0.2652139838176787,1.6418602069218953,wet,1
2025-02-01,2,NL310,Utrecht,Forest Dieback & Vegetation Stress,0,0.29089136119936376,1.0959928433100383,wet,1
2025-03-01,3,NL310,Utrecht,Forest Dieback & Vegetation Stress,0,0.6817354192172952,0.6640455524126688,near_normal,1
2025-04-01,4,NL310,Utrecht,Forest Dieback & Vegetation Stress,1,0.505207323304969,-0.07301297783851624,near_normal,1
2025-05-01,5,NL310,Utrecht,Forest Dieback & Vegetation Stress,0,0.7276265561921084,-0.8883529901504517,near_normal,1
2025-06-01,6,NL310,Utrecht,Forest Dieback & Vegetation Stress,1,0.657715808960971,-1.0327074925104778,dry,1
2025-07-01,7,NL310,Utrecht,Forest Dieback & Vegetation Stress,0,0.5363331860223901,-1.170036753018697,dry,1
2025-08-01,8,NL310,Utrecht,Forest Dieback & Vegetation Stress,0,0.6394320275565387,-1.5849626461664836,dry,1
2025-09-01,9,NL310,Utrecht,Forest Dieback & Vegetation Stress,0,0.3413333850915927,-1.695322314898173,dry,1
2024-01-01,1,NL321,Kop van Noord-Holland,Forest Dieback & Vegetation Stress,0,0.08817578894394222,1.6329838037490845,wet,1
2024-02-01,2,NL321,Kop van Noord-Holland,Forest Dieback & Vegetation Stress,0,0.10186322237003377,1.9536860883235931,wet,1
2024-03-01,3,NL321,Kop van Noord-Holland,Forest Dieback & Vegetation Stress,0,0.17065351501092582,1.7587225437164307,wet,1
2024-04-01,4,NL321,Kop van Noord-Holland,Forest Dieback & Vegetation Stress,0,0.2245569485382082,2.091783583164215,wet,1
2024-05-01,5,NL321,Kop van Noord-Holland,Forest Dieback & Vegetation Stress,1,0.3603278252990867,2.2810864448547363,wet,1
2024-06-01,6,NL321,Kop van Noord-Holland,Forest Dieback & Vegetation Stress,0,0.4604433645105606,2.7499186396598816,wet,1
2024-07-01,7,NL321,Kop van Noord-Holland,Forest Dieback & Vegetation Stress,0,0.335364512287736,2.32273006439209,wet,1
2024-08-01,8,NL321,Kop van Noord-Holland,Forest Dieback & Vegetation Stress,0,0.3126307243222285,2.314435124397278,wet,1
2024-09-01,9,NL321,Kop van Noord-Holland,Forest Dieback & Vegetation Stress,0,0.2189191797567953,2.3948420882225037,wet,1
2024-10-01,10,NL321,Kop van Noord-Holland,Forest Dieback & Vegetation Stress,0,0.10894899700508218,1.7925672829151154,wet,1
2024-11-01,11,NL321,Kop van Noord-Holland,Forest Dieback & Vegetation Stress,0,0.09513045556612615,1.154409036040306,wet,1
2024-12-01,12,NL321,Kop van Noord-Holland,Forest Dieback & Vegetation Stress,0,0.06998860048208402,0.8799158334732056,near_normal,1
2025-01-01,1,NL321,Kop van Noord-Holland,Forest Dieback & Vegetation Stress,0,0.10188973437542428,0.7503800988197327,near_normal,1
2025-02-01,2,NL321,Kop van Noord-Holland,Forest Dieback & Vegetation Stress,0,0.10828513458049072,0.1837369699496776,near_normal,1
2025-03-01,3,NL321,Kop van Noord-Holland,Forest Dieback & Vegetation Stress,0,0.2477255227196269,-0.19919294212013483,near_normal,1
2025-04-01,4,NL321,Kop van Noord-Holland,Forest Dieback & Vegetation Stress,0,0.2507883741356493,-0.8529584109783173,near_normal,1
2025-05-01,5,NL321,Kop van Noord-Holland,Forest Dieback & Vegetation Stress,0,0.4488582270460298,-1.0707411617040634,dry,1
2025-06-01,6,NL321,Kop van Noord-Holland,Forest Dieback & Vegetation Stress,0,0.3204277873428392,-1.2265169620513916,dry,1
2025-07-01,7,NL321,Kop van Noord-Holland,Forest Dieback & Vegetation Stress,1,0.25956598824800464,-1.3985914885997772,dry,1
2025-08-01,8,NL321,Kop van Noord-Holland,Forest Dieback & Vegetation Stress,0,0.347306129224466,-1.6699672937393188,dry,1
2025-09-01,9,NL321,Kop van Noord-Holland,Forest Dieback & Vegetation Stress,1,0.15422012790411377,-1.6399725377559662,dry,1
2024-01-01,1,NL323,IJmond,Forest Dieback & Vegetation Stress,0,0.05204987524652499,1.7469192743301392,wet,1
2024-02-01,2,NL323,IJmond,Forest Dieback & Vegetation Stress,0,0.05620666986194878,1.9654667377471924,wet,1
2024-03-01,3,NL323,IJmond,Forest Dieback & Vegetation Stress,0,0.08358469318228434,1.801576018333435,wet,1
2024-04-01,4,NL323,IJmond,Forest Dieback & Vegetation Stress,0,0.15344268783629908,2.1092770099639893,wet,1
2024-05-01,5,NL323,IJmond,Forest Dieback & Vegetation Stress,0,0.23880470416086175,2.3961286544799805,wet,1
2024-06-01,6,NL323,IJmond,Forest Dieback & Vegetation Stress,0,0.30380050302459877,2.795001268386841,wet,1
2024-07-01,7,NL323,IJmond,Forest Dieback & Vegetation Stress,0,0.22170945936042674,2.374518632888794,wet,1
2024-08-01,8,NL323,IJmond,Forest Dieback & Vegetation Stress,0,0.16173891535291568,2.4498143196105957,wet,1
2024-09-01,9,NL323,IJmond,Forest Dieback & Vegetation Stress,0,0.14001523145024067,2.5644779205322266,wet,1
2024-10-01,10,NL323,IJmond,Forest Dieback & Vegetation Stress,0,0.07957027892471309,2.1055748462677,wet,1
2024-11-01,11,NL323,IJmond,Forest Dieback & Vegetation Stress,0,0.055925957294222346,1.2876315116882324,wet,1
2024-12-01,12,NL323,IJmond,Forest Dieback & Vegetation Stress,0,0.04051527014526374,1.054290771484375,wet,1
2025-01-01,1,NL323,IJmond,Forest Dieback & Vegetation Stress,0,0.058881940184199434,0.9302926659584045,near_normal,1
2025-02-01,2,NL323,IJmond,Forest Dieback & Vegetation Stress,0,0.06216515918281213,0.3864094913005829,near_normal,1
2025-03-01,3,NL323,IJmond,Forest Dieback & Vegetation Stress,0,0.30727987791404565,-0.0300010796636343,near_normal,1
2025-04-01,4,NL323,IJmond,Forest Dieback & Vegetation Stress,0,0.14625372161625347,-0.679432213306427,near_normal,1
2025-05-01,5,NL323,IJmond,Forest Dieback & Vegetation Stress,0,0.29932912711687554,-1.0121432542800903,dry,1
2025-06-01,6,NL323,IJmond,Forest Dieback & Vegetation Stress,0,0.24690779519554934,-1.1519043445587158,dry,1
2025-07-01,7,NL323,IJmond,Forest Dieback & Vegetation Stress,0,0.158741343299968,-1.336739182472229,dry,1
2025-08-01,8,NL323,IJmond,Forest Dieback & Vegetation Stress,0,0.24890013001928094,-1.6172122955322266,dry,1
2025-09-01,9,NL323,IJmond,Forest Dieback & Vegetation Stress,0,0.0890384026429489,-1.5776567459106445,dry,1
2024-01-01,1,NL324,Agglomeratie Haarlem,Forest Dieback & Vegetation Stress,0,0.04987972070967094,1.647356390953064,wet,1
2024-02-01,2,NL324,Agglomeratie Haarlem,Forest Dieback & Vegetation Stress,0,0.05651128143954415,1.945382833480835,wet,1
2024-03-01,3,NL324,Agglomeratie Haarlem,Forest Dieback & Vegetation Stress,0,0.09872900104156863,1.7071410417556763,wet,1
2024-04-01,4,NL324,Agglomeratie Haarlem,Forest Dieback & Vegetation Stress,0,0.1408322786673179,1.988879919052124,wet,1
2024-05-01,5,NL324,Agglomeratie Haarlem,Forest Dieback & Vegetation Stress,0,0.23559267629582945,2.4034242630004883,wet,1
2024-06-01,6,NL324,Agglomeratie Haarlem,Forest Dieback & Vegetation Stress,0,0.2755197711472906,2.8238632678985596,wet,1
2024-07-01,7,NL324,Agglomeratie Haarlem,Forest Dieback & Vegetation Stress,0,0.22259660122635733,2.4710593223571777,wet,1
2024-08-01,8,NL324,Agglomeratie Haarlem,Forest Dieback & Vegetation Stress,1,0.17156009647248827,2.520214796066284,wet,1
2024-09-01,9,NL324,Agglomeratie Haarlem,Forest Dieback & Vegetation Stress,0,0.14091252703451826,2.598809242248535,wet,1
2024-10-01,10,NL324,Agglomeratie Haarlem,Forest Dieback & Vegetation Stress,0,0.07439512220862225,2.1641006469726562,wet,1
2024-11-01,11,NL324,Agglomeratie Haarlem,Forest Dieback & Vegetation Stress,0,0.053925052961879154,1.519848108291626,wet,1
2024-12-01,12,NL324,Agglomeratie Haarlem,Forest Dieback & Vegetation Stress,0,0.03944827831817764,1.3313369750976562,wet,1
2025-01-01,1,NL324,Agglomeratie Haarlem,Forest Dieback & Vegetation Stress,0,0.05641064761994017,1.2478913068771362,wet,1
2025-02-01,2,NL324,Agglomeratie Haarlem,Forest Dieback & Vegetation Stress,0,0.06223171624859333,0.668552577495575,near_normal,1
2025-03-01,3,NL324,Agglomeratie Haarlem,Forest Dieback & Vegetation Stress,0,0.2940186245893871,0.24341583251953125,near_normal,1
2025-04-01,4,NL324,Agglomeratie Haarlem,Forest Dieback & Vegetation Stress,0,0.14692327825873264,-0.45443814992904663,near_normal,1
2025-05-01,5,NL324,Agglomeratie Haarlem,Forest Dieback & Vegetation Stress,0,0.295899814610572,-0.9552810192108154,near_normal,1
2025-06-01,6,NL324,Agglomeratie Haarlem,Forest Dieback & Vegetation Stress,0,0.2550205998337543,-1.0814781188964844,dry,1
2025-07-01,7,NL324,Agglomeratie Haarlem,Forest Dieback & Vegetation Stress,0,0.15320436721330669,-1.2436511516571045,dry,1
2025-08-01,8,NL324,Agglomeratie Haarlem,Forest Dieback & Vegetation Stress,0,0.21127557926427032,-1.534304141998291,dry,1
2025-09-01,9,NL324,Agglomeratie Haarlem,Forest Dieback & Vegetation Stress,0,0.07334206894652479,-1.641973853111267,dry,1
2024-01-01,1,NL325,Zaanstreek,Forest Dieback & Vegetation Stress,0,0.046791777383278985,1.6169030666351318,wet,1
2024-02-01,2,NL325,Zaanstreek,Forest Dieback & Vegetation Stress,0,0.04540249695346287,1.957419753074646,wet,1
2024-03-01,3,NL325,Zaanstreek,Forest Dieback & Vegetation Stress,0,0.06709345372886007,1.6453285217285156,wet,1
2024-04-01,4,NL325,Zaanstreek,Forest Dieback & Vegetation Stress,0,0.12111156028998332,1.9042351245880127,wet,1
2024-05-01,5,NL325,Zaanstreek,Forest Dieback & Vegetation Stress,0,0.20051306167642574,2.3876869678497314,wet,1
2024-06-01,6,NL325,Zaanstreek,Forest Dieback & Vegetation Stress,0,0.2632393356559801,2.875868558883667,wet,1
2024-07-01,7,NL325,Zaanstreek,Forest Dieback & Vegetation Stress,0,0.19280827390711483,2.6098756790161133,wet,1
2024-08-01,8,NL325,Zaanstreek,Forest Dieback & Vegetation Stress,0,0.16201087057776603,2.4586730003356934,wet,1
2024-09-01,9,NL325,Zaanstreek,Forest Dieback & Vegetation Stress,0,0.10745977546655686,2.6439425945281982,wet,1
2024-10-01,10,NL325,Zaanstreek,Forest Dieback & Vegetation Stress,0,0.05350645443236602,2.0523898601531982,wet,1
2024-11-01,11,NL325,Zaanstreek,Forest Dieback & Vegetation Stress,0,0.045154975111655705,1.5562342405319214,wet,1
2024-12-01,12,NL325,Zaanstreek,Forest Dieback & Vegetation Stress,0,0.032996929293562224,1.3256824016571045,wet,1
2025-01-01,1,NL325,Zaanstreek,Forest Dieback & Vegetation Stress,0,0.047788260852678226,1.2905166149139404,wet,1
2025-02-01,2,NL325,Zaanstreek,Forest Dieback & Vegetation Stress,0,0.050358832002091174,0.7351674437522888,near_normal,1
2025-03-01,3,NL325,Zaanstreek,Forest Dieback & Vegetation Stress,0,0.22712132168563903,0.2895616590976715,near_normal,1
2025-04-01,4,NL325,Zaanstreek,Forest Dieback & Vegetation Stress,0,0.11076079276476579,-0.44397521018981934,near_normal,1
2025-05-01,5,NL325,Zaanstreek,Forest Dieback & Vegetation Stress,0,0.263629977078487,-1.0350122451782227,dry,1
2025-06-01,6,NL325,Zaanstreek,Forest Dieback & Vegetation Stress,0,0.1662450729169752,-1.1691848039627075,dry,1
2025-07-01,7,NL325,Zaanstreek,Forest Dieback & Vegetation Stress,0,0.13504543491747126,-1.3288004398345947,dry,1
2025-08-01,8,NL325,Zaanstreek,Forest Dieback & Vegetation Stress,0,0.15737369316992125,-1.6849058866500854,dry,1
2025-09-01,9,NL325,Zaanstreek,Forest Dieback & Vegetation Stress,0,0.07911134568794491,-1.740875005722046,dry,1
2024-01-01,1,NL327,Het Gooi en Vechtstreek,Forest Dieback & Vegetation Stress,0,0.16988907589751484,1.636123776435852,wet,1
2024-03-01,3,NL327,Het Gooi en Vechtstreek,Forest Dieback & Vegetation Stress,0,0.23085831134886975,1.6505409479141235,wet,1
2024-04-01,4,NL327,Het Gooi en Vechtstreek,Forest Dieback & Vegetation Stress,0,0.3679162471949088,1.8591419458389282,wet,1
2024-05-01,5,NL327,Het Gooi en Vechtstreek,Forest Dieback & Vegetation Stress,0,0.5355405118002761,2.378713369369507,wet,1
2024-06-01,6,NL327,Het Gooi en Vechtstreek,Forest Dieback & Vegetation Stress,0,0.5585046204176697,2.898977279663086,wet,1
2024-07-01,7,NL327,Het Gooi en Vechtstreek,Forest Dieback & Vegetation Stress,0,0.4981238508036367,2.7814443111419678,wet,1
2024-08-01,8,NL327,Het Gooi en Vechtstreek,Forest Dieback & Vegetation Stress,0,0.47920439653342695,2.4918413162231445,wet,1
2024-09-01,9,NL327,Het Gooi en Vechtstreek,Forest Dieback & Vegetation Stress,0,0.3881267666789097,2.7578084468841553,wet,1
2024-10-01,10,NL327,Het Gooi en Vechtstreek,Forest Dieback & Vegetation Stress,0,0.21197585806549457,2.0412652492523193,wet,1
2024-11-01,11,NL327,Het Gooi en Vechtstreek,Forest Dieback & Vegetation Stress,0,0.17387282794836637,1.6262489557266235,wet,1
2024-12-01,12,NL327,Het Gooi en Vechtstreek,Forest Dieback & Vegetation Stress,0,0.1253821182422131,1.3761451244354248,wet,1
2025-01-01,1,NL327,Het Gooi en Vechtstreek,Forest Dieback & Vegetation Stress,0,0.17333521752948972,1.3592329025268555,wet,1
2025-02-01,2,NL327,Het Gooi en Vechtstreek,Forest Dieback & Vegetation Stress,0,0.19746925348174296,0.8063275814056396,near_normal,1
2025-03-01,3,NL327,Het Gooi en Vechtstreek,Forest Dieback & Vegetation Stress,0,0.4017029390264029,0.35810184478759766,near_normal,1
2025-04-01,4,NL327,Het Gooi en Vechtstreek,Forest Dieback & Vegetation Stress,0,0.36312799661075496,-0.35341763496398926,near_normal,1
2025-05-01,5,NL327,Het Gooi en Vechtstreek,Forest Dieback & Vegetation Stress,0,0.6367438425132693,-1.0387662649154663,dry,1
2025-06-01,6,NL327,Het Gooi en Vechtstreek,Forest Dieback & Vegetation Stress,0,0.510266838022723,-1.1725388765335083,dry,1
2025-07-01,7,NL327,Het Gooi en Vechtstreek,Forest Dieback & Vegetation Stress,0,0.39337930974652546,-1.3508493900299072,dry,1
2025-08-01,8,NL327,Het Gooi en Vechtstreek,Forest Dieback & Vegetation Stress,0,0.5025943869447537,-1.7118911743164062,dry,1
2025-09-01,9,NL327,Het Gooi en Vechtstreek,Forest Dieback & Vegetation Stress,0,0.25812083033417244,-1.7690833806991577,dry,1
2024-01-01,1,NL328,Alkmaar en omgeving,Forest Dieback & Vegetation Stress,0,0.11781997778906367,1.7100821137428284,wet,1
2024-02-01,2,NL328,Alkmaar en omgeving,Forest Dieback & Vegetation Stress,0,0.13855093616427253,1.9593284130096436,wet,1
2024-03-01,3,NL328,Alkmaar en omgeving,Forest Dieback & Vegetation Stress,0,0.18138572938141487,1.739656686782837,wet,1
2024-04-01,4,NL328,Alkmaar en omgeving,Forest Dieback & Vegetation Stress,0,0.2923352890577116,2.0186948776245117,wet,1
2024-05-01,5,NL328,Alkmaar en omgeving,Forest Dieback & Vegetation Stress,0,0.4309764685915304,2.3344630002975464,wet,1
2024-06-01,6,NL328,Alkmaar en omgeving,Forest Dieback & Vegetation Stress,0,0.5246659082423307,2.804568648338318,wet,1
2024-07-01,7,NL328,Alkmaar en omgeving,Forest Dieback & Vegetation Stress,0,0.42837423292493176,2.428522229194641,wet,1
2024-08-01,8,NL328,Alkmaar en omgeving,Forest Dieback & Vegetation Stress,0,0.3401812024849645,2.425881505012512,wet,1
2024-09-01,9,NL328,Alkmaar en omgeving,Forest Dieback & Vegetation Stress,0,0.2797731105848401,2.5760817527770996,wet,1
2024-10-01,10,NL328,Alkmaar en omgeving,Forest Dieback & Vegetation Stress,0,0.1481902057529578,2.0169880390167236,wet,1
2024-11-01,11,NL328,Alkmaar en omgeving,Forest Dieback & Vegetation Stress,0,0.12480893509324213,1.3094255328178406,wet,1
2024-12-01,12,NL328,Alkmaar en omgeving,Forest Dieback & Vegetation Stress,0,0.09221105027155072,1.0511134266853333,wet,1
2025-01-01,1,NL328,Alkmaar en omgeving,Forest Dieback & Vegetation Stress,0,0.1268715699484268,0.9406598210334778,near_normal,1
2025-02-01,2,NL328,Alkmaar en omgeving,Forest Dieback & Vegetation Stress,0,0.14041532940543622,0.40348732471466064,near_normal,1
2025-03-01,3,NL328,Alkmaar en omgeving,Forest Dieback & Vegetation Stress,0,0.3457467576399944,-0.023991535417735577,near_normal,1
2025-04-01,4,NL328,Alkmaar en omgeving,Forest Dieback & Vegetation Stress,0,0.28943945793218634,-0.6851816177368164,near_normal,1
2025-05-01,5,NL328,Alkmaar en omgeving,Forest Dieback & Vegetation Stress,0,0.48851784298767403,-1.0560193061828613,dry,1
2025-06-01,6,NL328,Alkmaar en omgeving,Forest Dieback & Vegetation Stress,0,0.3528782012654304,-1.200132429599762,dry,1
2025-07-01,7,NL328,Alkmaar en omgeving,Forest Dieback & Vegetation Stress,0,0.31042569434511696,-1.380033254623413,dry,1
2025-08-01,8,NL328,Alkmaar en omgeving,Forest Dieback & Vegetation Stress,0,0.4163368174722794,-1.6897867918014526,dry,1
2025-09-01,9,NL328,Alkmaar en omgeving,Forest Dieback & Vegetation Stress,0,0.20842413679646085,-1.6552176475524902,dry,1
2024-01-01,1,NL329,Groot-Amsterdam,Forest Dieback & Vegetation Stress,1,0.08712429836816149,1.6169030666351318,wet,1
2024-02-01,2,NL329,Groot-Amsterdam,Forest Dieback & Vegetation Stress,0,0.09869123695121158,1.957419753074646,wet,1
2024-03-01,3,NL329,Groot-Amsterdam,Forest Dieback & Vegetation Stress,0,0.14091322340489681,1.6453285217285156,wet,1
2024-04-01,4,NL329,Groot-Amsterdam,Forest Dieback & Vegetation Stress,0,0.22301209992736293,1.9042351245880127,wet,1
2024-05-01,5,NL329,Groot-Amsterdam,Forest Dieback & Vegetation Stress,0,0.3507404033991086,2.3876869678497314,wet,1
2024-06-01,6,NL329,Groot-Amsterdam,Forest Dieback & Vegetation Stress,0,0.42770673890470357,2.875868558883667,wet,1
2024-07-01,7,NL329,Groot-Amsterdam,Forest Dieback & Vegetation Stress,0,0.33363418069719647,2.6098756790161133,wet,1
2024-08-01,8,NL329,Groot-Amsterdam,Forest Dieback & Vegetation Stress,0,0.31947098130291984,2.4586730003356934,wet,1
2024-09-01,9,NL329,Groot-Amsterdam,Forest Dieback & Vegetation Stress,0,0.23391467910945615,2.6439425945281982,wet,1
2024-10-01,10,NL329,Groot-Amsterdam,Forest Dieback & Vegetation Stress,0,0.11373951896883452,2.0523898601531982,wet,1
2024-11-01,11,NL329,Groot-Amsterdam,Forest Dieback & Vegetation Stress,0,0.09021386551432155,1.5562342405319214,wet,1
2024-12-01,12,NL329,Groot-Amsterdam,Forest Dieback & Vegetation Stress,0,0.06631784027600668,1.3256824016571045,wet,1
2025-01-01,1,NL329,Groot-Amsterdam,Forest Dieback & Vegetation Stress,0,0.09161218859829598,1.2905166149139404,wet,1
2025-02-01,2,NL329,Groot-Amsterdam,Forest Dieback & Vegetation Stress,1,0.1047264384462646,0.7351674437522888,near_normal,1
2025-03-01,3,NL329,Groot-Amsterdam,Forest Dieback & Vegetation Stress,0,0.34073576293836255,0.2895616590976715,near_normal,1
2025-04-01,4,NL329,Groot-Amsterdam,Forest Dieback & Vegetation Stress,0,0.21442971484639176,-0.44397521018981934,near_normal,1
2025-05-01,5,NL329,Groot-Amsterdam,Forest Dieback & Vegetation Stress,0,0.4281537962031494,-1.0350122451782227,dry,1
2025-06-01,6,NL329,Groot-Amsterdam,Forest Dieback & Vegetation Stress,1,0.32685073846862417,-1.1691848039627075,dry,1
2025-07-01,7,NL329,Groot-Amsterdam,Forest Dieback & Vegetation Stress,0,0.2345645432872256,-1.3288004398345947,dry,1
2025-08-01,8,NL329,Groot-Amsterdam,Forest Dieback & Vegetation Stress,0,0.32640674540686027,-1.6849058866500854,dry,1
2025-09-01,9,NL329,Groot-Amsterdam,Forest Dieback & Vegetation Stress,0,0.13437192963905162,-1.740875005722046,dry,1
2024-01-01,1,NL332,Agglomeratie ’s-Gravenhage,Forest Dieback & Vegetation Stress,0,0.04628297150176857,1.5479464530944824,wet,1
2024-02-01,2,NL332,Agglomeratie ’s-Gravenhage,Forest Dieback & Vegetation Stress,0,0.05052435950506589,1.9152671098709106,wet,1
2024-03-01,3,NL332,Agglomeratie ’s-Gravenhage,Forest Dieback & Vegetation Stress,0,0.09159257310993445,1.6138807535171509,wet,1
2024-04-01,4,NL332,Agglomeratie ’s-Gravenhage,Forest Dieback & Vegetation Stress,0,0.11990568745939263,1.7927536964416504,wet,1
2024-05-01,5,NL332,Agglomeratie ’s-Gravenhage,Forest Dieback & Vegetation Stress,0,0.2118033619089194,2.222562551498413,wet,1
2024-06-01,6,NL332,Agglomeratie ’s-Gravenhage,Forest Dieback & Vegetation Stress,0,0.24744215418218762,2.651139974594116,wet,1
2024-07-01,7,NL332,Agglomeratie ’s-Gravenhage,Forest Dieback & Vegetation Stress,0,0.18430545236424062,2.602553367614746,wet,1
2024-08-01,8,NL332,Agglomeratie ’s-Gravenhage,Forest Dieback & Vegetation Stress,0,0.1901641816641227,2.614240884780884,wet,1
2024-09-01,9,NL332,Agglomeratie ’s-Gravenhage,Forest Dieback & Vegetation Stress,0,0.13071127643934172,2.760681390762329,wet,1
2024-10-01,10,NL332,Agglomeratie ’s-Gravenhage,Forest Dieback & Vegetation Stress,0,0.06378629420002493,2.217620849609375,wet,1
2024-11-01,11,NL332,Agglomeratie ’s-Gravenhage,Forest Dieback & Vegetation Stress,0,0.04405444817165395,1.6578664779663086,wet,1
2024-12-01,12,NL332,Agglomeratie ’s-Gravenhage,Forest Dieback & Vegetation Stress,0,0.033073162962342736,1.5298305749893188,wet,1
2025-01-01,1,NL332,Agglomeratie ’s-Gravenhage,Forest Dieback & Vegetation Stress,0,0.039727336160283205,1.4456462860107422,wet,1
2025-02-01,2,NL332,Agglomeratie ’s-Gravenhage,Forest Dieback & Vegetation Stress,0,0.05044242074699832,0.8826550841331482,near_normal,1
2025-03-01,3,NL332,Agglomeratie ’s-Gravenhage,Forest Dieback & Vegetation Stress,0,0.08758678799570546,0.4521176517009735,near_normal,1
2025-04-01,4,NL332,Agglomeratie ’s-Gravenhage,Forest Dieback & Vegetation Stress,1,0.11837458321780724,-0.2299506515264511,near_normal,1
2025-05-01,5,NL332,Agglomeratie ’s-Gravenhage,Forest Dieback & Vegetation Stress,0,0.25609351407667874,-0.8712313175201416,near_normal,1
2025-06-01,6,NL332,Agglomeratie ’s-Gravenhage,Forest Dieback & Vegetation Stress,0,0.21237698042320455,-1.0435134172439575,dry,1
2025-07-01,7,NL332,Agglomeratie ’s-Gravenhage,Forest Dieback & Vegetation Stress,0,0.12618158868102752,-1.2248507738113403,dry,1
2025-08-01,8,NL332,Agglomeratie ’s-Gravenhage,Forest Dieback & Vegetation Stress,0,0.17272397515851995,-1.4840713739395142,dry,1
2025-09-01,9,NL332,Agglomeratie ’s-Gravenhage,Forest Dieback & Vegetation Stress,0,0.05076628877495087,-1.723048210144043,dry,1
2024-01-01,1,NL333,Delft en Westland,Forest Dieback & Vegetation Stress,0,0.09961391893496599,1.4589471817016602,wet,1
2024-02-01,2,NL333,Delft en Westland,Forest Dieback & Vegetation Stress,0,0.12364520706737858,1.889495611190796,wet,1
2024-03-01,3,NL333,Delft en Westland,Forest Dieback & Vegetation Stress,0,0.15751102184722132,1.5272536277770996,wet,1
2024-04-01,4,NL333,Delft en Westland,Forest Dieback & Vegetation Stress,0,0.2500848609585028,1.6712430715560913,wet,1
2024-05-01,5,NL333,Delft en Westland,Forest Dieback & Vegetation Stress,0,0.39422410534765256,2.103944778442383,wet,1
2024-06-01,6,NL333,Delft en Westland,Forest Dieback & Vegetation Stress,0,0.4444571282599131,2.5638675689697266,wet,1
2024-07-01,7,NL333,Delft en Westland,Forest Dieback & Vegetation Stress,0,0.34664606130241055,2.8959829807281494,wet,1
2024-08-01,8,NL333,Delft en Westland,Forest Dieback & Vegetation Stress,0,0.3726985947265398,2.653705358505249,wet,1
2024-09-01,9,NL333,Delft en Westland,Forest Dieback & Vegetation Stress,0,0.24950153700894298,2.9503586292266846,wet,1
2024-10-01,10,NL333,Delft en Westland,Forest Dieback & Vegetation Stress,1,0.13876562090773997,2.2567052841186523,wet,1
2024-11-01,11,NL333,Delft en Westland,Forest Dieback & Vegetation Stress,0,0.11425632543628517,1.799555778503418,wet,1
2024-12-01,12,NL333,Delft en Westland,Forest Dieback & Vegetation Stress,0,0.07763270972566101,1.66428804397583,wet,1
2025-01-01,1,NL333,Delft en Westland,Forest Dieback & Vegetation Stress,0,0.09996597450162256,1.640883445739746,wet,1
2025-02-01,2,NL333,Delft en Westland,Forest Dieback & Vegetation Stress,0,0.10939612577531838,1.163700819015503,wet,1
2025-03-01,3,NL333,Delft en Westland,Forest Dieback & Vegetation Stress,0,0.24028654361802504,0.7183709144592285,near_normal,1
2025-04-01,4,NL333,Delft en Westland,Forest Dieback & Vegetation Stress,0,0.2632279382245779,0.003728199517354369,near_normal,1
2025-05-01,5,NL333,Delft en Westland,Forest Dieback & Vegetation Stress,0,0.47191313726215095,-0.8432844877243042,near_normal,1
2025-06-01,6,NL333,Delft en Westland,Forest Dieback & Vegetation Stress,0,0.344392146277454,-1.0905721187591553,dry,1
2025-07-01,7,NL333,Delft en Westland,Forest Dieback & Vegetation Stress,0,0.26721686900568187,-1.26656973361969,dry,1
2025-08-01,8,NL333,Delft en Westland,Forest Dieback & Vegetation Stress,0,0.42172700221604437,-1.6068077087402344,dry,1
2025-09-01,9,NL333,Delft en Westland,Forest Dieback & Vegetation Stress,0,0.13598626359993704,-1.8662478923797607,dry,1
2024-01-01,1,NL337,Agglomeratie Leiden en Bollenstreek,Forest Dieback & Vegetation Stress,0,0.17889571999162004,1.5254942178726196,wet,1
2024-02-01,2,NL337,Agglomeratie Leiden en Bollenstreek,Forest Dieback & Vegetation Stress,0,0.19183528433688302,1.930662751197815,wet,1
2024-03-01,3,NL337,Agglomeratie Leiden en Bollenstreek,Forest Dieback & Vegetation Stress,0,0.29848987862949294,1.600808024406433,wet,1
2024-04-01,4,NL337,Agglomeratie Leiden en Bollenstreek,Forest Dieback & Vegetation Stress,0,0.36885663985602896,1.8393596410751343,wet,1
2024-05-01,5,NL337,Agglomeratie Leiden en Bollenstreek,Forest Dieback & Vegetation Stress,0,0.5380920596635953,2.308445453643799,wet,1
2024-06-01,6,NL337,Agglomeratie Leiden en Bollenstreek,Forest Dieback & Vegetation Stress,0,0.5973830386148519,2.742405891418457,wet,1
2024-07-01,7,NL337,Agglomeratie Leiden en Bollenstreek,Forest Dieback & Vegetation Stress,0,0.4962967566909861,2.7151103019714355,wet,1
2024-08-01,8,NL337,Agglomeratie Leiden en Bollenstreek,Forest Dieback & Vegetation Stress,0,0.5493029317214968,2.554049253463745,wet,1
2024-09-01,9,NL337,Agglomeratie Leiden en Bollenstreek,Forest Dieback & Vegetation Stress,0,0.3887489295574711,2.7597999572753906,wet,1
2024-10-01,10,NL337,Agglomeratie Leiden en Bollenstreek,Forest Dieback & Vegetation Stress,0,0.2370955270438774,2.198561906814575,wet,1
2024-11-01,11,NL337,Agglomeratie Leiden en Bollenstreek,Forest Dieback & Vegetation Stress,0,0.17400985852753303,1.7335660457611084,wet,1
2024-12-01,12,NL337,Agglomeratie Leiden en Bollenstreek,Forest Dieback & Vegetation Stress,0,0.12721713559391856,1.5648200511932373,wet,1
2025-01-01,1,NL337,Agglomeratie Leiden en Bollenstreek,Forest Dieback & Vegetation Stress,0,0.16513392793400947,1.5522692203521729,wet,1
2025-02-01,2,NL337,Agglomeratie Leiden en Bollenstreek,Forest Dieback & Vegetation Stress,0,0.18177600021935306,1.016635775566101,wet,1
2025-03-01,3,NL337,Agglomeratie Leiden en Bollenstreek,Forest Dieback & Vegetation Stress,0,0.2883433885432488,0.5903820991516113,near_normal,1
2025-04-01,4,NL337,Agglomeratie Leiden en Bollenstreek,Forest Dieback & Vegetation Stress,0,0.36005906745561606,-0.16400562226772308,near_normal,1
2025-05-01,5,NL337,Agglomeratie Leiden en Bollenstreek,Forest Dieback & Vegetation Stress,0,0.600197689762654,-0.8812072277069092,near_normal,1
2025-06-01,6,NL337,Agglomeratie Leiden en Bollenstreek,Forest Dieback & Vegetation Stress,0,0.5392457664425083,-1.0348807573318481,dry,1
2025-07-01,7,NL337,Agglomeratie Leiden en Bollenstreek,Forest Dieback & Vegetation Stress,0,0.3836071289051852,-1.1747100353240967,dry,1
2025-08-01,8,NL337,Agglomeratie Leiden en Bollenstreek,Forest Dieback & Vegetation Stress,1,0.48572201500338996,-1.5170913934707642,dry,1
2025-09-01,9,NL337,Agglomeratie Leiden en Bollenstreek,Forest Dieback & Vegetation Stress,0,0.18822862197034998,-1.738526463508606,dry,1
2024-01-01,1,NL33A,Zuidoost-Zuid-Holland,Forest Dieback & Vegetation Stress,0,0.14499964769115234,1.5022345781326294,wet,1
2024-02-01,2,NL33A,Zuidoost-Zuid-Holland,Forest Dieback & Vegetation Stress,0,0.13712103552813285,1.9734735488891602,wet,1
2024-03-01,3,NL33A,Zuidoost-Zuid-Holland,Forest Dieback & Vegetation Stress,1,0.21146373939366456,1.6091928482055664,wet,1
2024-04-01,4,NL33A,Zuidoost-Zuid-Holland,Forest Dieback & Vegetation Stress,0,0.31618395822042566,1.869387149810791,wet,1
2024-05-01,5,NL33A,Zuidoost-Zuid-Holland,Forest Dieback & Vegetation Stress,0,0.4756460282181563,2.296041488647461,wet,1
2024-06-01,6,NL33A,Zuidoost-Zuid-Holland,Forest Dieback & Vegetation Stress,0,0.4995453132357592,2.7406914234161377,wet,1
2024-07-01,7,NL33A,Zuidoost-Zuid-Holland,Forest Dieback & Vegetation Stress,0,0.42850570715876174,3.1620676517486572,wet,1
2024-08-01,8,NL33A,Zuidoost-Zuid-Holland,Forest Dieback & Vegetation Stress,0,0.38419908963664107,2.5882296562194824,wet,1
2024-09-01,9,NL33A,Zuidoost-Zuid-Holland,Forest Dieback & Vegetation Stress,0,0.33595915234526097,3.196017026901245,wet,1
2024-10-01,10,NL33A,Zuidoost-Zuid-Holland,Forest Dieback & Vegetation Stress,0,0.19750536284968542,2.4383902549743652,wet,1
2024-11-01,11,NL33A,Zuidoost-Zuid-Holland,Forest Dieback & Vegetation Stress,0,0.14210095942018783,1.9545094966888428,wet,1
2024-12-01,12,NL33A,Zuidoost-Zuid-Holland,Forest Dieback & Vegetation Stress,0,0.10391201944381159,1.7752925157546997,wet,1
2025-01-01,1,NL33A,Zuidoost-Zuid-Holland,Forest Dieback & Vegetation Stress,0,0.13374145321562286,1.8329216241836548,wet,1
2025-02-01,2,NL33A,Zuidoost-Zuid-Holland,Forest Dieback & Vegetation Stress,0,0.15710821138071845,1.3434903621673584,wet,1
2025-03-01,3,NL33A,Zuidoost-Zuid-Holland,Forest Dieback & Vegetation Stress,0,0.3937700639882025,0.9254148006439209,near_normal,1
2025-04-01,4,NL33A,Zuidoost-Zuid-Holland,Forest Dieback & Vegetation Stress,0,0.31199915054199484,0.18472331762313843,near_normal,1
2025-05-01,5,NL33A,Zuidoost-Zuid-Holland,Forest Dieback & Vegetation Stress,0,0.5517340919768474,-0.6993400454521179,near_normal,1
2025-06-01,6,NL33A,Zuidoost-Zuid-Holland,Forest Dieback & Vegetation Stress,0,0.4626865920955675,-0.928616464138031,near_normal,1
2025-07-01,7,NL33A,Zuidoost-Zuid-Holland,Forest Dieback & Vegetation Stress,0,0.33527367032134836,-1.0900894403457642,dry,1
2025-08-01,8,NL33A,Zuidoost-Zuid-Holland,Forest Dieback & Vegetation Stress,0,0.4483249941050087,-1.5483509302139282,dry,1
2025-09-01,9,NL33A,Zuidoost-Zuid-Holland,Forest Dieback & Vegetation Stress,0,0.19853456769791028,-1.7110259532928467,dry,1
2024-01-01,1,NL33B,Oost-Zuid-Holland,Forest Dieback & Vegetation Stress,0,0.06248340350455216,1.5254942178726196,wet,1
2024-02-01,2,NL33B,Oost-Zuid-Holland,Forest Dieback & Vegetation Stress,0,0.05816250369936974,1.930662751197815,wet,1
2024-03-01,3,NL33B,Oost-Zuid-Holland,Forest Dieback & Vegetation Stress,0,0.11446674710572437,1.600808024406433,wet,1
2024-04-01,4,NL33B,Oost-Zuid-Holland,Forest Dieback & Vegetation Stress,0,0.15263294607393746,1.8393596410751343,wet,1
2024-05-01,5,NL33B,Oost-Zuid-Holland,Forest Dieback & Vegetation Stress,0,0.2665185937943098,2.308445453643799,wet,1
2024-06-01,6,NL33B,Oost-Zuid-Holland,Forest Dieback & Vegetation Stress,0,0.29786268111378766,2.742405891418457,wet,1
2024-07-01,7,NL33B,Oost-Zuid-Holland,Forest Dieback & Vegetation Stress,0,0.23786749020166564,2.7151103019714355,wet,1
2024-08-01,8,NL33B,Oost-Zuid-Holland,Forest Dieback & Vegetation Stress,0,0.22558860112580684,2.554049253463745,wet,1
2024-09-01,9,NL33B,Oost-Zuid-Holland,Forest Dieback & Vegetation Stress,1,0.16734654936330104,2.7597999572753906,wet,1
2024-10-01,10,NL33B,Oost-Zuid-Holland,Forest Dieback & Vegetation Stress,0,0.08104390487003212,2.198561906814575,wet,1
2024-11-01,11,NL33B,Oost-Zuid-Holland,Forest Dieback & Vegetation Stress,0,0.059852587228347506,1.7335660457611084,wet,1
2024-12-01,12,NL33B,Oost-Zuid-Holland,Forest Dieback & Vegetation Stress,0,0.04346053989508537,1.5648200511932373,wet,1
2025-01-01,1,NL33B,Oost-Zuid-Holland,Forest Dieback & Vegetation Stress,0,0.060432396850475065,1.5522692203521729,wet,1
2025-02-01,2,NL33B,Oost-Zuid-Holland,Forest Dieback & Vegetation Stress,0,0.06849041133487876,1.016635775566101,wet,1
2025-03-01,3,NL33B,Oost-Zuid-Holland,Forest Dieback & Vegetation Stress,1,0.1787220257292555,0.5903820991516113,near_normal,1
2025-04-01,4,NL33B,Oost-Zuid-Holland,Forest Dieback & Vegetation Stress,0,0.15027121428050283,-0.16400562226772308,near_normal,1
2025-05-01,5,NL33B,Oost-Zuid-Holland,Forest Dieback & Vegetation Stress,0,0.31500346429173276,-0.8812072277069092,near_normal,1
2025-06-01,6,NL33B,Oost-Zuid-Holland,Forest Dieback & Vegetation Stress,0,0.21556314713686683,-1.0348807573318481,dry,1
2025-07-01,7,NL33B,Oost-Zuid-Holland,Forest Dieback & Vegetation Stress,0,0.16047961145382125,-1.1747100353240967,dry,1
2025-08-01,8,NL33B,Oost-Zuid-Holland,Forest Dieback & Vegetation Stress,0,0.22432786940885682,-1.5170913934707642,dry,1
2025-09-01,9,NL33B,Oost-Zuid-Holland,Forest Dieback & Vegetation Stress,1,0.08451593947824265,-1.738526463508606,dry,1
2024-01-01,1,NL33C,Groot-Rijnmond,Forest Dieback & Vegetation Stress,0,0.11248444874210722,1.481999437014262,wet,1
2024-02-01,2,NL33C,Groot-Rijnmond,Forest Dieback & Vegetation Stress,0,0.12393308845508438,1.9045462608337402,wet,1
2024-03-01,3,NL33C,Groot-Rijnmond,Forest Dieback & Vegetation Stress,0,0.17371248365424144,1.55764905611674,wet,1
2024-04-01,4,NL33C,Groot-Rijnmond,Forest Dieback & Vegetation Stress,0,0.26433618669046877,1.7358837127685547,wet,1
2024-05-01,5,NL33C,Groot-Rijnmond,Forest Dieback & Vegetation Stress,0,0.41152225208755333,2.1709097226460776,wet,1
2024-06-01,6,NL33C,Groot-Rijnmond,Forest Dieback & Vegetation Stress,0,0.4536182436026141,2.626691977183024,wet,1
2024-07-01,7,NL33C,Groot-Rijnmond,Forest Dieback & Vegetation Stress,0,0.3737887967283043,2.903880516688029,wet,1
2024-08-01,8,NL33C,Groot-Rijnmond,Forest Dieback & Vegetation Stress,0,0.38300133765287975,2.6491270065307617,wet,1
2024-09-01,9,NL33C,Groot-Rijnmond,Forest Dieback & Vegetation Stress,0,0.26337569273691613,2.9472951889038086,wet,1
2024-10-01,10,NL33C,Groot-Rijnmond,Forest Dieback & Vegetation Stress,0,0.14871876679673707,2.2849376996358237,wet,1
2024-11-01,11,NL33C,Groot-Rijnmond,Forest Dieback & Vegetation Stress,0,0.11481413974448544,1.8019837141036987,wet,1
2024-12-01,12,NL33C,Groot-Rijnmond,Forest Dieback & Vegetation Stress,0,0.08512198164700546,1.676819920539856,wet,1
2025-01-01,1,NL33C,Groot-Rijnmond,Forest Dieback & Vegetation Stress,0,0.10865282504631929,1.6513664722442627,wet,1
2025-02-01,2,NL33C,Groot-Rijnmond,Forest Dieback & Vegetation Stress,0,0.12326767092410684,1.1506803433100383,wet,1
2025-03-01,3,NL33C,Groot-Rijnmond,Forest Dieback & Vegetation Stress,0,0.2552643280406172,0.7058199445406595,near_normal,1
2025-04-01,4,NL33C,Groot-Rijnmond,Forest Dieback & Vegetation Stress,0,0.26220601861140647,-0.012301225292806825,near_normal,1
2025-05-01,5,NL33C,Groot-Rijnmond,Forest Dieback & Vegetation Stress,0,0.4820423599881264,-0.8446452021598816,near_normal,1
2025-06-01,6,NL33C,Groot-Rijnmond,Forest Dieback & Vegetation Stress,0,0.37094690629479726,-1.0734885931015015,dry,1
2025-07-01,7,NL33C,Groot-Rijnmond,Forest Dieback & Vegetation Stress,0,0.2756468084126233,-1.2388241688410442,dry,1
2025-08-01,8,NL33C,Groot-Rijnmond,Forest Dieback & Vegetation Stress,0,0.4318115812237471,-1.566239356994629,dry,1
2025-09-01,9,NL33C,Groot-Rijnmond,Forest Dieback & Vegetation Stress,0,0.14902295636325247,-1.825290282567342,dry,1
2024-01-01,1,NL341,Zeeuwsch-Vlaanderen,Forest Dieback & Vegetation Stress,0,0.1707182460431481,1.0990768671035767,wet,1
2024-02-01,2,NL341,Zeeuwsch-Vlaanderen,Forest Dieback & Vegetation Stress,0,0.15966306646361503,1.6654661893844604,wet,1
2024-03-01,3,NL341,Zeeuwsch-Vlaanderen,Forest Dieback & Vegetation Stress,0,0.22670017624701266,1.4342957735061646,wet,1
2024-04-01,4,NL341,Zeeuwsch-Vlaanderen,Forest Dieback & Vegetation Stress,0,0.33233977110309165,1.72164386510849,wet,1
2024-05-01,5,NL341,Zeeuwsch-Vlaanderen,Forest Dieback & Vegetation Stress,0,0.490435668375799,2.0468907356262207,wet,1
2024-06-01,6,NL341,Zeeuwsch-Vlaanderen,Forest Dieback & Vegetation Stress,0,0.5283421023152282,2.511785864830017,wet,1
2024-07-01,7,NL341,Zeeuwsch-Vlaanderen,Forest Dieback & Vegetation Stress,0,0.44527887686099216,2.5947717428207397,wet,1
2024-08-01,8,NL341,Zeeuwsch-Vlaanderen,Forest Dieback & Vegetation Stress,0,0.4241514310935892,2.2865796089172363,wet,1
2024-09-01,9,NL341,Zeeuwsch-Vlaanderen,Forest Dieback & Vegetation Stress,0,0.3345684828711687,2.4733811616897583,wet,1
2024-10-01,10,NL341,Zeeuwsch-Vlaanderen,Forest Dieback & Vegetation Stress,0,0.22238283696483388,2.181926131248474,wet,1
2024-11-01,11,NL341,Zeeuwsch-Vlaanderen,Forest Dieback & Vegetation Stress,0,0.14377183881991265,1.6795973777770996,wet,1
2024-12-01,12,NL341,Zeeuwsch-Vlaanderen,Forest Dieback & Vegetation Stress,0,0.12439820960824235,1.661611557006836,wet,1
2025-01-01,1,NL341,Zeeuwsch-Vlaanderen,Forest Dieback & Vegetation Stress,0,0.1641512786563821,1.6901467442512512,wet,1
2025-02-01,2,NL341,Zeeuwsch-Vlaanderen,Forest Dieback & Vegetation Stress,1,0.17884681794566432,1.1577122211456299,wet,1
2025-03-01,3,NL341,Zeeuwsch-Vlaanderen,Forest Dieback & Vegetation Stress,0,0.46542791807463463,0.565402165055275,near_normal,1
2025-04-01,4,NL341,Zeeuwsch-Vlaanderen,Forest Dieback & Vegetation Stress,1,0.38764907193169135,-0.27620716392993927,near_normal,1
2025-05-01,5,NL341,Zeeuwsch-Vlaanderen,Forest Dieback & Vegetation Stress,0,0.5549302573623462,-1.0510993003845215,dry,1
2025-06-01,6,NL341,Zeeuwsch-Vlaanderen,Forest Dieback & Vegetation Stress,0,0.4640924742596159,-1.2060883045196533,dry,1
2025-07-01,7,NL341,Zeeuwsch-Vlaanderen,Forest Dieback & Vegetation Stress,0,0.3868598492589199,-1.3016448020935059,dry,1
2025-08-01,8,NL341,Zeeuwsch-Vlaanderen,Forest Dieback & Vegetation Stress,0,0.5421021620220194,-1.7224125266075134,dry,1
2025-09-01,9,NL341,Zeeuwsch-Vlaanderen,Forest Dieback & Vegetation Stress,0,0.1979662290277933,-2.1238150596618652,dry,1
2024-01-01,1,NL342,Overig Zeeland,Forest Dieback & Vegetation Stress,0,0.12403219769068273,1.3286210298538208,wet,1
2024-02-01,2,NL342,Overig Zeeland,Forest Dieback & Vegetation Stress,0,0.132161028705774,1.7934848070144653,wet,1
2024-03-01,3,NL342,Overig Zeeland,Forest Dieback & Vegetation Stress,0,0.1779285354236427,1.4659996032714844,wet,1
2024-04-01,4,NL342,Overig Zeeland,Forest Dieback & Vegetation Stress,0,0.27745753424101793,1.6179192066192627,wet,1
2024-05-01,5,NL342,Overig Zeeland,Forest Dieback & Vegetation Stress,0,0.40752207831858656,2.0807783603668213,wet,1
2024-06-01,6,NL342,Overig Zeeland,Forest Dieback & Vegetation Stress,0,0.4534208297065684,2.572701930999756,wet,1
2024-07-01,7,NL342,Overig Zeeland,Forest Dieback & Vegetation Stress,0,0.37408480007146133,2.9837281703948975,wet,1
2024-08-01,8,NL342,Overig Zeeland,Forest Dieback & Vegetation Stress,0,0.34880776169211075,2.67411470413208,wet,1
2024-09-01,9,NL342,Overig Zeeland,Forest Dieback & Vegetation Stress,0,0.2636561764161104,2.8608145713806152,wet,1
2024-10-01,10,NL342,Overig Zeeland,Forest Dieback & Vegetation Stress,0,0.17125012039180632,2.296290636062622,wet,1
2024-11-01,11,NL342,Overig Zeeland,Forest Dieback & Vegetation Stress,0,0.11883538090281137,1.8551033735275269,wet,1
2024-12-01,12,NL342,Overig Zeeland,Forest Dieback & Vegetation Stress,0,0.09437850693033079,1.8005717992782593,wet,1
2025-01-01,1,NL342,Overig Zeeland,Forest Dieback & Vegetation Stress,0,0.11614259667268792,1.798425555229187,wet,1
2025-02-01,2,NL342,Overig Zeeland,Forest Dieback & Vegetation Stress,0,0.12704144874501735,1.329056739807129,wet,1
2025-03-01,3,NL342,Overig Zeeland,Forest Dieback & Vegetation Stress,0,0.27437692083516607,0.8654971122741699,near_normal,1
2025-04-01,4,NL342,Overig Zeeland,Forest Dieback & Vegetation Stress,0,0.29610669639372034,0.127136692404747,near_normal,1
2025-05-01,5,NL342,Overig Zeeland,Forest Dieback & Vegetation Stress,0,0.49300216899733074,-0.8692893981933594,near_normal,1
2025-06-01,6,NL342,Overig Zeeland,Forest Dieback & Vegetation Stress,0,0.37417859741739823,-1.1390583515167236,dry,1
2025-07-01,7,NL342,Overig Zeeland,Forest Dieback & Vegetation Stress,1,0.27822055411532015,-1.3374229669570923,dry,1
2025-08-01,8,NL342,Overig Zeeland,Forest Dieback & Vegetation Stress,0,0.47374961577698227,-1.7264788150787354,dry,1
2025-09-01,9,NL342,Overig Zeeland,Forest Dieback & Vegetation Stress,0,0.14814463957957866,-2.0268850326538086,dry,1
2024-01-01,1,NL411,West-Noord-Brabant,Forest Dieback & Vegetation Stress,1,0.41440198209352136,1.4279340207576752,wet,1
2024-02-01,2,NL411,West-Noord-Brabant,Forest Dieback & Vegetation Stress,0,0.4147810533848375,1.9115989208221436,wet,1
2024-03-01,3,NL411,West-Noord-Brabant,Forest Dieback & Vegetation Stress,0,0.5450435526622369,1.5701760351657867,wet,1
2024-04-01,4,NL411,West-Noord-Brabant,Forest Dieback & Vegetation Stress,0,0.6555870751100025,1.794410079717636,wet,1
2024-05-01,5,NL411,West-Noord-Brabant,Forest Dieback & Vegetation Stress,0,0.7844069457958034,2.1759976744651794,wet,1
2024-06-01,6,NL411,West-Noord-Brabant,Forest Dieback & Vegetation Stress,1,0.7978013605736386,2.6817938685417175,wet,1
2024-07-01,7,NL411,West-Noord-Brabant,Forest Dieback & Vegetation Stress,0,0.7507162567957884,3.1869431138038635,wet,1
2024-08-01,8,NL411,West-Noord-Brabant,Forest Dieback & Vegetation Stress,1,0.7223613515420839,2.5752928256988525,wet,1
2024-09-01,9,NL411,West-Noord-Brabant,Forest Dieback & Vegetation Stress,1,0.6714528676201418,3.2261340022087097,wet,1
2024-10-01,10,NL411,West-Noord-Brabant,Forest Dieback & Vegetation Stress,0,0.5064805829027167,2.4958202242851257,wet,1
2024-11-01,11,NL411,West-Noord-Brabant,Forest Dieback & Vegetation Stress,0,0.43234472216985836,1.9934806823730469,wet,1
2024-12-01,12,NL411,West-Noord-Brabant,Forest Dieback & Vegetation Stress,1,0.3397010598797294,1.8938453793525696,wet,1
2025-01-01,1,NL411,West-Noord-Brabant,Forest Dieback & Vegetation Stress,0,0.41892620628622923,1.9489366114139557,wet,1
2025-02-01,2,NL411,West-Noord-Brabant,Forest Dieback & Vegetation Stress,0,0.4328487065058626,1.4912947714328766,wet,1
2025-03-01,3,NL411,West-Noord-Brabant,Forest Dieback & Vegetation Stress,1,0.6622354118418065,1.0794287621974945,wet,1
2025-04-01,4,NL411,West-Noord-Brabant,Forest Dieback & Vegetation Stress,1,0.6606038049430092,0.3902544379234314,near_normal,1
2025-05-01,5,NL411,West-Noord-Brabant,Forest Dieback & Vegetation Stress,0,0.8446941296566476,-0.6107541918754578,near_normal,1
2025-06-01,6,NL411,West-Noord-Brabant,Forest Dieback & Vegetation Stress,0,0.804124592695771,-0.9553556591272354,near_normal,1
2025-07-01,7,NL411,West-Noord-Brabant,Forest Dieback & Vegetation Stress,1,0.6507677249159645,-1.197560876607895,dry,1
2025-08-01,8,NL411,West-Noord-Brabant,Forest Dieback & Vegetation Stress,1,0.8280417114965776,-1.7818401753902435,dry,1
2025-09-01,9,NL411,West-Noord-Brabant,Forest Dieback & Vegetation Stress,0,0.45270562083462274,-1.944325178861618,dry,1
2024-01-01,1,NL412,Midden-Noord-Brabant,Forest Dieback & Vegetation Stress,0,0.45035788107199365,1.5439085960388184,wet,1
2024-02-01,2,NL412,Midden-Noord-Brabant,Forest Dieback & Vegetation Stress,0,0.44795997481972866,2.0561699867248535,wet,1
2024-03-01,3,NL412,Midden-Noord-Brabant,Forest Dieback & Vegetation Stress,0,0.6099740611211827,1.6683708429336548,wet,1
2024-04-01,4,NL412,Midden-Noord-Brabant,Forest Dieback & Vegetation Stress,0,0.6985179853947342,1.9227519035339355,wet,1
2024-05-01,5,NL412,Midden-Noord-Brabant,Forest Dieback & Vegetation Stress,0,0.8221594467354983,2.350119113922119,wet,1
2024-06-01,6,NL412,Midden-Noord-Brabant,Forest Dieback & Vegetation Stress,1,0.8384423607643787,2.7400357723236084,wet,1
2024-07-01,7,NL412,Midden-Noord-Brabant,Forest Dieback & Vegetation Stress,0,0.7864824077571206,3.3474960327148438,wet,1
2024-08-01,8,NL412,Midden-Noord-Brabant,Forest Dieback & Vegetation Stress,0,0.7550029845232893,2.595762252807617,wet,1
2024-09-01,9,NL412,Midden-Noord-Brabant,Forest Dieback & Vegetation Stress,1,0.700384658696886,3.8588836193084717,wet,1
2024-10-01,10,NL412,Midden-Noord-Brabant,Forest Dieback & Vegetation Stress,0,0.5528259824255481,2.767239809036255,wet,1
2024-11-01,11,NL412,Midden-Noord-Brabant,Forest Dieback & Vegetation Stress,0,0.48585059173583917,2.2039122581481934,wet,1
2024-12-01,12,NL412,Midden-Noord-Brabant,Forest Dieback & Vegetation Stress,1,0.3772998002843724,2.016164541244507,wet,1
2025-01-01,1,NL412,Midden-Noord-Brabant,Forest Dieback & Vegetation Stress,0,0.46449827163871593,2.0861504077911377,wet,1
2025-02-01,2,NL412,Midden-Noord-Brabant,Forest Dieback & Vegetation Stress,0,0.4797079251225133,1.595111608505249,wet,1
2025-03-01,3,NL412,Midden-Noord-Brabant,Forest Dieback & Vegetation Stress,0,0.7614436840277019,1.174560785293579,wet,1
2025-04-01,4,NL412,Midden-Noord-Brabant,Forest Dieback & Vegetation Stress,0,0.7054761773056106,0.5439844131469727,near_normal,1
2025-05-01,5,NL412,Midden-Noord-Brabant,Forest Dieback & Vegetation Stress,0,0.8625441093672672,-0.45212289690971375,near_normal,1
2025-06-01,6,NL412,Midden-Noord-Brabant,Forest Dieback & Vegetation Stress,0,0.8381456186254097,-0.7468729019165039,near_normal,1
2025-07-01,7,NL412,Midden-Noord-Brabant,Forest Dieback & Vegetation Stress,1,0.6970341473573834,-1.0836814641952515,dry,1
2025-08-01,8,NL412,Midden-Noord-Brabant,Forest Dieback & Vegetation Stress,0,0.8429573139446762,-1.6820485591888428,dry,1
2025-09-01,9,NL412,Midden-Noord-Brabant,Forest Dieback & Vegetation Stress,0,0.5192740654968143,-1.6659215688705444,dry,1
2024-01-01,1,NL413,Noordoost-Noord-Brabant,Forest Dieback & Vegetation Stress,0,0.487478766875143,1.7263375918070476,wet,1
2024-02-01,2,NL413,Noordoost-Noord-Brabant,Forest Dieback & Vegetation Stress,0,0.47768197495080494,2.301957845687866,wet,1
2024-03-01,3,NL413,Noordoost-Noord-Brabant,Forest Dieback & Vegetation Stress,0,0.6651207115642951,1.7595105568567913,wet,1
2024-04-01,4,NL413,Noordoost-Noord-Brabant,Forest Dieback & Vegetation Stress,0,0.7331741312073083,1.9506117502848308,wet,1
2024-05-01,5,NL413,Noordoost-Noord-Brabant,Forest Dieback & Vegetation Stress,0,0.8515940780918582,2.5292108058929443,wet,1
2024-06-01,6,NL413,Noordoost-Noord-Brabant,Forest Dieback & Vegetation Stress,1,0.8659679123357714,2.860475540161133,wet,1
2024-07-01,7,NL413,Noordoost-Noord-Brabant,Forest Dieback & Vegetation Stress,0,0.8059248493419098,3.60351292292277,wet,1
2024-08-01,8,NL413,Noordoost-Noord-Brabant,Forest Dieback & Vegetation Stress,0,0.7906339153748688,2.6137571334838867,wet,1
2024-09-01,9,NL413,Noordoost-Noord-Brabant,Forest Dieback & Vegetation Stress,1,0.7208208978871372,3.99537460009257,wet,1
2024-10-01,10,NL413,Noordoost-Noord-Brabant,Forest Dieback & Vegetation Stress,0,0.5434339757100386,2.824659744898478,wet,1
2024-11-01,11,NL413,Noordoost-Noord-Brabant,Forest Dieback & Vegetation Stress,0,0.4931296570130691,2.297260840733846,wet,1
2024-12-01,12,NL413,Noordoost-Noord-Brabant,Forest Dieback & Vegetation Stress,1,0.38581070464031625,2.027393857638041,wet,1
2025-01-01,1,NL413,Noordoost-Noord-Brabant,Forest Dieback & Vegetation Stress,1,0.4399687904301181,2.1666224797566733,wet,1
2025-02-01,2,NL413,Noordoost-Noord-Brabant,Forest Dieback & Vegetation Stress,1,0.5031125888852298,1.6576051712036133,wet,1
2025-03-01,3,NL413,Noordoost-Noord-Brabant,Forest Dieback & Vegetation Stress,1,0.8215674487999136,1.1836046775182087,wet,1
2025-04-01,4,NL413,Noordoost-Noord-Brabant,Forest Dieback & Vegetation Stress,1,0.7313732567101433,0.6166368325551351,near_normal,1
2025-05-01,5,NL413,Noordoost-Noord-Brabant,Forest Dieback & Vegetation Stress,0,0.8768213324159018,-0.433600256840388,near_normal,1
2025-06-01,6,NL413,Noordoost-Noord-Brabant,Forest Dieback & Vegetation Stress,0,0.846560637485106,-0.6352093617121378,near_normal,1
2025-07-01,7,NL413,Noordoost-Noord-Brabant,Forest Dieback & Vegetation Stress,1,0.7550007439627128,-0.9555245041847229,near_normal,1
2025-08-01,8,NL413,Noordoost-Noord-Brabant,Forest Dieback & Vegetation Stress,0,0.855740208142046,-1.5380258957544963,dry,1
2025-09-01,9,NL413,Noordoost-Noord-Brabant,Forest Dieback & Vegetation Stress,0,0.6662176532712114,-1.4824391603469849,dry,1
2024-01-01,1,NL414,Zuidoost-Noord-Brabant,Forest Dieback & Vegetation Stress,0,0.4503464505033935,1.6660036146640778,wet,1
2024-02-01,2,NL414,Zuidoost-Noord-Brabant,Forest Dieback & Vegetation Stress,0,0.450231255389785,2.2208192348480225,wet,1
2024-03-01,3,NL414,Zuidoost-Noord-Brabant,Forest Dieback & Vegetation Stress,0,0.6314602169681313,1.7530253231525421,wet,1
2024-04-01,4,NL414,Zuidoost-Noord-Brabant,Forest Dieback & Vegetation Stress,0,0.706371902518993,1.9222524464130402,wet,1
2024-05-01,5,NL414,Zuidoost-Noord-Brabant,Forest Dieback & Vegetation Stress,0,0.812562848870703,2.4804680943489075,wet,1
2024-06-01,6,NL414,Zuidoost-Noord-Brabant,Forest Dieback & Vegetation Stress,1,0.8439432981604986,2.8313465118408203,wet,1
2024-07-01,7,NL414,Zuidoost-Noord-Brabant,Forest Dieback & Vegetation Stress,0,0.7779289620386909,3.323698878288269,wet,1
2024-08-01,8,NL414,Zuidoost-Noord-Brabant,Forest Dieback & Vegetation Stress,0,0.7460783203096788,2.4005433320999146,wet,1
2024-09-01,9,NL414,Zuidoost-Noord-Brabant,Forest Dieback & Vegetation Stress,1,0.6847801910377014,3.6095246076583862,wet,1
2024-10-01,10,NL414,Zuidoost-Noord-Brabant,Forest Dieback & Vegetation Stress,0,0.49657410909671873,2.8009841442108154,wet,1
2024-11-01,11,NL414,Zuidoost-Noord-Brabant,Forest Dieback & Vegetation Stress,0,0.45154939112591347,2.219056189060211,wet,1
2024-12-01,12,NL414,Zuidoost-Noord-Brabant,Forest Dieback & Vegetation Stress,1,0.3559370010892645,2.0562921166419983,wet,1
2025-01-01,1,NL414,Zuidoost-Noord-Brabant,Forest Dieback & Vegetation Stress,0,0.4509255185486736,2.2320687770843506,wet,1
2025-02-01,2,NL414,Zuidoost-Noord-Brabant,Forest Dieback & Vegetation Stress,0,0.46942504672614604,1.7058507800102234,wet,1
2025-03-01,3,NL414,Zuidoost-Noord-Brabant,Forest Dieback & Vegetation Stress,0,0.7537758225557126,1.2108392715454102,wet,1
2025-04-01,4,NL414,Zuidoost-Noord-Brabant,Forest Dieback & Vegetation Stress,0,0.7126657011618497,0.6923550665378571,near_normal,1
2025-05-01,5,NL414,Zuidoost-Noord-Brabant,Forest Dieback & Vegetation Stress,0,0.8523647996135316,-0.4158538803458214,near_normal,1
2025-06-01,6,NL414,Zuidoost-Noord-Brabant,Forest Dieback & Vegetation Stress,0,0.8122766699214705,-0.6612778455018997,near_normal,1
2025-07-01,7,NL414,Zuidoost-Noord-Brabant,Forest Dieback & Vegetation Stress,1,0.7337107949103184,-1.0086569488048553,dry,1
2025-08-01,8,NL414,Zuidoost-Noord-Brabant,Forest Dieback & Vegetation Stress,0,0.8697274294301088,-1.6495905816555023,dry,1
2025-09-01,9,NL414,Zuidoost-Noord-Brabant,Forest Dieback & Vegetation Stress,0,0.6563324890225184,-1.5304934084415436,dry,1
2024-01-01,1,NL421,Noord-Limburg,Forest Dieback & Vegetation Stress,0,0.40449273915100686,1.8593108654022217,wet,1
2024-02-01,2,NL421,Noord-Limburg,Forest Dieback & Vegetation Stress,0,0.3883331475023789,2.512042760848999,wet,1
2024-03-01,3,NL421,Noord-Limburg,Forest Dieback & Vegetation Stress,0,0.5667484491262486,1.865483283996582,wet,1
2024-04-01,4,NL421,Noord-Limburg,Forest Dieback & Vegetation Stress,0,0.6593075576270551,1.9734376668930054,wet,1
2024-05-01,5,NL421,Noord-Limburg,Forest Dieback & Vegetation Stress,0,0.789150496278431,2.605700731277466,wet,1
2024-06-01,6,NL421,Noord-Limburg,Forest Dieback & Vegetation Stress,1,0.8000041133529854,2.8035495281219482,wet,1
2024-07-01,7,NL421,Noord-Limburg,Forest Dieback & Vegetation Stress,0,0.7147959486482477,3.2032430171966553,wet,1
2024-08-01,8,NL421,Noord-Limburg,Forest Dieback & Vegetation Stress,0,0.6657927096888376,2.251657724380493,wet,1
2024-09-01,9,NL421,Noord-Limburg,Forest Dieback & Vegetation Stress,0,0.6289123411284332,3.5400261878967285,wet,1
2024-10-01,10,NL421,Noord-Limburg,Forest Dieback & Vegetation Stress,0,0.446784940864289,2.855512857437134,wet,1
2024-11-01,11,NL421,Noord-Limburg,Forest Dieback & Vegetation Stress,0,0.37263004848000714,2.196915864944458,wet,1
2024-12-01,12,NL421,Noord-Limburg,Forest Dieback & Vegetation Stress,0,0.3116494968388538,2.03786039352417,wet,1
2025-01-01,1,NL421,Noord-Limburg,Forest Dieback & Vegetation Stress,0,0.3817697861989639,2.306771755218506,wet,1
2025-02-01,2,NL421,Noord-Limburg,Forest Dieback & Vegetation Stress,0,0.41743815639697984,1.68009352684021,wet,1
2025-03-01,3,NL421,Noord-Limburg,Forest Dieback & Vegetation Stress,0,0.7620960121497027,1.0877587795257568,wet,1
2025-04-01,4,NL421,Noord-Limburg,Forest Dieback & Vegetation Stress,1,0.6659845238865046,0.6619554162025452,near_normal,1
2025-05-01,5,NL421,Noord-Limburg,Forest Dieback & Vegetation Stress,0,0.8199021336899949,-0.44544780254364014,near_normal,1
2025-06-01,6,NL421,Noord-Limburg,Forest Dieback & Vegetation Stress,0,0.7557013513393376,-0.5798614025115967,near_normal,1
2025-07-01,7,NL421,Noord-Limburg,Forest Dieback & Vegetation Stress,0,0.7092343337055131,-0.800941526889801,near_normal,1
2025-08-01,8,NL421,Noord-Limburg,Forest Dieback & Vegetation Stress,0,0.8471814753635107,-1.2454304695129395,dry,1
2025-09-01,9,NL421,Noord-Limburg,Forest Dieback & Vegetation Stress,0,0.59850603081106,-1.325162410736084,dry,1
2024-01-01,1,NL422,Midden-Limburg,Forest Dieback & Vegetation Stress,0,0.39256525385463376,1.595084309577942,wet,1
2024-02-01,2,NL422,Midden-Limburg,Forest Dieback & Vegetation Stress,0,0.3938475768634638,2.1346378326416016,wet,1
2024-03-01,3,NL422,Midden-Limburg,Forest Dieback & Vegetation Stress,0,0.5669002831421455,1.6730749607086182,wet,1
2024-04-01,4,NL422,Midden-Limburg,Forest Dieback & Vegetation Stress,0,0.6424571883088743,1.7786504030227661,wet,1
2024-05-01,5,NL422,Midden-Limburg,Forest Dieback & Vegetation Stress,0,0.7762377591227478,2.3970389366149902,wet,1
2024-06-01,6,NL422,Midden-Limburg,Forest Dieback & Vegetation Stress,1,0.8059367283696462,2.6647117137908936,wet,1
2024-07-01,7,NL422,Midden-Limburg,Forest Dieback & Vegetation Stress,0,0.7483856420316681,2.893308162689209,wet,1
2024-08-01,8,NL422,Midden-Limburg,Forest Dieback & Vegetation Stress,0,0.6626702432571415,2.179447650909424,wet,1
2024-09-01,9,NL422,Midden-Limburg,Forest Dieback & Vegetation Stress,0,0.6180688684953906,3.121680974960327,wet,1
2024-10-01,10,NL422,Midden-Limburg,Forest Dieback & Vegetation Stress,0,0.4240459448009607,2.612539768218994,wet,1
2024-11-01,11,NL422,Midden-Limburg,Forest Dieback & Vegetation Stress,0,0.3593163091898682,2.029146194458008,wet,1
2024-12-01,12,NL422,Midden-Limburg,Forest Dieback & Vegetation Stress,0,0.2956744599119891,1.9572449922561646,wet,1
2025-01-01,1,NL422,Midden-Limburg,Forest Dieback & Vegetation Stress,0,0.3707724284767138,2.3007307052612305,wet,1
2025-02-01,2,NL422,Midden-Limburg,Forest Dieback & Vegetation Stress,0,0.4192928988370808,1.6659852266311646,wet,1
2025-03-01,3,NL422,Midden-Limburg,Forest Dieback & Vegetation Stress,0,0.7072244303894761,1.1294753551483154,wet,1
2025-04-01,4,NL422,Midden-Limburg,Forest Dieback & Vegetation Stress,1,0.6676135842843813,0.6900760531425476,near_normal,1
2025-05-01,5,NL422,Midden-Limburg,Forest Dieback & Vegetation Stress,0,0.8128097253418107,-0.4340934157371521,near_normal,1
2025-06-01,6,NL422,Midden-Limburg,Forest Dieback & Vegetation Stress,0,0.7534792045717952,-0.5961017608642578,near_normal,1
2025-07-01,7,NL422,Midden-Limburg,Forest Dieback & Vegetation Stress,0,0.6997577726180041,-0.7561391592025757,near_normal,1
2025-08-01,8,NL422,Midden-Limburg,Forest Dieback & Vegetation Stress,0,0.8541646949629397,-1.2596315145492554,dry,1
2025-09-01,9,NL422,Midden-Limburg,Forest Dieback & Vegetation Stress,0,0.596026073452883,-1.256527304649353,dry,1
2024-01-01,1,NL423,Zuid-Limburg,Forest Dieback & Vegetation Stress,0,0.3124495063393978,1.4646683931350708,wet,1
2024-02-01,2,NL423,Zuid-Limburg,Forest Dieback & Vegetation Stress,0,0.3193489293344886,1.9057672023773193,wet,1
2024-03-01,3,NL423,Zuid-Limburg,Forest Dieback & Vegetation Stress,0,0.4216682492856328,1.4721426963806152,wet,1
2024-04-01,4,NL423,Zuid-Limburg,Forest Dieback & Vegetation Stress,0,0.5613343197440521,1.6109375953674316,wet,1
2024-05-01,5,NL423,Zuid-Limburg,Forest Dieback & Vegetation Stress,0,0.7131513512697801,2.2602717876434326,wet,1
2024-06-01,6,NL423,Zuid-Limburg,Forest Dieback & Vegetation Stress,0,0.7362707028400086,2.4993674755096436,wet,1
2024-07-01,7,NL423,Zuid-Limburg,Forest Dieback & Vegetation Stress,0,0.6675670519203608,2.575399398803711,wet,1
2024-08-01,8,NL423,Zuid-Limburg,Forest Dieback & Vegetation Stress,0,0.6272463303734382,2.1789464950561523,wet,1
2024-09-01,9,NL423,Zuid-Limburg,Forest Dieback & Vegetation Stress,0,0.5359348997955682,2.988447666168213,wet,1
2024-10-01,10,NL423,Zuid-Limburg,Forest Dieback & Vegetation Stress,0,0.37971770999188365,2.581728458404541,wet,1
2024-11-01,11,NL423,Zuid-Limburg,Forest Dieback & Vegetation Stress,0,0.2847886469376706,2.0978105068206787,wet,1
2024-12-01,12,NL423,Zuid-Limburg,Forest Dieback & Vegetation Stress,0,0.2256396538322507,2.107192277908325,wet,1
2025-01-01,1,NL423,Zuid-Limburg,Forest Dieback & Vegetation Stress,0,0.27438228876926707,2.49822735786438,wet,1
2025-02-01,2,NL423,Zuid-Limburg,Forest Dieback & Vegetation Stress,0,0.3616210144491188,1.7681748867034912,wet,1
2025-03-01,3,NL423,Zuid-Limburg,Forest Dieback & Vegetation Stress,0,0.6386457385559983,1.286401629447937,wet,1
2025-04-01,4,NL423,Zuid-Limburg,Forest Dieback & Vegetation Stress,1,0.543651514338349,0.8446741700172424,near_normal,1
2025-05-01,5,NL423,Zuid-Limburg,Forest Dieback & Vegetation Stress,0,0.7362696043916788,-0.30450639128685,near_normal,1
2025-06-01,6,NL423,Zuid-Limburg,Forest Dieback & Vegetation Stress,0,0.6700711937415345,-0.48462241888046265,near_normal,1
2025-07-01,7,NL423,Zuid-Limburg,Forest Dieback & Vegetation Stress,0,0.6650789582553649,-0.5175946354866028,near_normal,1
2025-08-01,8,NL423,Zuid-Limburg,Forest Dieback & Vegetation Stress,0,0.7900240862612771,-1.1383399963378906,dry,1
2025-09-01,9,NL423,Zuid-Limburg,Forest Dieback & Vegetation Stress,1,0.46593060128801117,-1.2109681367874146,dry,1
2024-01-01,1,NL111,Oost-Groningen,Agricultural Economic Loss,0,0.07296992481535935,1.811567783355713,wet,1
2024-02-01,2,NL111,Oost-Groningen,Agricultural Economic Loss,0,0.08171791916010315,1.99618661403656,wet,1
2024-03-01,3,NL111,Oost-Groningen,Agricultural Economic Loss,0,0.09951778280710122,1.6847506165504456,wet,1
2024-04-01,4,NL111,Oost-Groningen,Agricultural Economic Loss,0,0.12899310329818292,1.9079570770263672,wet,1
2024-05-01,5,NL111,Oost-Groningen,Agricultural Economic Loss,0,0.2705736274492093,2.1447561979293823,wet,1
2024-06-01,6,NL111,Oost-Groningen,Agricultural Economic Loss,0,0.13460189398449854,2.7947285175323486,wet,1
2024-07-01,7,NL111,Oost-Groningen,Agricultural Economic Loss,0,0.17727639552127225,2.7147164344787598,wet,1
2024-08-01,8,NL111,Oost-Groningen,Agricultural Economic Loss,0,0.2499978535642093,2.659160852432251,wet,1
2024-09-01,9,NL111,Oost-Groningen,Agricultural Economic Loss,0,0.28939617554339936,2.968327760696411,wet,1
2024-10-01,10,NL111,Oost-Groningen,Agricultural Economic Loss,0,0.13337329235719253,1.971750020980835,wet,1
2024-11-01,11,NL111,Oost-Groningen,Agricultural Economic Loss,0,0.11418425780865475,1.6035258769989014,wet,1
2024-12-01,12,NL111,Oost-Groningen,Agricultural Economic Loss,0,0.07744286656107711,1.1509708762168884,wet,1
2025-01-01,1,NL111,Oost-Groningen,Agricultural Economic Loss,0,0.13951416020842983,1.0549432635307312,wet,1
2025-02-01,2,NL111,Oost-Groningen,Agricultural Economic Loss,0,0.16903626242705216,0.49514587223529816,near_normal,1
2025-03-01,3,NL111,Oost-Groningen,Agricultural Economic Loss,0,0.3420252772758749,0.1761770248413086,near_normal,1
2025-04-01,4,NL111,Oost-Groningen,Agricultural Economic Loss,0,0.5014372911788026,-0.4283472001552582,near_normal,1
2025-05-01,5,NL111,Oost-Groningen,Agricultural Economic Loss,0,0.6079927874643595,-0.9174109697341919,near_normal,1
2025-06-01,6,NL111,Oost-Groningen,Agricultural Economic Loss,0,0.6079401769139169,-0.9498004615306854,near_normal,1
2025-07-01,7,NL111,Oost-Groningen,Agricultural Economic Loss,0,0.4643853702989464,-1.1780112385749817,dry,1
2025-08-01,8,NL111,Oost-Groningen,Agricultural Economic Loss,0,0.6117176110246274,-1.31639963388443,dry,1
2025-09-01,9,NL111,Oost-Groningen,Agricultural Economic Loss,0,0.28047023542637145,-1.4372192025184631,dry,1
2024-01-01,1,NL112,Delfzijl en omgeving,Agricultural Economic Loss,0,0.1471653043959865,1.5744563341140747,wet,1
2024-03-01,3,NL112,Delfzijl en omgeving,Agricultural Economic Loss,0,0.20177397927214918,1.5986590385437012,wet,1
2024-04-01,4,NL112,Delfzijl en omgeving,Agricultural Economic Loss,0,0.24371267030441188,1.7463241815567017,wet,1
2024-05-01,5,NL112,Delfzijl en omgeving,Agricultural Economic Loss,0,0.4049672689775082,1.9306237697601318,wet,1
2024-06-01,6,NL112,Delfzijl en omgeving,Agricultural Economic Loss,0,0.29311272691610407,2.5208699703216553,wet,1
2024-07-01,7,NL112,Delfzijl en omgeving,Agricultural Economic Loss,0,0.3377959535239215,2.3603928089141846,wet,1
2024-08-01,8,NL112,Delfzijl en omgeving,Agricultural Economic Loss,0,0.43002348787585587,2.3377909660339355,wet,1
2024-09-01,9,NL112,Delfzijl en omgeving,Agricultural Economic Loss,0,0.4781227380880899,2.484579563140869,wet,1
2024-10-01,10,NL112,Delfzijl en omgeving,Agricultural Economic Loss,0,0.2694611228701958,1.6715155839920044,wet,1
2024-11-01,11,NL112,Delfzijl en omgeving,Agricultural Economic Loss,0,0.23960830835600724,1.3462355136871338,wet,1
2024-12-01,12,NL112,Delfzijl en omgeving,Agricultural Economic Loss,0,0.16748693023874786,0.9495850205421448,near_normal,1
2025-01-01,1,NL112,Delfzijl en omgeving,Agricultural Economic Loss,0,0.2779352867599239,0.815735936164856,near_normal,1
2025-02-01,2,NL112,Delfzijl en omgeving,Agricultural Economic Loss,0,0.31511281212945513,0.2707626223564148,near_normal,1
2025-03-01,3,NL112,Delfzijl en omgeving,Agricultural Economic Loss,0,0.5012833857503722,-0.011577821336686611,near_normal,1
2025-04-01,4,NL112,Delfzijl en omgeving,Agricultural Economic Loss,0,0.6868682630016882,-0.536076009273529,near_normal,1
2025-05-01,5,NL112,Delfzijl en omgeving,Agricultural Economic Loss,0,0.7719159134416917,-0.8959609270095825,near_normal,1
2025-06-01,6,NL112,Delfzijl en omgeving,Agricultural Economic Loss,0,0.7564205712709441,-0.9709566235542297,near_normal,1
2025-07-01,7,NL112,Delfzijl en omgeving,Agricultural Economic Loss,0,0.6404457827640472,-1.2213053703308105,dry,1
2025-08-01,8,NL112,Delfzijl en omgeving,Agricultural Economic Loss,0,0.6812151106649602,-1.3407152891159058,dry,1
2025-09-01,9,NL112,Delfzijl en omgeving,Agricultural Economic Loss,0,0.4600776768584236,-1.4633549451828003,dry,1
2024-01-01,1,NL113,Overig Groningen,Agricultural Economic Loss,0,0.0857303604552663,1.553696870803833,wet,1
2024-02-01,2,NL113,Overig Groningen,Agricultural Economic Loss,0,0.08760071440276672,1.8252516984939575,wet,1
2024-03-01,3,NL113,Overig Groningen,Agricultural Economic Loss,0,0.1164389694424211,1.5759201447168987,wet,1
2024-04-01,4,NL113,Overig Groningen,Agricultural Economic Loss,0,0.14563983178427578,1.7591425975163777,wet,1
2024-05-01,5,NL113,Overig Groningen,Agricultural Economic Loss,0,0.27026039727546197,1.9804979960123699,wet,1
2024-06-01,6,NL113,Overig Groningen,Agricultural Economic Loss,0,0.1863506536624512,2.5567835172017417,wet,1
2024-07-01,7,NL113,Overig Groningen,Agricultural Economic Loss,0,0.2316825470468668,2.325056314468384,wet,1
2024-08-01,8,NL113,Overig Groningen,Agricultural Economic Loss,0,0.2957506866411637,2.289264678955078,wet,1
2024-09-01,9,NL113,Overig Groningen,Agricultural Economic Loss,0,0.31473771236064757,2.4607760111490884,wet,1
2024-10-01,10,NL113,Overig Groningen,Agricultural Economic Loss,0,0.16720914917393048,1.74251393477122,wet,1
2024-11-01,11,NL113,Overig Groningen,Agricultural Economic Loss,0,0.14295922895748434,1.3726389805475872,wet,1
2024-12-01,12,NL113,Overig Groningen,Agricultural Economic Loss,0,0.09738142313462045,0.9944103360176086,near_normal,1
2025-01-01,1,NL113,Overig Groningen,Agricultural Economic Loss,0,0.1742284635828102,0.8821484843889872,near_normal,1
2025-02-01,2,NL113,Overig Groningen,Agricultural Economic Loss,0,0.20488412457251826,0.31073737144470215,near_normal,1
2025-03-01,3,NL113,Overig Groningen,Agricultural Economic Loss,0,0.3687263873039426,0.035581901048620544,near_normal,1
2025-04-01,4,NL113,Overig Groningen,Agricultural Economic Loss,0,0.5261485533744042,-0.45748992760976154,near_normal,1
2025-05-01,5,NL113,Overig Groningen,Agricultural Economic Loss,0,0.64242817767021,-0.8022730549176534,near_normal,1
2025-06-01,6,NL113,Overig Groningen,Agricultural Economic Loss,0,0.6406750862902161,-0.9125909010569254,near_normal,1
2025-07-01,7,NL113,Overig Groningen,Agricultural Economic Loss,0,0.51779498202406,-1.1193293333053589,dry,1
2025-08-01,8,NL113,Overig Groningen,Agricultural Economic Loss,0,0.6229730748022662,-1.2605481147766113,dry,1
2025-09-01,9,NL113,Overig Groningen,Agricultural Economic Loss,0,0.32651320495186226,-1.4358088970184326,dry,1
2024-01-01,1,NL124,Noord-Friesland,Agricultural Economic Loss,0,0.15954497691268724,1.3574422895908356,wet,1
2024-02-01,2,NL124,Noord-Friesland,Agricultural Economic Loss,0,0.14355320665366256,1.7159639298915863,wet,1
2024-03-01,3,NL124,Noord-Friesland,Agricultural Economic Loss,0,0.1857525416954963,1.4683093130588531,wet,1
2024-04-01,4,NL124,Noord-Friesland,Agricultural Economic Loss,0,0.25038491069614827,1.7018274664878845,wet,1
2024-05-01,5,NL124,Noord-Friesland,Agricultural Economic Loss,0,0.4326552437170335,1.886545330286026,wet,1
2024-06-01,6,NL124,Noord-Friesland,Agricultural Economic Loss,0,0.37225148135332065,2.4364304542541504,wet,1
2024-07-01,7,NL124,Noord-Friesland,Agricultural Economic Loss,0,0.35715986694233515,2.1045264899730682,wet,1
2024-08-01,8,NL124,Noord-Friesland,Agricultural Economic Loss,0,0.45806248566678964,2.0753729045391083,wet,1
2024-09-01,9,NL124,Noord-Friesland,Agricultural Economic Loss,0,0.43777312709823,2.2301748991012573,wet,1
2024-10-01,10,NL124,Noord-Friesland,Agricultural Economic Loss,0,0.27294979929842633,1.551231563091278,wet,1
2024-11-01,11,NL124,Noord-Friesland,Agricultural Economic Loss,0,0.24771843321137582,1.0981620252132416,wet,1
2024-12-01,12,NL124,Noord-Friesland,Agricultural Economic Loss,0,0.1833916432298215,0.7735436260700226,near_normal,1
2025-01-01,1,NL124,Noord-Friesland,Agricultural Economic Loss,0,0.32251367970357325,0.6505173146724701,near_normal,1
2025-02-01,2,NL124,Noord-Friesland,Agricultural Economic Loss,0,0.35341602180380005,0.10699054750148207,near_normal,1
2025-03-01,3,NL124,Noord-Friesland,Agricultural Economic Loss,0,0.575529608585786,-0.16945494152605534,near_normal,1
2025-04-01,4,NL124,Noord-Friesland,Agricultural Economic Loss,0,0.6659935338644205,-0.7064715921878815,near_normal,1
2025-05-01,5,NL124,Noord-Friesland,Agricultural Economic Loss,0,0.7809191260761857,-0.9263435304164886,near_normal,1
2025-06-01,6,NL124,Noord-Friesland,Agricultural Economic Loss,0,0.7677407927555614,-1.0629418939352036,dry,1
2025-07-01,7,NL124,Noord-Friesland,Agricultural Economic Loss,0,0.686929310543169,-1.2299838960170746,dry,1
2025-08-01,8,NL124,Noord-Friesland,Agricultural Economic Loss,0,0.739363842601915,-1.4811941981315613,dry,1
2025-09-01,9,NL124,Noord-Friesland,Agricultural Economic Loss,0,0.4518534410590781,-1.572517216205597,dry,1
2024-01-01,1,NL125,Zuidwest-Friesland,Agricultural Economic Loss,0,0.04732663212236794,1.4139912724494934,wet,1
2024-02-01,2,NL125,Zuidwest-Friesland,Agricultural Economic Loss,0,0.04286311501860348,1.7786154747009277,wet,1
2024-03-01,3,NL125,Zuidwest-Friesland,Agricultural Economic Loss,0,0.05516041122327562,1.5638866424560547,wet,1
2024-04-01,4,NL125,Zuidwest-Friesland,Agricultural Economic Loss,0,0.08683635663950362,1.8326656818389893,wet,1
2024-05-01,5,NL125,Zuidwest-Friesland,Agricultural Economic Loss,0,0.15640899033190186,2.1068438291549683,wet,1
2024-06-01,6,NL125,Zuidwest-Friesland,Agricultural Economic Loss,0,0.14642093301263623,2.634555220603943,wet,1
2024-07-01,7,NL125,Zuidwest-Friesland,Agricultural Economic Loss,0,0.12736309003314064,2.177721381187439,wet,1
2024-08-01,8,NL125,Zuidwest-Friesland,Agricultural Economic Loss,0,0.15350315050776528,2.1380834579467773,wet,1
2024-09-01,9,NL125,Zuidwest-Friesland,Agricultural Economic Loss,0,0.1289495422848295,2.2827683687210083,wet,1
2024-10-01,10,NL125,Zuidwest-Friesland,Agricultural Economic Loss,0,0.06810895416832209,1.732323706150055,wet,1
2024-11-01,11,NL125,Zuidwest-Friesland,Agricultural Economic Loss,0,0.07021606603142742,1.1893419027328491,wet,1
2024-12-01,12,NL125,Zuidwest-Friesland,Agricultural Economic Loss,0,0.053509250790779415,0.9064917862415314,near_normal,1
2025-01-01,1,NL125,Zuidwest-Friesland,Agricultural Economic Loss,0,0.11152409988094807,0.7681446671485901,near_normal,1
2025-02-01,2,NL125,Zuidwest-Friesland,Agricultural Economic Loss,0,0.1420076614297482,0.15459422394633293,near_normal,1
2025-03-01,3,NL125,Zuidwest-Friesland,Agricultural Economic Loss,0,0.3046721574269998,-0.20276711881160736,near_normal,1
2025-04-01,4,NL125,Zuidwest-Friesland,Agricultural Economic Loss,0,0.3226838387477357,-0.842517763376236,near_normal,1
2025-05-01,5,NL125,Zuidwest-Friesland,Agricultural Economic Loss,0,0.44151124239842904,-1.0782914757728577,dry,1
2025-06-01,6,NL125,Zuidwest-Friesland,Agricultural Economic Loss,0,0.3880511971872021,-1.1937094926834106,dry,1
2025-07-01,7,NL125,Zuidwest-Friesland,Agricultural Economic Loss,0,0.3207278192925488,-1.2997994422912598,dry,1
2025-08-01,8,NL125,Zuidwest-Friesland,Agricultural Economic Loss,0,0.36624928415115865,-1.5020229816436768,dry,1
2025-09-01,9,NL125,Zuidwest-Friesland,Agricultural Economic Loss,0,0.17341269037376397,-1.550790548324585,dry,1
2024-01-01,1,NL126,Zuidoost-Friesland,Agricultural Economic Loss,0,0.062101637452912264,1.545999010403951,wet,1
2024-03-01,3,NL126,Zuidoost-Friesland,Agricultural Economic Loss,0,0.0727678404725476,1.5629839499791462,wet,1
2024-04-01,4,NL126,Zuidoost-Friesland,Agricultural Economic Loss,0,0.09296386549240704,1.7216502825419109,wet,1
2024-05-01,5,NL126,Zuidoost-Friesland,Agricultural Economic Loss,0,0.19288331565917097,2.123636484146118,wet,1
2024-06-01,6,NL126,Zuidoost-Friesland,Agricultural Economic Loss,0,0.12923201746789773,2.8139727115631104,wet,1
2024-07-01,7,NL126,Zuidoost-Friesland,Agricultural Economic Loss,0,0.1505743932902618,2.4634934266408286,wet,1
2024-08-01,8,NL126,Zuidoost-Friesland,Agricultural Economic Loss,0,0.20739956399249435,2.2954910596211753,wet,1
2024-09-01,9,NL126,Zuidoost-Friesland,Agricultural Economic Loss,0,0.19368191971998255,2.6972495714823403,wet,1
2024-10-01,10,NL126,Zuidoost-Friesland,Agricultural Economic Loss,0,0.08721380215502728,1.9253834088643391,wet,1
2024-11-01,11,NL126,Zuidoost-Friesland,Agricultural Economic Loss,0,0.08657681563194736,1.4363560279210408,wet,1
2024-12-01,12,NL126,Zuidoost-Friesland,Agricultural Economic Loss,0,0.05934036803411491,1.123047669728597,wet,1
2025-01-01,1,NL126,Zuidoost-Friesland,Agricultural Economic Loss,0,0.11098792057718787,1.0151313543319702,wet,1
2025-02-01,2,NL126,Zuidoost-Friesland,Agricultural Economic Loss,0,0.1521235368559776,0.39727561672528583,near_normal,1
2025-03-01,3,NL126,Zuidoost-Friesland,Agricultural Economic Loss,0,0.3014090733933612,0.04762745307137569,near_normal,1
2025-04-01,4,NL126,Zuidoost-Friesland,Agricultural Economic Loss,0,0.39575698532692216,-0.49264203508694965,near_normal,1
2025-05-01,5,NL126,Zuidoost-Friesland,Agricultural Economic Loss,0,0.5217837205184038,-0.9436053037643433,near_normal,1
2025-06-01,6,NL126,Zuidoost-Friesland,Agricultural Economic Loss,0,0.5050294519490767,-1.055333097775777,dry,1
2025-07-01,7,NL126,Zuidoost-Friesland,Agricultural Economic Loss,0,0.4274496132356516,-1.1487988233566284,dry,1
2025-08-01,8,NL126,Zuidoost-Friesland,Agricultural Economic Loss,0,0.5631930626809807,-1.3487204710642497,dry,1
2025-09-01,9,NL126,Zuidoost-Friesland,Agricultural Economic Loss,0,0.24064403314617727,-1.5328909953435261,dry,1
2024-01-01,1,NL131,Noord-Drenthe,Agricultural Economic Loss,0,0.10784349503038675,1.625184416770935,wet,1
2024-02-01,2,NL131,Noord-Drenthe,Agricultural Economic Loss,0,0.10666192122349608,1.908049762248993,wet,1
2024-03-01,3,NL131,Noord-Drenthe,Agricultural Economic Loss,0,0.1425473611084318,1.6074219346046448,wet,1
2024-04-01,4,NL131,Noord-Drenthe,Agricultural Economic Loss,0,0.16853229735778089,1.7808722257614136,wet,1
2024-05-01,5,NL131,Noord-Drenthe,Agricultural Economic Loss,0,0.3165378100375191,2.125525951385498,wet,1
2024-06-01,6,NL131,Noord-Drenthe,Agricultural Economic Loss,0,0.15734538691883876,2.8354954719543457,wet,1
2024-07-01,7,NL131,Noord-Drenthe,Agricultural Economic Loss,0,0.23585824987300077,2.568251371383667,wet,1
2024-08-01,8,NL131,Noord-Drenthe,Agricultural Economic Loss,0,0.33044071532708374,2.437190890312195,wet,1
2024-09-01,9,NL131,Noord-Drenthe,Agricultural Economic Loss,0,0.3526376624726568,2.765575647354126,wet,1
2024-10-01,10,NL131,Noord-Drenthe,Agricultural Economic Loss,0,0.16771997660357332,1.9603742957115173,wet,1
2024-11-01,11,NL131,Noord-Drenthe,Agricultural Economic Loss,0,0.15448412720850785,1.541092872619629,wet,1
2024-12-01,12,NL131,Noord-Drenthe,Agricultural Economic Loss,0,0.10485834684524235,1.1613088250160217,wet,1
2025-01-01,1,NL131,Noord-Drenthe,Agricultural Economic Loss,0,0.1862501856370365,1.0562910437583923,wet,1
2025-02-01,2,NL131,Noord-Drenthe,Agricultural Economic Loss,0,0.2323847330769708,0.4693644195795059,near_normal,1
2025-03-01,3,NL131,Noord-Drenthe,Agricultural Economic Loss,0,0.41021738255710727,0.14078162051737309,near_normal,1
2025-04-01,4,NL131,Noord-Drenthe,Agricultural Economic Loss,0,0.5711740218738051,-0.37382109463214874,near_normal,1
2025-05-01,5,NL131,Noord-Drenthe,Agricultural Economic Loss,0,0.6625669242912368,-0.8759167492389679,near_normal,1
2025-06-01,6,NL131,Noord-Drenthe,Agricultural Economic Loss,0,0.6727902791995858,-0.9764733612537384,near_normal,1
2025-07-01,7,NL131,Noord-Drenthe,Agricultural Economic Loss,0,0.5808214543774722,-1.0990380644798279,dry,1
2025-08-01,8,NL131,Noord-Drenthe,Agricultural Economic Loss,0,0.7152799354678651,-1.2489697933197021,dry,1
2025-09-01,9,NL131,Noord-Drenthe,Agricultural Economic Loss,0,0.405371600429407,-1.4132501482963562,dry,1
2024-01-01,1,NL132,Zuidoost-Drenthe,Agricultural Economic Loss,0,0.04806245689317241,1.862620234489441,wet,1
2024-02-01,2,NL132,Zuidoost-Drenthe,Agricultural Economic Loss,0,0.05418090574680868,2.074225902557373,wet,1
2024-03-01,3,NL132,Zuidoost-Drenthe,Agricultural Economic Loss,0,0.07998535865254942,1.7616868019104004,wet,1
2024-04-01,4,NL132,Zuidoost-Drenthe,Agricultural Economic Loss,0,0.09646633462276588,1.9577404260635376,wet,1
2024-05-01,5,NL132,Zuidoost-Drenthe,Agricultural Economic Loss,0,0.1929342581875917,2.271449089050293,wet,1
2024-06-01,6,NL132,Zuidoost-Drenthe,Agricultural Economic Loss,0,0.0652133162588,2.8965072631835938,wet,1
2024-07-01,7,NL132,Zuidoost-Drenthe,Agricultural Economic Loss,0,0.10059460203494279,2.828998327255249,wet,1
2024-08-01,8,NL132,Zuidoost-Drenthe,Agricultural Economic Loss,0,0.16384484806185468,2.8166348934173584,wet,1
2024-09-01,9,NL132,Zuidoost-Drenthe,Agricultural Economic Loss,0,0.2026489832422222,3.1048576831817627,wet,1
2024-10-01,10,NL132,Zuidoost-Drenthe,Agricultural Economic Loss,0,0.08262032000514749,2.167729139328003,wet,1
2024-11-01,11,NL132,Zuidoost-Drenthe,Agricultural Economic Loss,0,0.07296942832236193,1.7443439960479736,wet,1
2024-12-01,12,NL132,Zuidoost-Drenthe,Agricultural Economic Loss,0,0.04464191677974793,1.2934812307357788,wet,1
2025-01-01,1,NL132,Zuidoost-Drenthe,Agricultural Economic Loss,0,0.07980155985599634,1.196232557296753,wet,1
2025-02-01,2,NL132,Zuidoost-Drenthe,Agricultural Economic Loss,0,0.10577956489357397,0.622021496295929,near_normal,1
2025-03-01,3,NL132,Zuidoost-Drenthe,Agricultural Economic Loss,0,0.2754452087930293,0.29568547010421753,near_normal,1
2025-04-01,4,NL132,Zuidoost-Drenthe,Agricultural Economic Loss,0,0.35263778686664726,-0.27435654401779175,near_normal,1
2025-05-01,5,NL132,Zuidoost-Drenthe,Agricultural Economic Loss,0,0.46301640475583156,-0.8413411974906921,near_normal,1
2025-06-01,6,NL132,Zuidoost-Drenthe,Agricultural Economic Loss,0,0.4859866283806814,-0.9112480282783508,near_normal,1
2025-07-01,7,NL132,Zuidoost-Drenthe,Agricultural Economic Loss,0,0.36338070763179836,-1.104096531867981,dry,1
2025-08-01,8,NL132,Zuidoost-Drenthe,Agricultural Economic Loss,0,0.5239861408412982,-1.2686371803283691,dry,1
2025-09-01,9,NL132,Zuidoost-Drenthe,Agricultural Economic Loss,0,0.2342851189954383,-1.3522844314575195,dry,1
2024-01-01,1,NL133,Zuidwest-Drenthe,Agricultural Economic Loss,0,0.0795658092129932,1.72472482919693,wet,1
2024-02-01,2,NL133,Zuidwest-Drenthe,Agricultural Economic Loss,0,0.08110512529343725,2.0366421341896057,wet,1
2024-03-01,3,NL133,Zuidwest-Drenthe,Agricultural Economic Loss,0,0.1018854499809904,1.7058511972427368,wet,1
2024-04-01,4,NL133,Zuidwest-Drenthe,Agricultural Economic Loss,0,0.13147541500027343,1.8357419967651367,wet,1
2024-05-01,5,NL133,Zuidwest-Drenthe,Agricultural Economic Loss,0,0.24974493857640406,2.266860604286194,wet,1
2024-06-01,6,NL133,Zuidwest-Drenthe,Agricultural Economic Loss,0,0.11378676821273247,2.907911777496338,wet,1
2024-07-01,7,NL133,Zuidwest-Drenthe,Agricultural Economic Loss,0,0.16077525569598997,2.7513095140457153,wet,1
2024-08-01,8,NL133,Zuidwest-Drenthe,Agricultural Economic Loss,0,0.2357672111023849,2.632028818130493,wet,1
2024-09-01,9,NL133,Zuidwest-Drenthe,Agricultural Economic Loss,0,0.23680027243678703,3.0397181510925293,wet,1
2024-10-01,10,NL133,Zuidwest-Drenthe,Agricultural Economic Loss,0,0.10872721268071063,2.1555556058883667,wet,1
2024-11-01,11,NL133,Zuidwest-Drenthe,Agricultural Economic Loss,0,0.10408733217881912,1.7173022627830505,wet,1
2024-12-01,12,NL133,Zuidwest-Drenthe,Agricultural Economic Loss,0,0.07312573966286733,1.3606191873550415,wet,1
2025-01-01,1,NL133,Zuidwest-Drenthe,Agricultural Economic Loss,0,0.11148915086588991,1.2867012023925781,wet,1
2025-02-01,2,NL133,Zuidwest-Drenthe,Agricultural Economic Loss,0,0.17224739922187712,0.6509714722633362,near_normal,1
2025-03-01,3,NL133,Zuidwest-Drenthe,Agricultural Economic Loss,0,0.36779745342420955,0.2719087675213814,near_normal,1
2025-04-01,4,NL133,Zuidwest-Drenthe,Agricultural Economic Loss,0,0.44416007727059204,-0.26466917246580124,near_normal,1
2025-05-01,5,NL133,Zuidwest-Drenthe,Agricultural Economic Loss,0,0.5379816597400248,-0.8783625960350037,near_normal,1
2025-06-01,6,NL133,Zuidwest-Drenthe,Agricultural Economic Loss,0,0.5741504359998865,-0.9638475477695465,near_normal,1
2025-07-01,7,NL133,Zuidwest-Drenthe,Agricultural Economic Loss,0,0.4873020269490455,-1.0526711344718933,dry,1
2025-08-01,8,NL133,Zuidwest-Drenthe,Agricultural Economic Loss,0,0.6577148012680175,-1.2207630276679993,dry,1
2025-09-01,9,NL133,Zuidwest-Drenthe,Agricultural Economic Loss,0,0.3227097820015032,-1.363072395324707,dry,1
2024-01-01,1,NL211,Noord-Overijssel,Agricultural Economic Loss,0,0.10453126816339504,1.8030700087547302,wet,1
2024-02-01,2,NL211,Noord-Overijssel,Agricultural Economic Loss,0,0.11067051067441963,2.1056063175201416,wet,1
2024-03-01,3,NL211,Noord-Overijssel,Agricultural Economic Loss,0,0.12043416691119768,1.7778285145759583,wet,1
2024-04-01,4,NL211,Noord-Overijssel,Agricultural Economic Loss,0,0.1792014089379873,1.8979318737983704,wet,1
2024-05-01,5,NL211,Noord-Overijssel,Agricultural Economic Loss,0,0.3212057078145898,2.330261468887329,wet,1
2024-06-01,6,NL211,Noord-Overijssel,Agricultural Economic Loss,0,0.16077299630076156,2.892736077308655,wet,1
2024-07-01,7,NL211,Noord-Overijssel,Agricultural Economic Loss,0,0.17718514446633626,2.926464080810547,wet,1
2024-08-01,8,NL211,Noord-Overijssel,Agricultural Economic Loss,0,0.2655650255745957,2.801928162574768,wet,1
2024-09-01,9,NL211,Noord-Overijssel,Agricultural Economic Loss,0,0.2917649879505996,3.1640535593032837,wet,1
2024-10-01,10,NL211,Noord-Overijssel,Agricultural Economic Loss,0,0.138521927623005,2.2690484523773193,wet,1
2024-11-01,11,NL211,Noord-Overijssel,Agricultural Economic Loss,0,0.13442815982114922,1.8291608691215515,wet,1
2024-12-01,12,NL211,Noord-Overijssel,Agricultural Economic Loss,0,0.09502881436931605,1.4506611824035645,wet,1
2025-01-01,1,NL211,Noord-Overijssel,Agricultural Economic Loss,0,0.15844709541642885,1.3931864500045776,wet,1
2025-02-01,2,NL211,Noord-Overijssel,Agricultural Economic Loss,0,0.20850508892748,0.753440797328949,near_normal,1
2025-03-01,3,NL211,Noord-Overijssel,Agricultural Economic Loss,0,0.4124660429203362,0.3611278682947159,near_normal,1
2025-04-01,4,NL211,Noord-Overijssel,Agricultural Economic Loss,0,0.5060036719476221,-0.20052483677864075,near_normal,1
2025-05-01,5,NL211,Noord-Overijssel,Agricultural Economic Loss,0,0.6178613096297529,-0.8454030454158783,near_normal,1
2025-06-01,6,NL211,Noord-Overijssel,Agricultural Economic Loss,0,0.6512540639149135,-0.9478132128715515,near_normal,1
2025-07-01,7,NL211,Noord-Overijssel,Agricultural Economic Loss,0,0.5565724164647508,-1.0653294920921326,dry,1
2025-08-01,8,NL211,Noord-Overijssel,Agricultural Economic Loss,0,0.6731726259393449,-1.2702912092208862,dry,1
2025-09-01,9,NL211,Noord-Overijssel,Agricultural Economic Loss,0,0.37394062256451605,-1.3825294971466064,dry,1
2024-01-01,1,NL212,Zuidwest-Overijssel,Agricultural Economic Loss,0,0.19600117697348385,1.8292285203933716,wet,1
2024-02-01,2,NL212,Zuidwest-Overijssel,Agricultural Economic Loss,0,0.21068962575589592,2.213228702545166,wet,1
2024-03-01,3,NL212,Zuidwest-Overijssel,Agricultural Economic Loss,0,0.21978330273199737,1.849002480506897,wet,1
2024-04-01,4,NL212,Zuidwest-Overijssel,Agricultural Economic Loss,0,0.3023950893374574,1.9571956396102905,wet,1
2024-05-01,5,NL212,Zuidwest-Overijssel,Agricultural Economic Loss,0,0.5156394800657584,2.3873307704925537,wet,1
2024-06-01,6,NL212,Zuidwest-Overijssel,Agricultural Economic Loss,0,0.3219571133624665,2.8320765495300293,wet,1
2024-07-01,7,NL212,Zuidwest-Overijssel,Agricultural Economic Loss,0,0.32547905317035725,3.2399985790252686,wet,1
2024-08-01,8,NL212,Zuidwest-Overijssel,Agricultural Economic Loss,0,0.4383025865549752,2.890531063079834,wet,1
2024-09-01,9,NL212,Zuidwest-Overijssel,Agricultural Economic Loss,0,0.4534260293230425,3.281804084777832,wet,1
2024-10-01,10,NL212,Zuidwest-Overijssel,Agricultural Economic Loss,0,0.2531773029470037,2.341593027114868,wet,1
2024-11-01,11,NL212,Zuidwest-Overijssel,Agricultural Economic Loss,0,0.23416244643882408,1.9496963024139404,wet,1
2024-12-01,12,NL212,Zuidwest-Overijssel,Agricultural Economic Loss,0,0.16633668927162845,1.6000728607177734,wet,1
2025-01-01,1,NL212,Zuidwest-Overijssel,Agricultural Economic Loss,0,0.25301504376339995,1.6217764616012573,wet,1
2025-02-01,2,NL212,Zuidwest-Overijssel,Agricultural Economic Loss,0,0.3390721086552095,0.9912475943565369,near_normal,1
2025-03-01,3,NL212,Zuidwest-Overijssel,Agricultural Economic Loss,0,0.588895071053406,0.5870882868766785,near_normal,1
2025-04-01,4,NL212,Zuidwest-Overijssel,Agricultural Economic Loss,0,0.6768140156850315,-0.03741263225674629,near_normal,1
2025-05-01,5,NL212,Zuidwest-Overijssel,Agricultural Economic Loss,0,0.7709906701595612,-0.7523486614227295,near_normal,1
2025-06-01,6,NL212,Zuidwest-Overijssel,Agricultural Economic Loss,0,0.7951395329880776,-0.9098113179206848,near_normal,1
2025-07-01,7,NL212,Zuidwest-Overijssel,Agricultural Economic Loss,0,0.7152358629496068,-1.0562019348144531,dry,1
2025-08-01,8,NL212,Zuidwest-Overijssel,Agricultural Economic Loss,0,0.8114616233718348,-1.332362413406372,dry,1
2025-09-01,9,NL212,Zuidwest-Overijssel,Agricultural Economic Loss,0,0.5739170384633444,-1.4136707782745361,dry,1
2024-01-01,1,NL213,Twente,Agricultural Economic Loss,0,0.23511610680818398,1.7741056680679321,wet,1
2024-02-01,2,NL213,Twente,Agricultural Economic Loss,0,0.2621527941332974,2.1074114640553794,wet,1
2024-03-01,3,NL213,Twente,Agricultural Economic Loss,0,0.31132444723622554,1.7495448191960652,wet,1
2024-04-01,4,NL213,Twente,Agricultural Economic Loss,0,0.3821617146289163,1.8394211530685425,wet,1
2024-05-01,5,NL213,Twente,Agricultural Economic Loss,0,0.5902028215027758,2.2049256960550943,wet,1
2024-06-01,6,NL213,Twente,Agricultural Economic Loss,0,0.39600139786521926,2.5858238538106284,wet,1
2024-07-01,7,NL213,Twente,Agricultural Economic Loss,0,0.32392969491091966,2.9343260129292807,wet,1
2024-08-01,8,NL213,Twente,Agricultural Economic Loss,0,0.4204424329231769,2.6960832277933755,wet,1
2024-09-01,9,NL213,Twente,Agricultural Economic Loss,0,0.502425090459723,3.2426631450653076,wet,1
2024-10-01,10,NL213,Twente,Agricultural Economic Loss,0,0.30532554146498897,2.2757716178894043,wet,1
2024-11-01,11,NL213,Twente,Agricultural Economic Loss,0,0.2858638066935361,1.856828014055888,wet,1
2024-12-01,12,NL213,Twente,Agricultural Economic Loss,0,0.1988481600867341,1.449364145596822,wet,1
2025-01-01,1,NL213,Twente,Agricultural Economic Loss,0,0.2997675689021001,1.4633930921554565,wet,1
2025-02-01,2,NL213,Twente,Agricultural Economic Loss,0,0.3842317966168702,0.8273681799570719,near_normal,1
2025-03-01,3,NL213,Twente,Agricultural Economic Loss,0,0.6908247587484443,0.45466773708661395,near_normal,1
2025-04-01,4,NL213,Twente,Agricultural Economic Loss,0,0.7015006222024234,-0.08532259364922841,near_normal,1
2025-05-01,5,NL213,Twente,Agricultural Economic Loss,0,0.7960627499724059,-0.7380898396174113,near_normal,1
2025-06-01,6,NL213,Twente,Agricultural Economic Loss,0,0.8370817641555929,-0.8258537650108337,near_normal,1
2025-07-01,7,NL213,Twente,Agricultural Economic Loss,0,0.7838118036429691,-0.9453806678454081,near_normal,1
2025-08-01,8,NL213,Twente,Agricultural Economic Loss,0,0.8752029818751259,-1.2185680468877156,dry,1
2025-09-01,9,NL213,Twente,Agricultural Economic Loss,0,0.6312850881589213,-1.2572739521662395,dry,1
2024-01-01,1,NL221,Veluwe,Agricultural Economic Loss,0,0.27157250523585025,1.8073323965072632,wet,1
2024-02-01,2,NL221,Veluwe,Agricultural Economic Loss,0,0.2573041424065889,2.2413116296132407,wet,1
2024-03-01,3,NL221,Veluwe,Agricultural Economic Loss,0,0.2654334980282071,1.8151774009068806,wet,1
2024-04-01,4,NL221,Veluwe,Agricultural Economic Loss,1,0.3756101288920716,2.02529247601827,wet,1
2024-05-01,5,NL221,Veluwe,Agricultural Economic Loss,0,0.62044696840364,2.5431505044301352,wet,1
2024-06-01,6,NL221,Veluwe,Agricultural Economic Loss,0,0.46043507938252287,2.9275620778401694,wet,1
2024-07-01,7,NL221,Veluwe,Agricultural Economic Loss,0,0.47271731998060934,3.333141009012858,wet,1
2024-08-01,8,NL221,Veluwe,Agricultural Economic Loss,0,0.5864328728447599,2.8060739040374756,wet,1
2024-09-01,9,NL221,Veluwe,Agricultural Economic Loss,0,0.5685324456633422,3.3057305812835693,wet,1
2024-10-01,10,NL221,Veluwe,Agricultural Economic Loss,0,0.34203260496980953,2.3737645149230957,wet,1
2024-11-01,11,NL221,Veluwe,Agricultural Economic Loss,0,0.3132333436521916,1.9296060800552368,wet,1
2024-12-01,12,NL221,Veluwe,Agricultural Economic Loss,0,0.23575050372723916,1.6137422720591228,wet,1
2025-01-01,1,NL221,Veluwe,Agricultural Economic Loss,0,0.32956301890307277,1.6722465356190999,wet,1
2025-02-01,2,NL221,Veluwe,Agricultural Economic Loss,0,0.45957622972193873,1.0694556037584941,wet,1
2025-03-01,3,NL221,Veluwe,Agricultural Economic Loss,0,0.7372949613505279,0.6522466341654459,near_normal,1
2025-04-01,4,NL221,Veluwe,Agricultural Economic Loss,0,0.7681753130892832,-0.03821267498036226,near_normal,1
2025-05-01,5,NL221,Veluwe,Agricultural Economic Loss,0,0.8344642334977327,-0.8415002226829529,near_normal,1
2025-06-01,6,NL221,Veluwe,Agricultural Economic Loss,0,0.8643663703587662,-0.9649274547894796,near_normal,1
2025-07-01,7,NL221,Veluwe,Agricultural Economic Loss,0,0.7976901299958822,-1.1212384700775146,dry,1
2025-08-01,8,NL221,Veluwe,Agricultural Economic Loss,0,0.8719072939089441,-1.4766345818837483,dry,1
2025-09-01,9,NL221,Veluwe,Agricultural Economic Loss,0,0.6402140584403166,-1.5261424779891968,dry,1
2024-01-01,1,NL224,Zuidwest-Gelderland,Agricultural Economic Loss,0,0.10398431987681975,1.685375452041626,wet,1
2024-02-01,2,NL224,Zuidwest-Gelderland,Agricultural Economic Loss,0,0.09686412454696476,2.1737860441207886,wet,1
2024-03-01,3,NL224,Zuidwest-Gelderland,Agricultural Economic Loss,0,0.10489797825721672,1.7497069239616394,wet,1
2024-04-01,4,NL224,Zuidwest-Gelderland,Agricultural Economic Loss,0,0.15477847762519442,2.014431595802307,wet,1
2024-05-01,5,NL224,Zuidwest-Gelderland,Agricultural Economic Loss,0,0.35395659439014665,2.511814832687378,wet,1
2024-06-01,6,NL224,Zuidwest-Gelderland,Agricultural Economic Loss,0,0.24064401505089483,2.8723764419555664,wet,1
2024-07-01,7,NL224,Zuidwest-Gelderland,Agricultural Economic Loss,0,0.2124313699392832,3.360319137573242,wet,1
2024-08-01,8,NL224,Zuidwest-Gelderland,Agricultural Economic Loss,0,0.29158265037605224,2.7078782320022583,wet,1
2024-09-01,9,NL224,Zuidwest-Gelderland,Agricultural Economic Loss,0,0.23708278086119813,3.562034487724304,wet,1
2024-10-01,10,NL224,Zuidwest-Gelderland,Agricultural Economic Loss,0,0.15182239617075907,2.6191734075546265,wet,1
2024-11-01,11,NL224,Zuidwest-Gelderland,Agricultural Economic Loss,0,0.12281014417648285,2.088479518890381,wet,1
2024-12-01,12,NL224,Zuidwest-Gelderland,Agricultural Economic Loss,0,0.0882059576463143,1.848576307296753,wet,1
2025-01-01,1,NL224,Zuidwest-Gelderland,Agricultural Economic Loss,0,0.12067224285512937,1.9212733507156372,wet,1
2025-02-01,2,NL224,Zuidwest-Gelderland,Agricultural Economic Loss,0,0.18662266318660573,1.400187075138092,wet,1
2025-03-01,3,NL224,Zuidwest-Gelderland,Agricultural Economic Loss,0,0.5050153545857682,0.972754567861557,near_normal,1
2025-04-01,4,NL224,Zuidwest-Gelderland,Agricultural Economic Loss,0,0.47385770354826545,0.29149629175662994,near_normal,1
2025-05-01,5,NL224,Zuidwest-Gelderland,Agricultural Economic Loss,0,0.6011338271707168,-0.6283363997936249,near_normal,1
2025-06-01,6,NL224,Zuidwest-Gelderland,Agricultural Economic Loss,0,0.6620755096194376,-0.8211278021335602,near_normal,1
2025-07-01,7,NL224,Zuidwest-Gelderland,Agricultural Economic Loss,0,0.5473158403363678,-1.0137033462524414,dry,1
2025-08-01,8,NL224,Zuidwest-Gelderland,Agricultural Economic Loss,0,0.6277209943821703,-1.4959520101547241,dry,1
2025-09-01,9,NL224,Zuidwest-Gelderland,Agricultural Economic Loss,0,0.3108308165128699,-1.5776581168174744,dry,1
2024-01-01,1,NL225,Achterhoek,Agricultural Economic Loss,0,0.3411441873238073,1.805512011051178,wet,1
2024-02-01,2,NL225,Achterhoek,Agricultural Economic Loss,0,0.3353925532969672,2.2859821915626526,wet,1
2024-03-01,3,NL225,Achterhoek,Agricultural Economic Loss,0,0.3664102599085168,1.7744671404361725,wet,1
2024-04-01,4,NL225,Achterhoek,Agricultural Economic Loss,0,0.49744533155486864,1.8754302561283112,wet,1
2024-05-01,5,NL225,Achterhoek,Agricultural Economic Loss,1,0.7203651383612174,2.249455988407135,wet,1
2024-06-01,6,NL225,Achterhoek,Agricultural Economic Loss,0,0.5920820160834386,2.5028456449508667,wet,1
2024-07-01,7,NL225,Achterhoek,Agricultural Economic Loss,0,0.4655628851020452,2.9508511424064636,wet,1
2024-08-01,8,NL225,Achterhoek,Agricultural Economic Loss,0,0.5645284450554072,2.5167282819747925,wet,1
2024-09-01,9,NL225,Achterhoek,Agricultural Economic Loss,0,0.6110933545219285,3.3198123574256897,wet,1
2024-10-01,10,NL225,Achterhoek,Agricultural Economic Loss,0,0.40945047938072154,2.387208878993988,wet,1
2024-11-01,11,NL225,Achterhoek,Agricultural Economic Loss,0,0.3776823541608417,1.9416667819023132,wet,1
2024-12-01,12,NL225,Achterhoek,Agricultural Economic Loss,0,0.2824837669373831,1.5921784937381744,wet,1
2025-01-01,1,NL225,Achterhoek,Agricultural Economic Loss,0,0.38878277394633687,1.7311365902423859,wet,1
2025-02-01,2,NL225,Achterhoek,Agricultural Economic Loss,0,0.49363006863900777,1.0746888369321823,wet,1
2025-03-01,3,NL225,Achterhoek,Agricultural Economic Loss,0,0.7578841742384234,0.6834009438753128,near_normal,1
2025-04-01,4,NL225,Achterhoek,Agricultural Economic Loss,0,0.7630022211758506,0.09695965144783258,near_normal,1
2025-05-01,5,NL225,Achterhoek,Agricultural Economic Loss,0,0.8504249299898117,-0.612250030040741,near_normal,1
2025-06-01,6,NL225,Achterhoek,Agricultural Economic Loss,0,0.8854658920617847,-0.7061386853456497,near_normal,1
2025-07-01,7,NL225,Achterhoek,Agricultural Economic Loss,0,0.8572346903998722,-0.8033000975847244,near_normal,1
2025-08-01,8,NL225,Achterhoek,Agricultural Economic Loss,0,0.9276288068187531,-1.172307550907135,dry,1
2025-09-01,9,NL225,Achterhoek,Agricultural Economic Loss,1,0.7489439215627196,-1.218297392129898,dry,1
2024-01-01,1,NL226,Arnhem/Nijmegen,Agricultural Economic Loss,0,0.197833800365145,1.8382607301076253,wet,1
2024-02-01,2,NL226,Arnhem/Nijmegen,Agricultural Economic Loss,0,0.17368792143266928,2.3888396422068277,wet,1
2024-03-01,3,NL226,Arnhem/Nijmegen,Agricultural Economic Loss,0,0.20060561859320306,1.8225633303324382,wet,1
2024-04-01,4,NL226,Arnhem/Nijmegen,Agricultural Economic Loss,0,0.299856060337109,2.003558794657389,wet,1
2024-05-01,5,NL226,Arnhem/Nijmegen,Agricultural Economic Loss,0,0.5726909589122241,2.5283732414245605,wet,1
2024-06-01,6,NL226,Arnhem/Nijmegen,Agricultural Economic Loss,0,0.4351163610119766,2.8170496622721353,wet,1
2024-07-01,7,NL226,Arnhem/Nijmegen,Agricultural Economic Loss,0,0.316954268026531,3.480062961578369,wet,1
2024-08-01,8,NL226,Arnhem/Nijmegen,Agricultural Economic Loss,0,0.432692922298596,2.6924848556518555,wet,1
2024-09-01,9,NL226,Arnhem/Nijmegen,Agricultural Economic Loss,0,0.4074230864174473,3.6542739868164062,wet,1
2024-10-01,10,NL226,Arnhem/Nijmegen,Agricultural Economic Loss,0,0.25738278366786205,2.6188717683156333,wet,1
2024-11-01,11,NL226,Arnhem/Nijmegen,Agricultural Economic Loss,0,0.20889898040543445,2.119877894719442,wet,1
2024-12-01,12,NL226,Arnhem/Nijmegen,Agricultural Economic Loss,0,0.15359377768336888,1.8100270827611287,wet,1
2025-01-01,1,NL226,Arnhem/Nijmegen,Agricultural Economic Loss,0,0.21651099598034845,1.9685104290644329,wet,1
2025-02-01,2,NL226,Arnhem/Nijmegen,Agricultural Economic Loss,0,0.3125960895524549,1.3947044213612874,wet,1
2025-03-01,3,NL226,Arnhem/Nijmegen,Agricultural Economic Loss,0,0.5905472683615601,0.9596504171689352,near_normal,1
2025-04-01,4,NL226,Arnhem/Nijmegen,Agricultural Economic Loss,0,0.6161337457604839,0.3398151993751526,near_normal,1
2025-05-01,5,NL226,Arnhem/Nijmegen,Agricultural Economic Loss,0,0.713977599884116,-0.5684083700180054,near_normal,1
2025-06-01,6,NL226,Arnhem/Nijmegen,Agricultural Economic Loss,0,0.7917789061984322,-0.671301543712616,near_normal,1
2025-07-01,7,NL226,Arnhem/Nijmegen,Agricultural Economic Loss,0,0.751020456427281,-0.846276581287384,near_normal,1
2025-08-01,8,NL226,Arnhem/Nijmegen,Agricultural Economic Loss,0,0.8103743204941528,-1.2885345220565796,dry,1
2025-09-01,9,NL226,Arnhem/Nijmegen,Agricultural Economic Loss,0,0.5613521446268672,-1.3259549935658772,dry,1
2024-01-01,1,NL230,Flevoland,Agricultural Economic Loss,0,0.11042022862735218,1.6810797452926636,wet,1
2024-02-01,2,NL230,Flevoland,Agricultural Economic Loss,0,0.1102565421407256,2.042652944723765,wet,1
2024-03-01,3,NL230,Flevoland,Agricultural Economic Loss,0,0.09757368847583138,1.7197583715120952,wet,1
2024-04-01,4,NL230,Flevoland,Agricultural Economic Loss,0,0.17971500004980256,1.9411502679189045,wet,1
2024-05-01,5,NL230,Flevoland,Agricultural Economic Loss,0,0.3253337430354158,2.439574877421061,wet,1
2024-06-01,6,NL230,Flevoland,Agricultural Economic Loss,0,0.23191051249589356,2.9559825658798218,wet,1
2024-07-01,7,NL230,Flevoland,Agricultural Economic Loss,0,0.26295473630880883,2.801535407702128,wet,1
2024-08-01,8,NL230,Flevoland,Agricultural Economic Loss,0,0.3182746898140802,2.583793560663859,wet,1
2024-09-01,9,NL230,Flevoland,Agricultural Economic Loss,0,0.300891057442291,2.821715792020162,wet,1
2024-10-01,10,NL230,Flevoland,Agricultural Economic Loss,0,0.1562988955933747,2.08377875884374,wet,1
2024-11-01,11,NL230,Flevoland,Agricultural Economic Loss,0,0.14684178879439558,1.6295397281646729,wet,1
2024-12-01,12,NL230,Flevoland,Agricultural Economic Loss,0,0.10736605918697403,1.3571658531824748,wet,1
2025-01-01,1,NL230,Flevoland,Agricultural Economic Loss,0,0.18587013908876773,1.31018461783727,wet,1
2025-02-01,2,NL230,Flevoland,Agricultural Economic Loss,0,0.27555088937774147,0.681924487153689,near_normal,1
2025-03-01,3,NL230,Flevoland,Agricultural Economic Loss,0,0.5661252855398361,0.25594955605144304,near_normal,1
2025-04-01,4,NL230,Flevoland,Agricultural Economic Loss,0,0.5543311969343642,-0.42615289986133575,near_normal,1
2025-05-01,5,NL230,Flevoland,Agricultural Economic Loss,0,0.6364385407073673,-1.02263805270195,dry,1
2025-06-01,6,NL230,Flevoland,Agricultural Economic Loss,0,0.6622381761473982,-1.1407394806543987,dry,1
2025-07-01,7,NL230,Flevoland,Agricultural Economic Loss,0,0.562499034525034,-1.2951755126317341,dry,1
2025-08-01,8,NL230,Flevoland,Agricultural Economic Loss,0,0.6394792494100398,-1.5772170821825664,dry,1
2025-09-01,9,NL230,Flevoland,Agricultural Economic Loss,0,0.3619382167116296,-1.6643696029980977,dry,1
2024-01-01,1,NL310,Utrecht,Agricultural Economic Loss,0,0.08601977083190929,1.6331657965977986,wet,1
2024-02-01,2,NL310,Utrecht,Agricultural Economic Loss,0,0.08011620796738111,2.060304045677185,wet,1
2024-03-01,3,NL310,Utrecht,Agricultural Economic Loss,0,0.06885114021610357,1.6860721111297607,wet,1
2024-04-01,4,NL310,Utrecht,Agricultural Economic Loss,0,0.126871715557422,1.934793512026469,wet,1
2024-05-01,5,NL310,Utrecht,Agricultural Economic Loss,0,0.2799133076181571,2.4599483807881675,wet,1
2024-06-01,6,NL310,Utrecht,Agricultural Economic Loss,0,0.2036300763176646,2.8643977642059326,wet,1
2024-07-01,7,NL310,Utrecht,Agricultural Economic Loss,0,0.215703091680356,2.9952971935272217,wet,1
2024-08-01,8,NL310,Utrecht,Agricultural Economic Loss,0,0.2915354444072408,2.573964277903239,wet,1
2024-09-01,9,NL310,Utrecht,Agricultural Economic Loss,0,0.23641935406506168,2.949850559234619,wet,1
2024-10-01,10,NL310,Utrecht,Agricultural Economic Loss,0,0.127711482742366,2.2675256729125977,wet,1
2024-11-01,11,NL310,Utrecht,Agricultural Economic Loss,0,0.10507452225354864,1.8243724505106609,wet,1
2024-12-01,12,NL310,Utrecht,Agricultural Economic Loss,0,0.07293341377474637,1.599138617515564,wet,1
2025-01-01,1,NL310,Utrecht,Agricultural Economic Loss,0,0.11285215672346331,1.6418602069218953,wet,1
2025-02-01,2,NL310,Utrecht,Agricultural Economic Loss,0,0.1837952039403126,1.0959928433100383,wet,1
2025-03-01,3,NL310,Utrecht,Agricultural Economic Loss,0,0.4910797124480164,0.6640455524126688,near_normal,1
2025-04-01,4,NL310,Utrecht,Agricultural Economic Loss,0,0.4543513286715859,-0.07301297783851624,near_normal,1
2025-05-01,5,NL310,Utrecht,Agricultural Economic Loss,0,0.5559365055167933,-0.8883529901504517,near_normal,1
2025-06-01,6,NL310,Utrecht,Agricultural Economic Loss,1,0.5906215305171212,-1.0327074925104778,dry,1
2025-07-01,7,NL310,Utrecht,Agricultural Economic Loss,0,0.48335308183966286,-1.170036753018697,dry,1
2025-08-01,8,NL310,Utrecht,Agricultural Economic Loss,0,0.5619771543298658,-1.5849626461664836,dry,1
2025-09-01,9,NL310,Utrecht,Agricultural Economic Loss,0,0.2598353315965245,-1.695322314898173,dry,1
2024-01-01,1,NL321,Kop van Noord-Holland,Agricultural Economic Loss,0,0.1307782771732161,1.6329838037490845,wet,1
2024-02-01,2,NL321,Kop van Noord-Holland,Agricultural Economic Loss,0,0.1278582696157098,1.9536860883235931,wet,1
2024-03-01,3,NL321,Kop van Noord-Holland,Agricultural Economic Loss,0,0.14503745143640903,1.7587225437164307,wet,1
2024-04-01,4,NL321,Kop van Noord-Holland,Agricultural Economic Loss,0,0.25931984479628484,2.091783583164215,wet,1
2024-05-01,5,NL321,Kop van Noord-Holland,Agricultural Economic Loss,0,0.40896928246287206,2.2810864448547363,wet,1
2024-06-01,6,NL321,Kop van Noord-Holland,Agricultural Economic Loss,0,0.4245066275427571,2.7499186396598816,wet,1
2024-07-01,7,NL321,Kop van Noord-Holland,Agricultural Economic Loss,0,0.34739843280293453,2.32273006439209,wet,1
2024-08-01,8,NL321,Kop van Noord-Holland,Agricultural Economic Loss,1,0.46107982233300776,2.314435124397278,wet,1
2024-09-01,9,NL321,Kop van Noord-Holland,Agricultural Economic Loss,0,0.3654945838644248,2.3948420882225037,wet,1
2024-10-01,10,NL321,Kop van Noord-Holland,Agricultural Economic Loss,0,0.24627871158767467,1.7925672829151154,wet,1
2024-11-01,11,NL321,Kop van Noord-Holland,Agricultural Economic Loss,0,0.22562383386511928,1.154409036040306,wet,1
2024-12-01,12,NL321,Kop van Noord-Holland,Agricultural Economic Loss,0,0.18498631624945974,0.8799158334732056,near_normal,1
2025-01-01,1,NL321,Kop van Noord-Holland,Agricultural Economic Loss,0,0.3331146145556621,0.7503800988197327,near_normal,1
2025-02-01,2,NL321,Kop van Noord-Holland,Agricultural Economic Loss,0,0.3659547808623169,0.1837369699496776,near_normal,1
2025-03-01,3,NL321,Kop van Noord-Holland,Agricultural Economic Loss,0,0.6034141526602788,-0.19919294212013483,near_normal,1
2025-04-01,4,NL321,Kop van Noord-Holland,Agricultural Economic Loss,0,0.6454247001360989,-0.8529584109783173,near_normal,1
2025-05-01,5,NL321,Kop van Noord-Holland,Agricultural Economic Loss,1,0.7462669044572302,-1.0707411617040634,dry,1
2025-06-01,6,NL321,Kop van Noord-Holland,Agricultural Economic Loss,0,0.7128093645873002,-1.2265169620513916,dry,1
2025-07-01,7,NL321,Kop van Noord-Holland,Agricultural Economic Loss,0,0.6435922877266614,-1.3985914885997772,dry,1
2025-08-01,8,NL321,Kop van Noord-Holland,Agricultural Economic Loss,0,0.6524327481206125,-1.6699672937393188,dry,1
2025-09-01,9,NL321,Kop van Noord-Holland,Agricultural Economic Loss,0,0.4207835960308127,-1.6399725377559662,dry,1
2024-01-01,1,NL323,IJmond,Agricultural Economic Loss,0,0.038561000432477496,1.7469192743301392,wet,1
2024-02-01,2,NL323,IJmond,Agricultural Economic Loss,0,0.039298956256528364,1.9654667377471924,wet,1
2024-03-01,3,NL323,IJmond,Agricultural Economic Loss,0,0.041672340585499346,1.801576018333435,wet,1
2024-04-01,4,NL323,IJmond,Agricultural Economic Loss,0,0.10029699606683802,2.1092770099639893,wet,1
2024-05-01,5,NL323,IJmond,Agricultural Economic Loss,0,0.16775354068956444,2.3961286544799805,wet,1
2024-06-01,6,NL323,IJmond,Agricultural Economic Loss,0,0.16363987657947318,2.795001268386841,wet,1
2024-07-01,7,NL323,IJmond,Agricultural Economic Loss,0,0.10951454918588285,2.374518632888794,wet,1
2024-08-01,8,NL323,IJmond,Agricultural Economic Loss,0,0.15007824159318972,2.4498143196105957,wet,1
2024-09-01,9,NL323,IJmond,Agricultural Economic Loss,0,0.13108209044896557,2.5644779205322266,wet,1
2024-10-01,10,NL323,IJmond,Agricultural Economic Loss,0,0.09593459312404554,2.1055748462677,wet,1
2024-11-01,11,NL323,IJmond,Agricultural Economic Loss,0,0.06906171473855949,1.2876315116882324,wet,1
2024-12-01,12,NL323,IJmond,Agricultural Economic Loss,0,0.05596599806050807,1.054290771484375,wet,1
2025-01-01,1,NL323,IJmond,Agricultural Economic Loss,0,0.10738739888971971,0.9302926659584045,near_normal,1
2025-02-01,2,NL323,IJmond,Agricultural Economic Loss,0,0.12930020857160318,0.3864094913005829,near_normal,1
2025-03-01,3,NL323,IJmond,Agricultural Economic Loss,0,0.4067409353219884,-0.0300010796636343,near_normal,1
2025-04-01,4,NL323,IJmond,Agricultural Economic Loss,0,0.3210743978549827,-0.679432213306427,near_normal,1
2025-05-01,5,NL323,IJmond,Agricultural Economic Loss,0,0.4318308693702342,-1.0121432542800903,dry,1
2025-06-01,6,NL323,IJmond,Agricultural Economic Loss,0,0.44680737048651553,-1.1519043445587158,dry,1
2025-07-01,7,NL323,IJmond,Agricultural Economic Loss,0,0.3394235641432105,-1.336739182472229,dry,1
2025-08-01,8,NL323,IJmond,Agricultural Economic Loss,0,0.3728689410388236,-1.6172122955322266,dry,1
2025-09-01,9,NL323,IJmond,Agricultural Economic Loss,0,0.17301192673313248,-1.5776567459106445,dry,1
2024-01-01,1,NL324,Agglomeratie Haarlem,Agricultural Economic Loss,0,0.05014308349009935,1.647356390953064,wet,1
2024-02-01,2,NL324,Agglomeratie Haarlem,Agricultural Economic Loss,0,0.04727943820082205,1.945382833480835,wet,1
2024-03-01,3,NL324,Agglomeratie Haarlem,Agricultural Economic Loss,0,0.05120056226377851,1.7071410417556763,wet,1
2024-04-01,4,NL324,Agglomeratie Haarlem,Agricultural Economic Loss,0,0.10312896947511109,1.988879919052124,wet,1
2024-05-01,5,NL324,Agglomeratie Haarlem,Agricultural Economic Loss,0,0.1865983930355275,2.4034242630004883,wet,1
2024-06-01,6,NL324,Agglomeratie Haarlem,Agricultural Economic Loss,0,0.1668144361249559,2.8238632678985596,wet,1
2024-07-01,7,NL324,Agglomeratie Haarlem,Agricultural Economic Loss,0,0.1393648152238914,2.4710593223571777,wet,1
2024-08-01,8,NL324,Agglomeratie Haarlem,Agricultural Economic Loss,0,0.17184224657481487,2.520214796066284,wet,1
2024-09-01,9,NL324,Agglomeratie Haarlem,Agricultural Economic Loss,0,0.15387800898340542,2.598809242248535,wet,1
2024-10-01,10,NL324,Agglomeratie Haarlem,Agricultural Economic Loss,0,0.09492913971520352,2.1641006469726562,wet,1
2024-11-01,11,NL324,Agglomeratie Haarlem,Agricultural Economic Loss,0,0.07295566722415729,1.519848108291626,wet,1
2024-12-01,12,NL324,Agglomeratie Haarlem,Agricultural Economic Loss,0,0.05622218108140728,1.3313369750976562,wet,1
2025-01-01,1,NL324,Agglomeratie Haarlem,Agricultural Economic Loss,0,0.10263878072805262,1.2478913068771362,wet,1
2025-02-01,2,NL324,Agglomeratie Haarlem,Agricultural Economic Loss,0,0.14861123690882563,0.668552577495575,near_normal,1
2025-03-01,3,NL324,Agglomeratie Haarlem,Agricultural Economic Loss,0,0.4369980613391802,0.24341583251953125,near_normal,1
2025-04-01,4,NL324,Agglomeratie Haarlem,Agricultural Economic Loss,0,0.3680034732419997,-0.45443814992904663,near_normal,1
2025-05-01,5,NL324,Agglomeratie Haarlem,Agricultural Economic Loss,0,0.4633220033716063,-0.9552810192108154,near_normal,1
2025-06-01,6,NL324,Agglomeratie Haarlem,Agricultural Economic Loss,0,0.5021187789779862,-1.0814781188964844,dry,1
2025-07-01,7,NL324,Agglomeratie Haarlem,Agricultural Economic Loss,0,0.3752596448268115,-1.2436511516571045,dry,1
2025-08-01,8,NL324,Agglomeratie Haarlem,Agricultural Economic Loss,0,0.4024761720274545,-1.534304141998291,dry,1
2025-09-01,9,NL324,Agglomeratie Haarlem,Agricultural Economic Loss,0,0.1814601225343276,-1.641973853111267,dry,1
2024-01-01,1,NL325,Zaanstreek,Agricultural Economic Loss,0,0.05703879936837653,1.6169030666351318,wet,1
2024-02-01,2,NL325,Zaanstreek,Agricultural Economic Loss,0,0.049803213752605796,1.957419753074646,wet,1
2024-03-01,3,NL325,Zaanstreek,Agricultural Economic Loss,0,0.03983496328826416,1.6453285217285156,wet,1
2024-04-01,4,NL325,Zaanstreek,Agricultural Economic Loss,0,0.09298405594377797,1.9042351245880127,wet,1
2024-05-01,5,NL325,Zaanstreek,Agricultural Economic Loss,0,0.17268120975750625,2.3876869678497314,wet,1
2024-06-01,6,NL325,Zaanstreek,Agricultural Economic Loss,0,0.16006439800929795,2.875868558883667,wet,1
2024-07-01,7,NL325,Zaanstreek,Agricultural Economic Loss,0,0.153905262356173,2.6098756790161133,wet,1
2024-08-01,8,NL325,Zaanstreek,Agricultural Economic Loss,0,0.2047907237160807,2.4586730003356934,wet,1
2024-09-01,9,NL325,Zaanstreek,Agricultural Economic Loss,0,0.16001954854375136,2.6439425945281982,wet,1
2024-10-01,10,NL325,Zaanstreek,Agricultural Economic Loss,0,0.08368007900332812,2.0523898601531982,wet,1
2024-11-01,11,NL325,Zaanstreek,Agricultural Economic Loss,0,0.07034228683031592,1.5562342405319214,wet,1
2024-12-01,12,NL325,Zaanstreek,Agricultural Economic Loss,0,0.0519125370419206,1.3256824016571045,wet,1
2025-01-01,1,NL325,Zaanstreek,Agricultural Economic Loss,0,0.09699390207665512,1.2905166149139404,wet,1
2025-02-01,2,NL325,Zaanstreek,Agricultural Economic Loss,0,0.1453943425850092,0.7351674437522888,near_normal,1
2025-03-01,3,NL325,Zaanstreek,Agricultural Economic Loss,0,0.4179845044794537,0.2895616590976715,near_normal,1
2025-04-01,4,NL325,Zaanstreek,Agricultural Economic Loss,0,0.35314519840214814,-0.44397521018981934,near_normal,1
2025-05-01,5,NL325,Zaanstreek,Agricultural Economic Loss,0,0.4651636000827223,-1.0350122451782227,dry,1
2025-06-01,6,NL325,Zaanstreek,Agricultural Economic Loss,0,0.4344573890078417,-1.1691848039627075,dry,1
2025-07-01,7,NL325,Zaanstreek,Agricultural Economic Loss,0,0.37454170479445464,-1.3288004398345947,dry,1
2025-08-01,8,NL325,Zaanstreek,Agricultural Economic Loss,0,0.39808245965111655,-1.6849058866500854,dry,1
2025-09-01,9,NL325,Zaanstreek,Agricultural Economic Loss,0,0.20610682838888641,-1.740875005722046,dry,1
2024-01-01,1,NL327,Het Gooi en Vechtstreek,Agricultural Economic Loss,0,0.126204316549307,1.636123776435852,wet,1
2024-03-01,3,NL327,Het Gooi en Vechtstreek,Agricultural Economic Loss,0,0.08990340856913093,1.6505409479141235,wet,1
2024-04-01,4,NL327,Het Gooi en Vechtstreek,Agricultural Economic Loss,0,0.18821578417491375,1.8591419458389282,wet,1
2024-05-01,5,NL327,Het Gooi en Vechtstreek,Agricultural Economic Loss,0,0.33454378223773296,2.378713369369507,wet,1
2024-06-01,6,NL327,Het Gooi en Vechtstreek,Agricultural Economic Loss,0,0.25779837881832673,2.898977279663086,wet,1
2024-07-01,7,NL327,Het Gooi en Vechtstreek,Agricultural Economic Loss,0,0.3010129505876355,2.7814443111419678,wet,1
2024-08-01,8,NL327,Het Gooi en Vechtstreek,Agricultural Economic Loss,0,0.39386900980135925,2.4918413162231445,wet,1
2024-09-01,9,NL327,Het Gooi en Vechtstreek,Agricultural Economic Loss,0,0.3371546670363397,2.7578084468841553,wet,1
2024-10-01,10,NL327,Het Gooi en Vechtstreek,Agricultural Economic Loss,0,0.17894985018138537,2.0412652492523193,wet,1
2024-11-01,11,NL327,Het Gooi en Vechtstreek,Agricultural Economic Loss,0,0.15340965079820248,1.6262489557266235,wet,1
2024-12-01,12,NL327,Het Gooi en Vechtstreek,Agricultural Economic Loss,0,0.10926976462367341,1.3761451244354248,wet,1
2025-01-01,1,NL327,Het Gooi en Vechtstreek,Agricultural Economic Loss,0,0.18588360842471138,1.3592329025268555,wet,1
2025-02-01,2,NL327,Het Gooi en Vechtstreek,Agricultural Economic Loss,0,0.290781417727516,0.8063275814056396,near_normal,1
2025-03-01,3,NL327,Het Gooi en Vechtstreek,Agricultural Economic Loss,0,0.5347459997731604,0.35810184478759766,near_normal,1
2025-04-01,4,NL327,Het Gooi en Vechtstreek,Agricultural Economic Loss,0,0.5730702013141554,-0.35341763496398926,near_normal,1
2025-05-01,5,NL327,Het Gooi en Vechtstreek,Agricultural Economic Loss,0,0.6839418376018872,-1.0387662649154663,dry,1
2025-06-01,6,NL327,Het Gooi en Vechtstreek,Agricultural Economic Loss,0,0.6648961078969369,-1.1725388765335083,dry,1
2025-07-01,7,NL327,Het Gooi en Vechtstreek,Agricultural Economic Loss,0,0.583862022427593,-1.3508493900299072,dry,1
2025-08-01,8,NL327,Het Gooi en Vechtstreek,Agricultural Economic Loss,0,0.6524021857880014,-1.7118911743164062,dry,1
2025-09-01,9,NL327,Het Gooi en Vechtstreek,Agricultural Economic Loss,0,0.36917307457983006,-1.7690833806991577,dry,1
2024-01-01,1,NL328,Alkmaar en omgeving,Agricultural Economic Loss,0,0.08069163190586455,1.7100821137428284,wet,1
2024-02-01,2,NL328,Alkmaar en omgeving,Agricultural Economic Loss,0,0.08549591440299928,1.9593284130096436,wet,1
2024-03-01,3,NL328,Alkmaar en omgeving,Agricultural Economic Loss,1,0.07769230656377984,1.739656686782837,wet,1
2024-04-01,4,NL328,Alkmaar en omgeving,Agricultural Economic Loss,0,0.17292879436999598,2.0186948776245117,wet,1
2024-05-01,5,NL328,Alkmaar en omgeving,Agricultural Economic Loss,0,0.282700432913895,2.3344630002975464,wet,1
2024-06-01,6,NL328,Alkmaar en omgeving,Agricultural Economic Loss,0,0.27581419390817014,2.804568648338318,wet,1
2024-07-01,7,NL328,Alkmaar en omgeving,Agricultural Economic Loss,0,0.2172913325860463,2.428522229194641,wet,1
2024-08-01,8,NL328,Alkmaar en omgeving,Agricultural Economic Loss,0,0.2860736052553097,2.425881505012512,wet,1
2024-09-01,9,NL328,Alkmaar en omgeving,Agricultural Economic Loss,0,0.2449263498196126,2.5760817527770996,wet,1
2024-10-01,10,NL328,Alkmaar en omgeving,Agricultural Economic Loss,0,0.15630156596910155,2.0169880390167236,wet,1
2024-11-01,11,NL328,Alkmaar en omgeving,Agricultural Economic Loss,0,0.12951180541520418,1.3094255328178406,wet,1
2024-12-01,12,NL328,Alkmaar en omgeving,Agricultural Economic Loss,0,0.103019318559034,1.0511134266853333,wet,1
2025-01-01,1,NL328,Alkmaar en omgeving,Agricultural Economic Loss,0,0.19006987066115816,0.9406598210334778,near_normal,1
2025-02-01,2,NL328,Alkmaar en omgeving,Agricultural Economic Loss,0,0.23701211171745257,0.40348732471466064,near_normal,1
2025-03-01,3,NL328,Alkmaar en omgeving,Agricultural Economic Loss,0,0.4833433439538244,-0.023991535417735577,near_normal,1
2025-04-01,4,NL328,Alkmaar en omgeving,Agricultural Economic Loss,0,0.4952292042467458,-0.6851816177368164,near_normal,1
2025-05-01,5,NL328,Alkmaar en omgeving,Agricultural Economic Loss,0,0.6000363538567896,-1.0560193061828613,dry,1
2025-06-01,6,NL328,Alkmaar en omgeving,Agricultural Economic Loss,0,0.5640532922184268,-1.200132429599762,dry,1
2025-07-01,7,NL328,Alkmaar en omgeving,Agricultural Economic Loss,0,0.511222606829687,-1.380033254623413,dry,1
2025-08-01,8,NL328,Alkmaar en omgeving,Agricultural Economic Loss,0,0.5408630050162925,-1.6897867918014526,dry,1
2025-09-01,9,NL328,Alkmaar en omgeving,Agricultural Economic Loss,0,0.3114796191891658,-1.6552176475524902,dry,1
2024-01-01,1,NL329,Groot-Amsterdam,Agricultural Economic Loss,0,0.06695824959995611,1.6169030666351318,wet,1
2024-02-01,2,NL329,Groot-Amsterdam,Agricultural Economic Loss,0,0.06441527305007488,1.957419753074646,wet,1
2024-03-01,3,NL329,Groot-Amsterdam,Agricultural Economic Loss,0,0.05139250381628546,1.6453285217285156,wet,1
2024-04-01,4,NL329,Groot-Amsterdam,Agricultural Economic Loss,0,0.112501335408135,1.9042351245880127,wet,1
2024-05-01,5,NL329,Groot-Amsterdam,Agricultural Economic Loss,1,0.20854333112519943,2.3876869678497314,wet,1
2024-06-01,6,NL329,Groot-Amsterdam,Agricultural Economic Loss,0,0.1913374822023903,2.875868558883667,wet,1
2024-07-01,7,NL329,Groot-Amsterdam,Agricultural Economic Loss,0,0.18428250659047407,2.6098756790161133,wet,1
2024-08-01,8,NL329,Groot-Amsterdam,Agricultural Economic Loss,0,0.25864448493661746,2.4586730003356934,wet,1
2024-09-01,9,NL329,Groot-Amsterdam,Agricultural Economic Loss,0,0.2094657047068221,2.6439425945281982,wet,1
2024-10-01,10,NL329,Groot-Amsterdam,Agricultural Economic Loss,0,0.10631505684524219,2.0523898601531982,wet,1
2024-11-01,11,NL329,Groot-Amsterdam,Agricultural Economic Loss,0,0.0858712090443046,1.5562342405319214,wet,1
2024-12-01,12,NL329,Groot-Amsterdam,Agricultural Economic Loss,0,0.06339094515835962,1.3256824016571045,wet,1
2025-01-01,1,NL329,Groot-Amsterdam,Agricultural Economic Loss,0,0.1150270325559343,1.2905166149139404,wet,1
2025-02-01,2,NL329,Groot-Amsterdam,Agricultural Economic Loss,0,0.17887265557792367,0.7351674437522888,near_normal,1
2025-03-01,3,NL329,Groot-Amsterdam,Agricultural Economic Loss,0,0.44515139313765023,0.2895616590976715,near_normal,1
2025-04-01,4,NL329,Groot-Amsterdam,Agricultural Economic Loss,0,0.41007985325701724,-0.44397521018981934,near_normal,1
2025-05-01,5,NL329,Groot-Amsterdam,Agricultural Economic Loss,1,0.5191027721633523,-1.0350122451782227,dry,1
2025-06-01,6,NL329,Groot-Amsterdam,Agricultural Economic Loss,0,0.5111002523489414,-1.1691848039627075,dry,1
2025-07-01,7,NL329,Groot-Amsterdam,Agricultural Economic Loss,0,0.4171457715845851,-1.3288004398345947,dry,1
2025-08-01,8,NL329,Groot-Amsterdam,Agricultural Economic Loss,1,0.4829999373870559,-1.6849058866500854,dry,1
2025-09-01,9,NL329,Groot-Amsterdam,Agricultural Economic Loss,0,0.22795777036426002,-1.740875005722046,dry,1
2024-01-01,1,NL332,Agglomeratie ’s-Gravenhage,Agricultural Economic Loss,0,0.06287212372610237,1.5479464530944824,wet,1
2024-02-01,2,NL332,Agglomeratie ’s-Gravenhage,Agricultural Economic Loss,0,0.06015144203788315,1.9152671098709106,wet,1
2024-03-01,3,NL332,Agglomeratie ’s-Gravenhage,Agricultural Economic Loss,0,0.060490321986655424,1.6138807535171509,wet,1
2024-04-01,4,NL332,Agglomeratie ’s-Gravenhage,Agricultural Economic Loss,0,0.10277883274691656,1.7927536964416504,wet,1
2024-05-01,5,NL332,Agglomeratie ’s-Gravenhage,Agricultural Economic Loss,0,0.20219441316303777,2.222562551498413,wet,1
2024-06-01,6,NL332,Agglomeratie ’s-Gravenhage,Agricultural Economic Loss,0,0.17297281488314725,2.651139974594116,wet,1
2024-07-01,7,NL332,Agglomeratie ’s-Gravenhage,Agricultural Economic Loss,0,0.126795071610183,2.602553367614746,wet,1
2024-08-01,8,NL332,Agglomeratie ’s-Gravenhage,Agricultural Economic Loss,0,0.1835361589676778,2.614240884780884,wet,1
2024-09-01,9,NL332,Agglomeratie ’s-Gravenhage,Agricultural Economic Loss,0,0.15243508691254845,2.760681390762329,wet,1
2024-10-01,10,NL332,Agglomeratie ’s-Gravenhage,Agricultural Economic Loss,0,0.0955659965258295,2.217620849609375,wet,1
2024-11-01,11,NL332,Agglomeratie ’s-Gravenhage,Agricultural Economic Loss,0,0.07352754459301518,1.6578664779663086,wet,1
2024-12-01,12,NL332,Agglomeratie ’s-Gravenhage,Agricultural Economic Loss,0,0.0575771232067389,1.5298305749893188,wet,1
2025-01-01,1,NL332,Agglomeratie ’s-Gravenhage,Agricultural Economic Loss,0,0.08091351771762761,1.4456462860107422,wet,1
2025-02-01,2,NL332,Agglomeratie ’s-Gravenhage,Agricultural Economic Loss,0,0.1329818963819693,0.8826550841331482,near_normal,1
2025-03-01,3,NL332,Agglomeratie ’s-Gravenhage,Agricultural Economic Loss,0,0.24741618612432034,0.4521176517009735,near_normal,1
2025-04-01,4,NL332,Agglomeratie ’s-Gravenhage,Agricultural Economic Loss,0,0.3643874687082701,-0.2299506515264511,near_normal,1
2025-05-01,5,NL332,Agglomeratie ’s-Gravenhage,Agricultural Economic Loss,0,0.45717979621674665,-0.8712313175201416,near_normal,1
2025-06-01,6,NL332,Agglomeratie ’s-Gravenhage,Agricultural Economic Loss,0,0.5193158207095794,-1.0435134172439575,dry,1
2025-07-01,7,NL332,Agglomeratie ’s-Gravenhage,Agricultural Economic Loss,0,0.38994452096559296,-1.2248507738113403,dry,1
2025-08-01,8,NL332,Agglomeratie ’s-Gravenhage,Agricultural Economic Loss,0,0.41743619910180996,-1.4840713739395142,dry,1
2025-09-01,9,NL332,Agglomeratie ’s-Gravenhage,Agricultural Economic Loss,0,0.1709336232369901,-1.723048210144043,dry,1
2024-01-01,1,NL333,Delft en Westland,Agricultural Economic Loss,0,0.16992963529435823,1.4589471817016602,wet,1
2024-02-01,2,NL333,Delft en Westland,Agricultural Economic Loss,0,0.19847250456358997,1.889495611190796,wet,1
2024-03-01,3,NL333,Delft en Westland,Agricultural Economic Loss,0,0.14516274497397072,1.5272536277770996,wet,1
2024-04-01,4,NL333,Delft en Westland,Agricultural Economic Loss,0,0.2339958870882871,1.6712430715560913,wet,1
2024-05-01,5,NL333,Delft en Westland,Agricultural Economic Loss,0,0.42051896945725364,2.103944778442383,wet,1
2024-06-01,6,NL333,Delft en Westland,Agricultural Economic Loss,0,0.3496681719727262,2.5638675689697266,wet,1
2024-07-01,7,NL333,Delft en Westland,Agricultural Economic Loss,0,0.28721998249127867,2.8959829807281494,wet,1
2024-08-01,8,NL333,Delft en Westland,Agricultural Economic Loss,0,0.398338432145307,2.653705358505249,wet,1
2024-09-01,9,NL333,Delft en Westland,Agricultural Economic Loss,0,0.3256211924452522,2.9503586292266846,wet,1
2024-10-01,10,NL333,Delft en Westland,Agricultural Economic Loss,0,0.22902552799281162,2.2567052841186523,wet,1
2024-11-01,11,NL333,Delft en Westland,Agricultural Economic Loss,0,0.19326835033118744,1.799555778503418,wet,1
2024-12-01,12,NL333,Delft en Westland,Agricultural Economic Loss,0,0.1462354366309954,1.66428804397583,wet,1
2025-01-01,1,NL333,Delft en Westland,Agricultural Economic Loss,0,0.187789345443949,1.640883445739746,wet,1
2025-02-01,2,NL333,Delft en Westland,Agricultural Economic Loss,0,0.27131820676272134,1.163700819015503,wet,1
2025-03-01,3,NL333,Delft en Westland,Agricultural Economic Loss,0,0.5073590746123793,0.7183709144592285,near_normal,1
2025-04-01,4,NL333,Delft en Westland,Agricultural Economic Loss,0,0.6267537482285463,0.003728199517354369,near_normal,1
2025-05-01,5,NL333,Delft en Westland,Agricultural Economic Loss,0,0.7102995960109125,-0.8432844877243042,near_normal,1
2025-06-01,6,NL333,Delft en Westland,Agricultural Economic Loss,0,0.7273150062187795,-1.0905721187591553,dry,1
2025-07-01,7,NL333,Delft en Westland,Agricultural Economic Loss,0,0.6578558382135166,-1.26656973361969,dry,1
2025-08-01,8,NL333,Delft en Westland,Agricultural Economic Loss,0,0.734447120323752,-1.6068077087402344,dry,1
2025-09-01,9,NL333,Delft en Westland,Agricultural Economic Loss,0,0.3962349095057981,-1.8662478923797607,dry,1
2024-01-01,1,NL337,Agglomeratie Leiden en Bollenstreek,Agricultural Economic Loss,0,0.0834748506385031,1.5254942178726196,wet,1
2024-02-01,2,NL337,Agglomeratie Leiden en Bollenstreek,Agricultural Economic Loss,0,0.0806267855434197,1.930662751197815,wet,1
2024-03-01,3,NL337,Agglomeratie Leiden en Bollenstreek,Agricultural Economic Loss,0,0.07158806851256076,1.600808024406433,wet,1
2024-04-01,4,NL337,Agglomeratie Leiden en Bollenstreek,Agricultural Economic Loss,0,0.12021156116332195,1.8393596410751343,wet,1
2024-05-01,5,NL337,Agglomeratie Leiden en Bollenstreek,Agricultural Economic Loss,0,0.24357196544553292,2.308445453643799,wet,1
2024-06-01,6,NL337,Agglomeratie Leiden en Bollenstreek,Agricultural Economic Loss,0,0.21128092849254976,2.742405891418457,wet,1
2024-07-01,7,NL337,Agglomeratie Leiden en Bollenstreek,Agricultural Economic Loss,0,0.1857254866691711,2.7151103019714355,wet,1
2024-08-01,8,NL337,Agglomeratie Leiden en Bollenstreek,Agricultural Economic Loss,0,0.28297603858298315,2.554049253463745,wet,1
2024-09-01,9,NL337,Agglomeratie Leiden en Bollenstreek,Agricultural Economic Loss,0,0.20690223896292442,2.7597999572753906,wet,1
2024-10-01,10,NL337,Agglomeratie Leiden en Bollenstreek,Agricultural Economic Loss,0,0.1263099459561684,2.198561906814575,wet,1
2024-11-01,11,NL337,Agglomeratie Leiden en Bollenstreek,Agricultural Economic Loss,0,0.0951224386964569,1.7335660457611084,wet,1
2024-12-01,12,NL337,Agglomeratie Leiden en Bollenstreek,Agricultural Economic Loss,0,0.06972300080534445,1.5648200511932373,wet,1
2025-01-01,1,NL337,Agglomeratie Leiden en Bollenstreek,Agricultural Economic Loss,0,0.1066562201051061,1.5522692203521729,wet,1
2025-02-01,2,NL337,Agglomeratie Leiden en Bollenstreek,Agricultural Economic Loss,0,0.169792597677814,1.016635775566101,wet,1
2025-03-01,3,NL337,Agglomeratie Leiden en Bollenstreek,Agricultural Economic Loss,0,0.31062784093452656,0.5903820991516113,near_normal,1
2025-04-01,4,NL337,Agglomeratie Leiden en Bollenstreek,Agricultural Economic Loss,0,0.42934017837124216,-0.16400562226772308,near_normal,1
2025-05-01,5,NL337,Agglomeratie Leiden en Bollenstreek,Agricultural Economic Loss,0,0.5301031986971064,-0.8812072277069092,near_normal,1
2025-06-01,6,NL337,Agglomeratie Leiden en Bollenstreek,Agricultural Economic Loss,0,0.582247641480906,-1.0348807573318481,dry,1
2025-07-01,7,NL337,Agglomeratie Leiden en Bollenstreek,Agricultural Economic Loss,0,0.45054842405334256,-1.1747100353240967,dry,1
2025-08-01,8,NL337,Agglomeratie Leiden en Bollenstreek,Agricultural Economic Loss,0,0.5038792306992604,-1.5170913934707642,dry,1
2025-09-01,9,NL337,Agglomeratie Leiden en Bollenstreek,Agricultural Economic Loss,0,0.21356962133614127,-1.738526463508606,dry,1
2024-01-01,1,NL33A,Zuidoost-Zuid-Holland,Agricultural Economic Loss,0,0.11919744214146313,1.5022345781326294,wet,1
2024-02-01,2,NL33A,Zuidoost-Zuid-Holland,Agricultural Economic Loss,0,0.11879449038605362,1.9734735488891602,wet,1
2024-03-01,3,NL33A,Zuidoost-Zuid-Holland,Agricultural Economic Loss,0,0.09903543328829692,1.6091928482055664,wet,1
2024-04-01,4,NL33A,Zuidoost-Zuid-Holland,Agricultural Economic Loss,0,0.15919873220528893,1.869387149810791,wet,1
2024-05-01,5,NL33A,Zuidoost-Zuid-Holland,Agricultural Economic Loss,0,0.3370965834598749,2.296041488647461,wet,1
2024-06-01,6,NL33A,Zuidoost-Zuid-Holland,Agricultural Economic Loss,0,0.23523996538025468,2.7406914234161377,wet,1
2024-07-01,7,NL33A,Zuidoost-Zuid-Holland,Agricultural Economic Loss,0,0.23186637815717964,3.1620676517486572,wet,1
2024-08-01,8,NL33A,Zuidoost-Zuid-Holland,Agricultural Economic Loss,0,0.2993305524310793,2.5882296562194824,wet,1
2024-09-01,9,NL33A,Zuidoost-Zuid-Holland,Agricultural Economic Loss,0,0.2602350631281104,3.196017026901245,wet,1
2024-10-01,10,NL33A,Zuidoost-Zuid-Holland,Agricultural Economic Loss,0,0.17260555418434861,2.4383902549743652,wet,1
2024-11-01,11,NL33A,Zuidoost-Zuid-Holland,Agricultural Economic Loss,0,0.13182967320193453,1.9545094966888428,wet,1
2024-12-01,12,NL33A,Zuidoost-Zuid-Holland,Agricultural Economic Loss,0,0.09957874584967452,1.7752925157546997,wet,1
2025-01-01,1,NL33A,Zuidoost-Zuid-Holland,Agricultural Economic Loss,0,0.13207510636298464,1.8329216241836548,wet,1
2025-02-01,2,NL33A,Zuidoost-Zuid-Holland,Agricultural Economic Loss,0,0.2064435499410931,1.3434903621673584,wet,1
2025-03-01,3,NL33A,Zuidoost-Zuid-Holland,Agricultural Economic Loss,0,0.4721655708243457,0.9254148006439209,near_normal,1
2025-04-01,4,NL33A,Zuidoost-Zuid-Holland,Agricultural Economic Loss,0,0.5065330168102208,0.18472331762313843,near_normal,1
2025-05-01,5,NL33A,Zuidoost-Zuid-Holland,Agricultural Economic Loss,0,0.620164494982108,-0.6993400454521179,near_normal,1
2025-06-01,6,NL33A,Zuidoost-Zuid-Holland,Agricultural Economic Loss,0,0.6690642822745222,-0.928616464138031,near_normal,1
2025-07-01,7,NL33A,Zuidoost-Zuid-Holland,Agricultural Economic Loss,0,0.5642532975801758,-1.0900894403457642,dry,1
2025-08-01,8,NL33A,Zuidoost-Zuid-Holland,Agricultural Economic Loss,0,0.6377967121474782,-1.5483509302139282,dry,1
2025-09-01,9,NL33A,Zuidoost-Zuid-Holland,Agricultural Economic Loss,0,0.3290453207607582,-1.7110259532928467,dry,1
2024-01-01,1,NL33B,Oost-Zuid-Holland,Agricultural Economic Loss,0,0.049670990718051984,1.5254942178726196,wet,1
2024-02-01,2,NL33B,Oost-Zuid-Holland,Agricultural Economic Loss,0,0.043698048238004696,1.930662751197815,wet,1
2024-03-01,3,NL33B,Oost-Zuid-Holland,Agricultural Economic Loss,0,0.042221934987643955,1.600808024406433,wet,1
2024-04-01,4,NL33B,Oost-Zuid-Holland,Agricultural Economic Loss,0,0.07304635467490847,1.8393596410751343,wet,1
2024-05-01,5,NL33B,Oost-Zuid-Holland,Agricultural Economic Loss,0,0.15745050537919572,2.308445453643799,wet,1
2024-06-01,6,NL33B,Oost-Zuid-Holland,Agricultural Economic Loss,0,0.12860257981750378,2.742405891418457,wet,1
2024-07-01,7,NL33B,Oost-Zuid-Holland,Agricultural Economic Loss,0,0.11797720697699214,2.7151103019714355,wet,1
2024-08-01,8,NL33B,Oost-Zuid-Holland,Agricultural Economic Loss,0,0.1635157564962097,2.554049253463745,wet,1
2024-09-01,9,NL33B,Oost-Zuid-Holland,Agricultural Economic Loss,0,0.13258690792978356,2.7597999572753906,wet,1
2024-10-01,10,NL33B,Oost-Zuid-Holland,Agricultural Economic Loss,0,0.07348244246512861,2.198561906814575,wet,1
2024-11-01,11,NL33B,Oost-Zuid-Holland,Agricultural Economic Loss,0,0.05651494331398595,1.7335660457611084,wet,1
2024-12-01,12,NL33B,Oost-Zuid-Holland,Agricultural Economic Loss,0,0.04172565178817892,1.5648200511932373,wet,1
2025-01-01,1,NL33B,Oost-Zuid-Holland,Agricultural Economic Loss,0,0.06635049821730482,1.5522692203521729,wet,1
2025-02-01,2,NL33B,Oost-Zuid-Holland,Agricultural Economic Loss,0,0.1094487672347043,1.016635775566101,wet,1
2025-03-01,3,NL33B,Oost-Zuid-Holland,Agricultural Economic Loss,0,0.26546794868761303,0.5903820991516113,near_normal,1
2025-04-01,4,NL33B,Oost-Zuid-Holland,Agricultural Economic Loss,0,0.304993493376639,-0.16400562226772308,near_normal,1
2025-05-01,5,NL33B,Oost-Zuid-Holland,Agricultural Economic Loss,0,0.39228319066625106,-0.8812072277069092,near_normal,1
2025-06-01,6,NL33B,Oost-Zuid-Holland,Agricultural Economic Loss,0,0.4053437393626691,-1.0348807573318481,dry,1
2025-07-01,7,NL33B,Oost-Zuid-Holland,Agricultural Economic Loss,0,0.32026493982831455,-1.1747100353240967,dry,1
2025-08-01,8,NL33B,Oost-Zuid-Holland,Agricultural Economic Loss,0,0.3681564225985418,-1.5170913934707642,dry,1
2025-09-01,9,NL33B,Oost-Zuid-Holland,Agricultural Economic Loss,0,0.15438000361699836,-1.738526463508606,dry,1
2024-01-01,1,NL33C,Groot-Rijnmond,Agricultural Economic Loss,0,0.28897139962487145,1.481999437014262,wet,1
2024-02-01,2,NL33C,Groot-Rijnmond,Agricultural Economic Loss,0,0.30690054492773594,1.9045462608337402,wet,1
2024-03-01,3,NL33C,Groot-Rijnmond,Agricultural Economic Loss,0,0.252916702772725,1.55764905611674,wet,1
2024-04-01,4,NL33C,Groot-Rijnmond,Agricultural Economic Loss,0,0.3756954289991543,1.7358837127685547,wet,1
2024-05-01,5,NL33C,Groot-Rijnmond,Agricultural Economic Loss,0,0.5909204220785607,2.1709097226460776,wet,1
2024-06-01,6,NL33C,Groot-Rijnmond,Agricultural Economic Loss,0,0.50980385906633,2.626691977183024,wet,1
2024-07-01,7,NL33C,Groot-Rijnmond,Agricultural Economic Loss,0,0.4506526139674374,2.903880516688029,wet,1
2024-08-01,8,NL33C,Groot-Rijnmond,Agricultural Economic Loss,0,0.5589924671082973,2.6491270065307617,wet,1
2024-09-01,9,NL33C,Groot-Rijnmond,Agricultural Economic Loss,0,0.48091000689169433,2.9472951889038086,wet,1
2024-10-01,10,NL33C,Groot-Rijnmond,Agricultural Economic Loss,0,0.3659078582949941,2.2849376996358237,wet,1
2024-11-01,11,NL33C,Groot-Rijnmond,Agricultural Economic Loss,0,0.31142481795691795,1.8019837141036987,wet,1
2024-12-01,12,NL33C,Groot-Rijnmond,Agricultural Economic Loss,0,0.2569501659757862,1.676819920539856,wet,1
2025-01-01,1,NL33C,Groot-Rijnmond,Agricultural Economic Loss,0,0.3217685387261439,1.6513664722442627,wet,1
2025-02-01,2,NL33C,Groot-Rijnmond,Agricultural Economic Loss,0,0.4420704260025726,1.1506803433100383,wet,1
2025-03-01,3,NL33C,Groot-Rijnmond,Agricultural Economic Loss,0,0.6754819901279022,0.7058199445406595,near_normal,1
2025-04-01,4,NL33C,Groot-Rijnmond,Agricultural Economic Loss,0,0.758471238109883,-0.012301225292806825,near_normal,1
2025-05-01,5,NL33C,Groot-Rijnmond,Agricultural Economic Loss,1,0.8232019351920863,-0.8446452021598816,near_normal,1
2025-06-01,6,NL33C,Groot-Rijnmond,Agricultural Economic Loss,0,0.8432347412956427,-1.0734885931015015,dry,1
2025-07-01,7,NL33C,Groot-Rijnmond,Agricultural Economic Loss,0,0.7870963984020078,-1.2388241688410442,dry,1
2025-08-01,8,NL33C,Groot-Rijnmond,Agricultural Economic Loss,0,0.8418716726215201,-1.566239356994629,dry,1
2025-09-01,9,NL33C,Groot-Rijnmond,Agricultural Economic Loss,0,0.5728676549447711,-1.825290282567342,dry,1
2024-01-01,1,NL341,Zeeuwsch-Vlaanderen,Agricultural Economic Loss,0,0.42703539361848886,1.0990768671035767,wet,1
2024-02-01,2,NL341,Zeeuwsch-Vlaanderen,Agricultural Economic Loss,0,0.39940399929374637,1.6654661893844604,wet,1
2024-03-01,3,NL341,Zeeuwsch-Vlaanderen,Agricultural Economic Loss,0,0.37166067020768917,1.4342957735061646,wet,1
2024-04-01,4,NL341,Zeeuwsch-Vlaanderen,Agricultural Economic Loss,1,0.5001493526822975,1.72164386510849,wet,1
2024-05-01,5,NL341,Zeeuwsch-Vlaanderen,Agricultural Economic Loss,0,0.7157557539567521,2.0468907356262207,wet,1
2024-06-01,6,NL341,Zeeuwsch-Vlaanderen,Agricultural Economic Loss,0,0.6370173764949011,2.511785864830017,wet,1
2024-07-01,7,NL341,Zeeuwsch-Vlaanderen,Agricultural Economic Loss,0,0.5714391905895405,2.5947717428207397,wet,1
2024-08-01,8,NL341,Zeeuwsch-Vlaanderen,Agricultural Economic Loss,0,0.6596592659391933,2.2865796089172363,wet,1
2024-09-01,9,NL341,Zeeuwsch-Vlaanderen,Agricultural Economic Loss,0,0.6017544192088705,2.4733811616897583,wet,1
2024-10-01,10,NL341,Zeeuwsch-Vlaanderen,Agricultural Economic Loss,1,0.5034811705025579,2.181926131248474,wet,1
2024-11-01,11,NL341,Zeeuwsch-Vlaanderen,Agricultural Economic Loss,0,0.39166322256944464,1.6795973777770996,wet,1
2024-12-01,12,NL341,Zeeuwsch-Vlaanderen,Agricultural Economic Loss,0,0.4033182563545304,1.661611557006836,wet,1
2025-01-01,1,NL341,Zeeuwsch-Vlaanderen,Agricultural Economic Loss,0,0.5043366625751112,1.6901467442512512,wet,1
2025-02-01,2,NL341,Zeeuwsch-Vlaanderen,Agricultural Economic Loss,0,0.5990063370174066,1.1577122211456299,wet,1
2025-03-01,3,NL341,Zeeuwsch-Vlaanderen,Agricultural Economic Loss,0,0.8106505900198062,0.565402165055275,near_normal,1
2025-04-01,4,NL341,Zeeuwsch-Vlaanderen,Agricultural Economic Loss,1,0.8354467743962053,-0.27620716392993927,near_normal,1
2025-05-01,5,NL341,Zeeuwsch-Vlaanderen,Agricultural Economic Loss,1,0.8745162961040216,-1.0510993003845215,dry,1
2025-06-01,6,NL341,Zeeuwsch-Vlaanderen,Agricultural Economic Loss,1,0.9057050146311534,-1.2060883045196533,dry,1
2025-07-01,7,NL341,Zeeuwsch-Vlaanderen,Agricultural Economic Loss,1,0.8914335372197868,-1.3016448020935059,dry,1
2025-08-01,8,NL341,Zeeuwsch-Vlaanderen,Agricultural Economic Loss,0,0.9076053671238018,-1.7224125266075134,dry,1
2025-09-01,9,NL341,Zeeuwsch-Vlaanderen,Agricultural Economic Loss,0,0.7149353184489345,-2.1238150596618652,dry,1
2024-01-01,1,NL342,Overig Zeeland,Agricultural Economic Loss,1,0.39625312748046054,1.3286210298538208,wet,1
2024-02-01,2,NL342,Overig Zeeland,Agricultural Economic Loss,0,0.4233558837875424,1.7934848070144653,wet,1
2024-03-01,3,NL342,Overig Zeeland,Agricultural Economic Loss,0,0.35151273394754473,1.4659996032714844,wet,1
2024-04-01,4,NL342,Overig Zeeland,Agricultural Economic Loss,1,0.48283564661867123,1.6179192066192627,wet,1
2024-05-01,5,NL342,Overig Zeeland,Agricultural Economic Loss,0,0.6767891453625162,2.0807783603668213,wet,1
2024-06-01,6,NL342,Overig Zeeland,Agricultural Economic Loss,0,0.58009486181431,2.572701930999756,wet,1
2024-07-01,7,NL342,Overig Zeeland,Agricultural Economic Loss,0,0.5369829360033849,2.9837281703948975,wet,1
2024-08-01,8,NL342,Overig Zeeland,Agricultural Economic Loss,0,0.6091600395447598,2.67411470413208,wet,1
2024-09-01,9,NL342,Overig Zeeland,Agricultural Economic Loss,0,0.5669812657191202,2.8608145713806152,wet,1
2024-10-01,10,NL342,Overig Zeeland,Agricultural Economic Loss,1,0.4783478839112967,2.296290636062622,wet,1
2024-11-01,11,NL342,Overig Zeeland,Agricultural Economic Loss,0,0.38685179733579467,1.8551033735275269,wet,1
2024-12-01,12,NL342,Overig Zeeland,Agricultural Economic Loss,0,0.35217086156295324,1.8005717992782593,wet,1
2025-01-01,1,NL342,Overig Zeeland,Agricultural Economic Loss,0,0.39702436517045875,1.798425555229187,wet,1
2025-02-01,2,NL342,Overig Zeeland,Agricultural Economic Loss,0,0.5213672465558633,1.329056739807129,wet,1
2025-03-01,3,NL342,Overig Zeeland,Agricultural Economic Loss,0,0.7416002717748482,0.8654971122741699,near_normal,1
2025-04-01,4,NL342,Overig Zeeland,Agricultural Economic Loss,1,0.8294594766610834,0.127136692404747,near_normal,1
2025-05-01,5,NL342,Overig Zeeland,Agricultural Economic Loss,1,0.8740516251398691,-0.8692893981933594,near_normal,1
2025-06-01,6,NL342,Overig Zeeland,Agricultural Economic Loss,1,0.8875691308971277,-1.1390583515167236,dry,1
2025-07-01,7,NL342,Overig Zeeland,Agricultural Economic Loss,1,0.8559224529739913,-1.3374229669570923,dry,1
2025-08-01,8,NL342,Overig Zeeland,Agricultural Economic Loss,1,0.8984695028889648,-1.7264788150787354,dry,1
2025-09-01,9,NL342,Overig Zeeland,Agricultural Economic Loss,0,0.6723943352064607,-2.0268850326538086,dry,1
2024-01-01,1,NL411,West-Noord-Brabant,Agricultural Economic Loss,0,0.2752475668820972,1.4279340207576752,wet,1
2024-02-01,2,NL411,West-Noord-Brabant,Agricultural Economic Loss,0,0.30187728376212275,1.9115989208221436,wet,1
2024-03-01,3,NL411,West-Noord-Brabant,Agricultural Economic Loss,0,0.2718104607170937,1.5701760351657867,wet,1
2024-04-01,4,NL411,West-Noord-Brabant,Agricultural Economic Loss,0,0.363520404866615,1.794410079717636,wet,1
2024-05-01,5,NL411,West-Noord-Brabant,Agricultural Economic Loss,0,0.5889574351666128,2.1759976744651794,wet,1
2024-06-01,6,NL411,West-Noord-Brabant,Agricultural Economic Loss,0,0.41814703021952265,2.6817938685417175,wet,1
2024-07-01,7,NL411,West-Noord-Brabant,Agricultural Economic Loss,0,0.40862230780598746,3.1869431138038635,wet,1
2024-08-01,8,NL411,West-Noord-Brabant,Agricultural Economic Loss,0,0.5078036653089723,2.5752928256988525,wet,1
2024-09-01,9,NL411,West-Noord-Brabant,Agricultural Economic Loss,0,0.45648115946438794,3.2261340022087097,wet,1
2024-10-01,10,NL411,West-Noord-Brabant,Agricultural Economic Loss,0,0.35832796437170755,2.4958202242851257,wet,1
2024-11-01,11,NL411,West-Noord-Brabant,Agricultural Economic Loss,0,0.29231520873173783,1.9934806823730469,wet,1
2024-12-01,12,NL411,West-Noord-Brabant,Agricultural Economic Loss,0,0.24375656505663795,1.8938453793525696,wet,1
2025-01-01,1,NL411,West-Noord-Brabant,Agricultural Economic Loss,0,0.29139006978576054,1.9489366114139557,wet,1
2025-02-01,2,NL411,West-Noord-Brabant,Agricultural Economic Loss,0,0.38749389449086746,1.4912947714328766,wet,1
2025-03-01,3,NL411,West-Noord-Brabant,Agricultural Economic Loss,0,0.6368478900162308,1.0794287621974945,wet,1
2025-04-01,4,NL411,West-Noord-Brabant,Agricultural Economic Loss,0,0.7213653943741546,0.3902544379234314,near_normal,1
2025-05-01,5,NL411,West-Noord-Brabant,Agricultural Economic Loss,0,0.8181223774888581,-0.6107541918754578,near_normal,1
2025-06-01,6,NL411,West-Noord-Brabant,Agricultural Economic Loss,0,0.857643406932698,-0.9553556591272354,near_normal,1
2025-07-01,7,NL411,West-Noord-Brabant,Agricultural Economic Loss,0,0.789726832841694,-1.197560876607895,dry,1
2025-08-01,8,NL411,West-Noord-Brabant,Agricultural Economic Loss,0,0.8648739267184933,-1.7818401753902435,dry,1
2025-09-01,9,NL411,West-Noord-Brabant,Agricultural Economic Loss,0,0.5555696000599588,-1.944325178861618,dry,1
2024-01-01,1,NL412,Midden-Noord-Brabant,Agricultural Economic Loss,0,0.21261258979533854,1.5439085960388184,wet,1
2024-02-01,2,NL412,Midden-Noord-Brabant,Agricultural Economic Loss,0,0.21822593865152998,2.0561699867248535,wet,1
2024-03-01,3,NL412,Midden-Noord-Brabant,Agricultural Economic Loss,0,0.2234084057113771,1.6683708429336548,wet,1
2024-04-01,4,NL412,Midden-Noord-Brabant,Agricultural Economic Loss,0,0.3100324383967838,1.9227519035339355,wet,1
2024-05-01,5,NL412,Midden-Noord-Brabant,Agricultural Economic Loss,0,0.547891200363905,2.350119113922119,wet,1
2024-06-01,6,NL412,Midden-Noord-Brabant,Agricultural Economic Loss,0,0.41484502291589886,2.7400357723236084,wet,1
2024-07-01,7,NL412,Midden-Noord-Brabant,Agricultural Economic Loss,0,0.3454009244306629,3.3474960327148438,wet,1
2024-08-01,8,NL412,Midden-Noord-Brabant,Agricultural Economic Loss,0,0.4280178174367889,2.595762252807617,wet,1
2024-09-01,9,NL412,Midden-Noord-Brabant,Agricultural Economic Loss,0,0.34791541919065666,3.8588836193084717,wet,1
2024-10-01,10,NL412,Midden-Noord-Brabant,Agricultural Economic Loss,0,0.29712479782732604,2.767239809036255,wet,1
2024-11-01,11,NL412,Midden-Noord-Brabant,Agricultural Economic Loss,0,0.24065498265438137,2.2039122581481934,wet,1
2024-12-01,12,NL412,Midden-Noord-Brabant,Agricultural Economic Loss,0,0.19107795003237585,2.016164541244507,wet,1
2025-01-01,1,NL412,Midden-Noord-Brabant,Agricultural Economic Loss,0,0.2396470062201785,2.0861504077911377,wet,1
2025-02-01,2,NL412,Midden-Noord-Brabant,Agricultural Economic Loss,0,0.3218492710091436,1.595111608505249,wet,1
2025-03-01,3,NL412,Midden-Noord-Brabant,Agricultural Economic Loss,0,0.6124542818997816,1.174560785293579,wet,1
2025-04-01,4,NL412,Midden-Noord-Brabant,Agricultural Economic Loss,0,0.6583908062639303,0.5439844131469727,near_normal,1
2025-05-01,5,NL412,Midden-Noord-Brabant,Agricultural Economic Loss,0,0.7713056810795299,-0.45212289690971375,near_normal,1
2025-06-01,6,NL412,Midden-Noord-Brabant,Agricultural Economic Loss,0,0.8272436084329777,-0.7468729019165039,near_normal,1
2025-07-01,7,NL412,Midden-Noord-Brabant,Agricultural Economic Loss,0,0.7368813299187212,-1.0836814641952515,dry,1
2025-08-01,8,NL412,Midden-Noord-Brabant,Agricultural Economic Loss,0,0.8193263229319886,-1.6820485591888428,dry,1
2025-09-01,9,NL412,Midden-Noord-Brabant,Agricultural Economic Loss,0,0.4908971988032038,-1.6659215688705444,dry,1
2024-01-01,1,NL413,Noordoost-Noord-Brabant,Agricultural Economic Loss,0,0.2638303092021825,1.7263375918070476,wet,1
2024-02-01,2,NL413,Noordoost-Noord-Brabant,Agricultural Economic Loss,0,0.23661245652513158,2.301957845687866,wet,1
2024-03-01,3,NL413,Noordoost-Noord-Brabant,Agricultural Economic Loss,0,0.2862524157850782,1.7595105568567913,wet,1
2024-04-01,4,NL413,Noordoost-Noord-Brabant,Agricultural Economic Loss,0,0.3772337555148741,1.9506117502848308,wet,1
2024-05-01,5,NL413,Noordoost-Noord-Brabant,Agricultural Economic Loss,0,0.6448935727010439,2.5292108058929443,wet,1
2024-06-01,6,NL413,Noordoost-Noord-Brabant,Agricultural Economic Loss,0,0.5328734535745976,2.860475540161133,wet,1
2024-07-01,7,NL413,Noordoost-Noord-Brabant,Agricultural Economic Loss,0,0.32890986671697825,3.60351292292277,wet,1
2024-08-01,8,NL413,Noordoost-Noord-Brabant,Agricultural Economic Loss,0,0.5295190026293544,2.6137571334838867,wet,1
2024-09-01,9,NL413,Noordoost-Noord-Brabant,Agricultural Economic Loss,0,0.4265349038446487,3.99537460009257,wet,1
2024-10-01,10,NL413,Noordoost-Noord-Brabant,Agricultural Economic Loss,0,0.3390555870647301,2.824659744898478,wet,1
2024-11-01,11,NL413,Noordoost-Noord-Brabant,Agricultural Economic Loss,0,0.26311850905470285,2.297260840733846,wet,1
2024-12-01,12,NL413,Noordoost-Noord-Brabant,Agricultural Economic Loss,0,0.20908644396435697,2.027393857638041,wet,1
2025-01-01,1,NL413,Noordoost-Noord-Brabant,Agricultural Economic Loss,0,0.2551328677879823,2.1666224797566733,wet,1
2025-02-01,2,NL413,Noordoost-Noord-Brabant,Agricultural Economic Loss,0,0.3790324025148145,1.6576051712036133,wet,1
2025-03-01,3,NL413,Noordoost-Noord-Brabant,Agricultural Economic Loss,0,0.6906114623613495,1.1836046775182087,wet,1
2025-04-01,4,NL413,Noordoost-Noord-Brabant,Agricultural Economic Loss,0,0.6825424947222004,0.6166368325551351,near_normal,1
2025-05-01,5,NL413,Noordoost-Noord-Brabant,Agricultural Economic Loss,0,0.7873446678382767,-0.433600256840388,near_normal,1
2025-06-01,6,NL413,Noordoost-Noord-Brabant,Agricultural Economic Loss,0,0.8438034320227039,-0.6352093617121378,near_normal,1
2025-07-01,7,NL413,Noordoost-Noord-Brabant,Agricultural Economic Loss,1,0.7988182577301527,-0.9555245041847229,near_normal,1
2025-08-01,8,NL413,Noordoost-Noord-Brabant,Agricultural Economic Loss,0,0.8638458232659455,-1.5380258957544963,dry,1
2025-09-01,9,NL413,Noordoost-Noord-Brabant,Agricultural Economic Loss,0,0.6355841902744628,-1.4824391603469849,dry,1
2024-01-01,1,NL414,Zuidoost-Noord-Brabant,Agricultural Economic Loss,0,0.26747291350834795,1.6660036146640778,wet,1
2024-02-01,2,NL414,Zuidoost-Noord-Brabant,Agricultural Economic Loss,0,0.2554806255752289,2.2208192348480225,wet,1
2024-03-01,3,NL414,Zuidoost-Noord-Brabant,Agricultural Economic Loss,0,0.3009063241292741,1.7530253231525421,wet,1
2024-04-01,4,NL414,Zuidoost-Noord-Brabant,Agricultural Economic Loss,0,0.40336234105265417,1.9222524464130402,wet,1
2024-05-01,5,NL414,Zuidoost-Noord-Brabant,Agricultural Economic Loss,0,0.6433608022420932,2.4804680943489075,wet,1
2024-06-01,6,NL414,Zuidoost-Noord-Brabant,Agricultural Economic Loss,0,0.5569040184327408,2.8313465118408203,wet,1
2024-07-01,7,NL414,Zuidoost-Noord-Brabant,Agricultural Economic Loss,0,0.3849382573004641,3.323698878288269,wet,1
2024-08-01,8,NL414,Zuidoost-Noord-Brabant,Agricultural Economic Loss,0,0.5185523910957168,2.4005433320999146,wet,1
2024-09-01,9,NL414,Zuidoost-Noord-Brabant,Agricultural Economic Loss,0,0.4196044097782894,3.6095246076583862,wet,1
2024-10-01,10,NL414,Zuidoost-Noord-Brabant,Agricultural Economic Loss,0,0.316187813185662,2.8009841442108154,wet,1
2024-11-01,11,NL414,Zuidoost-Noord-Brabant,Agricultural Economic Loss,0,0.25238508633614665,2.219056189060211,wet,1
2024-12-01,12,NL414,Zuidoost-Noord-Brabant,Agricultural Economic Loss,0,0.2136596541003976,2.0562921166419983,wet,1
2025-01-01,1,NL414,Zuidoost-Noord-Brabant,Agricultural Economic Loss,0,0.27989178405209436,2.2320687770843506,wet,1
2025-02-01,2,NL414,Zuidoost-Noord-Brabant,Agricultural Economic Loss,0,0.38937840031717647,1.7058507800102234,wet,1
2025-03-01,3,NL414,Zuidoost-Noord-Brabant,Agricultural Economic Loss,0,0.6567990534076391,1.2108392715454102,wet,1
2025-04-01,4,NL414,Zuidoost-Noord-Brabant,Agricultural Economic Loss,0,0.6865959151316622,0.6923550665378571,near_normal,1
2025-05-01,5,NL414,Zuidoost-Noord-Brabant,Agricultural Economic Loss,0,0.7791366057667644,-0.4158538803458214,near_normal,1
2025-06-01,6,NL414,Zuidoost-Noord-Brabant,Agricultural Economic Loss,0,0.8351475757174049,-0.6612778455018997,near_normal,1
2025-07-01,7,NL414,Zuidoost-Noord-Brabant,Agricultural Economic Loss,0,0.8160476315244961,-1.0086569488048553,dry,1
2025-08-01,8,NL414,Zuidoost-Noord-Brabant,Agricultural Economic Loss,0,0.8912971786083114,-1.6495905816555023,dry,1
2025-09-01,9,NL414,Zuidoost-Noord-Brabant,Agricultural Economic Loss,0,0.6696871663252786,-1.5304934084415436,dry,1
2024-01-01,1,NL421,Noord-Limburg,Agricultural Economic Loss,0,0.356117506477679,1.8593108654022217,wet,1
2024-02-01,2,NL421,Noord-Limburg,Agricultural Economic Loss,0,0.294570113328419,2.512042760848999,wet,1
2024-03-01,3,NL421,Noord-Limburg,Agricultural Economic Loss,0,0.38910082930529183,1.865483283996582,wet,1
2024-04-01,4,NL421,Noord-Limburg,Agricultural Economic Loss,0,0.5073076236889991,1.9734376668930054,wet,1
2024-05-01,5,NL421,Noord-Limburg,Agricultural Economic Loss,0,0.7420505229096723,2.605700731277466,wet,1
2024-06-01,6,NL421,Noord-Limburg,Agricultural Economic Loss,0,0.6123523949100956,2.8035495281219482,wet,1
2024-07-01,7,NL421,Noord-Limburg,Agricultural Economic Loss,0,0.412119952368527,3.2032430171966553,wet,1
2024-08-01,8,NL421,Noord-Limburg,Agricultural Economic Loss,0,0.5693348563574087,2.251657724380493,wet,1
2024-09-01,9,NL421,Noord-Limburg,Agricultural Economic Loss,0,0.517977104920074,3.5400261878967285,wet,1
2024-10-01,10,NL421,Noord-Limburg,Agricultural Economic Loss,0,0.39524228629132246,2.855512857437134,wet,1
2024-11-01,11,NL421,Noord-Limburg,Agricultural Economic Loss,0,0.316106335685077,2.196915864944458,wet,1
2024-12-01,12,NL421,Noord-Limburg,Agricultural Economic Loss,0,0.2825819852426202,2.03786039352417,wet,1
2025-01-01,1,NL421,Noord-Limburg,Agricultural Economic Loss,0,0.35336956100929573,2.306771755218506,wet,1
2025-02-01,2,NL421,Noord-Limburg,Agricultural Economic Loss,0,0.5129702491562438,1.68009352684021,wet,1
2025-03-01,3,NL421,Noord-Limburg,Agricultural Economic Loss,0,0.7763814893185765,1.0877587795257568,wet,1
2025-04-01,4,NL421,Noord-Limburg,Agricultural Economic Loss,0,0.7286265694950272,0.6619554162025452,near_normal,1
2025-05-01,5,NL421,Noord-Limburg,Agricultural Economic Loss,0,0.7873080408993096,-0.44544780254364014,near_normal,1
2025-06-01,6,NL421,Noord-Limburg,Agricultural Economic Loss,1,0.8499112084757147,-0.5798614025115967,near_normal,1
2025-07-01,7,NL421,Noord-Limburg,Agricultural Economic Loss,0,0.8773435882638071,-0.800941526889801,near_normal,1
2025-08-01,8,NL421,Noord-Limburg,Agricultural Economic Loss,0,0.9305772119306952,-1.2454304695129395,dry,1
2025-09-01,9,NL421,Noord-Limburg,Agricultural Economic Loss,0,0.7719238373815973,-1.325162410736084,dry,1
2024-01-01,1,NL422,Midden-Limburg,Agricultural Economic Loss,0,0.3363417506884003,1.595084309577942,wet,1
2024-02-01,2,NL422,Midden-Limburg,Agricultural Economic Loss,0,0.32209337600782484,2.1346378326416016,wet,1
2024-03-01,3,NL422,Midden-Limburg,Agricultural Economic Loss,0,0.37742457862890005,1.6730749607086182,wet,1
2024-04-01,4,NL422,Midden-Limburg,Agricultural Economic Loss,0,0.47458823316130133,1.7786504030227661,wet,1
2024-05-01,5,NL422,Midden-Limburg,Agricultural Economic Loss,0,0.7179601743353208,2.3970389366149902,wet,1
2024-06-01,6,NL422,Midden-Limburg,Agricultural Economic Loss,0,0.6521789870567707,2.6647117137908936,wet,1
2024-07-01,7,NL422,Midden-Limburg,Agricultural Economic Loss,0,0.5296561419645911,2.893308162689209,wet,1
2024-08-01,8,NL422,Midden-Limburg,Agricultural Economic Loss,0,0.5742153884665844,2.179447650909424,wet,1
2024-09-01,9,NL422,Midden-Limburg,Agricultural Economic Loss,0,0.5244943256089237,3.121680974960327,wet,1
2024-10-01,10,NL422,Midden-Limburg,Agricultural Economic Loss,0,0.3453041713161838,2.612539768218994,wet,1
2024-11-01,11,NL422,Midden-Limburg,Agricultural Economic Loss,0,0.26488965469128317,2.029146194458008,wet,1
2024-12-01,12,NL422,Midden-Limburg,Agricultural Economic Loss,0,0.24180178386147258,1.9572449922561646,wet,1
2025-01-01,1,NL422,Midden-Limburg,Agricultural Economic Loss,0,0.32397860761179376,2.3007307052612305,wet,1
2025-02-01,2,NL422,Midden-Limburg,Agricultural Economic Loss,0,0.4991798346261796,1.6659852266311646,wet,1
2025-03-01,3,NL422,Midden-Limburg,Agricultural Economic Loss,0,0.7305030893419804,1.1294753551483154,wet,1
2025-04-01,4,NL422,Midden-Limburg,Agricultural Economic Loss,0,0.7061073522965234,0.6900760531425476,near_normal,1
2025-05-01,5,NL422,Midden-Limburg,Agricultural Economic Loss,0,0.761850994747631,-0.4340934157371521,near_normal,1
2025-06-01,6,NL422,Midden-Limburg,Agricultural Economic Loss,1,0.8353434326036291,-0.5961017608642578,near_normal,1
2025-07-01,7,NL422,Midden-Limburg,Agricultural Economic Loss,0,0.8654764697187091,-0.7561391592025757,near_normal,1
2025-08-01,8,NL422,Midden-Limburg,Agricultural Economic Loss,0,0.9193358589070472,-1.2596315145492554,dry,1
2025-09-01,9,NL422,Midden-Limburg,Agricultural Economic Loss,0,0.7455263895297878,-1.256527304649353,dry,1
2024-01-01,1,NL423,Zuid-Limburg,Agricultural Economic Loss,0,0.33839798844369556,1.4646683931350708,wet,1
2024-02-01,2,NL423,Zuid-Limburg,Agricultural Economic Loss,0,0.34353838689919486,1.9057672023773193,wet,1
2024-03-01,3,NL423,Zuid-Limburg,Agricultural Economic Loss,0,0.3554415661537967,1.4721426963806152,wet,1
2024-04-01,4,NL423,Zuid-Limburg,Agricultural Economic Loss,0,0.4773085775331333,1.6109375953674316,wet,1
2024-05-01,5,NL423,Zuid-Limburg,Agricultural Economic Loss,0,0.7137706145880756,2.2602717876434326,wet,1
2024-06-01,6,NL423,Zuid-Limburg,Agricultural Economic Loss,0,0.6274092297181629,2.4993674755096436,wet,1
2024-07-01,7,NL423,Zuid-Limburg,Agricultural Economic Loss,0,0.6110123638441802,2.575399398803711,wet,1
2024-08-01,8,NL423,Zuid-Limburg,Agricultural Economic Loss,0,0.6330142801401607,2.1789464950561523,wet,1
2024-09-01,9,NL423,Zuid-Limburg,Agricultural Economic Loss,0,0.5584998424284153,2.988447666168213,wet,1
2024-10-01,10,NL423,Zuid-Limburg,Agricultural Economic Loss,0,0.3717278483616759,2.581728458404541,wet,1
2024-11-01,11,NL423,Zuid-Limburg,Agricultural Economic Loss,0,0.24904057485703393,2.0978105068206787,wet,1
2024-12-01,12,NL423,Zuid-Limburg,Agricultural Economic Loss,0,0.21791698511000646,2.107192277908325,wet,1
2025-01-01,1,NL423,Zuid-Limburg,Agricultural Economic Loss,0,0.29565799301445683,2.49822735786438,wet,1
2025-02-01,2,NL423,Zuid-Limburg,Agricultural Economic Loss,0,0.5058030411055989,1.7681748867034912,wet,1
2025-03-01,3,NL423,Zuid-Limburg,Agricultural Economic Loss,0,0.734499121980871,1.286401629447937,wet,1
2025-04-01,4,NL423,Zuid-Limburg,Agricultural Economic Loss,0,0.6654276619262083,0.8446741700172424,near_normal,1
2025-05-01,5,NL423,Zuid-Limburg,Agricultural Economic Loss,0,0.7369863433627128,-0.30450639128685,near_normal,1
2025-06-01,6,NL423,Zuid-Limburg,Agricultural Economic Loss,1,0.8406591680336151,-0.48462241888046265,near_normal,1
2025-07-01,7,NL423,Zuid-Limburg,Agricultural Economic Loss,0,0.8920142788477867,-0.5175946354866028,near_normal,1
2025-08-01,8,NL423,Zuid-Limburg,Agricultural Economic Loss,0,0.9182463312219652,-1.1383399963378906,dry,1
2025-09-01,9,NL423,Zuid-Limburg,Agricultural Economic Loss,0,0.7218243855138001,-1.2109681367874146,dry,1
2024-01-01,1,NL111,Oost-Groningen,Irrigation Shortage,0,0.09502706692577488,1.811567783355713,wet,1
2024-02-01,2,NL111,Oost-Groningen,Irrigation Shortage,0,0.10867869104368139,1.99618661403656,wet,1
2024-03-01,3,NL111,Oost-Groningen,Irrigation Shortage,0,0.16824510488102046,1.6847506165504456,wet,1
2024-04-01,4,NL111,Oost-Groningen,Irrigation Shortage,0,0.20496328851543058,1.9079570770263672,wet,1
2024-05-01,5,NL111,Oost-Groningen,Irrigation Shortage,0,0.41299543828775787,2.1447561979293823,wet,1
2024-06-01,6,NL111,Oost-Groningen,Irrigation Shortage,0,0.2930037248407433,2.7947285175323486,wet,1
2024-07-01,7,NL111,Oost-Groningen,Irrigation Shortage,0,0.291500518604387,2.7147164344787598,wet,1
2024-08-01,8,NL111,Oost-Groningen,Irrigation Shortage,0,0.34364887494935936,2.659160852432251,wet,1
2024-09-01,9,NL111,Oost-Groningen,Irrigation Shortage,0,0.3796534227803621,2.968327760696411,wet,1
2024-10-01,10,NL111,Oost-Groningen,Irrigation Shortage,0,0.16731771610087265,1.971750020980835,wet,1
2024-11-01,11,NL111,Oost-Groningen,Irrigation Shortage,0,0.14455198840935096,1.6035258769989014,wet,1
2024-12-01,12,NL111,Oost-Groningen,Irrigation Shortage,0,0.10012454473336514,1.1509708762168884,wet,1
2025-01-01,1,NL111,Oost-Groningen,Irrigation Shortage,0,0.1644309260886271,1.0549432635307312,wet,1
2025-02-01,2,NL111,Oost-Groningen,Irrigation Shortage,0,0.16489064894134783,0.49514587223529816,near_normal,1
2025-03-01,3,NL111,Oost-Groningen,Irrigation Shortage,0,0.3104038424267838,0.1761770248413086,near_normal,1
2025-04-01,4,NL111,Oost-Groningen,Irrigation Shortage,0,0.4132042047143689,-0.4283472001552582,near_normal,1
2025-05-01,5,NL111,Oost-Groningen,Irrigation Shortage,0,0.565835451553712,-0.9174109697341919,near_normal,1
2025-06-01,6,NL111,Oost-Groningen,Irrigation Shortage,0,0.49874658804990984,-0.9498004615306854,near_normal,1
2025-07-01,7,NL111,Oost-Groningen,Irrigation Shortage,0,0.31684242721192113,-1.1780112385749817,dry,1
2025-08-01,8,NL111,Oost-Groningen,Irrigation Shortage,0,0.5349412603428523,-1.31639963388443,dry,1
2025-09-01,9,NL111,Oost-Groningen,Irrigation Shortage,0,0.1569437522174013,-1.4372192025184631,dry,1
2024-01-01,1,NL112,Delfzijl en omgeving,Irrigation Shortage,0,0.2935389689437868,1.5744563341140747,wet,1
2024-03-01,3,NL112,Delfzijl en omgeving,Irrigation Shortage,0,0.4595376511134052,1.5986590385437012,wet,1
2024-04-01,4,NL112,Delfzijl en omgeving,Irrigation Shortage,0,0.5159631682594706,1.7463241815567017,wet,1
2024-05-01,5,NL112,Delfzijl en omgeving,Irrigation Shortage,0,0.7112138428698987,1.9306237697601318,wet,1
2024-06-01,6,NL112,Delfzijl en omgeving,Irrigation Shortage,0,0.6489222977982675,2.5208699703216553,wet,1
2024-07-01,7,NL112,Delfzijl en omgeving,Irrigation Shortage,0,0.6327668407755153,2.3603928089141846,wet,1
2024-08-01,8,NL112,Delfzijl en omgeving,Irrigation Shortage,0,0.678777751022098,2.3377909660339355,wet,1
2024-09-01,9,NL112,Delfzijl en omgeving,Irrigation Shortage,0,0.7083118662938893,2.484579563140869,wet,1
2024-10-01,10,NL112,Delfzijl en omgeving,Irrigation Shortage,0,0.4401486533300002,1.6715155839920044,wet,1
2024-11-01,11,NL112,Delfzijl en omgeving,Irrigation Shortage,0,0.4127702927787549,1.3462355136871338,wet,1
2024-12-01,12,NL112,Delfzijl en omgeving,Irrigation Shortage,0,0.3072998707403527,0.9495850205421448,near_normal,1
2025-01-01,1,NL112,Delfzijl en omgeving,Irrigation Shortage,0,0.44524086900705157,0.815735936164856,near_normal,1
2025-02-01,2,NL112,Delfzijl en omgeving,Irrigation Shortage,0,0.4438734463564642,0.2707626223564148,near_normal,1
2025-03-01,3,NL112,Delfzijl en omgeving,Irrigation Shortage,0,0.5930271114487993,-0.011577821336686611,near_normal,1
2025-04-01,4,NL112,Delfzijl en omgeving,Irrigation Shortage,0,0.745416729358583,-0.536076009273529,near_normal,1
2025-05-01,5,NL112,Delfzijl en omgeving,Irrigation Shortage,0,0.8497411815340354,-0.8959609270095825,near_normal,1
2025-06-01,6,NL112,Delfzijl en omgeving,Irrigation Shortage,0,0.7901981540210725,-0.9709566235542297,near_normal,1
2025-07-01,7,NL112,Delfzijl en omgeving,Irrigation Shortage,0,0.6647587326765098,-1.2213053703308105,dry,1
2025-08-01,8,NL112,Delfzijl en omgeving,Irrigation Shortage,0,0.698364288601703,-1.3407152891159058,dry,1
2025-09-01,9,NL112,Delfzijl en omgeving,Irrigation Shortage,0,0.4404271921639145,-1.4633549451828003,dry,1
2024-01-01,1,NL113,Overig Groningen,Irrigation Shortage,0,0.13681542938416452,1.553696870803833,wet,1
2024-02-01,2,NL113,Overig Groningen,Irrigation Shortage,0,0.14562420535454318,1.8252516984939575,wet,1
2024-03-01,3,NL113,Overig Groningen,Irrigation Shortage,0,0.24638778404015457,1.5759201447168987,wet,1
2024-04-01,4,NL113,Overig Groningen,Irrigation Shortage,0,0.2838195543523812,1.7591425975163777,wet,1
2024-05-01,5,NL113,Overig Groningen,Irrigation Shortage,0,0.4872084380812879,1.9804979960123699,wet,1
2024-06-01,6,NL113,Overig Groningen,Irrigation Shortage,0,0.4315270475852261,2.5567835172017417,wet,1
2024-07-01,7,NL113,Overig Groningen,Irrigation Shortage,0,0.4238204666355107,2.325056314468384,wet,1
2024-08-01,8,NL113,Overig Groningen,Irrigation Shortage,0,0.4423848973491535,2.289264678955078,wet,1
2024-09-01,9,NL113,Overig Groningen,Irrigation Shortage,0,0.461188350731353,2.4607760111490884,wet,1
2024-10-01,10,NL113,Overig Groningen,Irrigation Shortage,0,0.24533301666733437,1.74251393477122,wet,1
2024-11-01,11,NL113,Overig Groningen,Irrigation Shortage,0,0.21073853498288808,1.3726389805475872,wet,1
2024-12-01,12,NL113,Overig Groningen,Irrigation Shortage,0,0.14503771872740787,0.9944103360176086,near_normal,1
2025-01-01,1,NL113,Overig Groningen,Irrigation Shortage,0,0.23680511457349762,0.8821484843889872,near_normal,1
2025-02-01,2,NL113,Overig Groningen,Irrigation Shortage,0,0.24420807943831185,0.31073737144470215,near_normal,1
2025-03-01,3,NL113,Overig Groningen,Irrigation Shortage,0,0.3853530749776467,0.035581901048620544,near_normal,1
2025-04-01,4,NL113,Overig Groningen,Irrigation Shortage,0,0.5115237328311033,-0.45748992760976154,near_normal,1
2025-05-01,5,NL113,Overig Groningen,Irrigation Shortage,0,0.6896618216388966,-0.8022730549176534,near_normal,1
2025-06-01,6,NL113,Overig Groningen,Irrigation Shortage,0,0.6065224136492937,-0.9125909010569254,near_normal,1
2025-07-01,7,NL113,Overig Groningen,Irrigation Shortage,0,0.46182684362437976,-1.1193293333053589,dry,1
2025-08-01,8,NL113,Overig Groningen,Irrigation Shortage,0,0.6131315467077469,-1.2605481147766113,dry,1
2025-09-01,9,NL113,Overig Groningen,Irrigation Shortage,0,0.25064470794830396,-1.4358088970184326,dry,1
2024-01-01,1,NL124,Noord-Friesland,Irrigation Shortage,0,0.2758480272417118,1.3574422895908356,wet,1
2024-02-01,2,NL124,Noord-Friesland,Irrigation Shortage,0,0.270040133765601,1.7159639298915863,wet,1
2024-03-01,3,NL124,Noord-Friesland,Irrigation Shortage,0,0.42659911583178955,1.4683093130588531,wet,1
2024-04-01,4,NL124,Noord-Friesland,Irrigation Shortage,0,0.4693812347075386,1.7018274664878845,wet,1
2024-05-01,5,NL124,Noord-Friesland,Irrigation Shortage,0,0.6930573045327404,1.886545330286026,wet,1
2024-06-01,6,NL124,Noord-Friesland,Irrigation Shortage,0,0.6718824022649243,2.4364304542541504,wet,1
2024-07-01,7,NL124,Noord-Friesland,Irrigation Shortage,0,0.6161447684891768,2.1045264899730682,wet,1
2024-08-01,8,NL124,Noord-Friesland,Irrigation Shortage,0,0.6498845014590285,2.0753729045391083,wet,1
2024-09-01,9,NL124,Noord-Friesland,Irrigation Shortage,0,0.6396680564389434,2.2301748991012573,wet,1
2024-10-01,10,NL124,Noord-Friesland,Irrigation Shortage,0,0.40771195617345557,1.551231563091278,wet,1
2024-11-01,11,NL124,Noord-Friesland,Irrigation Shortage,0,0.38113943301262193,1.0981620252132416,wet,1
2024-12-01,12,NL124,Noord-Friesland,Irrigation Shortage,0,0.2869669290074855,0.7735436260700226,near_normal,1
2025-01-01,1,NL124,Noord-Friesland,Irrigation Shortage,0,0.4408574938933961,0.6505173146724701,near_normal,1
2025-02-01,2,NL124,Noord-Friesland,Irrigation Shortage,0,0.4523185371902027,0.10699054750148207,near_normal,1
2025-03-01,3,NL124,Noord-Friesland,Irrigation Shortage,0,0.664407706100663,-0.16945494152605534,near_normal,1
2025-04-01,4,NL124,Noord-Friesland,Irrigation Shortage,0,0.6930230758760249,-0.7064715921878815,near_normal,1
2025-05-01,5,NL124,Noord-Friesland,Irrigation Shortage,0,0.8359046421153211,-0.9263435304164886,near_normal,1
2025-06-01,6,NL124,Noord-Friesland,Irrigation Shortage,0,0.7673161259172026,-1.0629418939352036,dry,1
2025-07-01,7,NL124,Noord-Friesland,Irrigation Shortage,0,0.6662383927412396,-1.2299838960170746,dry,1
2025-08-01,8,NL124,Noord-Friesland,Irrigation Shortage,1,0.7612394758896823,-1.4811941981315613,dry,1
2025-09-01,9,NL124,Noord-Friesland,Irrigation Shortage,0,0.39266609946530334,-1.572517216205597,dry,1
2024-01-01,1,NL125,Zuidwest-Friesland,Irrigation Shortage,0,0.053609086742045946,1.4139912724494934,wet,1
2024-02-01,2,NL125,Zuidwest-Friesland,Irrigation Shortage,0,0.05784712894073096,1.7786154747009277,wet,1
2024-03-01,3,NL125,Zuidwest-Friesland,Irrigation Shortage,0,0.10294443739114235,1.5638866424560547,wet,1
2024-04-01,4,NL125,Zuidwest-Friesland,Irrigation Shortage,0,0.12743171580285867,1.8326656818389893,wet,1
2024-05-01,5,NL125,Zuidwest-Friesland,Irrigation Shortage,0,0.24446090595174716,2.1068438291549683,wet,1
2024-06-01,6,NL125,Zuidwest-Friesland,Irrigation Shortage,0,0.2685885415193576,2.634555220603943,wet,1
2024-07-01,7,NL125,Zuidwest-Friesland,Irrigation Shortage,0,0.20266161073751068,2.177721381187439,wet,1
2024-08-01,8,NL125,Zuidwest-Friesland,Irrigation Shortage,0,0.21629169393177175,2.1380834579467773,wet,1
2024-09-01,9,NL125,Zuidwest-Friesland,Irrigation Shortage,0,0.1871211305304763,2.2827683687210083,wet,1
2024-10-01,10,NL125,Zuidwest-Friesland,Irrigation Shortage,0,0.08205507277800186,1.732323706150055,wet,1
2024-11-01,11,NL125,Zuidwest-Friesland,Irrigation Shortage,0,0.0804126005629342,1.1893419027328491,wet,1
2024-12-01,12,NL125,Zuidwest-Friesland,Irrigation Shortage,0,0.056514086456545626,0.9064917862415314,near_normal,1
2025-01-01,1,NL125,Zuidwest-Friesland,Irrigation Shortage,0,0.10058539506990893,0.7681446671485901,near_normal,1
2025-02-01,2,NL125,Zuidwest-Friesland,Irrigation Shortage,0,0.12053416877278172,0.15459422394633293,near_normal,1
2025-03-01,3,NL125,Zuidwest-Friesland,Irrigation Shortage,0,0.28535756805358503,-0.20276711881160736,near_normal,1
2025-04-01,4,NL125,Zuidwest-Friesland,Irrigation Shortage,0,0.21995293846436653,-0.842517763376236,near_normal,1
2025-05-01,5,NL125,Zuidwest-Friesland,Irrigation Shortage,0,0.39037304659231264,-1.0782914757728577,dry,1
2025-06-01,6,NL125,Zuidwest-Friesland,Irrigation Shortage,0,0.26368349751141956,-1.1937094926834106,dry,1
2025-07-01,7,NL125,Zuidwest-Friesland,Irrigation Shortage,0,0.1976227778811378,-1.2997994422912598,dry,1
2025-08-01,8,NL125,Zuidwest-Friesland,Irrigation Shortage,1,0.2745727835068003,-1.5020229816436768,dry,1
2025-09-01,9,NL125,Zuidwest-Friesland,Irrigation Shortage,0,0.09555998117016117,-1.550790548324585,dry,1
2024-01-01,1,NL126,Zuidoost-Friesland,Irrigation Shortage,0,0.0604002078788016,1.545999010403951,wet,1
2024-03-01,3,NL126,Zuidoost-Friesland,Irrigation Shortage,0,0.12019641373261959,1.5629839499791462,wet,1
2024-04-01,4,NL126,Zuidoost-Friesland,Irrigation Shortage,0,0.12301892384005877,1.7216502825419109,wet,1
2024-05-01,5,NL126,Zuidoost-Friesland,Irrigation Shortage,0,0.2735668100840875,2.123636484146118,wet,1
2024-06-01,6,NL126,Zuidoost-Friesland,Irrigation Shortage,0,0.2521891506785145,2.8139727115631104,wet,1
2024-07-01,7,NL126,Zuidoost-Friesland,Irrigation Shortage,0,0.2128013254789679,2.4634934266408286,wet,1
2024-08-01,8,NL126,Zuidoost-Friesland,Irrigation Shortage,0,0.23524835181853584,2.2954910596211753,wet,1
2024-09-01,9,NL126,Zuidoost-Friesland,Irrigation Shortage,0,0.23365592347263883,2.6972495714823403,wet,1
2024-10-01,10,NL126,Zuidoost-Friesland,Irrigation Shortage,0,0.09449510830745117,1.9253834088643391,wet,1
2024-11-01,11,NL126,Zuidoost-Friesland,Irrigation Shortage,0,0.09095970858471358,1.4363560279210408,wet,1
2024-12-01,12,NL126,Zuidoost-Friesland,Irrigation Shortage,0,0.059266302062752095,1.123047669728597,wet,1
2025-01-01,1,NL126,Zuidoost-Friesland,Irrigation Shortage,0,0.09680569128197808,1.0151313543319702,wet,1
2025-02-01,2,NL126,Zuidoost-Friesland,Irrigation Shortage,0,0.11950801301956593,0.39727561672528583,near_normal,1
2025-03-01,3,NL126,Zuidoost-Friesland,Irrigation Shortage,0,0.22636965737734138,0.04762745307137569,near_normal,1
2025-04-01,4,NL126,Zuidoost-Friesland,Irrigation Shortage,0,0.2661956917859988,-0.49264203508694965,near_normal,1
2025-05-01,5,NL126,Zuidoost-Friesland,Irrigation Shortage,0,0.4445431571824951,-0.9436053037643433,near_normal,1
2025-06-01,6,NL126,Zuidoost-Friesland,Irrigation Shortage,0,0.34209024057014586,-1.055333097775777,dry,1
2025-07-01,7,NL126,Zuidoost-Friesland,Irrigation Shortage,0,0.25298649133917356,-1.1487988233566284,dry,1
2025-08-01,8,NL126,Zuidoost-Friesland,Irrigation Shortage,0,0.44319619462110466,-1.3487204710642497,dry,1
2025-09-01,9,NL126,Zuidoost-Friesland,Irrigation Shortage,0,0.11792041969512518,-1.5328909953435261,dry,1
2024-01-01,1,NL131,Noord-Drenthe,Irrigation Shortage,0,0.19407958013991092,1.625184416770935,wet,1
2024-02-01,2,NL131,Noord-Drenthe,Irrigation Shortage,0,0.20345186770041954,1.908049762248993,wet,1
2024-03-01,3,NL131,Noord-Drenthe,Irrigation Shortage,0,0.3467913091856106,1.6074219346046448,wet,1
2024-04-01,4,NL131,Noord-Drenthe,Irrigation Shortage,0,0.3557357581778719,1.7808722257614136,wet,1
2024-05-01,5,NL131,Noord-Drenthe,Irrigation Shortage,0,0.5844295520202643,2.125525951385498,wet,1
2024-06-01,6,NL131,Noord-Drenthe,Irrigation Shortage,0,0.44193855233205626,2.8354954719543457,wet,1
2024-07-01,7,NL131,Noord-Drenthe,Irrigation Shortage,0,0.47327210349446647,2.568251371383667,wet,1
2024-08-01,8,NL131,Noord-Drenthe,Irrigation Shortage,0,0.5326460536652592,2.437190890312195,wet,1
2024-09-01,9,NL131,Noord-Drenthe,Irrigation Shortage,0,0.5699319665210014,2.765575647354126,wet,1
2024-10-01,10,NL131,Noord-Drenthe,Irrigation Shortage,0,0.29231941092577707,1.9603742957115173,wet,1
2024-11-01,11,NL131,Noord-Drenthe,Irrigation Shortage,0,0.27200726987146207,1.541092872619629,wet,1
2024-12-01,12,NL131,Noord-Drenthe,Irrigation Shortage,0,0.1896922117611874,1.1613088250160217,wet,1
2025-01-01,1,NL131,Noord-Drenthe,Irrigation Shortage,0,0.2954087290004818,1.0562910437583923,wet,1
2025-02-01,2,NL131,Noord-Drenthe,Irrigation Shortage,0,0.3125268664749739,0.4693644195795059,near_normal,1
2025-03-01,3,NL131,Noord-Drenthe,Irrigation Shortage,0,0.46782705808176467,0.14078162051737309,near_normal,1
2025-04-01,4,NL131,Noord-Drenthe,Irrigation Shortage,0,0.601754965322195,-0.37382109463214874,near_normal,1
2025-05-01,5,NL131,Noord-Drenthe,Irrigation Shortage,0,0.7301314958783677,-0.8759167492389679,near_normal,1
2025-06-01,6,NL131,Noord-Drenthe,Irrigation Shortage,0,0.6772293569426563,-0.9764733612537384,near_normal,1
2025-07-01,7,NL131,Noord-Drenthe,Irrigation Shortage,0,0.5544932374622961,-1.0990380644798279,dry,1
2025-08-01,8,NL131,Noord-Drenthe,Irrigation Shortage,0,0.7543904912654242,-1.2489697933197021,dry,1
2025-09-01,9,NL131,Noord-Drenthe,Irrigation Shortage,0,0.3721771678271825,-1.4132501482963562,dry,1
2024-01-01,1,NL132,Zuidoost-Drenthe,Irrigation Shortage,0,0.04023962951011739,1.862620234489441,wet,1
2024-02-01,2,NL132,Zuidoost-Drenthe,Irrigation Shortage,0,0.04918497357083698,2.074225902557373,wet,1
2024-03-01,3,NL132,Zuidoost-Drenthe,Irrigation Shortage,0,0.10058103651755616,1.7616868019104004,wet,1
2024-04-01,4,NL132,Zuidoost-Drenthe,Irrigation Shortage,0,0.10125382602710142,1.9577404260635376,wet,1
2024-05-01,5,NL132,Zuidoost-Drenthe,Irrigation Shortage,0,0.22444230210114996,2.271449089050293,wet,1
2024-06-01,6,NL132,Zuidoost-Drenthe,Irrigation Shortage,0,0.10991870954098158,2.8965072631835938,wet,1
2024-07-01,7,NL132,Zuidoost-Drenthe,Irrigation Shortage,0,0.12129935621276203,2.828998327255249,wet,1
2024-08-01,8,NL132,Zuidoost-Drenthe,Irrigation Shortage,0,0.16753523709013804,2.8166348934173584,wet,1
2024-09-01,9,NL132,Zuidoost-Drenthe,Irrigation Shortage,0,0.20061401313318036,3.1048576831817627,wet,1
2024-10-01,10,NL132,Zuidoost-Drenthe,Irrigation Shortage,0,0.06973458579112894,2.167729139328003,wet,1
2024-11-01,11,NL132,Zuidoost-Drenthe,Irrigation Shortage,0,0.06190437051556895,1.7443439960479736,wet,1
2024-12-01,12,NL132,Zuidoost-Drenthe,Irrigation Shortage,0,0.035986216494561823,1.2934812307357788,wet,1
2025-01-01,1,NL132,Zuidoost-Drenthe,Irrigation Shortage,0,0.06240603598216524,1.196232557296753,wet,1
2025-02-01,2,NL132,Zuidoost-Drenthe,Irrigation Shortage,0,0.06891464511713641,0.622021496295929,near_normal,1
2025-03-01,3,NL132,Zuidoost-Drenthe,Irrigation Shortage,0,0.2027601326501593,0.29568547010421753,near_normal,1
2025-04-01,4,NL132,Zuidoost-Drenthe,Irrigation Shortage,0,0.19240365338166737,-0.27435654401779175,near_normal,1
2025-05-01,5,NL132,Zuidoost-Drenthe,Irrigation Shortage,0,0.3173773161641135,-0.8413411974906921,near_normal,1
2025-06-01,6,NL132,Zuidoost-Drenthe,Irrigation Shortage,0,0.27995078909705184,-0.9112480282783508,near_normal,1
2025-07-01,7,NL132,Zuidoost-Drenthe,Irrigation Shortage,0,0.15766448527242152,-1.104096531867981,dry,1
2025-08-01,8,NL132,Zuidoost-Drenthe,Irrigation Shortage,0,0.3471726653609943,-1.2686371803283691,dry,1
2025-09-01,9,NL132,Zuidoost-Drenthe,Irrigation Shortage,0,0.0939319191248647,-1.3522844314575195,dry,1
2024-01-01,1,NL133,Zuidwest-Drenthe,Irrigation Shortage,0,0.09085089526599839,1.72472482919693,wet,1
2024-02-01,2,NL133,Zuidwest-Drenthe,Irrigation Shortage,0,0.10368861101686734,2.0366421341896057,wet,1
2024-03-01,3,NL133,Zuidwest-Drenthe,Irrigation Shortage,0,0.17455092090164406,1.7058511972427368,wet,1
2024-04-01,4,NL133,Zuidwest-Drenthe,Irrigation Shortage,0,0.1926416367993489,1.8357419967651367,wet,1
2024-05-01,5,NL133,Zuidwest-Drenthe,Irrigation Shortage,0,0.38036272170435326,2.266860604286194,wet,1
2024-06-01,6,NL133,Zuidwest-Drenthe,Irrigation Shortage,0,0.2532964726718635,2.907911777496338,wet,1
2024-07-01,7,NL133,Zuidwest-Drenthe,Irrigation Shortage,0,0.2673420107847781,2.7513095140457153,wet,1
2024-08-01,8,NL133,Zuidwest-Drenthe,Irrigation Shortage,0,0.3196368824806798,2.632028818130493,wet,1
2024-09-01,9,NL133,Zuidwest-Drenthe,Irrigation Shortage,0,0.3256015200526598,3.0397181510925293,wet,1
2024-10-01,10,NL133,Zuidwest-Drenthe,Irrigation Shortage,0,0.1408830196913708,2.1555556058883667,wet,1
2024-11-01,11,NL133,Zuidwest-Drenthe,Irrigation Shortage,0,0.12920516305520957,1.7173022627830505,wet,1
2024-12-01,12,NL133,Zuidwest-Drenthe,Irrigation Shortage,0,0.08907598209429105,1.3606191873550415,wet,1
2025-01-01,1,NL133,Zuidwest-Drenthe,Irrigation Shortage,0,0.1146247952633693,1.2867012023925781,wet,1
2025-02-01,2,NL133,Zuidwest-Drenthe,Irrigation Shortage,0,0.16182573970884762,0.6509714722633362,near_normal,1
2025-03-01,3,NL133,Zuidwest-Drenthe,Irrigation Shortage,0,0.3462316642326547,0.2719087675213814,near_normal,1
2025-04-01,4,NL133,Zuidwest-Drenthe,Irrigation Shortage,0,0.3433061101445924,-0.26466917246580124,near_normal,1
2025-05-01,5,NL133,Zuidwest-Drenthe,Irrigation Shortage,0,0.4805293833253299,-0.8783625960350037,near_normal,1
2025-06-01,6,NL133,Zuidwest-Drenthe,Irrigation Shortage,0,0.4523975970381924,-0.9638475477695465,near_normal,1
2025-07-01,7,NL133,Zuidwest-Drenthe,Irrigation Shortage,0,0.3289920524753073,-1.0526711344718933,dry,1
2025-08-01,8,NL133,Zuidwest-Drenthe,Irrigation Shortage,0,0.5971537025353049,-1.2207630276679993,dry,1
2025-09-01,9,NL133,Zuidwest-Drenthe,Irrigation Shortage,0,0.19636505833086101,-1.363072395324707,dry,1
2024-01-01,1,NL211,Noord-Overijssel,Irrigation Shortage,0,0.12219706175989896,1.8030700087547302,wet,1
2024-02-01,2,NL211,Noord-Overijssel,Irrigation Shortage,0,0.1441605195414378,2.1056063175201416,wet,1
2024-03-01,3,NL211,Noord-Overijssel,Irrigation Shortage,0,0.18533913423170362,1.7778285145759583,wet,1
2024-04-01,4,NL211,Noord-Overijssel,Irrigation Shortage,0,0.2569387041981845,1.8979318737983704,wet,1
2024-05-01,5,NL211,Noord-Overijssel,Irrigation Shortage,0,0.46638242123816886,2.330261468887329,wet,1
2024-06-01,6,NL211,Noord-Overijssel,Irrigation Shortage,0,0.33182267406161814,2.892736077308655,wet,1
2024-07-01,7,NL211,Noord-Overijssel,Irrigation Shortage,0,0.28920178822136905,2.926464080810547,wet,1
2024-08-01,8,NL211,Noord-Overijssel,Irrigation Shortage,0,0.36233202521254726,2.801928162574768,wet,1
2024-09-01,9,NL211,Noord-Overijssel,Irrigation Shortage,0,0.4022431409159231,3.1640535593032837,wet,1
2024-10-01,10,NL211,Noord-Overijssel,Irrigation Shortage,0,0.18185871758450117,2.2690484523773193,wet,1
2024-11-01,11,NL211,Noord-Overijssel,Irrigation Shortage,0,0.1703901643499959,1.8291608691215515,wet,1
2024-12-01,12,NL211,Noord-Overijssel,Irrigation Shortage,0,0.11791507861728123,1.4506611824035645,wet,1
2025-01-01,1,NL211,Noord-Overijssel,Irrigation Shortage,0,0.18686821987945174,1.3931864500045776,wet,1
2025-02-01,2,NL211,Noord-Overijssel,Irrigation Shortage,0,0.20323998895190945,0.753440797328949,near_normal,1
2025-03-01,3,NL211,Noord-Overijssel,Irrigation Shortage,0,0.3886872199190574,0.3611278682947159,near_normal,1
2025-04-01,4,NL211,Noord-Overijssel,Irrigation Shortage,0,0.40663777954288466,-0.20052483677864075,near_normal,1
2025-05-01,5,NL211,Noord-Overijssel,Irrigation Shortage,0,0.5740396401823519,-0.8454030454158783,near_normal,1
2025-06-01,6,NL211,Noord-Overijssel,Irrigation Shortage,1,0.5387665545121312,-0.9478132128715515,near_normal,1
2025-07-01,7,NL211,Noord-Overijssel,Irrigation Shortage,0,0.38449463378102455,-1.0653294920921326,dry,1
2025-08-01,8,NL211,Noord-Overijssel,Irrigation Shortage,0,0.570135338893229,-1.2702912092208862,dry,1
2025-09-01,9,NL211,Noord-Overijssel,Irrigation Shortage,0,0.2224649730832261,-1.3825294971466064,dry,1
2024-01-01,1,NL212,Zuidwest-Overijssel,Irrigation Shortage,0,0.28963768750100705,1.8292285203933716,wet,1
2024-02-01,2,NL212,Zuidwest-Overijssel,Irrigation Shortage,0,0.3457109451161007,2.213228702545166,wet,1
2024-03-01,3,NL212,Zuidwest-Overijssel,Irrigation Shortage,0,0.39747883416440527,1.849002480506897,wet,1
2024-04-01,4,NL212,Zuidwest-Overijssel,Irrigation Shortage,0,0.5018300657360066,1.9571956396102905,wet,1
2024-05-01,5,NL212,Zuidwest-Overijssel,Irrigation Shortage,0,0.7388105033733866,2.3873307704925537,wet,1
2024-06-01,6,NL212,Zuidwest-Overijssel,Irrigation Shortage,0,0.6014116644449281,2.8320765495300293,wet,1
2024-07-01,7,NL212,Zuidwest-Overijssel,Irrigation Shortage,0,0.5697801156642106,3.2399985790252686,wet,1
2024-08-01,8,NL212,Zuidwest-Overijssel,Irrigation Shortage,0,0.6394825753210124,2.890531063079834,wet,1
2024-09-01,9,NL212,Zuidwest-Overijssel,Irrigation Shortage,0,0.6644000600831187,3.281804084777832,wet,1
2024-10-01,10,NL212,Zuidwest-Overijssel,Irrigation Shortage,0,0.40537113291502685,2.341593027114868,wet,1
2024-11-01,11,NL212,Zuidwest-Overijssel,Irrigation Shortage,0,0.3730325350904296,1.9496963024139404,wet,1
2024-12-01,12,NL212,Zuidwest-Overijssel,Irrigation Shortage,0,0.26396022458439583,1.6000728607177734,wet,1
2025-01-01,1,NL212,Zuidwest-Overijssel,Irrigation Shortage,0,0.380208126584881,1.6217764616012573,wet,1
2025-02-01,2,NL212,Zuidwest-Overijssel,Irrigation Shortage,0,0.4285878447314712,0.9912475943565369,near_normal,1
2025-03-01,3,NL212,Zuidwest-Overijssel,Irrigation Shortage,0,0.659342018591094,0.5870882868766785,near_normal,1
2025-04-01,4,NL212,Zuidwest-Overijssel,Irrigation Shortage,0,0.6745149057935217,-0.03741263225674629,near_normal,1
2025-05-01,5,NL212,Zuidwest-Overijssel,Irrigation Shortage,0,0.8023208967058708,-0.7523486614227295,near_normal,1
2025-06-01,6,NL212,Zuidwest-Overijssel,Irrigation Shortage,1,0.7645030355889612,-0.9098113179206848,near_normal,1
2025-07-01,7,NL212,Zuidwest-Overijssel,Irrigation Shortage,0,0.6304761376931809,-1.0562019348144531,dry,1
2025-08-01,8,NL212,Zuidwest-Overijssel,Irrigation Shortage,0,0.790466660943482,-1.332362413406372,dry,1
2025-09-01,9,NL212,Zuidwest-Overijssel,Irrigation Shortage,0,0.4961517940697087,-1.4136707782745361,dry,1
2024-01-01,1,NL213,Twente,Irrigation Shortage,0,0.42092734323016967,1.7741056680679321,wet,1
2024-02-01,2,NL213,Twente,Irrigation Shortage,0,0.49427520605529446,2.1074114640553794,wet,1
2024-03-01,3,NL213,Twente,Irrigation Shortage,0,0.6129150344140434,1.7495448191960652,wet,1
2024-04-01,4,NL213,Twente,Irrigation Shortage,0,0.6604401020738245,1.8394211530685425,wet,1
2024-05-01,5,NL213,Twente,Irrigation Shortage,0,0.83664339505688,2.2049256960550943,wet,1
2024-06-01,6,NL213,Twente,Irrigation Shortage,0,0.7405144793899643,2.5858238538106284,wet,1
2024-07-01,7,NL213,Twente,Irrigation Shortage,0,0.6492653766131787,2.9343260129292807,wet,1
2024-08-01,8,NL213,Twente,Irrigation Shortage,0,0.7050858324156548,2.6960832277933755,wet,1
2024-09-01,9,NL213,Twente,Irrigation Shortage,0,0.767171745311648,3.2426631450653076,wet,1
2024-10-01,10,NL213,Twente,Irrigation Shortage,0,0.5458948477734338,2.2757716178894043,wet,1
2024-11-01,11,NL213,Twente,Irrigation Shortage,0,0.5152586955507589,1.856828014055888,wet,1
2024-12-01,12,NL213,Twente,Irrigation Shortage,0,0.38591419461817944,1.449364145596822,wet,1
2025-01-01,1,NL213,Twente,Irrigation Shortage,0,0.5322708366748538,1.4633930921554565,wet,1
2025-02-01,2,NL213,Twente,Irrigation Shortage,0,0.5841553021589956,0.8273681799570719,near_normal,1
2025-03-01,3,NL213,Twente,Irrigation Shortage,0,0.8555318273240613,0.45466773708661395,near_normal,1
2025-04-01,4,NL213,Twente,Irrigation Shortage,0,0.7841031589371468,-0.08532259364922841,near_normal,1
2025-05-01,5,NL213,Twente,Irrigation Shortage,0,0.873020859956232,-0.7380898396174113,near_normal,1
2025-06-01,6,NL213,Twente,Irrigation Shortage,1,0.8728184725646224,-0.8258537650108337,near_normal,1
2025-07-01,7,NL213,Twente,Irrigation Shortage,0,0.7883805361775964,-0.9453806678454081,near_normal,1
2025-08-01,8,NL213,Twente,Irrigation Shortage,0,0.9173529432262003,-1.2185680468877156,dry,1
2025-09-01,9,NL213,Twente,Irrigation Shortage,0,0.6363147912904353,-1.2572739521662395,dry,1
2024-01-01,1,NL221,Veluwe,Irrigation Shortage,0,0.4311454686288462,1.8073323965072632,wet,1
2024-02-01,2,NL221,Veluwe,Irrigation Shortage,0,0.435780178485769,2.2413116296132407,wet,1
2024-03-01,3,NL221,Veluwe,Irrigation Shortage,0,0.49881615999903883,1.8151774009068806,wet,1
2024-04-01,4,NL221,Veluwe,Irrigation Shortage,0,0.6374291763976906,2.02529247601827,wet,1
2024-05-01,5,NL221,Veluwe,Irrigation Shortage,0,0.8406731121839937,2.5431505044301352,wet,1
2024-06-01,6,NL221,Veluwe,Irrigation Shortage,0,0.7684736205736875,2.9275620778401694,wet,1
2024-07-01,7,NL221,Veluwe,Irrigation Shortage,0,0.7459711933128217,3.333141009012858,wet,1
2024-08-01,8,NL221,Veluwe,Irrigation Shortage,0,0.794127218503859,2.8060739040374756,wet,1
2024-09-01,9,NL221,Veluwe,Irrigation Shortage,0,0.7981644441408002,3.3057305812835693,wet,1
2024-10-01,10,NL221,Veluwe,Irrigation Shortage,0,0.5573220151628173,2.3737645149230957,wet,1
2024-11-01,11,NL221,Veluwe,Irrigation Shortage,0,0.522871591925228,1.9296060800552368,wet,1
2024-12-01,12,NL221,Veluwe,Irrigation Shortage,0,0.40769893537331864,1.6137422720591228,wet,1
2025-01-01,1,NL221,Veluwe,Irrigation Shortage,0,0.5208900241610365,1.6722465356190999,wet,1
2025-02-01,2,NL221,Veluwe,Irrigation Shortage,0,0.5912854228645475,1.0694556037584941,wet,1
2025-03-01,3,NL221,Veluwe,Irrigation Shortage,0,0.8357139302138208,0.6522466341654459,near_normal,1
2025-04-01,4,NL221,Veluwe,Irrigation Shortage,1,0.7910029406973752,-0.03821267498036226,near_normal,1
2025-05-01,5,NL221,Veluwe,Irrigation Shortage,0,0.8727619704400301,-0.8415002226829529,near_normal,1
2025-06-01,6,NL221,Veluwe,Irrigation Shortage,0,0.8692837187865049,-0.9649274547894796,near_normal,1
2025-07-01,7,NL221,Veluwe,Irrigation Shortage,0,0.7635018649913241,-1.1212384700775146,dry,1
2025-08-01,8,NL221,Veluwe,Irrigation Shortage,0,0.8782400075700427,-1.4766345818837483,dry,1
2025-09-01,9,NL221,Veluwe,Irrigation Shortage,0,0.5929210035030927,-1.5261424779891968,dry,1
2024-01-01,1,NL224,Zuidwest-Gelderland,Irrigation Shortage,0,0.3080157751757089,1.685375452041626,wet,1
2024-02-01,2,NL224,Zuidwest-Gelderland,Irrigation Shortage,0,0.30207085903724,2.1737860441207886,wet,1
2024-03-01,3,NL224,Zuidwest-Gelderland,Irrigation Shortage,0,0.4004862887944058,1.7497069239616394,wet,1
2024-04-01,4,NL224,Zuidwest-Gelderland,Irrigation Shortage,0,0.5018314607878943,2.014431595802307,wet,1
2024-05-01,5,NL224,Zuidwest-Gelderland,Irrigation Shortage,0,0.7550926822930042,2.511814832687378,wet,1
2024-06-01,6,NL224,Zuidwest-Gelderland,Irrigation Shortage,0,0.6824766789087052,2.8723764419555664,wet,1
2024-07-01,7,NL224,Zuidwest-Gelderland,Irrigation Shortage,0,0.6384817563992153,3.360319137573242,wet,1
2024-08-01,8,NL224,Zuidwest-Gelderland,Irrigation Shortage,0,0.6924679504553516,2.7078782320022583,wet,1
2024-09-01,9,NL224,Zuidwest-Gelderland,Irrigation Shortage,0,0.6588865599613325,3.562034487724304,wet,1
2024-10-01,10,NL224,Zuidwest-Gelderland,Irrigation Shortage,0,0.4699700874940404,2.6191734075546265,wet,1
2024-11-01,11,NL224,Zuidwest-Gelderland,Irrigation Shortage,0,0.40573013405288644,2.088479518890381,wet,1
2024-12-01,12,NL224,Zuidwest-Gelderland,Irrigation Shortage,0,0.2948318438390124,1.848576307296753,wet,1
2025-01-01,1,NL224,Zuidwest-Gelderland,Irrigation Shortage,0,0.395201138111031,1.9212733507156372,wet,1
2025-02-01,2,NL224,Zuidwest-Gelderland,Irrigation Shortage,0,0.445699540795867,1.400187075138092,wet,1
2025-03-01,3,NL224,Zuidwest-Gelderland,Irrigation Shortage,0,0.8247078516337595,0.972754567861557,near_normal,1
2025-04-01,4,NL224,Zuidwest-Gelderland,Irrigation Shortage,0,0.6679047435171028,0.29149629175662994,near_normal,1
2025-05-01,5,NL224,Zuidwest-Gelderland,Irrigation Shortage,0,0.8128009519014435,-0.6283363997936249,near_normal,1
2025-06-01,6,NL224,Zuidwest-Gelderland,Irrigation Shortage,0,0.789939392632122,-0.8211278021335602,near_normal,1
2025-07-01,7,NL224,Zuidwest-Gelderland,Irrigation Shortage,0,0.6493798008605679,-1.0137033462524414,dry,1
2025-08-01,8,NL224,Zuidwest-Gelderland,Irrigation Shortage,0,0.7481756358898733,-1.4959520101547241,dry,1
2025-09-01,9,NL224,Zuidwest-Gelderland,Irrigation Shortage,0,0.39429126943086895,-1.5776581168174744,dry,1
2024-01-01,1,NL225,Achterhoek,Irrigation Shortage,0,0.4759682722398614,1.805512011051178,wet,1
2024-02-01,2,NL225,Achterhoek,Irrigation Shortage,0,0.49853255533911267,2.2859821915626526,wet,1
2024-03-01,3,NL225,Achterhoek,Irrigation Shortage,0,0.5510720616042174,1.7744671404361725,wet,1
2024-04-01,4,NL225,Achterhoek,Irrigation Shortage,0,0.70291566309109,1.8754302561283112,wet,1
2024-05-01,5,NL225,Achterhoek,Irrigation Shortage,0,0.8709959322994644,2.249455988407135,wet,1
2024-06-01,6,NL225,Achterhoek,Irrigation Shortage,0,0.8123553750643195,2.5028456449508667,wet,1
2024-07-01,7,NL225,Achterhoek,Irrigation Shortage,0,0.721053076470782,2.9508511424064636,wet,1
2024-08-01,8,NL225,Achterhoek,Irrigation Shortage,0,0.7562587987821358,2.5167282819747925,wet,1
2024-09-01,9,NL225,Achterhoek,Irrigation Shortage,0,0.8001153446738827,3.3198123574256897,wet,1
2024-10-01,10,NL225,Achterhoek,Irrigation Shortage,0,0.5977458404866351,2.387208878993988,wet,1
2024-11-01,11,NL225,Achterhoek,Irrigation Shortage,0,0.5619882290529998,1.9416667819023132,wet,1
2024-12-01,12,NL225,Achterhoek,Irrigation Shortage,0,0.44905561423330104,1.5921784937381744,wet,1
2025-01-01,1,NL225,Achterhoek,Irrigation Shortage,0,0.5842712640153858,1.7311365902423859,wet,1
2025-02-01,2,NL225,Achterhoek,Irrigation Shortage,0,0.63581951470668,1.0746888369321823,wet,1
2025-03-01,3,NL225,Achterhoek,Irrigation Shortage,0,0.8627860741276505,0.6834009438753128,near_normal,1
2025-04-01,4,NL225,Achterhoek,Irrigation Shortage,0,0.8033030974805057,0.09695965144783258,near_normal,1
2025-05-01,5,NL225,Achterhoek,Irrigation Shortage,0,0.8935050019989892,-0.612250030040741,near_normal,1
2025-06-01,6,NL225,Achterhoek,Irrigation Shortage,1,0.8799396014788144,-0.7061386853456497,near_normal,1
2025-07-01,7,NL225,Achterhoek,Irrigation Shortage,0,0.8171457363832065,-0.8033000975847244,near_normal,1
2025-08-01,8,NL225,Achterhoek,Irrigation Shortage,0,0.9374233028587553,-1.172307550907135,dry,1
2025-09-01,9,NL225,Achterhoek,Irrigation Shortage,0,0.7033632003684405,-1.218297392129898,dry,1
2024-01-01,1,NL226,Arnhem/Nijmegen,Irrigation Shortage,0,0.40172658292220453,1.8382607301076253,wet,1
2024-02-01,2,NL226,Arnhem/Nijmegen,Irrigation Shortage,0,0.38274179460672575,2.3888396422068277,wet,1
2024-03-01,3,NL226,Arnhem/Nijmegen,Irrigation Shortage,0,0.4574321417302675,1.8225633303324382,wet,1
2024-04-01,4,NL226,Arnhem/Nijmegen,Irrigation Shortage,0,0.6173956407536143,2.003558794657389,wet,1
2024-05-01,5,NL226,Arnhem/Nijmegen,Irrigation Shortage,0,0.8425187192327042,2.5283732414245605,wet,1
2024-06-01,6,NL226,Arnhem/Nijmegen,Irrigation Shortage,0,0.7776472619747818,2.8170496622721353,wet,1
2024-07-01,7,NL226,Arnhem/Nijmegen,Irrigation Shortage,0,0.689794865543059,3.480062961578369,wet,1
2024-08-01,8,NL226,Arnhem/Nijmegen,Irrigation Shortage,0,0.7316583146008109,2.6924848556518555,wet,1
2024-09-01,9,NL226,Arnhem/Nijmegen,Irrigation Shortage,0,0.7431543894791396,3.6542739868164062,wet,1
2024-10-01,10,NL226,Arnhem/Nijmegen,Irrigation Shortage,0,0.5421400131788553,2.6188717683156333,wet,1
2024-11-01,11,NL226,Arnhem/Nijmegen,Irrigation Shortage,0,0.4783335980163191,2.119877894719442,wet,1
2024-12-01,12,NL226,Arnhem/Nijmegen,Irrigation Shortage,0,0.3621137705585666,1.8100270827611287,wet,1
2025-01-01,1,NL226,Arnhem/Nijmegen,Irrigation Shortage,0,0.4909914621430922,1.9685104290644329,wet,1
2025-02-01,2,NL226,Arnhem/Nijmegen,Irrigation Shortage,0,0.5335327278345582,1.3947044213612874,wet,1
2025-03-01,3,NL226,Arnhem/Nijmegen,Irrigation Shortage,0,0.7999112133739662,0.9596504171689352,near_normal,1
2025-04-01,4,NL226,Arnhem/Nijmegen,Irrigation Shortage,0,0.7414747554305844,0.3398151993751526,near_normal,1
2025-05-01,5,NL226,Arnhem/Nijmegen,Irrigation Shortage,0,0.8359940040319855,-0.5684083700180054,near_normal,1
2025-06-01,6,NL226,Arnhem/Nijmegen,Irrigation Shortage,1,0.840573570086368,-0.671301543712616,near_normal,1
2025-07-01,7,NL226,Arnhem/Nijmegen,Irrigation Shortage,0,0.7745278070793844,-0.846276581287384,near_normal,1
2025-08-01,8,NL226,Arnhem/Nijmegen,Irrigation Shortage,0,0.8438157074244915,-1.2885345220565796,dry,1
2025-09-01,9,NL226,Arnhem/Nijmegen,Irrigation Shortage,0,0.5975315626146704,-1.3259549935658772,dry,1
2024-01-01,1,NL230,Flevoland,Irrigation Shortage,0,0.2544534582622945,1.6810797452926636,wet,1
2024-02-01,2,NL230,Flevoland,Irrigation Shortage,0,0.28933828211860535,2.042652944723765,wet,1
2024-03-01,3,NL230,Flevoland,Irrigation Shortage,0,0.30367102078794234,1.7197583715120952,wet,1
2024-04-01,4,NL230,Flevoland,Irrigation Shortage,0,0.45571112003146935,1.9411502679189045,wet,1
2024-05-01,5,NL230,Flevoland,Irrigation Shortage,0,0.6828732875073709,2.439574877421061,wet,1
2024-06-01,6,NL230,Flevoland,Irrigation Shortage,0,0.6259425291608529,2.9559825658798218,wet,1
2024-07-01,7,NL230,Flevoland,Irrigation Shortage,0,0.6008459929113654,2.801535407702128,wet,1
2024-08-01,8,NL230,Flevoland,Irrigation Shortage,0,0.6232715026827202,2.583793560663859,wet,1
2024-09-01,9,NL230,Flevoland,Irrigation Shortage,0,0.6238306946629969,2.821715792020162,wet,1
2024-10-01,10,NL230,Flevoland,Irrigation Shortage,0,0.37601769867822743,2.08377875884374,wet,1
2024-11-01,11,NL230,Flevoland,Irrigation Shortage,0,0.3413360847880583,1.6295397281646729,wet,1
2024-12-01,12,NL230,Flevoland,Irrigation Shortage,0,0.2563895810735678,1.3571658531824748,wet,1
2025-01-01,1,NL230,Flevoland,Irrigation Shortage,0,0.3711286964175837,1.31018461783727,wet,1
2025-02-01,2,NL230,Flevoland,Irrigation Shortage,0,0.44101506116801026,0.681924487153689,near_normal,1
2025-03-01,3,NL230,Flevoland,Irrigation Shortage,0,0.7645695593010734,0.25594955605144304,near_normal,1
2025-04-01,4,NL230,Flevoland,Irrigation Shortage,1,0.6378304121161524,-0.42615289986133575,near_normal,1
2025-05-01,5,NL230,Flevoland,Irrigation Shortage,0,0.7576158504901499,-1.02263805270195,dry,1
2025-06-01,6,NL230,Flevoland,Irrigation Shortage,0,0.7372825998187315,-1.1407394806543987,dry,1
2025-07-01,7,NL230,Flevoland,Irrigation Shortage,0,0.5879385285681514,-1.2951755126317341,dry,1
2025-08-01,8,NL230,Flevoland,Irrigation Shortage,0,0.7027563343798899,-1.5772170821825664,dry,1
2025-09-01,9,NL230,Flevoland,Irrigation Shortage,0,0.381310745285808,-1.6643696029980977,dry,1
2024-01-01,1,NL310,Utrecht,Irrigation Shortage,0,0.14398653769481368,1.6331657965977986,wet,1
2024-02-01,2,NL310,Utrecht,Irrigation Shortage,0,0.1426411956288634,2.060304045677185,wet,1
2024-03-01,3,NL310,Utrecht,Irrigation Shortage,0,0.1623669992655974,1.6860721111297607,wet,1
2024-04-01,4,NL310,Utrecht,Irrigation Shortage,0,0.27287001201769195,1.934793512026469,wet,1
2024-05-01,5,NL310,Utrecht,Irrigation Shortage,0,0.5198937857146555,2.4599483807881675,wet,1
2024-06-01,6,NL310,Utrecht,Irrigation Shortage,0,0.46181191293546897,2.8643977642059326,wet,1
2024-07-01,7,NL310,Utrecht,Irrigation Shortage,0,0.44000414566809265,2.9952971935272217,wet,1
2024-08-01,8,NL310,Utrecht,Irrigation Shortage,0,0.5051691547985192,2.573964277903239,wet,1
2024-09-01,9,NL310,Utrecht,Irrigation Shortage,0,0.4421378249372118,2.949850559234619,wet,1
2024-10-01,10,NL310,Utrecht,Irrigation Shortage,0,0.24381510962852534,2.2675256729125977,wet,1
2024-11-01,11,NL310,Utrecht,Irrigation Shortage,0,0.20030233739533662,1.8243724505106609,wet,1
2024-12-01,12,NL310,Utrecht,Irrigation Shortage,0,0.1344300215855172,1.599138617515564,wet,1
2025-01-01,1,NL310,Utrecht,Irrigation Shortage,0,0.20742704085899819,1.6418602069218953,wet,1
2025-02-01,2,NL310,Utrecht,Irrigation Shortage,0,0.25513667209954416,1.0959928433100383,wet,1
2025-03-01,3,NL310,Utrecht,Irrigation Shortage,0,0.6588667905403598,0.6640455524126688,near_normal,1
2025-04-01,4,NL310,Utrecht,Irrigation Shortage,0,0.4493434197077088,-0.07301297783851624,near_normal,1
2025-05-01,5,NL310,Utrecht,Irrigation Shortage,0,0.6109359768119494,-0.8883529901504517,near_normal,1
2025-06-01,6,NL310,Utrecht,Irrigation Shortage,1,0.5609404326567203,-1.0327074925104778,dry,1
2025-07-01,7,NL310,Utrecht,Irrigation Shortage,0,0.40353747299016557,-1.170036753018697,dry,1
2025-08-01,8,NL310,Utrecht,Irrigation Shortage,0,0.5079486515808774,-1.5849626461664836,dry,1
2025-09-01,9,NL310,Utrecht,Irrigation Shortage,0,0.18520228866543,-1.695322314898173,dry,1
2024-01-01,1,NL321,Kop van Noord-Holland,Irrigation Shortage,0,0.2506340117451402,1.6329838037490845,wet,1
2024-02-01,2,NL321,Kop van Noord-Holland,Irrigation Shortage,0,0.2689352851745009,1.9536860883235931,wet,1
2024-03-01,3,NL321,Kop van Noord-Holland,Irrigation Shortage,0,0.3532724793293925,1.7587225437164307,wet,1
2024-04-01,4,NL321,Kop van Noord-Holland,Irrigation Shortage,0,0.48404976698203683,2.091783583164215,wet,1
2024-05-01,5,NL321,Kop van Noord-Holland,Irrigation Shortage,0,0.6655237660762884,2.2810864448547363,wet,1
2024-06-01,6,NL321,Kop van Noord-Holland,Irrigation Shortage,0,0.7294571899438488,2.7499186396598816,wet,1
2024-07-01,7,NL321,Kop van Noord-Holland,Irrigation Shortage,0,0.6202753665154732,2.32273006439209,wet,1
2024-08-01,8,NL321,Kop van Noord-Holland,Irrigation Shortage,0,0.6904901772163444,2.314435124397278,wet,1
2024-09-01,9,NL321,Kop van Noord-Holland,Irrigation Shortage,0,0.5889893991260133,2.3948420882225037,wet,1
2024-10-01,10,NL321,Kop van Noord-Holland,Irrigation Shortage,0,0.3879390652898123,1.7925672829151154,wet,1
2024-11-01,11,NL321,Kop van Noord-Holland,Irrigation Shortage,0,0.35370117349981967,1.154409036040306,wet,1
2024-12-01,12,NL321,Kop van Noord-Holland,Irrigation Shortage,0,0.28405951352560155,0.8799158334732056,near_normal,1
2025-01-01,1,NL321,Kop van Noord-Holland,Irrigation Shortage,0,0.44328029359484755,0.7503800988197327,near_normal,1
2025-02-01,2,NL321,Kop van Noord-Holland,Irrigation Shortage,0,0.4459262668778333,0.1837369699496776,near_normal,1
2025-03-01,3,NL321,Kop van Noord-Holland,Irrigation Shortage,0,0.690216741507281,-0.19919294212013483,near_normal,1
2025-04-01,4,NL321,Kop van Noord-Holland,Irrigation Shortage,1,0.6543252603381279,-0.8529584109783173,near_normal,1
2025-05-01,5,NL321,Kop van Noord-Holland,Irrigation Shortage,0,0.7953938789701078,-1.0707411617040634,dry,1
2025-06-01,6,NL321,Kop van Noord-Holland,Irrigation Shortage,1,0.6931843930596996,-1.2265169620513916,dry,1
2025-07-01,7,NL321,Kop van Noord-Holland,Irrigation Shortage,0,0.5845710268637508,-1.3985914885997772,dry,1
2025-08-01,8,NL321,Kop van Noord-Holland,Irrigation Shortage,0,0.6458582235500612,-1.6699672937393188,dry,1
2025-09-01,9,NL321,Kop van Noord-Holland,Irrigation Shortage,0,0.3622453037572687,-1.6399725377559662,dry,1
2024-01-01,1,NL323,IJmond,Irrigation Shortage,0,0.07450704118697209,1.7469192743301392,wet,1
2024-02-01,2,NL323,IJmond,Irrigation Shortage,0,0.0786249421864744,1.9654667377471924,wet,1
2024-03-01,3,NL323,IJmond,Irrigation Shortage,0,0.09607796796753651,1.801576018333435,wet,1
2024-04-01,4,NL323,IJmond,Irrigation Shortage,0,0.2065386483126319,2.1092770099639893,wet,1
2024-05-01,5,NL323,IJmond,Irrigation Shortage,0,0.3291001366498293,2.3961286544799805,wet,1
2024-06-01,6,NL323,IJmond,Irrigation Shortage,0,0.37085550537473105,2.795001268386841,wet,1
2024-07-01,7,NL323,IJmond,Irrigation Shortage,0,0.26053742986611417,2.374518632888794,wet,1
2024-08-01,8,NL323,IJmond,Irrigation Shortage,0,0.27031216894098636,2.4498143196105957,wet,1
2024-09-01,9,NL323,IJmond,Irrigation Shortage,0,0.25719794158423037,2.5644779205322266,wet,1
2024-10-01,10,NL323,IJmond,Irrigation Shortage,0,0.16763584255642636,2.1055748462677,wet,1
2024-11-01,11,NL323,IJmond,Irrigation Shortage,0,0.11087758944324111,1.2876315116882324,wet,1
2024-12-01,12,NL323,IJmond,Irrigation Shortage,0,0.08422754574109016,1.054290771484375,wet,1
2025-01-01,1,NL323,IJmond,Irrigation Shortage,0,0.14859727883814436,0.9302926659584045,near_normal,1
2025-02-01,2,NL323,IJmond,Irrigation Shortage,0,0.15306755321783616,0.3864094913005829,near_normal,1
2025-03-01,3,NL323,IJmond,Irrigation Shortage,0,0.5655981439632806,-0.0300010796636343,near_normal,1
2025-04-01,4,NL323,IJmond,Irrigation Shortage,1,0.2923239676172895,-0.679432213306427,near_normal,1
2025-05-01,5,NL323,IJmond,Irrigation Shortage,0,0.4611350894753516,-1.0121432542800903,dry,1
2025-06-01,6,NL323,IJmond,Irrigation Shortage,1,0.40739564944585344,-1.1519043445587158,dry,1
2025-07-01,7,NL323,IJmond,Irrigation Shortage,0,0.25117831865273893,-1.336739182472229,dry,1
2025-08-01,8,NL323,IJmond,Irrigation Shortage,0,0.34481958417986697,-1.6172122955322266,dry,1
2025-09-01,9,NL323,IJmond,Irrigation Shortage,0,0.12277497465314659,-1.5776567459106445,dry,1
2024-01-01,1,NL324,Agglomeratie Haarlem,Irrigation Shortage,0,0.08473021507785572,1.647356390953064,wet,1
2024-02-01,2,NL324,Agglomeratie Haarlem,Irrigation Shortage,0,0.09062157108006165,1.945382833480835,wet,1
2024-03-01,3,NL324,Agglomeratie Haarlem,Irrigation Shortage,0,0.12440956972268312,1.7071410417556763,wet,1
2024-04-01,4,NL324,Agglomeratie Haarlem,Irrigation Shortage,0,0.20523276244246721,1.988879919052124,wet,1
2024-05-01,5,NL324,Agglomeratie Haarlem,Irrigation Shortage,0,0.35946885262792444,2.4034242630004883,wet,1
2024-06-01,6,NL324,Agglomeratie Haarlem,Irrigation Shortage,0,0.3662389575891945,2.8238632678985596,wet,1
2024-07-01,7,NL324,Agglomeratie Haarlem,Irrigation Shortage,0,0.30773382479230865,2.4710593223571777,wet,1
2024-08-01,8,NL324,Agglomeratie Haarlem,Irrigation Shortage,0,0.3154885204897647,2.520214796066284,wet,1
2024-09-01,9,NL324,Agglomeratie Haarlem,Irrigation Shortage,0,0.29720160733751455,2.598809242248535,wet,1
2024-10-01,10,NL324,Agglomeratie Haarlem,Irrigation Shortage,0,0.1729899931120402,2.1641006469726562,wet,1
2024-11-01,11,NL324,Agglomeratie Haarlem,Irrigation Shortage,0,0.1239061968315421,1.519848108291626,wet,1
2024-12-01,12,NL324,Agglomeratie Haarlem,Irrigation Shortage,0,0.09240533073439144,1.3313369750976562,wet,1
2025-01-01,1,NL324,Agglomeratie Haarlem,Irrigation Shortage,0,0.1573189362581816,1.2478913068771362,wet,1
2025-02-01,2,NL324,Agglomeratie Haarlem,Irrigation Shortage,0,0.18224471159174357,0.668552577495575,near_normal,1
2025-03-01,3,NL324,Agglomeratie Haarlem,Irrigation Shortage,0,0.5995522166355998,0.24341583251953125,near_normal,1
2025-04-01,4,NL324,Agglomeratie Haarlem,Irrigation Shortage,1,0.3432108612535046,-0.45443814992904663,near_normal,1
2025-05-01,5,NL324,Agglomeratie Haarlem,Irrigation Shortage,0,0.499896926767321,-0.9552810192108154,near_normal,1
2025-06-01,6,NL324,Agglomeratie Haarlem,Irrigation Shortage,1,0.4701330015801102,-1.0814781188964844,dry,1
2025-07-01,7,NL324,Agglomeratie Haarlem,Irrigation Shortage,0,0.28436428823272597,-1.2436511516571045,dry,1
2025-08-01,8,NL324,Agglomeratie Haarlem,Irrigation Shortage,0,0.3530964864408058,-1.534304141998291,dry,1
2025-09-01,9,NL324,Agglomeratie Haarlem,Irrigation Shortage,0,0.11990677487861247,-1.641973853111267,dry,1
2024-01-01,1,NL325,Zaanstreek,Irrigation Shortage,0,0.07474432681582238,1.6169030666351318,wet,1
2024-02-01,2,NL325,Zaanstreek,Irrigation Shortage,0,0.068896877088846,1.957419753074646,wet,1
2024-03-01,3,NL325,Zaanstreek,Irrigation Shortage,0,0.07207951455052913,1.6453285217285156,wet,1
2024-04-01,4,NL325,Zaanstreek,Irrigation Shortage,0,0.1554097882960526,1.9042351245880127,wet,1
2024-05-01,5,NL325,Zaanstreek,Irrigation Shortage,0,0.2846450247429944,2.3876869678497314,wet,1
2024-06-01,6,NL325,Zaanstreek,Irrigation Shortage,0,0.3184877033930584,2.875868558883667,wet,1
2024-07-01,7,NL325,Zaanstreek,Irrigation Shortage,0,0.26846293098217766,2.6098756790161133,wet,1
2024-08-01,8,NL325,Zaanstreek,Irrigation Shortage,0,0.3016702028514189,2.4586730003356934,wet,1
2024-09-01,9,NL325,Zaanstreek,Irrigation Shortage,0,0.23436482413639806,2.6439425945281982,wet,1
2024-10-01,10,NL325,Zaanstreek,Irrigation Shortage,0,0.11374516867399975,2.0523898601531982,wet,1
2024-11-01,11,NL325,Zaanstreek,Irrigation Shortage,0,0.09539904005636798,1.5562342405319214,wet,1
2024-12-01,12,NL325,Zaanstreek,Irrigation Shortage,0,0.06853815577583057,1.3256824016571045,wet,1
2025-01-01,1,NL325,Zaanstreek,Irrigation Shortage,0,0.12165928437691807,1.2905166149139404,wet,1
2025-02-01,2,NL325,Zaanstreek,Irrigation Shortage,0,0.14069999356624577,0.7351674437522888,near_normal,1
2025-03-01,3,NL325,Zaanstreek,Irrigation Shortage,0,0.4905532279784847,0.2895616590976715,near_normal,1
2025-04-01,4,NL325,Zaanstreek,Irrigation Shortage,1,0.2574720434719522,-0.44397521018981934,near_normal,1
2025-05-01,5,NL325,Zaanstreek,Irrigation Shortage,0,0.42784396961824533,-1.0350122451782227,dry,1
2025-06-01,6,NL325,Zaanstreek,Irrigation Shortage,1,0.3039321946984996,-1.1691848039627075,dry,1
2025-07-01,7,NL325,Zaanstreek,Irrigation Shortage,0,0.2319631714650206,-1.3288004398345947,dry,1
2025-08-01,8,NL325,Zaanstreek,Irrigation Shortage,0,0.2593188351657379,-1.6849058866500854,dry,1
2025-09-01,9,NL325,Zaanstreek,Irrigation Shortage,0,0.11687801669918702,-1.740875005722046,dry,1
2024-01-01,1,NL327,Het Gooi en Vechtstreek,Irrigation Shortage,0,0.17523242977195774,1.636123776435852,wet,1
2024-03-01,3,NL327,Het Gooi en Vechtstreek,Irrigation Shortage,0,0.16947245662378102,1.6505409479141235,wet,1
2024-04-01,4,NL327,Het Gooi en Vechtstreek,Irrigation Shortage,0,0.32039139735452354,1.8591419458389282,wet,1
2024-05-01,5,NL327,Het Gooi en Vechtstreek,Irrigation Shortage,0,0.5299504529915374,2.378713369369507,wet,1
2024-06-01,6,NL327,Het Gooi en Vechtstreek,Irrigation Shortage,0,0.4863156771692488,2.898977279663086,wet,1
2024-07-01,7,NL327,Het Gooi en Vechtstreek,Irrigation Shortage,0,0.4927300903652986,2.7814443111419678,wet,1
2024-08-01,8,NL327,Het Gooi en Vechtstreek,Irrigation Shortage,0,0.5604346828458973,2.4918413162231445,wet,1
2024-09-01,9,NL327,Het Gooi en Vechtstreek,Irrigation Shortage,0,0.5031774642923971,2.7578084468841553,wet,1
2024-10-01,10,NL327,Het Gooi en Vechtstreek,Irrigation Shortage,0,0.26747036832232424,2.0412652492523193,wet,1
2024-11-01,11,NL327,Het Gooi en Vechtstreek,Irrigation Shortage,0,0.2258433366964234,1.6262489557266235,wet,1
2024-12-01,12,NL327,Het Gooi en Vechtstreek,Irrigation Shortage,0,0.1572933003418104,1.3761451244354248,wet,1
2025-01-01,1,NL327,Het Gooi en Vechtstreek,Irrigation Shortage,0,0.254115504552946,1.3592329025268555,wet,1
2025-02-01,2,NL327,Het Gooi en Vechtstreek,Irrigation Shortage,0,0.31773901583752534,0.8063275814056396,near_normal,1
2025-03-01,3,NL327,Het Gooi en Vechtstreek,Irrigation Shortage,0,0.5665000019124729,0.35810184478759766,near_normal,1
2025-04-01,4,NL327,Het Gooi en Vechtstreek,Irrigation Shortage,1,0.4956786658065286,-0.35341763496398926,near_normal,1
2025-05-01,5,NL327,Het Gooi en Vechtstreek,Irrigation Shortage,0,0.688435699747408,-1.0387662649154663,dry,1
2025-06-01,6,NL327,Het Gooi en Vechtstreek,Irrigation Shortage,1,0.5812437500878053,-1.1725388765335083,dry,1
2025-07-01,7,NL327,Het Gooi en Vechtstreek,Irrigation Shortage,0,0.4349085082839979,-1.3508493900299072,dry,1
2025-08-01,8,NL327,Het Gooi en Vechtstreek,Irrigation Shortage,0,0.5416620091935934,-1.7118911743164062,dry,1
2025-09-01,9,NL327,Het Gooi en Vechtstreek,Irrigation Shortage,0,0.24209235559700273,-1.7690833806991577,dry,1
2024-01-01,1,NL328,Alkmaar en omgeving,Irrigation Shortage,0,0.1315763271462509,1.7100821137428284,wet,1
2024-02-01,2,NL328,Alkmaar en omgeving,Irrigation Shortage,0,0.15088908537250634,1.9593284130096436,wet,1
2024-03-01,3,NL328,Alkmaar en omgeving,Irrigation Shortage,0,0.15805470876594893,1.739656686782837,wet,1
2024-04-01,4,NL328,Alkmaar en omgeving,Irrigation Shortage,0,0.30213140764228397,2.0186948776245117,wet,1
2024-05-01,5,NL328,Alkmaar en omgeving,Irrigation Shortage,0,0.4666656717295455,2.3344630002975464,wet,1
2024-06-01,6,NL328,Alkmaar en omgeving,Irrigation Shortage,0,0.5212145604044766,2.804568648338318,wet,1
2024-07-01,7,NL328,Alkmaar en omgeving,Irrigation Shortage,0,0.42275768166204775,2.428522229194641,wet,1
2024-08-01,8,NL328,Alkmaar en omgeving,Irrigation Shortage,0,0.43747245898542014,2.425881505012512,wet,1
2024-09-01,9,NL328,Alkmaar en omgeving,Irrigation Shortage,0,0.39480803757238014,2.5760817527770996,wet,1
2024-10-01,10,NL328,Alkmaar en omgeving,Irrigation Shortage,0,0.22811815467433236,2.0169880390167236,wet,1
2024-11-01,11,NL328,Alkmaar en omgeving,Irrigation Shortage,0,0.18579871580965254,1.3094255328178406,wet,1
2024-12-01,12,NL328,Alkmaar en omgeving,Irrigation Shortage,0,0.14094451805132424,1.0511134266853333,wet,1
2025-01-01,1,NL328,Alkmaar en omgeving,Irrigation Shortage,0,0.2340283825905387,0.9406598210334778,near_normal,1
2025-02-01,2,NL328,Alkmaar en omgeving,Irrigation Shortage,0,0.25601932393031424,0.40348732471466064,near_normal,1
2025-03-01,3,NL328,Alkmaar en omgeving,Irrigation Shortage,0,0.5357883535065142,-0.023991535417735577,near_normal,1
2025-04-01,4,NL328,Alkmaar en omgeving,Irrigation Shortage,1,0.43085399488205967,-0.6851816177368164,near_normal,1
2025-05-01,5,NL328,Alkmaar en omgeving,Irrigation Shortage,0,0.5891421076022118,-1.0560193061828613,dry,1
2025-06-01,6,NL328,Alkmaar en omgeving,Irrigation Shortage,1,0.45546139739127733,-1.200132429599762,dry,1
2025-07-01,7,NL328,Alkmaar en omgeving,Irrigation Shortage,0,0.37592134493549295,-1.380033254623413,dry,1
2025-08-01,8,NL328,Alkmaar en omgeving,Irrigation Shortage,0,0.4619949872795781,-1.6897867918014526,dry,1
2025-09-01,9,NL328,Alkmaar en omgeving,Irrigation Shortage,0,0.21896083085757112,-1.6552176475524902,dry,1
2024-01-01,1,NL329,Groot-Amsterdam,Irrigation Shortage,0,0.09705061427312671,1.6169030666351318,wet,1
2024-02-01,2,NL329,Groot-Amsterdam,Irrigation Shortage,0,0.10521870951840169,1.957419753074646,wet,1
2024-03-01,3,NL329,Groot-Amsterdam,Irrigation Shortage,0,0.10887409807821871,1.6453285217285156,wet,1
2024-04-01,4,NL329,Groot-Amsterdam,Irrigation Shortage,0,0.20832241641042065,1.9042351245880127,wet,1
2024-05-01,5,NL329,Groot-Amsterdam,Irrigation Shortage,1,0.37107326427342785,2.3876869678497314,wet,1
2024-06-01,6,NL329,Groot-Amsterdam,Irrigation Shortage,0,0.40235451084525115,2.875868558883667,wet,1
2024-07-01,7,NL329,Groot-Amsterdam,Irrigation Shortage,0,0.3459323895710083,2.6098756790161133,wet,1
2024-08-01,8,NL329,Groot-Amsterdam,Irrigation Shortage,1,0.42006334212251334,2.4586730003356934,wet,1
2024-09-01,9,NL329,Groot-Amsterdam,Irrigation Shortage,0,0.3495492925365762,2.6439425945281982,wet,1
2024-10-01,10,NL329,Groot-Amsterdam,Irrigation Shortage,0,0.16737063654039402,2.0523898601531982,wet,1
2024-11-01,11,NL329,Groot-Amsterdam,Irrigation Shortage,0,0.13185271751286326,1.5562342405319214,wet,1
2024-12-01,12,NL329,Groot-Amsterdam,Irrigation Shortage,0,0.09515556890699037,1.3256824016571045,wet,1
2025-01-01,1,NL329,Groot-Amsterdam,Irrigation Shortage,0,0.16019691674228334,1.2905166149139404,wet,1
2025-02-01,2,NL329,Groot-Amsterdam,Irrigation Shortage,0,0.19926903599778117,0.7351674437522888,near_normal,1
2025-03-01,3,NL329,Groot-Amsterdam,Irrigation Shortage,1,0.5356648715514443,0.2895616590976715,near_normal,1
2025-04-01,4,NL329,Groot-Amsterdam,Irrigation Shortage,1,0.3428912728856228,-0.44397521018981934,near_normal,1
2025-05-01,5,NL329,Groot-Amsterdam,Irrigation Shortage,0,0.5184192194300772,-1.0350122451782227,dry,1
2025-06-01,6,NL329,Groot-Amsterdam,Irrigation Shortage,1,0.42466733162054215,-1.1691848039627075,dry,1
2025-07-01,7,NL329,Groot-Amsterdam,Irrigation Shortage,0,0.28932420249166035,-1.3288004398345947,dry,1
2025-08-01,8,NL329,Groot-Amsterdam,Irrigation Shortage,0,0.38710937512696986,-1.6849058866500854,dry,1
2025-09-01,9,NL329,Groot-Amsterdam,Irrigation Shortage,0,0.14060951812551425,-1.740875005722046,dry,1
2024-01-01,1,NL332,Agglomeratie ’s-Gravenhage,Irrigation Shortage,0,0.0668193043093198,1.5479464530944824,wet,1
2024-02-01,2,NL332,Agglomeratie ’s-Gravenhage,Irrigation Shortage,0,0.0717539294073983,1.9152671098709106,wet,1
2024-03-01,3,NL332,Agglomeratie ’s-Gravenhage,Irrigation Shortage,0,0.09703770973134,1.6138807535171509,wet,1
2024-04-01,4,NL332,Agglomeratie ’s-Gravenhage,Irrigation Shortage,0,0.14070311523511575,1.7927536964416504,wet,1
2024-05-01,5,NL332,Agglomeratie ’s-Gravenhage,Irrigation Shortage,0,0.28337772777801096,2.222562551498413,wet,1
2024-06-01,6,NL332,Agglomeratie ’s-Gravenhage,Irrigation Shortage,0,0.28293074531981166,2.651139974594116,wet,1
2024-07-01,7,NL332,Agglomeratie ’s-Gravenhage,Irrigation Shortage,0,0.20976607941763944,2.602553367614746,wet,1
2024-08-01,8,NL332,Agglomeratie ’s-Gravenhage,Irrigation Shortage,0,0.2816502832634997,2.614240884780884,wet,1
2024-09-01,9,NL332,Agglomeratie ’s-Gravenhage,Irrigation Shortage,0,0.22798326387804452,2.760681390762329,wet,1
2024-10-01,10,NL332,Agglomeratie ’s-Gravenhage,Irrigation Shortage,0,0.1232400942581804,2.217620849609375,wet,1
2024-11-01,11,NL332,Agglomeratie ’s-Gravenhage,Irrigation Shortage,0,0.08513466955786282,1.6578664779663086,wet,1
2024-12-01,12,NL332,Agglomeratie ’s-Gravenhage,Irrigation Shortage,0,0.06509846240999667,1.5298305749893188,wet,1
2025-01-01,1,NL332,Agglomeratie ’s-Gravenhage,Irrigation Shortage,0,0.08729474544831163,1.4456462860107422,wet,1
2025-02-01,2,NL332,Agglomeratie ’s-Gravenhage,Irrigation Shortage,0,0.11912165598999666,0.8826550841331482,near_normal,1
2025-03-01,3,NL332,Agglomeratie ’s-Gravenhage,Irrigation Shortage,0,0.1972978805295269,0.4521176517009735,near_normal,1
2025-04-01,4,NL332,Agglomeratie ’s-Gravenhage,Irrigation Shortage,0,0.24898504360717125,-0.2299506515264511,near_normal,1
2025-05-01,5,NL332,Agglomeratie ’s-Gravenhage,Irrigation Shortage,0,0.3929998695966842,-0.8712313175201416,near_normal,1
2025-06-01,6,NL332,Agglomeratie ’s-Gravenhage,Irrigation Shortage,1,0.3695364371964461,-1.0435134172439575,dry,1
2025-07-01,7,NL332,Agglomeratie ’s-Gravenhage,Irrigation Shortage,0,0.20967955593738863,-1.2248507738113403,dry,1
2025-08-01,8,NL332,Agglomeratie ’s-Gravenhage,Irrigation Shortage,0,0.26486125583504905,-1.4840713739395142,dry,1
2025-09-01,9,NL332,Agglomeratie ’s-Gravenhage,Irrigation Shortage,0,0.06771081368580514,-1.723048210144043,dry,1
2024-01-01,1,NL333,Delft en Westland,Irrigation Shortage,0,0.158748612659973,1.4589471817016602,wet,1
2024-02-01,2,NL333,Delft en Westland,Irrigation Shortage,0,0.2084232223238158,1.889495611190796,wet,1
2024-03-01,3,NL333,Delft en Westland,Irrigation Shortage,0,0.18586564985431595,1.5272536277770996,wet,1
2024-04-01,4,NL333,Delft en Westland,Irrigation Shortage,0,0.30096220840767357,1.6712430715560913,wet,1
2024-05-01,5,NL333,Delft en Westland,Irrigation Shortage,0,0.5195850303845536,2.103944778442383,wet,1
2024-06-01,6,NL333,Delft en Westland,Irrigation Shortage,0,0.5070626731241853,2.5638675689697266,wet,1
2024-07-01,7,NL333,Delft en Westland,Irrigation Shortage,0,0.41814876462299233,2.8959829807281494,wet,1
2024-08-01,8,NL333,Delft en Westland,Irrigation Shortage,0,0.5342146871840385,2.653705358505249,wet,1
2024-09-01,9,NL333,Delft en Westland,Irrigation Shortage,0,0.4283552859715364,2.9503586292266846,wet,1
2024-10-01,10,NL333,Delft en Westland,Irrigation Shortage,0,0.2726571279016027,2.2567052841186523,wet,1
2024-11-01,11,NL333,Delft en Westland,Irrigation Shortage,0,0.2288922900757765,1.799555778503418,wet,1
2024-12-01,12,NL333,Delft en Westland,Irrigation Shortage,0,0.16287463596039223,1.66428804397583,wet,1
2025-01-01,1,NL333,Delft en Westland,Irrigation Shortage,0,0.2171140933902287,1.640883445739746,wet,1
2025-02-01,2,NL333,Delft en Westland,Irrigation Shortage,0,0.25355212067479366,1.163700819015503,wet,1
2025-03-01,3,NL333,Delft en Westland,Irrigation Shortage,0,0.4737514293520149,0.7183709144592285,near_normal,1
2025-04-01,4,NL333,Delft en Westland,Irrigation Shortage,0,0.4988710328398477,0.003728199517354369,near_normal,1
2025-05-01,5,NL333,Delft en Westland,Irrigation Shortage,0,0.6467891062843106,-0.8432844877243042,near_normal,1
2025-06-01,6,NL333,Delft en Westland,Irrigation Shortage,1,0.5516958422037702,-1.0905721187591553,dry,1
2025-07-01,7,NL333,Delft en Westland,Irrigation Shortage,1,0.43247432222893084,-1.26656973361969,dry,1
2025-08-01,8,NL333,Delft en Westland,Irrigation Shortage,0,0.5963794762182634,-1.6068077087402344,dry,1
2025-09-01,9,NL333,Delft en Westland,Irrigation Shortage,0,0.1876208062864481,-1.8662478923797607,dry,1
2024-01-01,1,NL337,Agglomeratie Leiden en Bollenstreek,Irrigation Shortage,0,0.09047482624502852,1.5254942178726196,wet,1
2024-02-01,2,NL337,Agglomeratie Leiden en Bollenstreek,Irrigation Shortage,0,0.0971071624092695,1.930662751197815,wet,1
2024-03-01,3,NL337,Agglomeratie Leiden en Bollenstreek,Irrigation Shortage,0,0.11808686096387713,1.600808024406433,wet,1
2024-04-01,4,NL337,Agglomeratie Leiden en Bollenstreek,Irrigation Shortage,0,0.17290099216625512,1.8393596410751343,wet,1
2024-05-01,5,NL337,Agglomeratie Leiden en Bollenstreek,Irrigation Shortage,0,0.34662716962885115,2.308445453643799,wet,1
2024-06-01,6,NL337,Agglomeratie Leiden en Bollenstreek,Irrigation Shortage,0,0.3526783737994025,2.742405891418457,wet,1
2024-07-01,7,NL337,Agglomeratie Leiden en Bollenstreek,Irrigation Shortage,0,0.2873828456657326,2.7151103019714355,wet,1
2024-08-01,8,NL337,Agglomeratie Leiden en Bollenstreek,Irrigation Shortage,0,0.41810819982032915,2.554049253463745,wet,1
2024-09-01,9,NL337,Agglomeratie Leiden en Bollenstreek,Irrigation Shortage,0,0.29851024460195924,2.7597999572753906,wet,1
2024-10-01,10,NL337,Agglomeratie Leiden en Bollenstreek,Irrigation Shortage,0,0.1680122173245445,2.198561906814575,wet,1
2024-11-01,11,NL337,Agglomeratie Leiden en Bollenstreek,Irrigation Shortage,0,0.11789506411842178,1.7335660457611084,wet,1
2024-12-01,12,NL337,Agglomeratie Leiden en Bollenstreek,Irrigation Shortage,0,0.08258849165867548,1.5648200511932373,wet,1
2025-01-01,1,NL337,Agglomeratie Leiden en Bollenstreek,Irrigation Shortage,0,0.12561595335637962,1.5522692203521729,wet,1
2025-02-01,2,NL337,Agglomeratie Leiden en Bollenstreek,Irrigation Shortage,0,0.15577775749771686,1.016635775566101,wet,1
2025-03-01,3,NL337,Agglomeratie Leiden en Bollenstreek,Irrigation Shortage,0,0.2543772787405494,0.5903820991516113,near_normal,1
2025-04-01,4,NL337,Agglomeratie Leiden en Bollenstreek,Irrigation Shortage,0,0.3076321751176048,-0.16400562226772308,near_normal,1
2025-05-01,5,NL337,Agglomeratie Leiden en Bollenstreek,Irrigation Shortage,0,0.46988912709312464,-0.8812072277069092,near_normal,1
2025-06-01,6,NL337,Agglomeratie Leiden en Bollenstreek,Irrigation Shortage,1,0.4405847633123309,-1.0348807573318481,dry,1
2025-07-01,7,NL337,Agglomeratie Leiden en Bollenstreek,Irrigation Shortage,0,0.26470543576453576,-1.1747100353240967,dry,1
2025-08-01,8,NL337,Agglomeratie Leiden en Bollenstreek,Irrigation Shortage,0,0.34597843946445206,-1.5170913934707642,dry,1
2025-09-01,9,NL337,Agglomeratie Leiden en Bollenstreek,Irrigation Shortage,0,0.0904574296363775,-1.738526463508606,dry,1
2024-01-01,1,NL33A,Zuidoost-Zuid-Holland,Irrigation Shortage,0,0.2478490773089646,1.5022345781326294,wet,1
2024-02-01,2,NL33A,Zuidoost-Zuid-Holland,Irrigation Shortage,0,0.2486365904781619,1.9734735488891602,wet,1
2024-03-01,3,NL33A,Zuidoost-Zuid-Holland,Irrigation Shortage,0,0.27506353413169055,1.6091928482055664,wet,1
2024-04-01,4,NL33A,Zuidoost-Zuid-Holland,Irrigation Shortage,0,0.4088215667933952,1.869387149810791,wet,1
2024-05-01,5,NL33A,Zuidoost-Zuid-Holland,Irrigation Shortage,0,0.6498050651526308,2.296041488647461,wet,1
2024-06-01,6,NL33A,Zuidoost-Zuid-Holland,Irrigation Shortage,0,0.5895233223359736,2.7406914234161377,wet,1
2024-07-01,7,NL33A,Zuidoost-Zuid-Holland,Irrigation Shortage,0,0.5619008571627337,3.1620676517486572,wet,1
2024-08-01,8,NL33A,Zuidoost-Zuid-Holland,Irrigation Shortage,0,0.6034044934000714,2.5882296562194824,wet,1
2024-09-01,9,NL33A,Zuidoost-Zuid-Holland,Irrigation Shortage,0,0.5871672883568279,3.196017026901245,wet,1
2024-10-01,10,NL33A,Zuidoost-Zuid-Holland,Irrigation Shortage,0,0.4102532862908229,2.4383902549743652,wet,1
2024-11-01,11,NL33A,Zuidoost-Zuid-Holland,Irrigation Shortage,0,0.31646788664952274,1.9545094966888428,wet,1
2024-12-01,12,NL33A,Zuidoost-Zuid-Holland,Irrigation Shortage,0,0.2397725219841006,1.7752925157546997,wet,1
2025-01-01,1,NL33A,Zuidoost-Zuid-Holland,Irrigation Shortage,0,0.31755030198135825,1.8329216241836548,wet,1
2025-02-01,2,NL33A,Zuidoost-Zuid-Holland,Irrigation Shortage,0,0.38399179716384013,1.3434903621673584,wet,1
2025-03-01,3,NL33A,Zuidoost-Zuid-Holland,Irrigation Shortage,0,0.6986081441113907,0.9254148006439209,near_normal,1
2025-04-01,4,NL33A,Zuidoost-Zuid-Holland,Irrigation Shortage,0,0.6004940478744559,0.18472331762313843,near_normal,1
2025-05-01,5,NL33A,Zuidoost-Zuid-Holland,Irrigation Shortage,0,0.7529964369967507,-0.6993400454521179,near_normal,1
2025-06-01,6,NL33A,Zuidoost-Zuid-Holland,Irrigation Shortage,1,0.7140545060600872,-0.928616464138031,near_normal,1
2025-07-01,7,NL33A,Zuidoost-Zuid-Holland,Irrigation Shortage,0,0.5662815243556555,-1.0900894403457642,dry,1
2025-08-01,8,NL33A,Zuidoost-Zuid-Holland,Irrigation Shortage,0,0.6726269769374282,-1.5483509302139282,dry,1
2025-09-01,9,NL33A,Zuidoost-Zuid-Holland,Irrigation Shortage,0,0.31559069056993905,-1.7110259532928467,dry,1
2024-01-01,1,NL33B,Oost-Zuid-Holland,Irrigation Shortage,0,0.06418607435788257,1.5254942178726196,wet,1
2024-02-01,2,NL33B,Oost-Zuid-Holland,Irrigation Shortage,0,0.058973327797989694,1.930662751197815,wet,1
2024-03-01,3,NL33B,Oost-Zuid-Holland,Irrigation Shortage,0,0.08401422237834966,1.600808024406433,wet,1
2024-04-01,4,NL33B,Oost-Zuid-Holland,Irrigation Shortage,0,0.1269407327097586,1.8393596410751343,wet,1
2024-05-01,5,NL33B,Oost-Zuid-Holland,Irrigation Shortage,0,0.2716695546036703,2.308445453643799,wet,1
2024-06-01,6,NL33B,Oost-Zuid-Holland,Irrigation Shortage,0,0.25917713660843844,2.742405891418457,wet,1
2024-07-01,7,NL33B,Oost-Zuid-Holland,Irrigation Shortage,0,0.22407246122580482,2.7151103019714355,wet,1
2024-08-01,8,NL33B,Oost-Zuid-Holland,Irrigation Shortage,0,0.2770937378048685,2.554049253463745,wet,1
2024-09-01,9,NL33B,Oost-Zuid-Holland,Irrigation Shortage,0,0.23328853598313565,2.7597999572753906,wet,1
2024-10-01,10,NL33B,Oost-Zuid-Holland,Irrigation Shortage,0,0.11403953950288312,2.198561906814575,wet,1
2024-11-01,11,NL33B,Oost-Zuid-Holland,Irrigation Shortage,0,0.08342865415650823,1.7335660457611084,wet,1
2024-12-01,12,NL33B,Oost-Zuid-Holland,Irrigation Shortage,0,0.05963924115861772,1.5648200511932373,wet,1
2025-01-01,1,NL33B,Oost-Zuid-Holland,Irrigation Shortage,0,0.09549262834531048,1.5522692203521729,wet,1
2025-02-01,2,NL33B,Oost-Zuid-Holland,Irrigation Shortage,0,0.12115029907673877,1.016635775566101,wet,1
2025-03-01,3,NL33B,Oost-Zuid-Holland,Irrigation Shortage,0,0.2965633505080783,0.5903820991516113,near_normal,1
2025-04-01,4,NL33B,Oost-Zuid-Holland,Irrigation Shortage,0,0.239641240376829,-0.16400562226772308,near_normal,1
2025-05-01,5,NL33B,Oost-Zuid-Holland,Irrigation Shortage,0,0.3780336134844884,-0.8812072277069092,near_normal,1
2025-06-01,6,NL33B,Oost-Zuid-Holland,Irrigation Shortage,1,0.29120451665122316,-1.0348807573318481,dry,1
2025-07-01,7,NL33B,Oost-Zuid-Holland,Irrigation Shortage,0,0.19918513248271924,-1.1747100353240967,dry,1
2025-08-01,8,NL33B,Oost-Zuid-Holland,Irrigation Shortage,0,0.26714070726683137,-1.5170913934707642,dry,1
2025-09-01,9,NL33B,Oost-Zuid-Holland,Irrigation Shortage,0,0.08287451374377273,-1.738526463508606,dry,1
2024-01-01,1,NL33C,Groot-Rijnmond,Irrigation Shortage,0,0.5233976882581213,1.481999437014262,wet,1
2024-02-01,2,NL33C,Groot-Rijnmond,Irrigation Shortage,0,0.5674687535023906,1.9045462608337402,wet,1
2024-03-01,3,NL33C,Groot-Rijnmond,Irrigation Shortage,0,0.5676865935831987,1.55764905611674,wet,1
2024-04-01,4,NL33C,Groot-Rijnmond,Irrigation Shortage,1,0.705392015148686,1.7358837127685547,wet,1
2024-05-01,5,NL33C,Groot-Rijnmond,Irrigation Shortage,1,0.8576533692676725,2.1709097226460776,wet,1
2024-06-01,6,NL33C,Groot-Rijnmond,Irrigation Shortage,0,0.8457210699842189,2.626691977183024,wet,1
2024-07-01,7,NL33C,Groot-Rijnmond,Irrigation Shortage,0,0.8058696286044261,2.903880516688029,wet,1
2024-08-01,8,NL33C,Groot-Rijnmond,Irrigation Shortage,0,0.8583219979852958,2.6491270065307617,wet,1
2024-09-01,9,NL33C,Groot-Rijnmond,Irrigation Shortage,0,0.8021527385227408,2.9472951889038086,wet,1
2024-10-01,10,NL33C,Groot-Rijnmond,Irrigation Shortage,0,0.6736652198195675,2.2849376996358237,wet,1
2024-11-01,11,NL33C,Groot-Rijnmond,Irrigation Shortage,0,0.6026020994098078,1.8019837141036987,wet,1
2024-12-01,12,NL33C,Groot-Rijnmond,Irrigation Shortage,0,0.5250315688070667,1.676819920539856,wet,1
2025-01-01,1,NL33C,Groot-Rijnmond,Irrigation Shortage,0,0.6123846341430558,1.6513664722442627,wet,1
2025-02-01,2,NL33C,Groot-Rijnmond,Irrigation Shortage,0,0.6698613792179179,1.1506803433100383,wet,1
2025-03-01,3,NL33C,Groot-Rijnmond,Irrigation Shortage,0,0.8340689310944303,0.7058199445406595,near_normal,1
2025-04-01,4,NL33C,Groot-Rijnmond,Irrigation Shortage,0,0.8339711240902506,-0.012301225292806825,near_normal,1
2025-05-01,5,NL33C,Groot-Rijnmond,Irrigation Shortage,0,0.9062385309498585,-0.8446452021598816,near_normal,1
2025-06-01,6,NL33C,Groot-Rijnmond,Irrigation Shortage,1,0.8764077545495634,-1.0734885931015015,dry,1
2025-07-01,7,NL33C,Groot-Rijnmond,Irrigation Shortage,0,0.802378997875925,-1.2388241688410442,dry,1
2025-08-01,8,NL33C,Groot-Rijnmond,Irrigation Shortage,0,0.8876497582846327,-1.566239356994629,dry,1
2025-09-01,9,NL33C,Groot-Rijnmond,Irrigation Shortage,0,0.5735937534174942,-1.825290282567342,dry,1
2024-01-01,1,NL341,Zeeuwsch-Vlaanderen,Irrigation Shortage,0,0.7065419990658093,1.0990768671035767,wet,1
2024-02-01,2,NL341,Zeeuwsch-Vlaanderen,Irrigation Shortage,0,0.69793065271721,1.6654661893844604,wet,1
2024-03-01,3,NL341,Zeeuwsch-Vlaanderen,Irrigation Shortage,0,0.7289910041048033,1.4342957735061646,wet,1
2024-04-01,4,NL341,Zeeuwsch-Vlaanderen,Irrigation Shortage,0,0.8279962044955634,1.72164386510849,wet,1
2024-05-01,5,NL341,Zeeuwsch-Vlaanderen,Irrigation Shortage,0,0.924946810607868,2.0468907356262207,wet,1
2024-06-01,6,NL341,Zeeuwsch-Vlaanderen,Irrigation Shortage,0,0.9149838160513994,2.511785864830017,wet,1
2024-07-01,7,NL341,Zeeuwsch-Vlaanderen,Irrigation Shortage,1,0.884666518386532,2.5947717428207397,wet,1
2024-08-01,8,NL341,Zeeuwsch-Vlaanderen,Irrigation Shortage,0,0.9103237512976161,2.2865796089172363,wet,1
2024-09-01,9,NL341,Zeeuwsch-Vlaanderen,Irrigation Shortage,0,0.8819047833462427,2.4733811616897583,wet,1
2024-10-01,10,NL341,Zeeuwsch-Vlaanderen,Irrigation Shortage,1,0.8226600155034061,2.181926131248474,wet,1
2024-11-01,11,NL341,Zeeuwsch-Vlaanderen,Irrigation Shortage,1,0.7144935507845948,1.6795973777770996,wet,1
2024-12-01,12,NL341,Zeeuwsch-Vlaanderen,Irrigation Shortage,1,0.7155700434847176,1.661611557006836,wet,1
2025-01-01,1,NL341,Zeeuwsch-Vlaanderen,Irrigation Shortage,0,0.7996282621475266,1.6901467442512512,wet,1
2025-02-01,2,NL341,Zeeuwsch-Vlaanderen,Irrigation Shortage,0,0.8224016870291332,1.1577122211456299,wet,1
2025-03-01,3,NL341,Zeeuwsch-Vlaanderen,Irrigation Shortage,1,0.9435280323720694,0.565402165055275,near_normal,1
2025-04-01,4,NL341,Zeeuwsch-Vlaanderen,Irrigation Shortage,1,0.9172033312052578,-0.27620716392993927,near_normal,1
2025-05-01,5,NL341,Zeeuwsch-Vlaanderen,Irrigation Shortage,1,0.9440158159888903,-1.0510993003845215,dry,1
2025-06-01,6,NL341,Zeeuwsch-Vlaanderen,Irrigation Shortage,1,0.936393570789542,-1.2060883045196533,dry,1
2025-07-01,7,NL341,Zeeuwsch-Vlaanderen,Irrigation Shortage,1,0.9131435608735955,-1.3016448020935059,dry,1
2025-08-01,8,NL341,Zeeuwsch-Vlaanderen,Irrigation Shortage,0,0.945971237985754,-1.7224125266075134,dry,1
2025-09-01,9,NL341,Zeeuwsch-Vlaanderen,Irrigation Shortage,0,0.7327264520694177,-2.1238150596618652,dry,1
2024-01-01,1,NL342,Overig Zeeland,Irrigation Shortage,0,0.6550066691251074,1.3286210298538208,wet,1
2024-02-01,2,NL342,Overig Zeeland,Irrigation Shortage,1,0.6943003710238459,1.7934848070144653,wet,1
2024-03-01,3,NL342,Overig Zeeland,Irrigation Shortage,1,0.6851100011097155,1.4659996032714844,wet,1
2024-04-01,4,NL342,Overig Zeeland,Irrigation Shortage,0,0.8002556739135878,1.6179192066192627,wet,1
2024-05-01,5,NL342,Overig Zeeland,Irrigation Shortage,0,0.9023272626159775,2.0807783603668213,wet,1
2024-06-01,6,NL342,Overig Zeeland,Irrigation Shortage,0,0.8901788050628637,2.572701930999756,wet,1
2024-07-01,7,NL342,Overig Zeeland,Irrigation Shortage,1,0.8638210931219,2.9837281703948975,wet,1
2024-08-01,8,NL342,Overig Zeeland,Irrigation Shortage,0,0.8863768278932947,2.67411470413208,wet,1
2024-09-01,9,NL342,Overig Zeeland,Irrigation Shortage,0,0.8589266206602462,2.8608145713806152,wet,1
2024-10-01,10,NL342,Overig Zeeland,Irrigation Shortage,1,0.7907258719574288,2.296290636062622,wet,1
2024-11-01,11,NL342,Overig Zeeland,Irrigation Shortage,1,0.701233112124811,1.8551033735275269,wet,1
2024-12-01,12,NL342,Overig Zeeland,Irrigation Shortage,1,0.6628250221096524,1.8005717992782593,wet,1
2025-01-01,1,NL342,Overig Zeeland,Irrigation Shortage,0,0.7196135530173184,1.798425555229187,wet,1
2025-02-01,2,NL342,Overig Zeeland,Irrigation Shortage,0,0.7610362876457432,1.329056739807129,wet,1
2025-03-01,3,NL342,Overig Zeeland,Irrigation Shortage,1,0.891239662961914,0.8654971122741699,near_normal,1
2025-04-01,4,NL342,Overig Zeeland,Irrigation Shortage,1,0.900775306026653,0.127136692404747,near_normal,1
2025-05-01,5,NL342,Overig Zeeland,Irrigation Shortage,1,0.9386063560654578,-0.8692893981933594,near_normal,1
2025-06-01,6,NL342,Overig Zeeland,Irrigation Shortage,1,0.9157003981446757,-1.1390583515167236,dry,1
2025-07-01,7,NL342,Overig Zeeland,Irrigation Shortage,1,0.8666101827903685,-1.3374229669570923,dry,1
2025-08-01,8,NL342,Overig Zeeland,Irrigation Shortage,1,0.9347319431896456,-1.7264788150787354,dry,1
2025-09-01,9,NL342,Overig Zeeland,Irrigation Shortage,0,0.6706669854268,-2.0268850326538086,dry,1
2024-01-01,1,NL411,West-Noord-Brabant,Irrigation Shortage,0,0.39399817971995255,1.4279340207576752,wet,1
2024-02-01,2,NL411,West-Noord-Brabant,Irrigation Shortage,0,0.42786072294264943,1.9115989208221436,wet,1
2024-03-01,3,NL411,West-Noord-Brabant,Irrigation Shortage,0,0.4699839204655901,1.5701760351657867,wet,1
2024-04-01,4,NL411,West-Noord-Brabant,Irrigation Shortage,0,0.5881029181938063,1.794410079717636,wet,1
2024-05-01,5,NL411,West-Noord-Brabant,Irrigation Shortage,0,0.7837996703113757,2.1759976744651794,wet,1
2024-06-01,6,NL411,West-Noord-Brabant,Irrigation Shortage,0,0.717109251035177,2.6817938685417175,wet,1
2024-07-01,7,NL411,West-Noord-Brabant,Irrigation Shortage,0,0.691049212753226,3.1869431138038635,wet,1
2024-08-01,8,NL411,West-Noord-Brabant,Irrigation Shortage,0,0.7378066829787483,2.5752928256988525,wet,1
2024-09-01,9,NL411,West-Noord-Brabant,Irrigation Shortage,0,0.7133322676932796,3.2261340022087097,wet,1
2024-10-01,10,NL411,West-Noord-Brabant,Irrigation Shortage,0,0.5764590351538278,2.4958202242851257,wet,1
2024-11-01,11,NL411,West-Noord-Brabant,Irrigation Shortage,0,0.48943542735742385,1.9934806823730469,wet,1
2024-12-01,12,NL411,West-Noord-Brabant,Irrigation Shortage,0,0.4052910005591939,1.8938453793525696,wet,1
2025-01-01,1,NL411,West-Noord-Brabant,Irrigation Shortage,0,0.5018991375398182,1.9489366114139557,wet,1
2025-02-01,2,NL411,West-Noord-Brabant,Irrigation Shortage,0,0.5364573978034652,1.4912947714328766,wet,1
2025-03-01,3,NL411,West-Noord-Brabant,Irrigation Shortage,1,0.7545462742024649,1.0794287621974945,wet,1
2025-04-01,4,NL411,West-Noord-Brabant,Irrigation Shortage,1,0.7457389792427495,0.3902544379234314,near_normal,1
2025-05-01,5,NL411,West-Noord-Brabant,Irrigation Shortage,1,0.862667007616985,-0.6107541918754578,near_normal,1
2025-06-01,6,NL411,West-Noord-Brabant,Irrigation Shortage,0,0.8474838722506105,-0.9553556591272354,near_normal,1
2025-07-01,7,NL411,West-Noord-Brabant,Irrigation Shortage,0,0.7011440741262702,-1.197560876607895,dry,1
2025-08-01,8,NL411,West-Noord-Brabant,Irrigation Shortage,0,0.8531593721709019,-1.7818401753902435,dry,1
2025-09-01,9,NL411,West-Noord-Brabant,Irrigation Shortage,0,0.4117092836050789,-1.944325178861618,dry,1
2024-01-01,1,NL412,Midden-Noord-Brabant,Irrigation Shortage,0,0.30444269721864636,1.5439085960388184,wet,1
2024-02-01,2,NL412,Midden-Noord-Brabant,Irrigation Shortage,0,0.31825971343798565,2.0561699867248535,wet,1
2024-03-01,3,NL412,Midden-Noord-Brabant,Irrigation Shortage,0,0.4014521513317805,1.6683708429336548,wet,1
2024-04-01,4,NL412,Midden-Noord-Brabant,Irrigation Shortage,0,0.5105261251729359,1.9227519035339355,wet,1
2024-05-01,5,NL412,Midden-Noord-Brabant,Irrigation Shortage,0,0.7392788951418073,2.350119113922119,wet,1
2024-06-01,6,NL412,Midden-Noord-Brabant,Irrigation Shortage,0,0.6812737415564868,2.7400357723236084,wet,1
2024-07-01,7,NL412,Midden-Noord-Brabant,Irrigation Shortage,0,0.6142416058680925,3.3474960327148438,wet,1
2024-08-01,8,NL412,Midden-Noord-Brabant,Irrigation Shortage,0,0.6563092441041944,2.595762252807617,wet,1
2024-09-01,9,NL412,Midden-Noord-Brabant,Irrigation Shortage,0,0.6134997672079211,3.8588836193084717,wet,1
2024-10-01,10,NL412,Midden-Noord-Brabant,Irrigation Shortage,0,0.5037238682638205,2.767239809036255,wet,1
2024-11-01,11,NL412,Midden-Noord-Brabant,Irrigation Shortage,0,0.42364126884220654,2.2039122581481934,wet,1
2024-12-01,12,NL412,Midden-Noord-Brabant,Irrigation Shortage,0,0.32259237166053295,2.016164541244507,wet,1
2025-01-01,1,NL412,Midden-Noord-Brabant,Irrigation Shortage,0,0.4236905901869088,2.0861504077911377,wet,1
2025-02-01,2,NL412,Midden-Noord-Brabant,Irrigation Shortage,0,0.44902210136180426,1.595111608505249,wet,1
2025-03-01,3,NL412,Midden-Noord-Brabant,Irrigation Shortage,1,0.7469496794629852,1.174560785293579,wet,1
2025-04-01,4,NL412,Midden-Noord-Brabant,Irrigation Shortage,1,0.6766557477515285,0.5439844131469727,near_normal,1
2025-05-01,5,NL412,Midden-Noord-Brabant,Irrigation Shortage,1,0.8134759074044443,-0.45212289690971375,near_normal,1
2025-06-01,6,NL412,Midden-Noord-Brabant,Irrigation Shortage,0,0.8080722711641952,-0.7468729019165039,near_normal,1
2025-07-01,7,NL412,Midden-Noord-Brabant,Irrigation Shortage,0,0.6281176231414056,-1.0836814641952515,dry,1
2025-08-01,8,NL412,Midden-Noord-Brabant,Irrigation Shortage,0,0.7884270850917035,-1.6820485591888428,dry,1
2025-09-01,9,NL412,Midden-Noord-Brabant,Irrigation Shortage,0,0.35585878295672957,-1.6659215688705444,dry,1
2024-01-01,1,NL413,Noordoost-Noord-Brabant,Irrigation Shortage,0,0.30937438315074706,1.7263375918070476,wet,1
2024-02-01,2,NL413,Noordoost-Noord-Brabant,Irrigation Shortage,0,0.2954144336754821,2.301957845687866,wet,1
2024-03-01,3,NL413,Noordoost-Noord-Brabant,Irrigation Shortage,0,0.42299169850848,1.7595105568567913,wet,1
2024-04-01,4,NL413,Noordoost-Noord-Brabant,Irrigation Shortage,0,0.5159627378728382,1.9506117502848308,wet,1
2024-05-01,5,NL413,Noordoost-Noord-Brabant,Irrigation Shortage,0,0.7640670012344445,2.5292108058929443,wet,1
2024-06-01,6,NL413,Noordoost-Noord-Brabant,Irrigation Shortage,0,0.711792069863061,2.860475540161133,wet,1
2024-07-01,7,NL413,Noordoost-Noord-Brabant,Irrigation Shortage,0,0.561659128238748,3.60351292292277,wet,1
2024-08-01,8,NL413,Noordoost-Noord-Brabant,Irrigation Shortage,0,0.6815717275738877,2.6137571334838867,wet,1
2024-09-01,9,NL413,Noordoost-Noord-Brabant,Irrigation Shortage,0,0.6238112199489323,3.99537460009257,wet,1
2024-10-01,10,NL413,Noordoost-Noord-Brabant,Irrigation Shortage,0,0.47106420468375465,2.824659744898478,wet,1
2024-11-01,11,NL413,Noordoost-Noord-Brabant,Irrigation Shortage,0,0.3963781476292385,2.297260840733846,wet,1
2024-12-01,12,NL413,Noordoost-Noord-Brabant,Irrigation Shortage,0,0.2904025148177415,2.027393857638041,wet,1
2025-01-01,1,NL413,Noordoost-Noord-Brabant,Irrigation Shortage,0,0.3620806578272708,2.1666224797566733,wet,1
2025-02-01,2,NL413,Noordoost-Noord-Brabant,Irrigation Shortage,0,0.4341510633582591,1.6576051712036133,wet,1
2025-03-01,3,NL413,Noordoost-Noord-Brabant,Irrigation Shortage,1,0.7788929570423091,1.1836046775182087,wet,1
2025-04-01,4,NL413,Noordoost-Noord-Brabant,Irrigation Shortage,1,0.6499689022126833,0.6166368325551351,near_normal,1
2025-05-01,5,NL413,Noordoost-Noord-Brabant,Irrigation Shortage,1,0.7937934700046088,-0.433600256840388,near_normal,1
2025-06-01,6,NL413,Noordoost-Noord-Brabant,Irrigation Shortage,0,0.7833854117278962,-0.6352093617121378,near_normal,1
2025-07-01,7,NL413,Noordoost-Noord-Brabant,Irrigation Shortage,0,0.6606662027198618,-0.9555245041847229,near_normal,1
2025-08-01,8,NL413,Noordoost-Noord-Brabant,Irrigation Shortage,0,0.7869538938799636,-1.5380258957544963,dry,1
2025-09-01,9,NL413,Noordoost-Noord-Brabant,Irrigation Shortage,0,0.48653861264966675,-1.4824391603469849,dry,1
2024-01-01,1,NL414,Zuidoost-Noord-Brabant,Irrigation Shortage,0,0.30598041127420733,1.6660036146640778,wet,1
2024-02-01,2,NL414,Zuidoost-Noord-Brabant,Irrigation Shortage,0,0.3080060423453679,2.2208192348480225,wet,1
2024-03-01,3,NL414,Zuidoost-Noord-Brabant,Irrigation Shortage,0,0.43192778180318847,1.7530253231525421,wet,1
2024-04-01,4,NL414,Zuidoost-Noord-Brabant,Irrigation Shortage,0,0.5314809077189658,1.9222524464130402,wet,1
2024-05-01,5,NL414,Zuidoost-Noord-Brabant,Irrigation Shortage,0,0.7481825307724482,2.4804680943489075,wet,1
2024-06-01,6,NL414,Zuidoost-Noord-Brabant,Irrigation Shortage,0,0.7225756212575524,2.8313465118408203,wet,1
2024-07-01,7,NL414,Zuidoost-Noord-Brabant,Irrigation Shortage,1,0.585545444053404,3.323698878288269,wet,1
2024-08-01,8,NL414,Zuidoost-Noord-Brabant,Irrigation Shortage,0,0.6512540567243078,2.4005433320999146,wet,1
2024-09-01,9,NL414,Zuidoost-Noord-Brabant,Irrigation Shortage,0,0.6001200944552466,3.6095246076583862,wet,1
2024-10-01,10,NL414,Zuidoost-Noord-Brabant,Irrigation Shortage,0,0.4428616078240322,2.8009841442108154,wet,1
2024-11-01,11,NL414,Zuidoost-Noord-Brabant,Irrigation Shortage,0,0.37061075477340716,2.219056189060211,wet,1
2024-12-01,12,NL414,Zuidoost-Noord-Brabant,Irrigation Shortage,0,0.2888514382751207,2.0562921166419983,wet,1
2025-01-01,1,NL414,Zuidoost-Noord-Brabant,Irrigation Shortage,0,0.41073899252747553,2.2320687770843506,wet,1
2025-02-01,2,NL414,Zuidoost-Noord-Brabant,Irrigation Shortage,0,0.4443716772527628,1.7058507800102234,wet,1
2025-03-01,3,NL414,Zuidoost-Noord-Brabant,Irrigation Shortage,1,0.7316615249953712,1.2108392715454102,wet,1
2025-04-01,4,NL414,Zuidoost-Noord-Brabant,Irrigation Shortage,1,0.6651063704332653,0.6923550665378571,near_normal,1
2025-05-01,5,NL414,Zuidoost-Noord-Brabant,Irrigation Shortage,1,0.7849101465552364,-0.4158538803458214,near_normal,1
2025-06-01,6,NL414,Zuidoost-Noord-Brabant,Irrigation Shortage,1,0.7666511621270267,-0.6612778455018997,near_normal,1
2025-07-01,7,NL414,Zuidoost-Noord-Brabant,Irrigation Shortage,0,0.6768183441082336,-1.0086569488048553,dry,1
2025-08-01,8,NL414,Zuidoost-Noord-Brabant,Irrigation Shortage,0,0.8357576244232742,-1.6495905816555023,dry,1
2025-09-01,9,NL414,Zuidoost-Noord-Brabant,Irrigation Shortage,0,0.5197156053757148,-1.5304934084415436,dry,1
2024-01-01,1,NL421,Noord-Limburg,Irrigation Shortage,0,0.33944554267127075,1.8593108654022217,wet,1
2024-02-01,2,NL421,Noord-Limburg,Irrigation Shortage,0,0.30378885384243204,2.512042760848999,wet,1
2024-03-01,3,NL421,Noord-Limburg,Irrigation Shortage,0,0.44901772114513194,1.865483283996582,wet,1
2024-04-01,4,NL421,Noord-Limburg,Irrigation Shortage,0,0.55855164564682,1.9734376668930054,wet,1
2024-05-01,5,NL421,Noord-Limburg,Irrigation Shortage,0,0.7852218304714398,2.605700731277466,wet,1
2024-06-01,6,NL421,Noord-Limburg,Irrigation Shortage,0,0.7102695201782904,2.8035495281219482,wet,1
2024-07-01,7,NL421,Noord-Limburg,Irrigation Shortage,0,0.5431290995992194,3.2032430171966553,wet,1
2024-08-01,8,NL421,Noord-Limburg,Irrigation Shortage,0,0.6157886726257517,2.251657724380493,wet,1
2024-09-01,9,NL421,Noord-Limburg,Irrigation Shortage,0,0.620837011202583,3.5400261878967285,wet,1
2024-10-01,10,NL421,Noord-Limburg,Irrigation Shortage,0,0.47466261335428356,2.855512857437134,wet,1
2024-11-01,11,NL421,Noord-Limburg,Irrigation Shortage,0,0.3711556993188779,2.196915864944458,wet,1
2024-12-01,12,NL421,Noord-Limburg,Irrigation Shortage,0,0.31110874554905654,2.03786039352417,wet,1
2025-01-01,1,NL421,Noord-Limburg,Irrigation Shortage,0,0.42142032219189285,2.306771755218506,wet,1
2025-02-01,2,NL421,Noord-Limburg,Irrigation Shortage,0,0.4841765584824495,1.68009352684021,wet,1
2025-03-01,3,NL421,Noord-Limburg,Irrigation Shortage,1,0.8006935879512275,1.0877587795257568,wet,1
2025-04-01,4,NL421,Noord-Limburg,Irrigation Shortage,0,0.6650719421860775,0.6619554162025452,near_normal,1
2025-05-01,5,NL421,Noord-Limburg,Irrigation Shortage,0,0.7671313776628469,-0.44544780254364014,near_normal,1
2025-06-01,6,NL421,Noord-Limburg,Irrigation Shortage,0,0.7415291007668108,-0.5798614025115967,near_normal,1
2025-07-01,7,NL421,Noord-Limburg,Irrigation Shortage,0,0.7241623978843601,-0.800941526889801,near_normal,1
2025-08-01,8,NL421,Noord-Limburg,Irrigation Shortage,0,0.8610587868135513,-1.2454304695129395,dry,1
2025-09-01,9,NL421,Noord-Limburg,Irrigation Shortage,0,0.5640128691703022,-1.325162410736084,dry,1
2024-01-01,1,NL422,Midden-Limburg,Irrigation Shortage,0,0.30293619221619117,1.595084309577942,wet,1
2024-02-01,2,NL422,Midden-Limburg,Irrigation Shortage,0,0.30457195451989993,2.1346378326416016,wet,1
2024-03-01,3,NL422,Midden-Limburg,Irrigation Shortage,0,0.4286874378357007,1.6730749607086182,wet,1
2024-04-01,4,NL422,Midden-Limburg,Irrigation Shortage,0,0.5147935376898162,1.7786504030227661,wet,1
2024-05-01,5,NL422,Midden-Limburg,Irrigation Shortage,0,0.7584087163915805,2.3970389366149902,wet,1
2024-06-01,6,NL422,Midden-Limburg,Irrigation Shortage,0,0.7294297530066317,2.6647117137908936,wet,1
2024-07-01,7,NL422,Midden-Limburg,Irrigation Shortage,0,0.6303262920909044,2.893308162689209,wet,1
2024-08-01,8,NL422,Midden-Limburg,Irrigation Shortage,0,0.6131830566641173,2.179447650909424,wet,1
2024-09-01,9,NL422,Midden-Limburg,Irrigation Shortage,0,0.6022966960034732,3.121680974960327,wet,1
2024-10-01,10,NL422,Midden-Limburg,Irrigation Shortage,0,0.41026520012895856,2.612539768218994,wet,1
2024-11-01,11,NL422,Midden-Limburg,Irrigation Shortage,0,0.311029636949444,2.029146194458008,wet,1
2024-12-01,12,NL422,Midden-Limburg,Irrigation Shortage,0,0.263343405943861,1.9572449922561646,wet,1
2025-01-01,1,NL422,Midden-Limburg,Irrigation Shortage,0,0.38707537704595874,2.3007307052612305,wet,1
2025-02-01,2,NL422,Midden-Limburg,Irrigation Shortage,0,0.4754113321894654,1.6659852266311646,wet,1
2025-03-01,3,NL422,Midden-Limburg,Irrigation Shortage,1,0.7408472059672536,1.1294753551483154,wet,1
2025-04-01,4,NL422,Midden-Limburg,Irrigation Shortage,0,0.6497889890068907,0.6900760531425476,near_normal,1
2025-05-01,5,NL422,Midden-Limburg,Irrigation Shortage,0,0.7444475053869917,-0.4340934157371521,near_normal,1
2025-06-01,6,NL422,Midden-Limburg,Irrigation Shortage,0,0.7274462500248274,-0.5961017608642578,near_normal,1
2025-07-01,7,NL422,Midden-Limburg,Irrigation Shortage,0,0.7082115766968075,-0.7561391592025757,near_normal,1
2025-08-01,8,NL422,Midden-Limburg,Irrigation Shortage,0,0.8575585757177512,-1.2596315145492554,dry,1
2025-09-01,9,NL422,Midden-Limburg,Irrigation Shortage,0,0.5454938208467125,-1.256527304649353,dry,1
2024-01-01,1,NL423,Zuid-Limburg,Irrigation Shortage,0,0.327192802724405,1.4646683931350708,wet,1
2024-02-01,2,NL423,Zuid-Limburg,Irrigation Shortage,0,0.3417098124575103,1.9057672023773193,wet,1
2024-03-01,3,NL423,Zuid-Limburg,Irrigation Shortage,0,0.40215725488215476,1.4721426963806152,wet,1
2024-04-01,4,NL423,Zuid-Limburg,Irrigation Shortage,0,0.547922734666466,1.6109375953674316,wet,1
2024-05-01,5,NL423,Zuid-Limburg,Irrigation Shortage,0,0.7848767475996681,2.2602717876434326,wet,1
2024-06-01,6,NL423,Zuid-Limburg,Irrigation Shortage,0,0.7380758471953508,2.4993674755096436,wet,1
2024-07-01,7,NL423,Zuid-Limburg,Irrigation Shortage,0,0.6960427832584688,2.575399398803711,wet,1
2024-08-01,8,NL423,Zuid-Limburg,Irrigation Shortage,0,0.7144974260192184,2.1789464950561523,wet,1
2024-09-01,9,NL423,Zuid-Limburg,Irrigation Shortage,0,0.6654716073116638,2.988447666168213,wet,1
2024-10-01,10,NL423,Zuid-Limburg,Irrigation Shortage,0,0.5009388766992503,2.581728458404541,wet,1
2024-11-01,11,NL423,Zuid-Limburg,Irrigation Shortage,0,0.34172607373015046,2.0978105068206787,wet,1
2024-12-01,12,NL423,Zuid-Limburg,Irrigation Shortage,0,0.28388744779794156,2.107192277908325,wet,1
2025-01-01,1,NL423,Zuid-Limburg,Irrigation Shortage,0,0.40406853118910335,2.49822735786438,wet,1
2025-02-01,2,NL423,Zuid-Limburg,Irrigation Shortage,0,0.5511300054047089,1.7681748867034912,wet,1
2025-03-01,3,NL423,Zuid-Limburg,Irrigation Shortage,1,0.7862477239175287,1.286401629447937,wet,1
2025-04-01,4,NL423,Zuid-Limburg,Irrigation Shortage,0,0.6460326979150726,0.8446741700172424,near_normal,1
2025-05-01,5,NL423,Zuid-Limburg,Irrigation Shortage,0,0.7563212385255557,-0.30450639128685,near_normal,1
2025-06-01,6,NL423,Zuid-Limburg,Irrigation Shortage,0,0.7623610066348315,-0.48462241888046265,near_normal,1
2025-07-01,7,NL423,Zuid-Limburg,Irrigation Shortage,0,0.801494307861796,-0.5175946354866028,near_normal,1
2025-08-01,8,NL423,Zuid-Limburg,Irrigation Shortage,0,0.8766704114066839,-1.1383399963378906,dry,1
2025-09-01,9,NL423,Zuid-Limburg,Irrigation Shortage,0,0.5566213767799904,-1.2109681367874146,dry,1
2024-01-01,1,NL111,Oost-Groningen,Water Supply & Sanitation Issues,0,0.3856455865768771,1.811567783355713,wet,1
2024-02-01,2,NL111,Oost-Groningen,Water Supply & Sanitation Issues,0,0.48056023835724726,1.99618661403656,wet,1
2024-03-01,3,NL111,Oost-Groningen,Water Supply & Sanitation Issues,0,0.4967697473106439,1.6847506165504456,wet,1
2024-04-01,4,NL111,Oost-Groningen,Water Supply & Sanitation Issues,0,0.6425033708953652,1.9079570770263672,wet,1
2024-05-01,5,NL111,Oost-Groningen,Water Supply & Sanitation Issues,1,0.7616098482400637,2.1447561979293823,wet,1
2024-06-01,6,NL111,Oost-Groningen,Water Supply & Sanitation Issues,0,0.6579502636984688,2.7947285175323486,wet,1
2024-07-01,7,NL111,Oost-Groningen,Water Supply & Sanitation Issues,1,0.691784572963816,2.7147164344787598,wet,1
2024-08-01,8,NL111,Oost-Groningen,Water Supply & Sanitation Issues,0,0.7298622874543742,2.659160852432251,wet,1
2024-09-01,9,NL111,Oost-Groningen,Water Supply & Sanitation Issues,0,0.7340194794671101,2.968327760696411,wet,1
2024-10-01,10,NL111,Oost-Groningen,Water Supply & Sanitation Issues,0,0.4890062988881617,1.971750020980835,wet,1
2024-11-01,11,NL111,Oost-Groningen,Water Supply & Sanitation Issues,0,0.4171227615960467,1.6035258769989014,wet,1
2024-12-01,12,NL111,Oost-Groningen,Water Supply & Sanitation Issues,0,0.3369517385969765,1.1509708762168884,wet,1
2025-01-01,1,NL111,Oost-Groningen,Water Supply & Sanitation Issues,0,0.4909216752394846,1.0549432635307312,wet,1
2025-02-01,2,NL111,Oost-Groningen,Water Supply & Sanitation Issues,0,0.5281458783265458,0.49514587223529816,near_normal,1
2025-03-01,3,NL111,Oost-Groningen,Water Supply & Sanitation Issues,0,0.6252102831048926,0.1761770248413086,near_normal,1
2025-04-01,4,NL111,Oost-Groningen,Water Supply & Sanitation Issues,1,0.7366705952715061,-0.4283472001552582,near_normal,1
2025-05-01,5,NL111,Oost-Groningen,Water Supply & Sanitation Issues,0,0.7148626797968085,-0.9174109697341919,near_normal,1
2025-06-01,6,NL111,Oost-Groningen,Water Supply & Sanitation Issues,1,0.7922834431049105,-0.9498004615306854,near_normal,1
2025-07-01,7,NL111,Oost-Groningen,Water Supply & Sanitation Issues,0,0.6549402377642373,-1.1780112385749817,dry,1
2025-08-01,8,NL111,Oost-Groningen,Water Supply & Sanitation Issues,0,0.6494712743191889,-1.31639963388443,dry,1
2025-09-01,9,NL111,Oost-Groningen,Water Supply & Sanitation Issues,0,0.37613575719256054,-1.4372192025184631,dry,1
2024-01-01,1,NL112,Delfzijl en omgeving,Water Supply & Sanitation Issues,0,0.34712324703428865,1.5744563341140747,wet,1
2024-03-01,3,NL112,Delfzijl en omgeving,Water Supply & Sanitation Issues,0,0.47694924330778304,1.5986590385437012,wet,1
2024-04-01,4,NL112,Delfzijl en omgeving,Water Supply & Sanitation Issues,0,0.6040472177793981,1.7463241815567017,wet,1
2024-05-01,5,NL112,Delfzijl en omgeving,Water Supply & Sanitation Issues,1,0.6949001437769836,1.9306237697601318,wet,1
2024-06-01,6,NL112,Delfzijl en omgeving,Water Supply & Sanitation Issues,0,0.6405597396119884,2.5208699703216553,wet,1
2024-07-01,7,NL112,Delfzijl en omgeving,Water Supply & Sanitation Issues,1,0.6526791163057759,2.3603928089141846,wet,1
2024-08-01,8,NL112,Delfzijl en omgeving,Water Supply & Sanitation Issues,0,0.6778911712399145,2.3377909660339355,wet,1
2024-09-01,9,NL112,Delfzijl en omgeving,Water Supply & Sanitation Issues,0,0.6690000750300221,2.484579563140869,wet,1
2024-10-01,10,NL112,Delfzijl en omgeving,Water Supply & Sanitation Issues,0,0.44994730508651,1.6715155839920044,wet,1
2024-11-01,11,NL112,Delfzijl en omgeving,Water Supply & Sanitation Issues,0,0.3879613056246061,1.3462355136871338,wet,1
2024-12-01,12,NL112,Delfzijl en omgeving,Water Supply & Sanitation Issues,0,0.3170886810986776,0.9495850205421448,near_normal,1
2025-01-01,1,NL112,Delfzijl en omgeving,Water Supply & Sanitation Issues,0,0.4604503683237682,0.815735936164856,near_normal,1
2025-02-01,2,NL112,Delfzijl en omgeving,Water Supply & Sanitation Issues,0,0.4962206799728545,0.2707626223564148,near_normal,1
2025-03-01,3,NL112,Delfzijl en omgeving,Water Supply & Sanitation Issues,0,0.6108953695049797,-0.011577821336686611,near_normal,1
2025-04-01,4,NL112,Delfzijl en omgeving,Water Supply & Sanitation Issues,1,0.7090832725089483,-0.536076009273529,near_normal,1
2025-05-01,5,NL112,Delfzijl en omgeving,Water Supply & Sanitation Issues,0,0.7107879154310508,-0.8959609270095825,near_normal,1
2025-06-01,6,NL112,Delfzijl en omgeving,Water Supply & Sanitation Issues,1,0.7559774456620878,-0.9709566235542297,near_normal,1
2025-07-01,7,NL112,Delfzijl en omgeving,Water Supply & Sanitation Issues,0,0.5812606385254944,-1.2213053703308105,dry,1
2025-08-01,8,NL112,Delfzijl en omgeving,Water Supply & Sanitation Issues,0,0.5380789495268701,-1.3407152891159058,dry,1
2025-09-01,9,NL112,Delfzijl en omgeving,Water Supply & Sanitation Issues,0,0.31475935597604965,-1.4633549451828003,dry,1
2024-01-01,1,NL113,Overig Groningen,Water Supply & Sanitation Issues,0,0.3422631848769438,1.553696870803833,wet,1
2024-02-01,2,NL113,Overig Groningen,Water Supply & Sanitation Issues,0,0.42195601241229524,1.8252516984939575,wet,1
2024-03-01,3,NL113,Overig Groningen,Water Supply & Sanitation Issues,0,0.4614903797640996,1.5759201447168987,wet,1
2024-04-01,4,NL113,Overig Groningen,Water Supply & Sanitation Issues,0,0.5950949945660534,1.7591425975163777,wet,1
2024-05-01,5,NL113,Overig Groningen,Water Supply & Sanitation Issues,1,0.6944656566993608,1.9804979960123699,wet,1
2024-06-01,6,NL113,Overig Groningen,Water Supply & Sanitation Issues,0,0.6341630453183374,2.5567835172017417,wet,1
2024-07-01,7,NL113,Overig Groningen,Water Supply & Sanitation Issues,1,0.6624354073860214,2.325056314468384,wet,1
2024-08-01,8,NL113,Overig Groningen,Water Supply & Sanitation Issues,0,0.6844286606221556,2.289264678955078,wet,1
2024-09-01,9,NL113,Overig Groningen,Water Supply & Sanitation Issues,0,0.6601831861033904,2.4607760111490884,wet,1
2024-10-01,10,NL113,Overig Groningen,Water Supply & Sanitation Issues,0,0.4494597175264099,1.74251393477122,wet,1
2024-11-01,11,NL113,Overig Groningen,Water Supply & Sanitation Issues,0,0.38259675197560694,1.3726389805475872,wet,1
2024-12-01,12,NL113,Overig Groningen,Water Supply & Sanitation Issues,0,0.31800671367390104,0.9944103360176086,near_normal,1
2025-01-01,1,NL113,Overig Groningen,Water Supply & Sanitation Issues,0,0.4655010703420563,0.8821484843889872,near_normal,1
2025-02-01,2,NL113,Overig Groningen,Water Supply & Sanitation Issues,0,0.4936734696152421,0.31073737144470215,near_normal,1
2025-03-01,3,NL113,Overig Groningen,Water Supply & Sanitation Issues,0,0.6101817479320144,0.035581901048620544,near_normal,1
2025-04-01,4,NL113,Overig Groningen,Water Supply & Sanitation Issues,1,0.70075537290728,-0.45748992760976154,near_normal,1
2025-05-01,5,NL113,Overig Groningen,Water Supply & Sanitation Issues,0,0.7118594549206152,-0.8022730549176534,near_normal,1
2025-06-01,6,NL113,Overig Groningen,Water Supply & Sanitation Issues,1,0.7684672552419262,-0.9125909010569254,near_normal,1
2025-07-01,7,NL113,Overig Groningen,Water Supply & Sanitation Issues,0,0.6178493059970024,-1.1193293333053589,dry,1
2025-08-01,8,NL113,Overig Groningen,Water Supply & Sanitation Issues,0,0.5890059078920238,-1.2605481147766113,dry,1
2025-09-01,9,NL113,Overig Groningen,Water Supply & Sanitation Issues,0,0.32159459312510175,-1.4358088970184326,dry,1
2024-01-01,1,NL124,Noord-Friesland,Water Supply & Sanitation Issues,0,0.33931121773471246,1.3574422895908356,wet,1
2024-02-01,2,NL124,Noord-Friesland,Water Supply & Sanitation Issues,0,0.3986078775985871,1.7159639298915863,wet,1
2024-03-01,3,NL124,Noord-Friesland,Water Supply & Sanitation Issues,0,0.43101276459828697,1.4683093130588531,wet,1
2024-04-01,4,NL124,Noord-Friesland,Water Supply & Sanitation Issues,0,0.6069491412742548,1.7018274664878845,wet,1
2024-05-01,5,NL124,Noord-Friesland,Water Supply & Sanitation Issues,0,0.7047278453087462,1.886545330286026,wet,1
2024-06-01,6,NL124,Noord-Friesland,Water Supply & Sanitation Issues,0,0.6846965812145528,2.4364304542541504,wet,1
2024-07-01,7,NL124,Noord-Friesland,Water Supply & Sanitation Issues,0,0.6432087738299527,2.1045264899730682,wet,1
2024-08-01,8,NL124,Noord-Friesland,Water Supply & Sanitation Issues,0,0.6817313681663062,2.0753729045391083,wet,1
2024-09-01,9,NL124,Noord-Friesland,Water Supply & Sanitation Issues,0,0.6213055547771799,2.2301748991012573,wet,1
2024-10-01,10,NL124,Noord-Friesland,Water Supply & Sanitation Issues,0,0.44131921608350433,1.551231563091278,wet,1
2024-11-01,11,NL124,Noord-Friesland,Water Supply & Sanitation Issues,0,0.3685537566813344,1.0981620252132416,wet,1
2024-12-01,12,NL124,Noord-Friesland,Water Supply & Sanitation Issues,0,0.327559100216552,0.7735436260700226,near_normal,1
2025-01-01,1,NL124,Noord-Friesland,Water Supply & Sanitation Issues,1,0.4854049436371661,0.6505173146724701,near_normal,1
2025-02-01,2,NL124,Noord-Friesland,Water Supply & Sanitation Issues,0,0.5075240186785721,0.10699054750148207,near_normal,1
2025-03-01,3,NL124,Noord-Friesland,Water Supply & Sanitation Issues,0,0.6221473891183494,-0.16945494152605534,near_normal,1
2025-04-01,4,NL124,Noord-Friesland,Water Supply & Sanitation Issues,1,0.6737120857194104,-0.7064715921878815,near_normal,1
2025-05-01,5,NL124,Noord-Friesland,Water Supply & Sanitation Issues,0,0.7024239894609884,-0.9263435304164886,near_normal,1
2025-06-01,6,NL124,Noord-Friesland,Water Supply & Sanitation Issues,1,0.7456437020529875,-1.0629418939352036,dry,1
2025-07-01,7,NL124,Noord-Friesland,Water Supply & Sanitation Issues,0,0.6128025010922146,-1.2299838960170746,dry,1
2025-08-01,8,NL124,Noord-Friesland,Water Supply & Sanitation Issues,0,0.5237382795276356,-1.4811941981315613,dry,1
2025-09-01,9,NL124,Noord-Friesland,Water Supply & Sanitation Issues,0,0.2795816198930202,-1.572517216205597,dry,1
2024-01-01,1,NL125,Zuidwest-Friesland,Water Supply & Sanitation Issues,0,0.35469268065198595,1.4139912724494934,wet,1
2024-02-01,2,NL125,Zuidwest-Friesland,Water Supply & Sanitation Issues,0,0.4222387754060823,1.7786154747009277,wet,1
2024-03-01,3,NL125,Zuidwest-Friesland,Water Supply & Sanitation Issues,0,0.4461604641700232,1.5638866424560547,wet,1
2024-04-01,4,NL125,Zuidwest-Friesland,Water Supply & Sanitation Issues,0,0.6508311636312714,1.8326656818389893,wet,1
2024-05-01,5,NL125,Zuidwest-Friesland,Water Supply & Sanitation Issues,0,0.7382614788139474,2.1068438291549683,wet,1
2024-06-01,6,NL125,Zuidwest-Friesland,Water Supply & Sanitation Issues,0,0.7405634903379226,2.634555220603943,wet,1
2024-07-01,7,NL125,Zuidwest-Friesland,Water Supply & Sanitation Issues,1,0.6762258536218079,2.177721381187439,wet,1
2024-08-01,8,NL125,Zuidwest-Friesland,Water Supply & Sanitation Issues,0,0.6648605656316235,2.1380834579467773,wet,1
2024-09-01,9,NL125,Zuidwest-Friesland,Water Supply & Sanitation Issues,0,0.5859610405167631,2.2827683687210083,wet,1
2024-10-01,10,NL125,Zuidwest-Friesland,Water Supply & Sanitation Issues,0,0.42563708893864055,1.732323706150055,wet,1
2024-11-01,11,NL125,Zuidwest-Friesland,Water Supply & Sanitation Issues,0,0.3801331885217245,1.1893419027328491,wet,1
2024-12-01,12,NL125,Zuidwest-Friesland,Water Supply & Sanitation Issues,0,0.35732644348200104,0.9064917862415314,near_normal,1
2025-01-01,1,NL125,Zuidwest-Friesland,Water Supply & Sanitation Issues,0,0.5273193986163768,0.7681446671485901,near_normal,1
2025-02-01,2,NL125,Zuidwest-Friesland,Water Supply & Sanitation Issues,0,0.568412189405803,0.15459422394633293,near_normal,1
2025-03-01,3,NL125,Zuidwest-Friesland,Water Supply & Sanitation Issues,0,0.670281261351282,-0.20276711881160736,near_normal,1
2025-04-01,4,NL125,Zuidwest-Friesland,Water Supply & Sanitation Issues,0,0.6717644651763465,-0.842517763376236,near_normal,1
2025-05-01,5,NL125,Zuidwest-Friesland,Water Supply & Sanitation Issues,0,0.6695054978890357,-1.0782914757728577,dry,1
2025-06-01,6,NL125,Zuidwest-Friesland,Water Supply & Sanitation Issues,0,0.7199129792556179,-1.1937094926834106,dry,1
2025-07-01,7,NL125,Zuidwest-Friesland,Water Supply & Sanitation Issues,0,0.6025621397548341,-1.2997994422912598,dry,1
2025-08-01,8,NL125,Zuidwest-Friesland,Water Supply & Sanitation Issues,0,0.5095836104598872,-1.5020229816436768,dry,1
2025-09-01,9,NL125,Zuidwest-Friesland,Water Supply & Sanitation Issues,0,0.29535471127504165,-1.550790548324585,dry,1
2024-01-01,1,NL126,Zuidoost-Friesland,Water Supply & Sanitation Issues,0,0.31771031114947784,1.545999010403951,wet,1
2024-03-01,3,NL126,Zuidoost-Friesland,Water Supply & Sanitation Issues,0,0.38731856210388066,1.5629839499791462,wet,1
2024-04-01,4,NL126,Zuidoost-Friesland,Water Supply & Sanitation Issues,0,0.5353161983267535,1.7216502825419109,wet,1
2024-05-01,5,NL126,Zuidoost-Friesland,Water Supply & Sanitation Issues,0,0.6718108240466274,2.123636484146118,wet,1
2024-06-01,6,NL126,Zuidoost-Friesland,Water Supply & Sanitation Issues,0,0.6051810323678077,2.8139727115631104,wet,1
2024-07-01,7,NL126,Zuidoost-Friesland,Water Supply & Sanitation Issues,0,0.6208739052779968,2.4634934266408286,wet,1
2024-08-01,8,NL126,Zuidoost-Friesland,Water Supply & Sanitation Issues,0,0.6439475367303789,2.2954910596211753,wet,1
2024-09-01,9,NL126,Zuidoost-Friesland,Water Supply & Sanitation Issues,0,0.6073740630277684,2.6972495714823403,wet,1
2024-10-01,10,NL126,Zuidoost-Friesland,Water Supply & Sanitation Issues,0,0.3770173484091531,1.9253834088643391,wet,1
2024-11-01,11,NL126,Zuidoost-Friesland,Water Supply & Sanitation Issues,0,0.33138396442717083,1.4363560279210408,wet,1
2024-12-01,12,NL126,Zuidoost-Friesland,Water Supply & Sanitation Issues,0,0.28362371572927353,1.123047669728597,wet,1
2025-01-01,1,NL126,Zuidoost-Friesland,Water Supply & Sanitation Issues,0,0.43276263659221975,1.0151313543319702,wet,1
2025-02-01,2,NL126,Zuidoost-Friesland,Water Supply & Sanitation Issues,1,0.48298132330514937,0.39727561672528583,near_normal,1
2025-03-01,3,NL126,Zuidoost-Friesland,Water Supply & Sanitation Issues,0,0.5762677085090329,0.04762745307137569,near_normal,1
2025-04-01,4,NL126,Zuidoost-Friesland,Water Supply & Sanitation Issues,0,0.6447461078838994,-0.49264203508694965,near_normal,1
2025-05-01,5,NL126,Zuidoost-Friesland,Water Supply & Sanitation Issues,0,0.6467398974210739,-0.9436053037643433,near_normal,1
2025-06-01,6,NL126,Zuidoost-Friesland,Water Supply & Sanitation Issues,0,0.7102198204631346,-1.055333097775777,dry,1
2025-07-01,7,NL126,Zuidoost-Friesland,Water Supply & Sanitation Issues,0,0.6039875925966915,-1.1487988233566284,dry,1
2025-08-01,8,NL126,Zuidoost-Friesland,Water Supply & Sanitation Issues,0,0.5696938325945977,-1.3487204710642497,dry,1
2025-09-01,9,NL126,Zuidoost-Friesland,Water Supply & Sanitation Issues,0,0.28103007322615503,-1.5328909953435261,dry,1
2024-01-01,1,NL131,Noord-Drenthe,Water Supply & Sanitation Issues,0,0.313263814021658,1.625184416770935,wet,1
2024-02-01,2,NL131,Noord-Drenthe,Water Supply & Sanitation Issues,0,0.3899361675589788,1.908049762248993,wet,1
2024-03-01,3,NL131,Noord-Drenthe,Water Supply & Sanitation Issues,0,0.41445413524562513,1.6074219346046448,wet,1
2024-04-01,4,NL131,Noord-Drenthe,Water Supply & Sanitation Issues,0,0.5431853739756611,1.7808722257614136,wet,1
2024-05-01,5,NL131,Noord-Drenthe,Water Supply & Sanitation Issues,0,0.6760127657953918,2.125525951385498,wet,1
2024-06-01,6,NL131,Noord-Drenthe,Water Supply & Sanitation Issues,0,0.5495055580251725,2.8354954719543457,wet,1
2024-07-01,7,NL131,Noord-Drenthe,Water Supply & Sanitation Issues,0,0.6152160726850777,2.568251371383667,wet,1
2024-08-01,8,NL131,Noord-Drenthe,Water Supply & Sanitation Issues,0,0.6585364919457897,2.437190890312195,wet,1
2024-09-01,9,NL131,Noord-Drenthe,Water Supply & Sanitation Issues,0,0.647854876793161,2.765575647354126,wet,1
2024-10-01,10,NL131,Noord-Drenthe,Water Supply & Sanitation Issues,0,0.3996077301732053,1.9603742957115173,wet,1
2024-11-01,11,NL131,Noord-Drenthe,Water Supply & Sanitation Issues,0,0.34327052940549624,1.541092872619629,wet,1
2024-12-01,12,NL131,Noord-Drenthe,Water Supply & Sanitation Issues,0,0.2775392041272525,1.1613088250160217,wet,1
2025-01-01,1,NL131,Noord-Drenthe,Water Supply & Sanitation Issues,0,0.42099008631841217,1.0562910437583923,wet,1
2025-02-01,2,NL131,Noord-Drenthe,Water Supply & Sanitation Issues,0,0.4616703556345071,0.4693644195795059,near_normal,1
2025-03-01,3,NL131,Noord-Drenthe,Water Supply & Sanitation Issues,0,0.5356324709660205,0.14078162051737309,near_normal,1
2025-04-01,4,NL131,Noord-Drenthe,Water Supply & Sanitation Issues,1,0.6675417206352535,-0.37382109463214874,near_normal,1
2025-05-01,5,NL131,Noord-Drenthe,Water Supply & Sanitation Issues,0,0.6392206499928569,-0.8759167492389679,near_normal,1
2025-06-01,6,NL131,Noord-Drenthe,Water Supply & Sanitation Issues,0,0.7291675963447405,-0.9764733612537384,near_normal,1
2025-07-01,7,NL131,Noord-Drenthe,Water Supply & Sanitation Issues,0,0.6136242960474112,-1.0990380644798279,dry,1
2025-08-01,8,NL131,Noord-Drenthe,Water Supply & Sanitation Issues,0,0.6061869374970611,-1.2489697933197021,dry,1
2025-09-01,9,NL131,Noord-Drenthe,Water Supply & Sanitation Issues,0,0.33746595851700606,-1.4132501482963562,dry,1
2024-01-01,1,NL132,Zuidoost-Drenthe,Water Supply & Sanitation Issues,0,0.3384629924078708,1.862620234489441,wet,1
2024-02-01,2,NL132,Zuidoost-Drenthe,Water Supply & Sanitation Issues,0,0.4336591254367024,2.074225902557373,wet,1
2024-03-01,3,NL132,Zuidoost-Drenthe,Water Supply & Sanitation Issues,0,0.4706770515036377,1.7616868019104004,wet,1
2024-04-01,4,NL132,Zuidoost-Drenthe,Water Supply & Sanitation Issues,0,0.6127776097696785,1.9577404260635376,wet,1
2024-05-01,5,NL132,Zuidoost-Drenthe,Water Supply & Sanitation Issues,0,0.7317811767827745,2.271449089050293,wet,1
2024-06-01,6,NL132,Zuidoost-Drenthe,Water Supply & Sanitation Issues,0,0.5542297554147207,2.8965072631835938,wet,1
2024-07-01,7,NL132,Zuidoost-Drenthe,Water Supply & Sanitation Issues,0,0.6185953127355859,2.828998327255249,wet,1
2024-08-01,8,NL132,Zuidoost-Drenthe,Water Supply & Sanitation Issues,0,0.6829295366963188,2.8166348934173584,wet,1
2024-09-01,9,NL132,Zuidoost-Drenthe,Water Supply & Sanitation Issues,1,0.6973162837122739,3.1048576831817627,wet,1
2024-10-01,10,NL132,Zuidoost-Drenthe,Water Supply & Sanitation Issues,0,0.4453157148013412,2.167729139328003,wet,1
2024-11-01,11,NL132,Zuidoost-Drenthe,Water Supply & Sanitation Issues,0,0.3770656204418495,1.7443439960479736,wet,1
2024-12-01,12,NL132,Zuidoost-Drenthe,Water Supply & Sanitation Issues,0,0.2906986762747381,1.2934812307357788,wet,1
2025-01-01,1,NL132,Zuidoost-Drenthe,Water Supply & Sanitation Issues,0,0.419792946862224,1.196232557296753,wet,1
2025-02-01,2,NL132,Zuidoost-Drenthe,Water Supply & Sanitation Issues,0,0.466215538238792,0.622021496295929,near_normal,1
2025-03-01,3,NL132,Zuidoost-Drenthe,Water Supply & Sanitation Issues,0,0.5700519751722337,0.29568547010421753,near_normal,1
2025-04-01,4,NL132,Zuidoost-Drenthe,Water Supply & Sanitation Issues,1,0.681909392514921,-0.27435654401779175,near_normal,1
2025-05-01,5,NL132,Zuidoost-Drenthe,Water Supply & Sanitation Issues,0,0.6448394493209862,-0.8413411974906921,near_normal,1
2025-06-01,6,NL132,Zuidoost-Drenthe,Water Supply & Sanitation Issues,0,0.7445200134413152,-0.9112480282783508,near_normal,1
2025-07-01,7,NL132,Zuidoost-Drenthe,Water Supply & Sanitation Issues,0,0.6251530794770218,-1.104096531867981,dry,1
2025-08-01,8,NL132,Zuidoost-Drenthe,Water Supply & Sanitation Issues,0,0.6206753371495995,-1.2686371803283691,dry,1
2025-09-01,9,NL132,Zuidoost-Drenthe,Water Supply & Sanitation Issues,0,0.3653685531009015,-1.3522844314575195,dry,1
2024-01-01,1,NL133,Zuidwest-Drenthe,Water Supply & Sanitation Issues,0,0.3492721857630057,1.72472482919693,wet,1
2024-02-01,2,NL133,Zuidwest-Drenthe,Water Supply & Sanitation Issues,0,0.43774776281392513,2.0366421341896057,wet,1
2024-03-01,3,NL133,Zuidwest-Drenthe,Water Supply & Sanitation Issues,0,0.45391560464955033,1.7058511972427368,wet,1
2024-04-01,4,NL133,Zuidwest-Drenthe,Water Supply & Sanitation Issues,0,0.5915826995870845,1.8357419967651367,wet,1
2024-05-01,5,NL133,Zuidwest-Drenthe,Water Supply & Sanitation Issues,0,0.7171849602333221,2.266860604286194,wet,1
2024-06-01,6,NL133,Zuidwest-Drenthe,Water Supply & Sanitation Issues,0,0.578593932157791,2.907911777496338,wet,1
2024-07-01,7,NL133,Zuidwest-Drenthe,Water Supply & Sanitation Issues,0,0.6269018864779476,2.7513095140457153,wet,1
2024-08-01,8,NL133,Zuidwest-Drenthe,Water Supply & Sanitation Issues,0,0.6701974420571213,2.632028818130493,wet,1
2024-09-01,9,NL133,Zuidwest-Drenthe,Water Supply & Sanitation Issues,0,0.6565654740438249,3.0397181510925293,wet,1
2024-10-01,10,NL133,Zuidwest-Drenthe,Water Supply & Sanitation Issues,0,0.41890098410362026,2.1555556058883667,wet,1
2024-11-01,11,NL133,Zuidwest-Drenthe,Water Supply & Sanitation Issues,0,0.37499948582916154,1.7173022627830505,wet,1
2024-12-01,12,NL133,Zuidwest-Drenthe,Water Supply & Sanitation Issues,0,0.3157796204291853,1.3606191873550415,wet,1
2025-01-01,1,NL133,Zuidwest-Drenthe,Water Supply & Sanitation Issues,0,0.44346346809571247,1.2867012023925781,wet,1
2025-02-01,2,NL133,Zuidwest-Drenthe,Water Supply & Sanitation Issues,0,0.5137136184309778,0.6509714722633362,near_normal,1
2025-03-01,3,NL133,Zuidwest-Drenthe,Water Supply & Sanitation Issues,0,0.6095550250670657,0.2719087675213814,near_normal,1
2025-04-01,4,NL133,Zuidwest-Drenthe,Water Supply & Sanitation Issues,1,0.689576215777398,-0.26466917246580124,near_normal,1
2025-05-01,5,NL133,Zuidwest-Drenthe,Water Supply & Sanitation Issues,0,0.6387885401684191,-0.8783625960350037,near_normal,1
2025-06-01,6,NL133,Zuidwest-Drenthe,Water Supply & Sanitation Issues,0,0.7371601671431173,-0.9638475477695465,near_normal,1
2025-07-01,7,NL133,Zuidwest-Drenthe,Water Supply & Sanitation Issues,0,0.644624211401851,-1.0526711344718933,dry,1
2025-08-01,8,NL133,Zuidwest-Drenthe,Water Supply & Sanitation Issues,0,0.6444866069538879,-1.2207630276679993,dry,1
2025-09-01,9,NL133,Zuidwest-Drenthe,Water Supply & Sanitation Issues,0,0.37138636717858853,-1.363072395324707,dry,1
2024-01-01,1,NL211,Noord-Overijssel,Water Supply & Sanitation Issues,0,0.4473815673086739,1.8030700087547302,wet,1
2024-02-01,2,NL211,Noord-Overijssel,Water Supply & Sanitation Issues,0,0.5450654336306839,2.1056063175201416,wet,1
2024-03-01,3,NL211,Noord-Overijssel,Water Supply & Sanitation Issues,0,0.5506733527525215,1.7778285145759583,wet,1
2024-04-01,4,NL211,Noord-Overijssel,Water Supply & Sanitation Issues,0,0.6984465919031801,1.8979318737983704,wet,1
2024-05-01,5,NL211,Noord-Overijssel,Water Supply & Sanitation Issues,1,0.8022450928427797,2.330261468887329,wet,1
2024-06-01,6,NL211,Noord-Overijssel,Water Supply & Sanitation Issues,0,0.6881902580550044,2.892736077308655,wet,1
2024-07-01,7,NL211,Noord-Overijssel,Water Supply & Sanitation Issues,0,0.7027624203222368,2.926464080810547,wet,1
2024-08-01,8,NL211,Noord-Overijssel,Water Supply & Sanitation Issues,0,0.7418409317723988,2.801928162574768,wet,1
2024-09-01,9,NL211,Noord-Overijssel,Water Supply & Sanitation Issues,1,0.738561606504777,3.1640535593032837,wet,1
2024-10-01,10,NL211,Noord-Overijssel,Water Supply & Sanitation Issues,0,0.5248420257502049,2.2690484523773193,wet,1
2024-11-01,11,NL211,Noord-Overijssel,Water Supply & Sanitation Issues,0,0.48028804392866115,1.8291608691215515,wet,1
2024-12-01,12,NL211,Noord-Overijssel,Water Supply & Sanitation Issues,0,0.4117125756297139,1.4506611824035645,wet,1
2025-01-01,1,NL211,Noord-Overijssel,Water Supply & Sanitation Issues,0,0.5487888433277232,1.3931864500045776,wet,1
2025-02-01,2,NL211,Noord-Overijssel,Water Supply & Sanitation Issues,0,0.6079016167481326,0.753440797328949,near_normal,1
2025-03-01,3,NL211,Noord-Overijssel,Water Supply & Sanitation Issues,0,0.6955075226035956,0.3611278682947159,near_normal,1
2025-04-01,4,NL211,Noord-Overijssel,Water Supply & Sanitation Issues,0,0.7504313881707211,-0.20052483677864075,near_normal,1
2025-05-01,5,NL211,Noord-Overijssel,Water Supply & Sanitation Issues,0,0.7210126966140176,-0.8454030454158783,near_normal,1
2025-06-01,6,NL211,Noord-Overijssel,Water Supply & Sanitation Issues,1,0.7984451726181923,-0.9478132128715515,near_normal,1
2025-07-01,7,NL211,Noord-Overijssel,Water Supply & Sanitation Issues,0,0.7155245364623628,-1.0653294920921326,dry,1
2025-08-01,8,NL211,Noord-Overijssel,Water Supply & Sanitation Issues,0,0.6926393997295878,-1.2702912092208862,dry,1
2025-09-01,9,NL211,Noord-Overijssel,Water Supply & Sanitation Issues,0,0.4305150904216978,-1.3825294971466064,dry,1
2024-01-01,1,NL212,Zuidwest-Overijssel,Water Supply & Sanitation Issues,0,0.5257104286489521,1.8292285203933716,wet,1
2024-02-01,2,NL212,Zuidwest-Overijssel,Water Supply & Sanitation Issues,0,0.6331535972681185,2.213228702545166,wet,1
2024-03-01,3,NL212,Zuidwest-Overijssel,Water Supply & Sanitation Issues,0,0.6328470782125671,1.849002480506897,wet,1
2024-04-01,4,NL212,Zuidwest-Overijssel,Water Supply & Sanitation Issues,0,0.7539570768126252,1.9571956396102905,wet,1
2024-05-01,5,NL212,Zuidwest-Overijssel,Water Supply & Sanitation Issues,1,0.8530091394748774,2.3873307704925537,wet,1
2024-06-01,6,NL212,Zuidwest-Overijssel,Water Supply & Sanitation Issues,0,0.7660045184378772,2.8320765495300293,wet,1
2024-07-01,7,NL212,Zuidwest-Overijssel,Water Supply & Sanitation Issues,0,0.7806686496476255,3.2399985790252686,wet,1
2024-08-01,8,NL212,Zuidwest-Overijssel,Water Supply & Sanitation Issues,0,0.8118970351696843,2.890531063079834,wet,1
2024-09-01,9,NL212,Zuidwest-Overijssel,Water Supply & Sanitation Issues,1,0.8050955136784148,3.281804084777832,wet,1
2024-10-01,10,NL212,Zuidwest-Overijssel,Water Supply & Sanitation Issues,0,0.6133104461956738,2.341593027114868,wet,1
2024-11-01,11,NL212,Zuidwest-Overijssel,Water Supply & Sanitation Issues,0,0.5644478611903088,1.9496963024139404,wet,1
2024-12-01,12,NL212,Zuidwest-Overijssel,Water Supply & Sanitation Issues,0,0.49101863400736645,1.6000728607177734,wet,1
2025-01-01,1,NL212,Zuidwest-Overijssel,Water Supply & Sanitation Issues,0,0.6212502700226199,1.6217764616012573,wet,1
2025-02-01,2,NL212,Zuidwest-Overijssel,Water Supply & Sanitation Issues,0,0.6903204858403575,0.9912475943565369,near_normal,1
2025-03-01,3,NL212,Zuidwest-Overijssel,Water Supply & Sanitation Issues,0,0.7694136937445655,0.5870882868766785,near_normal,1
2025-04-01,4,NL212,Zuidwest-Overijssel,Water Supply & Sanitation Issues,0,0.8182116435009784,-0.03741263225674629,near_normal,1
2025-05-01,5,NL212,Zuidwest-Overijssel,Water Supply & Sanitation Issues,0,0.7735237329601894,-0.7523486614227295,near_normal,1
2025-06-01,6,NL212,Zuidwest-Overijssel,Water Supply & Sanitation Issues,1,0.8472862743868167,-0.9098113179206848,near_normal,1
2025-07-01,7,NL212,Zuidwest-Overijssel,Water Supply & Sanitation Issues,0,0.7694957743175945,-1.0562019348144531,dry,1
2025-08-01,8,NL212,Zuidwest-Overijssel,Water Supply & Sanitation Issues,0,0.7558335131910969,-1.332362413406372,dry,1
2025-09-01,9,NL212,Zuidwest-Overijssel,Water Supply & Sanitation Issues,0,0.5086677391979256,-1.4136707782745361,dry,1
2024-01-01,1,NL213,Twente,Water Supply & Sanitation Issues,0,0.5820243290189943,1.7741056680679321,wet,1
2024-02-01,2,NL213,Twente,Water Supply & Sanitation Issues,0,0.690423738526088,2.1074114640553794,wet,1
2024-03-01,3,NL213,Twente,Water Supply & Sanitation Issues,0,0.7095456757450336,1.7495448191960652,wet,1
2024-04-01,4,NL213,Twente,Water Supply & Sanitation Issues,1,0.8069840465409157,1.8394211530685425,wet,1
2024-05-01,5,NL213,Twente,Water Supply & Sanitation Issues,1,0.8823083695607736,2.2049256960550943,wet,1
2024-06-01,6,NL213,Twente,Water Supply & Sanitation Issues,0,0.8133717431499032,2.5858238538106284,wet,1
2024-07-01,7,NL213,Twente,Water Supply & Sanitation Issues,1,0.7730751451364019,2.9343260129292807,wet,1
2024-08-01,8,NL213,Twente,Water Supply & Sanitation Issues,0,0.7989267946279427,2.6960832277933755,wet,1
2024-09-01,9,NL213,Twente,Water Supply & Sanitation Issues,1,0.8289872063752427,3.2426631450653076,wet,1
2024-10-01,10,NL213,Twente,Water Supply & Sanitation Issues,0,0.669645161336181,2.2757716178894043,wet,1
2024-11-01,11,NL213,Twente,Water Supply & Sanitation Issues,0,0.6263326985150907,1.856828014055888,wet,1
2024-12-01,12,NL213,Twente,Water Supply & Sanitation Issues,0,0.5340390926036439,1.449364145596822,wet,1
2025-01-01,1,NL213,Twente,Water Supply & Sanitation Issues,0,0.6600313715333386,1.4633930921554565,wet,1
2025-02-01,2,NL213,Twente,Water Supply & Sanitation Issues,0,0.7114201087578217,0.8273681799570719,near_normal,1
2025-03-01,3,NL213,Twente,Water Supply & Sanitation Issues,0,0.7952315542646893,0.45466773708661395,near_normal,1
2025-04-01,4,NL213,Twente,Water Supply & Sanitation Issues,0,0.8408378419330516,-0.08532259364922841,near_normal,1
2025-05-01,5,NL213,Twente,Water Supply & Sanitation Issues,0,0.8063297404233821,-0.7380898396174113,near_normal,1
2025-06-01,6,NL213,Twente,Water Supply & Sanitation Issues,1,0.8813595416718056,-0.8258537650108337,near_normal,1
2025-07-01,7,NL213,Twente,Water Supply & Sanitation Issues,0,0.8377474615831786,-0.9453806678454081,near_normal,1
2025-08-01,8,NL213,Twente,Water Supply & Sanitation Issues,0,0.825154664875309,-1.2185680468877156,dry,1
2025-09-01,9,NL213,Twente,Water Supply & Sanitation Issues,0,0.6272947476073103,-1.2572739521662395,dry,1
2024-01-01,1,NL221,Veluwe,Water Supply & Sanitation Issues,0,0.5348345902330001,1.8073323965072632,wet,1
2024-02-01,2,NL221,Veluwe,Water Supply & Sanitation Issues,0,0.6281568974722299,2.2413116296132407,wet,1
2024-03-01,3,NL221,Veluwe,Water Supply & Sanitation Issues,1,0.6184928839176086,1.8151774009068806,wet,1
2024-04-01,4,NL221,Veluwe,Water Supply & Sanitation Issues,0,0.7518369368963683,2.02529247601827,wet,1
2024-05-01,5,NL221,Veluwe,Water Supply & Sanitation Issues,1,0.8668798048868137,2.5431505044301352,wet,1
2024-06-01,6,NL221,Veluwe,Water Supply & Sanitation Issues,0,0.8046443418408747,2.9275620778401694,wet,1
2024-07-01,7,NL221,Veluwe,Water Supply & Sanitation Issues,0,0.8166606311902749,3.333141009012858,wet,1
2024-08-01,8,NL221,Veluwe,Water Supply & Sanitation Issues,0,0.8362978509915839,2.8060739040374756,wet,1
2024-09-01,9,NL221,Veluwe,Water Supply & Sanitation Issues,1,0.8181132912939258,3.3057305812835693,wet,1
2024-10-01,10,NL221,Veluwe,Water Supply & Sanitation Issues,0,0.6319272609318731,2.3737645149230957,wet,1
2024-11-01,11,NL221,Veluwe,Water Supply & Sanitation Issues,0,0.5694745199269483,1.9296060800552368,wet,1
2024-12-01,12,NL221,Veluwe,Water Supply & Sanitation Issues,0,0.5019166849222634,1.6137422720591228,wet,1
2025-01-01,1,NL221,Veluwe,Water Supply & Sanitation Issues,0,0.6268543332612893,1.6722465356190999,wet,1
2025-02-01,2,NL221,Veluwe,Water Supply & Sanitation Issues,0,0.7287120684436011,1.0694556037584941,wet,1
2025-03-01,3,NL221,Veluwe,Water Supply & Sanitation Issues,0,0.8079364081816376,0.6522466341654459,near_normal,1
2025-04-01,4,NL221,Veluwe,Water Supply & Sanitation Issues,0,0.8321377409520372,-0.03821267498036226,near_normal,1
2025-05-01,5,NL221,Veluwe,Water Supply & Sanitation Issues,0,0.7729129336709188,-0.8415002226829529,near_normal,1
2025-06-01,6,NL221,Veluwe,Water Supply & Sanitation Issues,1,0.8554487388233661,-0.9649274547894796,near_normal,1
2025-07-01,7,NL221,Veluwe,Water Supply & Sanitation Issues,0,0.7728341865062164,-1.1212384700775146,dry,1
2025-08-01,8,NL221,Veluwe,Water Supply & Sanitation Issues,0,0.7541060135895563,-1.4766345818837483,dry,1
2025-09-01,9,NL221,Veluwe,Water Supply & Sanitation Issues,0,0.49317216323881796,-1.5261424779891968,dry,1
2024-01-01,1,NL224,Zuidwest-Gelderland,Water Supply & Sanitation Issues,0,0.432291514833983,1.685375452041626,wet,1
2024-02-01,2,NL224,Zuidwest-Gelderland,Water Supply & Sanitation Issues,0,0.5340908177496249,2.1737860441207886,wet,1
2024-03-01,3,NL224,Zuidwest-Gelderland,Water Supply & Sanitation Issues,0,0.5167173072073679,1.7497069239616394,wet,1
2024-04-01,4,NL224,Zuidwest-Gelderland,Water Supply & Sanitation Issues,0,0.6745960685417742,2.014431595802307,wet,1
2024-05-01,5,NL224,Zuidwest-Gelderland,Water Supply & Sanitation Issues,1,0.8400376527855451,2.511814832687378,wet,1
2024-06-01,6,NL224,Zuidwest-Gelderland,Water Supply & Sanitation Issues,0,0.7687401947978056,2.8723764419555664,wet,1
2024-07-01,7,NL224,Zuidwest-Gelderland,Water Supply & Sanitation Issues,0,0.7543930014991017,3.360319137573242,wet,1
2024-08-01,8,NL224,Zuidwest-Gelderland,Water Supply & Sanitation Issues,0,0.7788789251212141,2.7078782320022583,wet,1
2024-09-01,9,NL224,Zuidwest-Gelderland,Water Supply & Sanitation Issues,1,0.735697945893738,3.562034487724304,wet,1
2024-10-01,10,NL224,Zuidwest-Gelderland,Water Supply & Sanitation Issues,0,0.5949395521511168,2.6191734075546265,wet,1
2024-11-01,11,NL224,Zuidwest-Gelderland,Water Supply & Sanitation Issues,0,0.5046884025057189,2.088479518890381,wet,1
2024-12-01,12,NL224,Zuidwest-Gelderland,Water Supply & Sanitation Issues,0,0.45101967270747284,1.848576307296753,wet,1
2025-01-01,1,NL224,Zuidwest-Gelderland,Water Supply & Sanitation Issues,0,0.5396075991306295,1.9212733507156372,wet,1
2025-02-01,2,NL224,Zuidwest-Gelderland,Water Supply & Sanitation Issues,0,0.6622384995786451,1.400187075138092,wet,1
2025-03-01,3,NL224,Zuidwest-Gelderland,Water Supply & Sanitation Issues,0,0.7780154143196201,0.972754567861557,near_normal,1
2025-04-01,4,NL224,Zuidwest-Gelderland,Water Supply & Sanitation Issues,0,0.7724793853557104,0.29149629175662994,near_normal,1
2025-05-01,5,NL224,Zuidwest-Gelderland,Water Supply & Sanitation Issues,0,0.7070669547038135,-0.6283363997936249,near_normal,1
2025-06-01,6,NL224,Zuidwest-Gelderland,Water Supply & Sanitation Issues,0,0.7908000382857117,-0.8211278021335602,near_normal,1
2025-07-01,7,NL224,Zuidwest-Gelderland,Water Supply & Sanitation Issues,0,0.6887769027767865,-1.0137033462524414,dry,1
2025-08-01,8,NL224,Zuidwest-Gelderland,Water Supply & Sanitation Issues,0,0.6315580369631388,-1.4959520101547241,dry,1
2025-09-01,9,NL224,Zuidwest-Gelderland,Water Supply & Sanitation Issues,0,0.33565230519997596,-1.5776581168174744,dry,1
2024-01-01,1,NL225,Achterhoek,Water Supply & Sanitation Issues,0,0.529990466687912,1.805512011051178,wet,1
2024-02-01,2,NL225,Achterhoek,Water Supply & Sanitation Issues,0,0.6336069948614881,2.2859821915626526,wet,1
2024-03-01,3,NL225,Achterhoek,Water Supply & Sanitation Issues,0,0.6441395441505298,1.7744671404361725,wet,1
2024-04-01,4,NL225,Achterhoek,Water Supply & Sanitation Issues,1,0.766508729505372,1.8754302561283112,wet,1
2024-05-01,5,NL225,Achterhoek,Water Supply & Sanitation Issues,1,0.8696765892438731,2.249455988407135,wet,1
2024-06-01,6,NL225,Achterhoek,Water Supply & Sanitation Issues,0,0.8040771703161075,2.5028456449508667,wet,1
2024-07-01,7,NL225,Achterhoek,Water Supply & Sanitation Issues,1,0.7362965077430109,2.9508511424064636,wet,1
2024-08-01,8,NL225,Achterhoek,Water Supply & Sanitation Issues,0,0.7681537423640223,2.5167282819747925,wet,1
2024-09-01,9,NL225,Achterhoek,Water Supply & Sanitation Issues,1,0.7966442858435264,3.3198123574256897,wet,1
2024-10-01,10,NL225,Achterhoek,Water Supply & Sanitation Issues,0,0.630259882840681,2.387208878993988,wet,1
2024-11-01,11,NL225,Achterhoek,Water Supply & Sanitation Issues,0,0.5701918412556451,1.9416667819023132,wet,1
2024-12-01,12,NL225,Achterhoek,Water Supply & Sanitation Issues,0,0.479565937206719,1.5921784937381744,wet,1
2025-01-01,1,NL225,Achterhoek,Water Supply & Sanitation Issues,0,0.6097806404796347,1.7311365902423859,wet,1
2025-02-01,2,NL225,Achterhoek,Water Supply & Sanitation Issues,0,0.6883184109152072,1.0746888369321823,wet,1
2025-03-01,3,NL225,Achterhoek,Water Supply & Sanitation Issues,0,0.7610141988784008,0.6834009438753128,near_normal,1
2025-04-01,4,NL225,Achterhoek,Water Supply & Sanitation Issues,0,0.7914181789090442,0.09695965144783258,near_normal,1
2025-05-01,5,NL225,Achterhoek,Water Supply & Sanitation Issues,0,0.750448211288638,-0.612250030040741,near_normal,1
2025-06-01,6,NL225,Achterhoek,Water Supply & Sanitation Issues,0,0.8493244505496473,-0.7061386853456497,near_normal,1
2025-07-01,7,NL225,Achterhoek,Water Supply & Sanitation Issues,1,0.806452890531737,-0.8033000975847244,near_normal,1
2025-08-01,8,NL225,Achterhoek,Water Supply & Sanitation Issues,0,0.8023343224163285,-1.172307550907135,dry,1
2025-09-01,9,NL225,Achterhoek,Water Supply & Sanitation Issues,0,0.5792136187020143,-1.218297392129898,dry,1
2024-01-01,1,NL226,Arnhem/Nijmegen,Water Supply & Sanitation Issues,0,0.4629704069151119,1.8382607301076253,wet,1
2024-02-01,2,NL226,Arnhem/Nijmegen,Water Supply & Sanitation Issues,0,0.5537846945149353,2.3888396422068277,wet,1
2024-03-01,3,NL226,Arnhem/Nijmegen,Water Supply & Sanitation Issues,0,0.5622236720680911,1.8225633303324382,wet,1
2024-04-01,4,NL226,Arnhem/Nijmegen,Water Supply & Sanitation Issues,0,0.7046257837413856,2.003558794657389,wet,1
2024-05-01,5,NL226,Arnhem/Nijmegen,Water Supply & Sanitation Issues,1,0.8632839815333792,2.5283732414245605,wet,1
2024-06-01,6,NL226,Arnhem/Nijmegen,Water Supply & Sanitation Issues,0,0.7932619957799962,2.8170496622721353,wet,1
2024-07-01,7,NL226,Arnhem/Nijmegen,Water Supply & Sanitation Issues,0,0.7278741877395625,3.480062961578369,wet,1
2024-08-01,8,NL226,Arnhem/Nijmegen,Water Supply & Sanitation Issues,1,0.7679899885327602,2.6924848556518555,wet,1
2024-09-01,9,NL226,Arnhem/Nijmegen,Water Supply & Sanitation Issues,1,0.7582039375713883,3.6542739868164062,wet,1
2024-10-01,10,NL226,Arnhem/Nijmegen,Water Supply & Sanitation Issues,0,0.6024248827881652,2.6188717683156333,wet,1
2024-11-01,11,NL226,Arnhem/Nijmegen,Water Supply & Sanitation Issues,0,0.5046239390516679,2.119877894719442,wet,1
2024-12-01,12,NL226,Arnhem/Nijmegen,Water Supply & Sanitation Issues,0,0.4361317558106689,1.8100270827611287,wet,1
2025-01-01,1,NL226,Arnhem/Nijmegen,Water Supply & Sanitation Issues,0,0.5491799000523984,1.9685104290644329,wet,1
2025-02-01,2,NL226,Arnhem/Nijmegen,Water Supply & Sanitation Issues,0,0.6666157594235403,1.3947044213612874,wet,1
2025-03-01,3,NL226,Arnhem/Nijmegen,Water Supply & Sanitation Issues,0,0.7453539375945263,0.9596504171689352,near_normal,1
2025-04-01,4,NL226,Arnhem/Nijmegen,Water Supply & Sanitation Issues,0,0.7614008217634973,0.3398151993751526,near_normal,1
2025-05-01,5,NL226,Arnhem/Nijmegen,Water Supply & Sanitation Issues,0,0.6956216413540225,-0.5684083700180054,near_normal,1
2025-06-01,6,NL226,Arnhem/Nijmegen,Water Supply & Sanitation Issues,0,0.8096092602050461,-0.671301543712616,near_normal,1
2025-07-01,7,NL226,Arnhem/Nijmegen,Water Supply & Sanitation Issues,0,0.7488383717774761,-0.846276581287384,near_normal,1
2025-08-01,8,NL226,Arnhem/Nijmegen,Water Supply & Sanitation Issues,0,0.7082342056782895,-1.2885345220565796,dry,1
2025-09-01,9,NL226,Arnhem/Nijmegen,Water Supply & Sanitation Issues,0,0.4494851157652698,-1.3259549935658772,dry,1
2024-01-01,1,NL230,Flevoland,Water Supply & Sanitation Issues,0,0.3863363069698363,1.6810797452926636,wet,1
2024-02-01,2,NL230,Flevoland,Water Supply & Sanitation Issues,0,0.47400212953377596,2.042652944723765,wet,1
2024-03-01,3,NL230,Flevoland,Water Supply & Sanitation Issues,1,0.4420477865381321,1.7197583715120952,wet,1
2024-04-01,4,NL230,Flevoland,Water Supply & Sanitation Issues,0,0.6449532624228805,1.9411502679189045,wet,1
2024-05-01,5,NL230,Flevoland,Water Supply & Sanitation Issues,0,0.7689701378089634,2.439574877421061,wet,1
2024-06-01,6,NL230,Flevoland,Water Supply & Sanitation Issues,0,0.7139988648530186,2.9559825658798218,wet,1
2024-07-01,7,NL230,Flevoland,Water Supply & Sanitation Issues,0,0.7209787072112954,2.801535407702128,wet,1
2024-08-01,8,NL230,Flevoland,Water Supply & Sanitation Issues,0,0.7219726266846543,2.583793560663859,wet,1
2024-09-01,9,NL230,Flevoland,Water Supply & Sanitation Issues,0,0.6719314288660999,2.821715792020162,wet,1
2024-10-01,10,NL230,Flevoland,Water Supply & Sanitation Issues,0,0.4678951861914303,2.08377875884374,wet,1
2024-11-01,11,NL230,Flevoland,Water Supply & Sanitation Issues,0,0.4141432962985971,1.6295397281646729,wet,1
2024-12-01,12,NL230,Flevoland,Water Supply & Sanitation Issues,0,0.3658698331162215,1.3571658531824748,wet,1
2025-01-01,1,NL230,Flevoland,Water Supply & Sanitation Issues,0,0.5097015464626438,1.31018461783727,wet,1
2025-02-01,2,NL230,Flevoland,Water Supply & Sanitation Issues,0,0.6098898810008693,0.681924487153689,near_normal,1
2025-03-01,3,NL230,Flevoland,Water Supply & Sanitation Issues,0,0.719261549637781,0.25594955605144304,near_normal,1
2025-04-01,4,NL230,Flevoland,Water Supply & Sanitation Issues,0,0.7152079230726118,-0.42615289986133575,near_normal,1
2025-05-01,5,NL230,Flevoland,Water Supply & Sanitation Issues,0,0.6607954907055086,-1.02263805270195,dry,1
2025-06-01,6,NL230,Flevoland,Water Supply & Sanitation Issues,0,0.7444549711363719,-1.1407394806543987,dry,1
2025-07-01,7,NL230,Flevoland,Water Supply & Sanitation Issues,0,0.6281845640268167,-1.2951755126317341,dry,1
2025-08-01,8,NL230,Flevoland,Water Supply & Sanitation Issues,0,0.5644949491394827,-1.5772170821825664,dry,1
2025-09-01,9,NL230,Flevoland,Water Supply & Sanitation Issues,0,0.30799003138096614,-1.6643696029980977,dry,1
2024-01-01,1,NL310,Utrecht,Water Supply & Sanitation Issues,0,0.5342555500611642,1.6331657965977986,wet,1
2024-02-01,2,NL310,Utrecht,Water Supply & Sanitation Issues,0,0.6283013279562375,2.060304045677185,wet,1
2024-03-01,3,NL310,Utrecht,Water Supply & Sanitation Issues,0,0.5797170955119257,1.6860721111297607,wet,1
2024-04-01,4,NL310,Utrecht,Water Supply & Sanitation Issues,1,0.7540041659401987,1.934793512026469,wet,1
2024-05-01,5,NL310,Utrecht,Water Supply & Sanitation Issues,0,0.8727330223791696,2.4599483807881675,wet,1
2024-06-01,6,NL310,Utrecht,Water Supply & Sanitation Issues,1,0.8319556463359303,2.8643977642059326,wet,1
2024-07-01,7,NL310,Utrecht,Water Supply & Sanitation Issues,0,0.8364594691209069,2.9952971935272217,wet,1
2024-08-01,8,NL310,Utrecht,Water Supply & Sanitation Issues,0,0.8527526996584833,2.573964277903239,wet,1
2024-09-01,9,NL310,Utrecht,Water Supply & Sanitation Issues,0,0.8110473484008729,2.949850559234619,wet,1
2024-10-01,10,NL310,Utrecht,Water Supply & Sanitation Issues,0,0.6620679223024226,2.2675256729125977,wet,1
2024-11-01,11,NL310,Utrecht,Water Supply & Sanitation Issues,0,0.5834916856943708,1.8243724505106609,wet,1
2024-12-01,12,NL310,Utrecht,Water Supply & Sanitation Issues,1,0.5256084078663378,1.599138617515564,wet,1
2025-01-01,1,NL310,Utrecht,Water Supply & Sanitation Issues,0,0.6395825175493745,1.6418602069218953,wet,1
2025-02-01,2,NL310,Utrecht,Water Supply & Sanitation Issues,0,0.7562460168229007,1.0959928433100383,wet,1
2025-03-01,3,NL310,Utrecht,Water Supply & Sanitation Issues,1,0.8426217543820014,0.6640455524126688,near_normal,1
2025-04-01,4,NL310,Utrecht,Water Supply & Sanitation Issues,1,0.8322606079618649,-0.07301297783851624,near_normal,1
2025-05-01,5,NL310,Utrecht,Water Supply & Sanitation Issues,0,0.776200692627645,-0.8883529901504517,near_normal,1
2025-06-01,6,NL310,Utrecht,Water Supply & Sanitation Issues,1,0.8393624129315607,-1.0327074925104778,dry,1
2025-07-01,7,NL310,Utrecht,Water Supply & Sanitation Issues,0,0.7573177918739695,-1.170036753018697,dry,1
2025-08-01,8,NL310,Utrecht,Water Supply & Sanitation Issues,0,0.7184136167079389,-1.5849626461664836,dry,1
2025-09-01,9,NL310,Utrecht,Water Supply & Sanitation Issues,0,0.42766046459431106,-1.695322314898173,dry,1
2024-01-01,1,NL321,Kop van Noord-Holland,Water Supply & Sanitation Issues,0,0.30266963391278034,1.6329838037490845,wet,1
2024-02-01,2,NL321,Kop van Noord-Holland,Water Supply & Sanitation Issues,0,0.38278295576562504,1.9536860883235931,wet,1
2024-03-01,3,NL321,Kop van Noord-Holland,Water Supply & Sanitation Issues,0,0.4034841630848591,1.7587225437164307,wet,1
2024-04-01,4,NL321,Kop van Noord-Holland,Water Supply & Sanitation Issues,0,0.6332331615402947,2.091783583164215,wet,1
2024-05-01,5,NL321,Kop van Noord-Holland,Water Supply & Sanitation Issues,0,0.7185155795280898,2.2810864448547363,wet,1
2024-06-01,6,NL321,Kop van Noord-Holland,Water Supply & Sanitation Issues,0,0.7370532187819206,2.7499186396598816,wet,1
2024-07-01,7,NL321,Kop van Noord-Holland,Water Supply & Sanitation Issues,0,0.6443925907785267,2.32273006439209,wet,1
2024-08-01,8,NL321,Kop van Noord-Holland,Water Supply & Sanitation Issues,0,0.6958300620545155,2.314435124397278,wet,1
2024-09-01,9,NL321,Kop van Noord-Holland,Water Supply & Sanitation Issues,0,0.5828356429407777,2.3948420882225037,wet,1
2024-10-01,10,NL321,Kop van Noord-Holland,Water Supply & Sanitation Issues,0,0.4381595380633825,1.7925672829151154,wet,1
2024-11-01,11,NL321,Kop van Noord-Holland,Water Supply & Sanitation Issues,0,0.34823566778991716,1.154409036040306,wet,1
2024-12-01,12,NL321,Kop van Noord-Holland,Water Supply & Sanitation Issues,0,0.3289661043661827,0.8799158334732056,near_normal,1
2025-01-01,1,NL321,Kop van Noord-Holland,Water Supply & Sanitation Issues,0,0.4863802045067571,0.7503800988197327,near_normal,1
2025-02-01,2,NL321,Kop van Noord-Holland,Water Supply & Sanitation Issues,0,0.5209643634250368,0.1837369699496776,near_normal,1
2025-03-01,3,NL321,Kop van Noord-Holland,Water Supply & Sanitation Issues,0,0.6182644252432055,-0.19919294212013483,near_normal,1
2025-04-01,4,NL321,Kop van Noord-Holland,Water Supply & Sanitation Issues,0,0.6337277257547616,-0.8529584109783173,near_normal,1
2025-05-01,5,NL321,Kop van Noord-Holland,Water Supply & Sanitation Issues,0,0.619545576386839,-1.0707411617040634,dry,1
2025-06-01,6,NL321,Kop van Noord-Holland,Water Supply & Sanitation Issues,1,0.6693317741686841,-1.2265169620513916,dry,1
2025-07-01,7,NL321,Kop van Noord-Holland,Water Supply & Sanitation Issues,0,0.5379684165339125,-1.3985914885997772,dry,1
2025-08-01,8,NL321,Kop van Noord-Holland,Water Supply & Sanitation Issues,0,0.4165924558670271,-1.6699672937393188,dry,1
2025-09-01,9,NL321,Kop van Noord-Holland,Water Supply & Sanitation Issues,0,0.23599764686193045,-1.6399725377559662,dry,1
2024-01-01,1,NL323,IJmond,Water Supply & Sanitation Issues,0,0.30225898758904884,1.7469192743301392,wet,1
2024-02-01,2,NL323,IJmond,Water Supply & Sanitation Issues,0,0.3906848367708366,1.9654667377471924,wet,1
2024-03-01,3,NL323,IJmond,Water Supply & Sanitation Issues,0,0.4095889981398882,1.801576018333435,wet,1
2024-04-01,4,NL323,IJmond,Water Supply & Sanitation Issues,0,0.6485922096411096,2.1092770099639893,wet,1
2024-05-01,5,NL323,IJmond,Water Supply & Sanitation Issues,0,0.7328209658574795,2.3961286544799805,wet,1
2024-06-01,6,NL323,IJmond,Water Supply & Sanitation Issues,0,0.734397502674501,2.795001268386841,wet,1
2024-07-01,7,NL323,IJmond,Water Supply & Sanitation Issues,0,0.6063557415908334,2.374518632888794,wet,1
2024-08-01,8,NL323,IJmond,Water Supply & Sanitation Issues,0,0.6795885906001536,2.4498143196105957,wet,1
2024-09-01,9,NL323,IJmond,Water Supply & Sanitation Issues,0,0.590468670736538,2.5644779205322266,wet,1
2024-10-01,10,NL323,IJmond,Water Supply & Sanitation Issues,0,0.48509152856732407,2.1055748462677,wet,1
2024-11-01,11,NL323,IJmond,Water Supply & Sanitation Issues,0,0.344144744402641,1.2876315116882324,wet,1
2024-12-01,12,NL323,IJmond,Water Supply & Sanitation Issues,0,0.33439791244155936,1.054290771484375,wet,1
2025-01-01,1,NL323,IJmond,Water Supply & Sanitation Issues,0,0.47308852989228223,0.9302926659584045,near_normal,1
2025-02-01,2,NL323,IJmond,Water Supply & Sanitation Issues,0,0.5233164873576389,0.3864094913005829,near_normal,1
2025-03-01,3,NL323,IJmond,Water Supply & Sanitation Issues,0,0.6508934602997036,-0.0300010796636343,near_normal,1
2025-04-01,4,NL323,IJmond,Water Supply & Sanitation Issues,0,0.6359145567220432,-0.679432213306427,near_normal,1
2025-05-01,5,NL323,IJmond,Water Supply & Sanitation Issues,0,0.589198046761108,-1.0121432542800903,dry,1
2025-06-01,6,NL323,IJmond,Water Supply & Sanitation Issues,1,0.6691636785951584,-1.1519043445587158,dry,1
2025-07-01,7,NL323,IJmond,Water Supply & Sanitation Issues,0,0.5298352639571636,-1.336739182472229,dry,1
2025-08-01,8,NL323,IJmond,Water Supply & Sanitation Issues,0,0.43750897767399144,-1.6172122955322266,dry,1
2025-09-01,9,NL323,IJmond,Water Supply & Sanitation Issues,0,0.24690166036126338,-1.5776567459106445,dry,1
2024-01-01,1,NL324,Agglomeratie Haarlem,Water Supply & Sanitation Issues,0,0.28882266337341206,1.647356390953064,wet,1
2024-02-01,2,NL324,Agglomeratie Haarlem,Water Supply & Sanitation Issues,0,0.3682315300296894,1.945382833480835,wet,1
2024-03-01,3,NL324,Agglomeratie Haarlem,Water Supply & Sanitation Issues,0,0.3672460692575761,1.7071410417556763,wet,1
2024-04-01,4,NL324,Agglomeratie Haarlem,Water Supply & Sanitation Issues,0,0.5839327733321732,1.988879919052124,wet,1
2024-05-01,5,NL324,Agglomeratie Haarlem,Water Supply & Sanitation Issues,0,0.6969394206090291,2.4034242630004883,wet,1
2024-06-01,6,NL324,Agglomeratie Haarlem,Water Supply & Sanitation Issues,0,0.6890574668395825,2.8238632678985596,wet,1
2024-07-01,7,NL324,Agglomeratie Haarlem,Water Supply & Sanitation Issues,0,0.6013228976582276,2.4710593223571777,wet,1
2024-08-01,8,NL324,Agglomeratie Haarlem,Water Supply & Sanitation Issues,0,0.6479721847123862,2.520214796066284,wet,1
2024-09-01,9,NL324,Agglomeratie Haarlem,Water Supply & Sanitation Issues,0,0.5701674717517979,2.598809242248535,wet,1
2024-10-01,10,NL324,Agglomeratie Haarlem,Water Supply & Sanitation Issues,0,0.43783884641631277,2.1641006469726562,wet,1
2024-11-01,11,NL324,Agglomeratie Haarlem,Water Supply & Sanitation Issues,0,0.3254245021384067,1.519848108291626,wet,1
2024-12-01,12,NL324,Agglomeratie Haarlem,Water Supply & Sanitation Issues,0,0.31295507881338075,1.3313369750976562,wet,1
2025-01-01,1,NL324,Agglomeratie Haarlem,Water Supply & Sanitation Issues,0,0.4310433847284041,1.2478913068771362,wet,1
2025-02-01,2,NL324,Agglomeratie Haarlem,Water Supply & Sanitation Issues,0,0.5225073821041429,0.668552577495575,near_normal,1
2025-03-01,3,NL324,Agglomeratie Haarlem,Water Supply & Sanitation Issues,0,0.6290521660197597,0.24341583251953125,near_normal,1
2025-04-01,4,NL324,Agglomeratie Haarlem,Water Supply & Sanitation Issues,0,0.6507515165264681,-0.45443814992904663,near_normal,1
2025-05-01,5,NL324,Agglomeratie Haarlem,Water Supply & Sanitation Issues,0,0.5729671352360166,-0.9552810192108154,near_normal,1
2025-06-01,6,NL324,Agglomeratie Haarlem,Water Supply & Sanitation Issues,1,0.6761290918494215,-1.0814781188964844,dry,1
2025-07-01,7,NL324,Agglomeratie Haarlem,Water Supply & Sanitation Issues,0,0.5273769896691839,-1.2436511516571045,dry,1
2025-08-01,8,NL324,Agglomeratie Haarlem,Water Supply & Sanitation Issues,0,0.4467519179674989,-1.534304141998291,dry,1
2025-09-01,9,NL324,Agglomeratie Haarlem,Water Supply & Sanitation Issues,0,0.22966975326555547,-1.641973853111267,dry,1
2024-01-01,1,NL325,Zaanstreek,Water Supply & Sanitation Issues,0,0.3425633574855135,1.6169030666351318,wet,1
2024-02-01,2,NL325,Zaanstreek,Water Supply & Sanitation Issues,0,0.41288051554064414,1.957419753074646,wet,1
2024-03-01,3,NL325,Zaanstreek,Water Supply & Sanitation Issues,0,0.36381447410112583,1.6453285217285156,wet,1
2024-04-01,4,NL325,Zaanstreek,Water Supply & Sanitation Issues,0,0.5941599102427713,1.9042351245880127,wet,1
2024-05-01,5,NL325,Zaanstreek,Water Supply & Sanitation Issues,0,0.7302713285768808,2.3876869678497314,wet,1
2024-06-01,6,NL325,Zaanstreek,Water Supply & Sanitation Issues,0,0.7240679429187421,2.875868558883667,wet,1
2024-07-01,7,NL325,Zaanstreek,Water Supply & Sanitation Issues,0,0.6857215541191314,2.6098756790161133,wet,1
2024-08-01,8,NL325,Zaanstreek,Water Supply & Sanitation Issues,0,0.7046887050866879,2.4586730003356934,wet,1
2024-09-01,9,NL325,Zaanstreek,Water Supply & Sanitation Issues,0,0.6251914741327277,2.6439425945281982,wet,1
2024-10-01,10,NL325,Zaanstreek,Water Supply & Sanitation Issues,0,0.4485775560945206,2.0523898601531982,wet,1
2024-11-01,11,NL325,Zaanstreek,Water Supply & Sanitation Issues,0,0.35396747679290935,1.5562342405319214,wet,1
2024-12-01,12,NL325,Zaanstreek,Water Supply & Sanitation Issues,0,0.3172594419335653,1.3256824016571045,wet,1
2025-01-01,1,NL325,Zaanstreek,Water Supply & Sanitation Issues,0,0.458969037884835,1.2905166149139404,wet,1
2025-02-01,2,NL325,Zaanstreek,Water Supply & Sanitation Issues,0,0.574868637218939,0.7351674437522888,near_normal,1
2025-03-01,3,NL325,Zaanstreek,Water Supply & Sanitation Issues,0,0.6931298878646356,0.2895616590976715,near_normal,1
2025-04-01,4,NL325,Zaanstreek,Water Supply & Sanitation Issues,0,0.647049847425159,-0.44397521018981934,near_normal,1
2025-05-01,5,NL325,Zaanstreek,Water Supply & Sanitation Issues,0,0.6193873664767902,-1.0350122451782227,dry,1
2025-06-01,6,NL325,Zaanstreek,Water Supply & Sanitation Issues,1,0.6810765931540034,-1.1691848039627075,dry,1
2025-07-01,7,NL325,Zaanstreek,Water Supply & Sanitation Issues,0,0.5774809827885814,-1.3288004398345947,dry,1
2025-08-01,8,NL325,Zaanstreek,Water Supply & Sanitation Issues,0,0.4834012751801302,-1.6849058866500854,dry,1
2025-09-01,9,NL325,Zaanstreek,Water Supply & Sanitation Issues,0,0.2668623027867953,-1.740875005722046,dry,1
2024-01-01,1,NL327,Het Gooi en Vechtstreek,Water Supply & Sanitation Issues,0,0.40932272695572974,1.636123776435852,wet,1
2024-03-01,3,NL327,Het Gooi en Vechtstreek,Water Supply & Sanitation Issues,0,0.4331721942979121,1.6505409479141235,wet,1
2024-04-01,4,NL327,Het Gooi en Vechtstreek,Water Supply & Sanitation Issues,0,0.6477134100787514,1.8591419458389282,wet,1
2024-05-01,5,NL327,Het Gooi en Vechtstreek,Water Supply & Sanitation Issues,0,0.7778147311542647,2.378713369369507,wet,1
2024-06-01,6,NL327,Het Gooi en Vechtstreek,Water Supply & Sanitation Issues,0,0.7350959299563823,2.898977279663086,wet,1
2024-07-01,7,NL327,Het Gooi en Vechtstreek,Water Supply & Sanitation Issues,0,0.7486110469115979,2.7814443111419678,wet,1
2024-08-01,8,NL327,Het Gooi en Vechtstreek,Water Supply & Sanitation Issues,0,0.7667511282037696,2.4918413162231445,wet,1
2024-09-01,9,NL327,Het Gooi en Vechtstreek,Water Supply & Sanitation Issues,0,0.7081264449095944,2.7578084468841553,wet,1
2024-10-01,10,NL327,Het Gooi en Vechtstreek,Water Supply & Sanitation Issues,0,0.507117743840116,2.0412652492523193,wet,1
2024-11-01,11,NL327,Het Gooi en Vechtstreek,Water Supply & Sanitation Issues,0,0.4277926008005085,1.6262489557266235,wet,1
2024-12-01,12,NL327,Het Gooi en Vechtstreek,Water Supply & Sanitation Issues,0,0.37338084170180547,1.3761451244354248,wet,1
2025-01-01,1,NL327,Het Gooi en Vechtstreek,Water Supply & Sanitation Issues,0,0.5144827519989372,1.3592329025268555,wet,1
2025-02-01,2,NL327,Het Gooi en Vechtstreek,Water Supply & Sanitation Issues,0,0.646671608652873,0.8063275814056396,near_normal,1
2025-03-01,3,NL327,Het Gooi en Vechtstreek,Water Supply & Sanitation Issues,0,0.7292506745357699,0.35810184478759766,near_normal,1
2025-04-01,4,NL327,Het Gooi en Vechtstreek,Water Supply & Sanitation Issues,0,0.7257942116556986,-0.35341763496398926,near_normal,1
2025-05-01,5,NL327,Het Gooi en Vechtstreek,Water Supply & Sanitation Issues,0,0.6740834058914611,-1.0387662649154663,dry,1
2025-06-01,6,NL327,Het Gooi en Vechtstreek,Water Supply & Sanitation Issues,1,0.7321137989834424,-1.1725388765335083,dry,1
2025-07-01,7,NL327,Het Gooi en Vechtstreek,Water Supply & Sanitation Issues,0,0.6274989657243251,-1.3508493900299072,dry,1
2025-08-01,8,NL327,Het Gooi en Vechtstreek,Water Supply & Sanitation Issues,0,0.5648991293379617,-1.7118911743164062,dry,1
2025-09-01,9,NL327,Het Gooi en Vechtstreek,Water Supply & Sanitation Issues,0,0.2937722993427641,-1.7690833806991577,dry,1
2024-01-01,1,NL328,Alkmaar en omgeving,Water Supply & Sanitation Issues,0,0.4138608773368925,1.7100821137428284,wet,1
2024-02-01,2,NL328,Alkmaar en omgeving,Water Supply & Sanitation Issues,0,0.5101286422709597,1.9593284130096436,wet,1
2024-03-01,3,NL328,Alkmaar en omgeving,Water Supply & Sanitation Issues,0,0.5002522662760598,1.739656686782837,wet,1
2024-04-01,4,NL328,Alkmaar en omgeving,Water Supply & Sanitation Issues,0,0.727342155554806,2.0186948776245117,wet,1
2024-05-01,5,NL328,Alkmaar en omgeving,Water Supply & Sanitation Issues,0,0.8033944491216896,2.3344630002975464,wet,1
2024-06-01,6,NL328,Alkmaar en omgeving,Water Supply & Sanitation Issues,0,0.8049477398989927,2.804568648338318,wet,1
2024-07-01,7,NL328,Alkmaar en omgeving,Water Supply & Sanitation Issues,0,0.7262343398901494,2.428522229194641,wet,1
2024-08-01,8,NL328,Alkmaar en omgeving,Water Supply & Sanitation Issues,0,0.7725806503868102,2.425881505012512,wet,1
2024-09-01,9,NL328,Alkmaar en omgeving,Water Supply & Sanitation Issues,0,0.6964818775614507,2.5760817527770996,wet,1
2024-10-01,10,NL328,Alkmaar en omgeving,Water Supply & Sanitation Issues,0,0.5652589744348174,2.0169880390167236,wet,1
2024-11-01,11,NL328,Alkmaar en omgeving,Water Supply & Sanitation Issues,0,0.44315217490559466,1.3094255328178406,wet,1
2024-12-01,12,NL328,Alkmaar en omgeving,Water Supply & Sanitation Issues,0,0.421205874629872,1.0511134266853333,wet,1
2025-01-01,1,NL328,Alkmaar en omgeving,Water Supply & Sanitation Issues,0,0.5757121739023726,0.9406598210334778,near_normal,1
2025-02-01,2,NL328,Alkmaar en omgeving,Water Supply & Sanitation Issues,0,0.6387476484051561,0.40348732471466064,near_normal,1
2025-03-01,3,NL328,Alkmaar en omgeving,Water Supply & Sanitation Issues,0,0.7283010033283804,-0.023991535417735577,near_normal,1
2025-04-01,4,NL328,Alkmaar en omgeving,Water Supply & Sanitation Issues,0,0.7274341227501129,-0.6851816177368164,near_normal,1
2025-05-01,5,NL328,Alkmaar en omgeving,Water Supply & Sanitation Issues,0,0.6968094430008731,-1.0560193061828613,dry,1
2025-06-01,6,NL328,Alkmaar en omgeving,Water Supply & Sanitation Issues,1,0.7365865496817823,-1.200132429599762,dry,1
2025-07-01,7,NL328,Alkmaar en omgeving,Water Supply & Sanitation Issues,0,0.641747713261333,-1.380033254623413,dry,1
2025-08-01,8,NL328,Alkmaar en omgeving,Water Supply & Sanitation Issues,0,0.5419335612200074,-1.6897867918014526,dry,1
2025-09-01,9,NL328,Alkmaar en omgeving,Water Supply & Sanitation Issues,0,0.33767338657409157,-1.6552176475524902,dry,1
2024-01-01,1,NL329,Groot-Amsterdam,Water Supply & Sanitation Issues,0,0.41165286366613196,1.6169030666351318,wet,1
2024-02-01,2,NL329,Groot-Amsterdam,Water Supply & Sanitation Issues,0,0.4940381696430593,1.957419753074646,wet,1
2024-03-01,3,NL329,Groot-Amsterdam,Water Supply & Sanitation Issues,0,0.4438193483181065,1.6453285217285156,wet,1
2024-04-01,4,NL329,Groot-Amsterdam,Water Supply & Sanitation Issues,0,0.6666760183991614,1.9042351245880127,wet,1
2024-05-01,5,NL329,Groot-Amsterdam,Water Supply & Sanitation Issues,1,0.7860888307846768,2.3876869678497314,wet,1
2024-06-01,6,NL329,Groot-Amsterdam,Water Supply & Sanitation Issues,0,0.7749714542303344,2.875868558883667,wet,1
2024-07-01,7,NL329,Groot-Amsterdam,Water Supply & Sanitation Issues,1,0.7460860985634374,2.6098756790161133,wet,1
2024-08-01,8,NL329,Groot-Amsterdam,Water Supply & Sanitation Issues,1,0.7759243264225422,2.4586730003356934,wet,1
2024-09-01,9,NL329,Groot-Amsterdam,Water Supply & Sanitation Issues,0,0.7086752498673271,2.6439425945281982,wet,1
2024-10-01,10,NL329,Groot-Amsterdam,Water Supply & Sanitation Issues,0,0.5291180547469923,2.0523898601531982,wet,1
2024-11-01,11,NL329,Groot-Amsterdam,Water Supply & Sanitation Issues,0,0.4283657889648645,1.5562342405319214,wet,1
2024-12-01,12,NL329,Groot-Amsterdam,Water Supply & Sanitation Issues,0,0.38806585692898027,1.3256824016571045,wet,1
2025-01-01,1,NL329,Groot-Amsterdam,Water Supply & Sanitation Issues,0,0.5350130109575649,1.2905166149139404,wet,1
2025-02-01,2,NL329,Groot-Amsterdam,Water Supply & Sanitation Issues,1,0.6495168693164919,0.7351674437522888,near_normal,1
2025-03-01,3,NL329,Groot-Amsterdam,Water Supply & Sanitation Issues,0,0.746982970561614,0.2895616590976715,near_normal,1
2025-04-01,4,NL329,Groot-Amsterdam,Water Supply & Sanitation Issues,1,0.7236240360265338,-0.44397521018981934,near_normal,1
2025-05-01,5,NL329,Groot-Amsterdam,Water Supply & Sanitation Issues,0,0.6826445337203484,-1.0350122451782227,dry,1
2025-06-01,6,NL329,Groot-Amsterdam,Water Supply & Sanitation Issues,1,0.7424809313843563,-1.1691848039627075,dry,1
2025-07-01,7,NL329,Groot-Amsterdam,Water Supply & Sanitation Issues,0,0.6378005255498876,-1.3288004398345947,dry,1
2025-08-01,8,NL329,Groot-Amsterdam,Water Supply & Sanitation Issues,0,0.5669040008963364,-1.6849058866500854,dry,1
2025-09-01,9,NL329,Groot-Amsterdam,Water Supply & Sanitation Issues,0,0.3143255455172166,-1.740875005722046,dry,1
2024-01-01,1,NL332,Agglomeratie ’s-Gravenhage,Water Supply & Sanitation Issues,0,0.37260007206490814,1.5479464530944824,wet,1
2024-02-01,2,NL332,Agglomeratie ’s-Gravenhage,Water Supply & Sanitation Issues,0,0.4643582476177605,1.9152671098709106,wet,1
2024-03-01,3,NL332,Agglomeratie ’s-Gravenhage,Water Supply & Sanitation Issues,0,0.44010402384250585,1.6138807535171509,wet,1
2024-04-01,4,NL332,Agglomeratie ’s-Gravenhage,Water Supply & Sanitation Issues,0,0.6278044677574743,1.7927536964416504,wet,1
2024-05-01,5,NL332,Agglomeratie ’s-Gravenhage,Water Supply & Sanitation Issues,0,0.7576958145264892,2.222562551498413,wet,1
2024-06-01,6,NL332,Agglomeratie ’s-Gravenhage,Water Supply & Sanitation Issues,0,0.7312638936789366,2.651139974594116,wet,1
2024-07-01,7,NL332,Agglomeratie ’s-Gravenhage,Water Supply & Sanitation Issues,0,0.6514996374774253,2.602553367614746,wet,1
2024-08-01,8,NL332,Agglomeratie ’s-Gravenhage,Water Supply & Sanitation Issues,0,0.7039008763373175,2.614240884780884,wet,1
2024-09-01,9,NL332,Agglomeratie ’s-Gravenhage,Water Supply & Sanitation Issues,0,0.6341634626806337,2.760681390762329,wet,1
2024-10-01,10,NL332,Agglomeratie ’s-Gravenhage,Water Supply & Sanitation Issues,0,0.5051470370909786,2.217620849609375,wet,1
2024-11-01,11,NL332,Agglomeratie ’s-Gravenhage,Water Supply & Sanitation Issues,0,0.4032435696810302,1.6578664779663086,wet,1
2024-12-01,12,NL332,Agglomeratie ’s-Gravenhage,Water Supply & Sanitation Issues,0,0.3854193888878511,1.5298305749893188,wet,1
2025-01-01,1,NL332,Agglomeratie ’s-Gravenhage,Water Supply & Sanitation Issues,0,0.4704691616258041,1.4456462860107422,wet,1
2025-02-01,2,NL332,Agglomeratie ’s-Gravenhage,Water Supply & Sanitation Issues,0,0.5900610001853824,0.8826550841331482,near_normal,1
2025-03-01,3,NL332,Agglomeratie ’s-Gravenhage,Water Supply & Sanitation Issues,0,0.6377889623102854,0.4521176517009735,near_normal,1
2025-04-01,4,NL332,Agglomeratie ’s-Gravenhage,Water Supply & Sanitation Issues,0,0.7051857432022126,-0.2299506515264511,near_normal,1
2025-05-01,5,NL332,Agglomeratie ’s-Gravenhage,Water Supply & Sanitation Issues,0,0.6031180102591415,-0.8712313175201416,near_normal,1
2025-06-01,6,NL332,Agglomeratie ’s-Gravenhage,Water Supply & Sanitation Issues,1,0.7199829798813592,-1.0435134172439575,dry,1
2025-07-01,7,NL332,Agglomeratie ’s-Gravenhage,Water Supply & Sanitation Issues,0,0.5858145478631817,-1.2248507738113403,dry,1
2025-08-01,8,NL332,Agglomeratie ’s-Gravenhage,Water Supply & Sanitation Issues,0,0.5150373862360527,-1.4840713739395142,dry,1
2025-09-01,9,NL332,Agglomeratie ’s-Gravenhage,Water Supply & Sanitation Issues,0,0.24329413735733238,-1.723048210144043,dry,1
2024-01-01,1,NL333,Delft en Westland,Water Supply & Sanitation Issues,0,0.431665253952948,1.4589471817016602,wet,1
2024-02-01,2,NL333,Delft en Westland,Water Supply & Sanitation Issues,0,0.5719672730132536,1.889495611190796,wet,1
2024-03-01,3,NL333,Delft en Westland,Water Supply & Sanitation Issues,0,0.4852032439727519,1.5272536277770996,wet,1
2024-04-01,4,NL333,Delft en Westland,Water Supply & Sanitation Issues,0,0.6532933571438789,1.6712430715560913,wet,1
2024-05-01,5,NL333,Delft en Westland,Water Supply & Sanitation Issues,0,0.7927385154850735,2.103944778442383,wet,1
2024-06-01,6,NL333,Delft en Westland,Water Supply & Sanitation Issues,0,0.754806157737347,2.5638675689697266,wet,1
2024-07-01,7,NL333,Delft en Westland,Water Supply & Sanitation Issues,0,0.7138693608092052,2.8959829807281494,wet,1
2024-08-01,8,NL333,Delft en Westland,Water Supply & Sanitation Issues,0,0.7507695701647171,2.653705358505249,wet,1
2024-09-01,9,NL333,Delft en Westland,Water Supply & Sanitation Issues,0,0.6830938601541873,2.9503586292266846,wet,1
2024-10-01,10,NL333,Delft en Westland,Water Supply & Sanitation Issues,0,0.5571912950488322,2.2567052841186523,wet,1
2024-11-01,11,NL333,Delft en Westland,Water Supply & Sanitation Issues,0,0.46579244315719304,1.799555778503418,wet,1
2024-12-01,12,NL333,Delft en Westland,Water Supply & Sanitation Issues,0,0.44225478191363404,1.66428804397583,wet,1
2025-01-01,1,NL333,Delft en Westland,Water Supply & Sanitation Issues,0,0.5100548405790077,1.640883445739746,wet,1
2025-02-01,2,NL333,Delft en Westland,Water Supply & Sanitation Issues,0,0.6302676575087555,1.163700819015503,wet,1
2025-03-01,3,NL333,Delft en Westland,Water Supply & Sanitation Issues,0,0.699203397434065,0.7183709144592285,near_normal,1
2025-04-01,4,NL333,Delft en Westland,Water Supply & Sanitation Issues,0,0.7536338396112243,0.003728199517354369,near_normal,1
2025-05-01,5,NL333,Delft en Westland,Water Supply & Sanitation Issues,0,0.6525955029731825,-0.8432844877243042,near_normal,1
2025-06-01,6,NL333,Delft en Westland,Water Supply & Sanitation Issues,1,0.7340785001835733,-1.0905721187591553,dry,1
2025-07-01,7,NL333,Delft en Westland,Water Supply & Sanitation Issues,0,0.6352001687696975,-1.26656973361969,dry,1
2025-08-01,8,NL333,Delft en Westland,Water Supply & Sanitation Issues,0,0.5840753952338876,-1.6068077087402344,dry,1
2025-09-01,9,NL333,Delft en Westland,Water Supply & Sanitation Issues,0,0.2705453015944779,-1.8662478923797607,dry,1
2024-01-01,1,NL337,Agglomeratie Leiden en Bollenstreek,Water Supply & Sanitation Issues,0,0.500314707537783,1.5254942178726196,wet,1
2024-02-01,2,NL337,Agglomeratie Leiden en Bollenstreek,Water Supply & Sanitation Issues,0,0.5990221507392126,1.930662751197815,wet,1
2024-03-01,3,NL337,Agglomeratie Leiden en Bollenstreek,Water Supply & Sanitation Issues,0,0.5517423721369236,1.600808024406433,wet,1
2024-04-01,4,NL337,Agglomeratie Leiden en Bollenstreek,Water Supply & Sanitation Issues,0,0.7250566339986853,1.8393596410751343,wet,1
2024-05-01,5,NL337,Agglomeratie Leiden en Bollenstreek,Water Supply & Sanitation Issues,0,0.8399982647119603,2.308445453643799,wet,1
2024-06-01,6,NL337,Agglomeratie Leiden en Bollenstreek,Water Supply & Sanitation Issues,0,0.8223674219232241,2.742405891418457,wet,1
2024-07-01,7,NL337,Agglomeratie Leiden en Bollenstreek,Water Supply & Sanitation Issues,0,0.7945972874984688,2.7151103019714355,wet,1
2024-08-01,8,NL337,Agglomeratie Leiden en Bollenstreek,Water Supply & Sanitation Issues,0,0.8302024390518977,2.554049253463745,wet,1
2024-09-01,9,NL337,Agglomeratie Leiden en Bollenstreek,Water Supply & Sanitation Issues,0,0.7668060299464607,2.7597999572753906,wet,1
2024-10-01,10,NL337,Agglomeratie Leiden en Bollenstreek,Water Supply & Sanitation Issues,0,0.6372872264990402,2.198561906814575,wet,1
2024-11-01,11,NL337,Agglomeratie Leiden en Bollenstreek,Water Supply & Sanitation Issues,0,0.5383045585897838,1.7335660457611084,wet,1
2024-12-01,12,NL337,Agglomeratie Leiden en Bollenstreek,Water Supply & Sanitation Issues,0,0.5048854654555778,1.5648200511932373,wet,1
2025-01-01,1,NL337,Agglomeratie Leiden en Bollenstreek,Water Supply & Sanitation Issues,0,0.6081177864088989,1.5522692203521729,wet,1
2025-02-01,2,NL337,Agglomeratie Leiden en Bollenstreek,Water Supply & Sanitation Issues,0,0.7205615753304584,1.016635775566101,wet,1
2025-03-01,3,NL337,Agglomeratie Leiden en Bollenstreek,Water Supply & Sanitation Issues,0,0.7641376869919964,0.5903820991516113,near_normal,1
2025-04-01,4,NL337,Agglomeratie Leiden en Bollenstreek,Water Supply & Sanitation Issues,0,0.8049257236820114,-0.16400562226772308,near_normal,1
2025-05-01,5,NL337,Agglomeratie Leiden en Bollenstreek,Water Supply & Sanitation Issues,0,0.7318097075717573,-0.8812072277069092,near_normal,1
2025-06-01,6,NL337,Agglomeratie Leiden en Bollenstreek,Water Supply & Sanitation Issues,1,0.8159892699948734,-1.0348807573318481,dry,1
2025-07-01,7,NL337,Agglomeratie Leiden en Bollenstreek,Water Supply & Sanitation Issues,0,0.7131115113847561,-1.1747100353240967,dry,1
2025-08-01,8,NL337,Agglomeratie Leiden en Bollenstreek,Water Supply & Sanitation Issues,0,0.6558604597640073,-1.5170913934707642,dry,1
2025-09-01,9,NL337,Agglomeratie Leiden en Bollenstreek,Water Supply & Sanitation Issues,0,0.3581840071156958,-1.738526463508606,dry,1
2024-01-01,1,NL33A,Zuidoost-Zuid-Holland,Water Supply & Sanitation Issues,0,0.4684383871494244,1.5022345781326294,wet,1
2024-02-01,2,NL33A,Zuidoost-Zuid-Holland,Water Supply & Sanitation Issues,0,0.5880203884369928,1.9734735488891602,wet,1
2024-03-01,3,NL33A,Zuidoost-Zuid-Holland,Water Supply & Sanitation Issues,0,0.5246934180313649,1.6091928482055664,wet,1
2024-04-01,4,NL33A,Zuidoost-Zuid-Holland,Water Supply & Sanitation Issues,0,0.6873250074296063,1.869387149810791,wet,1
2024-05-01,5,NL33A,Zuidoost-Zuid-Holland,Water Supply & Sanitation Issues,0,0.8340041866224795,2.296041488647461,wet,1
2024-06-01,6,NL33A,Zuidoost-Zuid-Holland,Water Supply & Sanitation Issues,0,0.7751801215986561,2.7406914234161377,wet,1
2024-07-01,7,NL33A,Zuidoost-Zuid-Holland,Water Supply & Sanitation Issues,0,0.7757049608311677,3.1620676517486572,wet,1
2024-08-01,8,NL33A,Zuidoost-Zuid-Holland,Water Supply & Sanitation Issues,0,0.7913183230842518,2.5882296562194824,wet,1
2024-09-01,9,NL33A,Zuidoost-Zuid-Holland,Water Supply & Sanitation Issues,0,0.7491453790171594,3.196017026901245,wet,1
2024-10-01,10,NL33A,Zuidoost-Zuid-Holland,Water Supply & Sanitation Issues,0,0.6215345077522787,2.4383902549743652,wet,1
2024-11-01,11,NL33A,Zuidoost-Zuid-Holland,Water Supply & Sanitation Issues,0,0.5303239275591074,1.9545094966888428,wet,1
2024-12-01,12,NL33A,Zuidoost-Zuid-Holland,Water Supply & Sanitation Issues,0,0.4935654167073366,1.7752925157546997,wet,1
2025-01-01,1,NL33A,Zuidoost-Zuid-Holland,Water Supply & Sanitation Issues,0,0.5782954616566235,1.8329216241836548,wet,1
2025-02-01,2,NL33A,Zuidoost-Zuid-Holland,Water Supply & Sanitation Issues,0,0.698862799802121,1.3434903621673584,wet,1
2025-03-01,3,NL33A,Zuidoost-Zuid-Holland,Water Supply & Sanitation Issues,0,0.7914269766247788,0.9254148006439209,near_normal,1
2025-04-01,4,NL33A,Zuidoost-Zuid-Holland,Water Supply & Sanitation Issues,0,0.8003027072294393,0.18472331762313843,near_normal,1
2025-05-01,5,NL33A,Zuidoost-Zuid-Holland,Water Supply & Sanitation Issues,0,0.7324579463395114,-0.6993400454521179,near_normal,1
2025-06-01,6,NL33A,Zuidoost-Zuid-Holland,Water Supply & Sanitation Issues,1,0.7999071574714991,-0.928616464138031,near_normal,1
2025-07-01,7,NL33A,Zuidoost-Zuid-Holland,Water Supply & Sanitation Issues,0,0.7036551272270002,-1.0900894403457642,dry,1
2025-08-01,8,NL33A,Zuidoost-Zuid-Holland,Water Supply & Sanitation Issues,0,0.6535783526586767,-1.5483509302139282,dry,1
2025-09-01,9,NL33A,Zuidoost-Zuid-Holland,Water Supply & Sanitation Issues,0,0.34210832387038437,-1.7110259532928467,dry,1
2024-01-01,1,NL33B,Oost-Zuid-Holland,Water Supply & Sanitation Issues,0,0.39563187937765587,1.5254942178726196,wet,1
2024-02-01,2,NL33B,Oost-Zuid-Holland,Water Supply & Sanitation Issues,0,0.47920346025710703,1.930662751197815,wet,1
2024-03-01,3,NL33B,Oost-Zuid-Holland,Water Supply & Sanitation Issues,0,0.4430731222419331,1.600808024406433,wet,1
2024-04-01,4,NL33B,Oost-Zuid-Holland,Water Supply & Sanitation Issues,0,0.630608933272107,1.8393596410751343,wet,1
2024-05-01,5,NL33B,Oost-Zuid-Holland,Water Supply & Sanitation Issues,0,0.7774013077730181,2.308445453643799,wet,1
2024-06-01,6,NL33B,Oost-Zuid-Holland,Water Supply & Sanitation Issues,0,0.7495370499136381,2.742405891418457,wet,1
2024-07-01,7,NL33B,Oost-Zuid-Holland,Water Supply & Sanitation Issues,0,0.7147693956024429,2.7151103019714355,wet,1
2024-08-01,8,NL33B,Oost-Zuid-Holland,Water Supply & Sanitation Issues,0,0.7453126462404835,2.554049253463745,wet,1
2024-09-01,9,NL33B,Oost-Zuid-Holland,Water Supply & Sanitation Issues,0,0.6772256531714125,2.7597999572753906,wet,1
2024-10-01,10,NL33B,Oost-Zuid-Holland,Water Supply & Sanitation Issues,0,0.5296098204871253,2.198561906814575,wet,1
2024-11-01,11,NL33B,Oost-Zuid-Holland,Water Supply & Sanitation Issues,0,0.4303415605690497,1.7335660457611084,wet,1
2024-12-01,12,NL33B,Oost-Zuid-Holland,Water Supply & Sanitation Issues,0,0.39498816053469493,1.5648200511932373,wet,1
2025-01-01,1,NL33B,Oost-Zuid-Holland,Water Supply & Sanitation Issues,0,0.5084259999936304,1.5522692203521729,wet,1
2025-02-01,2,NL33B,Oost-Zuid-Holland,Water Supply & Sanitation Issues,0,0.6397893167274087,1.016635775566101,wet,1
2025-03-01,3,NL33B,Oost-Zuid-Holland,Water Supply & Sanitation Issues,0,0.7268670527348744,0.5903820991516113,near_normal,1
2025-04-01,4,NL33B,Oost-Zuid-Holland,Water Supply & Sanitation Issues,0,0.7310738705180203,-0.16400562226772308,near_normal,1
2025-05-01,5,NL33B,Oost-Zuid-Holland,Water Supply & Sanitation Issues,0,0.6632710222202174,-0.8812072277069092,near_normal,1
2025-06-01,6,NL33B,Oost-Zuid-Holland,Water Supply & Sanitation Issues,1,0.7359175988909498,-1.0348807573318481,dry,1
2025-07-01,7,NL33B,Oost-Zuid-Holland,Water Supply & Sanitation Issues,0,0.6267754626200346,-1.1747100353240967,dry,1
2025-08-01,8,NL33B,Oost-Zuid-Holland,Water Supply & Sanitation Issues,0,0.5606791493963454,-1.5170913934707642,dry,1
2025-09-01,9,NL33B,Oost-Zuid-Holland,Water Supply & Sanitation Issues,0,0.2808004885593182,-1.738526463508606,dry,1
2024-01-01,1,NL33C,Groot-Rijnmond,Water Supply & Sanitation Issues,0,0.3828039996922314,1.481999437014262,wet,1
2024-02-01,2,NL33C,Groot-Rijnmond,Water Supply & Sanitation Issues,0,0.5061378131302791,1.9045462608337402,wet,1
2024-03-01,3,NL33C,Groot-Rijnmond,Water Supply & Sanitation Issues,0,0.4387608142400935,1.55764905611674,wet,1
2024-04-01,4,NL33C,Groot-Rijnmond,Water Supply & Sanitation Issues,0,0.6069094614948803,1.7358837127685547,wet,1
2024-05-01,5,NL33C,Groot-Rijnmond,Water Supply & Sanitation Issues,0,0.7614952179331207,2.1709097226460776,wet,1
2024-06-01,6,NL33C,Groot-Rijnmond,Water Supply & Sanitation Issues,0,0.7171184491563434,2.626691977183024,wet,1
2024-07-01,7,NL33C,Groot-Rijnmond,Water Supply & Sanitation Issues,0,0.6707276540171714,2.903880516688029,wet,1
2024-08-01,8,NL33C,Groot-Rijnmond,Water Supply & Sanitation Issues,0,0.7050772109530901,2.6491270065307617,wet,1
2024-09-01,9,NL33C,Groot-Rijnmond,Water Supply & Sanitation Issues,0,0.6303772155547847,2.9472951889038086,wet,1
2024-10-01,10,NL33C,Groot-Rijnmond,Water Supply & Sanitation Issues,0,0.5047470444125811,2.2849376996358237,wet,1
2024-11-01,11,NL33C,Groot-Rijnmond,Water Supply & Sanitation Issues,0,0.41170361411876133,1.8019837141036987,wet,1
2024-12-01,12,NL33C,Groot-Rijnmond,Water Supply & Sanitation Issues,0,0.3957613119717322,1.676819920539856,wet,1
2025-01-01,1,NL33C,Groot-Rijnmond,Water Supply & Sanitation Issues,0,0.4684349196994824,1.6513664722442627,wet,1
2025-02-01,2,NL33C,Groot-Rijnmond,Water Supply & Sanitation Issues,0,0.5941947687863355,1.1506803433100383,wet,1
2025-03-01,3,NL33C,Groot-Rijnmond,Water Supply & Sanitation Issues,0,0.6667398595819473,0.7058199445406595,near_normal,1
2025-04-01,4,NL33C,Groot-Rijnmond,Water Supply & Sanitation Issues,0,0.7139104797802934,-0.012301225292806825,near_normal,1
2025-05-01,5,NL33C,Groot-Rijnmond,Water Supply & Sanitation Issues,0,0.6062104914153904,-0.8446452021598816,near_normal,1
2025-06-01,6,NL33C,Groot-Rijnmond,Water Supply & Sanitation Issues,1,0.6998893604760478,-1.0734885931015015,dry,1
2025-07-01,7,NL33C,Groot-Rijnmond,Water Supply & Sanitation Issues,0,0.5906975235414507,-1.2388241688410442,dry,1
2025-08-01,8,NL33C,Groot-Rijnmond,Water Supply & Sanitation Issues,0,0.5382254668308173,-1.566239356994629,dry,1
2025-09-01,9,NL33C,Groot-Rijnmond,Water Supply & Sanitation Issues,0,0.2357805000601318,-1.825290282567342,dry,1
2024-01-01,1,NL341,Zeeuwsch-Vlaanderen,Water Supply & Sanitation Issues,0,0.35010796138554096,1.0990768671035767,wet,1
2024-02-01,2,NL341,Zeeuwsch-Vlaanderen,Water Supply & Sanitation Issues,0,0.4574482444802768,1.6654661893844604,wet,1
2024-03-01,3,NL341,Zeeuwsch-Vlaanderen,Water Supply & Sanitation Issues,0,0.4518264672001026,1.4342957735061646,wet,1
2024-04-01,4,NL341,Zeeuwsch-Vlaanderen,Water Supply & Sanitation Issues,0,0.6137469444726908,1.72164386510849,wet,1
2024-05-01,5,NL341,Zeeuwsch-Vlaanderen,Water Supply & Sanitation Issues,0,0.7720821122324802,2.0468907356262207,wet,1
2024-06-01,6,NL341,Zeeuwsch-Vlaanderen,Water Supply & Sanitation Issues,0,0.7163772168225825,2.511785864830017,wet,1
2024-07-01,7,NL341,Zeeuwsch-Vlaanderen,Water Supply & Sanitation Issues,0,0.6416436306597063,2.5947717428207397,wet,1
2024-08-01,8,NL341,Zeeuwsch-Vlaanderen,Water Supply & Sanitation Issues,0,0.6870928901657004,2.2865796089172363,wet,1
2024-09-01,9,NL341,Zeeuwsch-Vlaanderen,Water Supply & Sanitation Issues,0,0.5869837577179544,2.4733811616897583,wet,1
2024-10-01,10,NL341,Zeeuwsch-Vlaanderen,Water Supply & Sanitation Issues,0,0.49412764669877723,2.181926131248474,wet,1
2024-11-01,11,NL341,Zeeuwsch-Vlaanderen,Water Supply & Sanitation Issues,0,0.36539834224181567,1.6795973777770996,wet,1
2024-12-01,12,NL341,Zeeuwsch-Vlaanderen,Water Supply & Sanitation Issues,0,0.4206264624815483,1.661611557006836,wet,1
2025-01-01,1,NL341,Zeeuwsch-Vlaanderen,Water Supply & Sanitation Issues,0,0.5210544584677503,1.6901467442512512,wet,1
2025-02-01,2,NL341,Zeeuwsch-Vlaanderen,Water Supply & Sanitation Issues,0,0.616166117895409,1.1577122211456299,wet,1
2025-03-01,3,NL341,Zeeuwsch-Vlaanderen,Water Supply & Sanitation Issues,0,0.6524762937008879,0.565402165055275,near_normal,1
2025-04-01,4,NL341,Zeeuwsch-Vlaanderen,Water Supply & Sanitation Issues,0,0.6703616067969823,-0.27620716392993927,near_normal,1
2025-05-01,5,NL341,Zeeuwsch-Vlaanderen,Water Supply & Sanitation Issues,0,0.5381800576220052,-1.0510993003845215,dry,1
2025-06-01,6,NL341,Zeeuwsch-Vlaanderen,Water Supply & Sanitation Issues,1,0.6805208673549433,-1.2060883045196533,dry,1
2025-07-01,7,NL341,Zeeuwsch-Vlaanderen,Water Supply & Sanitation Issues,0,0.6126065460471322,-1.3016448020935059,dry,1
2025-08-01,8,NL341,Zeeuwsch-Vlaanderen,Water Supply & Sanitation Issues,0,0.5258329737043027,-1.7224125266075134,dry,1
2025-09-01,9,NL341,Zeeuwsch-Vlaanderen,Water Supply & Sanitation Issues,0,0.21448900454159153,-2.1238150596618652,dry,1
2024-01-01,1,NL342,Overig Zeeland,Water Supply & Sanitation Issues,0,0.3825601442818624,1.3286210298538208,wet,1
2024-02-01,2,NL342,Overig Zeeland,Water Supply & Sanitation Issues,0,0.5217540201423585,1.7934848070144653,wet,1
2024-03-01,3,NL342,Overig Zeeland,Water Supply & Sanitation Issues,0,0.4608569833604601,1.4659996032714844,wet,1
2024-04-01,4,NL342,Overig Zeeland,Water Supply & Sanitation Issues,0,0.6137310106816717,1.6179192066192627,wet,1
2024-05-01,5,NL342,Overig Zeeland,Water Supply & Sanitation Issues,0,0.7662789667872376,2.0807783603668213,wet,1
2024-06-01,6,NL342,Overig Zeeland,Water Supply & Sanitation Issues,0,0.7060490050416275,2.572701930999756,wet,1
2024-07-01,7,NL342,Overig Zeeland,Water Supply & Sanitation Issues,0,0.672285224252867,2.9837281703948975,wet,1
2024-08-01,8,NL342,Overig Zeeland,Water Supply & Sanitation Issues,0,0.6977398786977679,2.67411470413208,wet,1
2024-09-01,9,NL342,Overig Zeeland,Water Supply & Sanitation Issues,0,0.62112901839348,2.8608145713806152,wet,1
2024-10-01,10,NL342,Overig Zeeland,Water Supply & Sanitation Issues,0,0.5167331195592167,2.296290636062622,wet,1
2024-11-01,11,NL342,Overig Zeeland,Water Supply & Sanitation Issues,0,0.40476168515791217,1.8551033735275269,wet,1
2024-12-01,12,NL342,Overig Zeeland,Water Supply & Sanitation Issues,0,0.41909021541965286,1.8005717992782593,wet,1
2025-01-01,1,NL342,Overig Zeeland,Water Supply & Sanitation Issues,0,0.4686741149744666,1.798425555229187,wet,1
2025-02-01,2,NL342,Overig Zeeland,Water Supply & Sanitation Issues,0,0.59611802542573,1.329056739807129,wet,1
2025-03-01,3,NL342,Overig Zeeland,Water Supply & Sanitation Issues,0,0.6578007757106026,0.8654971122741699,near_normal,1
2025-04-01,4,NL342,Overig Zeeland,Water Supply & Sanitation Issues,0,0.7140236418202971,0.127136692404747,near_normal,1
2025-05-01,5,NL342,Overig Zeeland,Water Supply & Sanitation Issues,0,0.5830013082294672,-0.8692893981933594,near_normal,1
2025-06-01,6,NL342,Overig Zeeland,Water Supply & Sanitation Issues,1,0.6726117412646506,-1.1390583515167236,dry,1
2025-07-01,7,NL342,Overig Zeeland,Water Supply & Sanitation Issues,0,0.586652298910204,-1.3374229669570923,dry,1
2025-08-01,8,NL342,Overig Zeeland,Water Supply & Sanitation Issues,0,0.5299436567481359,-1.7264788150787354,dry,1
2025-09-01,9,NL342,Overig Zeeland,Water Supply & Sanitation Issues,0,0.22728797989420768,-2.0268850326538086,dry,1
2024-01-01,1,NL411,West-Noord-Brabant,Water Supply & Sanitation Issues,0,0.5306191874747566,1.4279340207576752,wet,1
2024-02-01,2,NL411,West-Noord-Brabant,Water Supply & Sanitation Issues,0,0.6758958962930702,1.9115989208221436,wet,1
2024-03-01,3,NL411,West-Noord-Brabant,Water Supply & Sanitation Issues,1,0.6313752037891852,1.5701760351657867,wet,1
2024-04-01,4,NL411,West-Noord-Brabant,Water Supply & Sanitation Issues,0,0.7554556407534372,1.794410079717636,wet,1
2024-05-01,5,NL411,West-Noord-Brabant,Water Supply & Sanitation Issues,0,0.8718442232880564,2.1759976744651794,wet,1
2024-06-01,6,NL411,West-Noord-Brabant,Water Supply & Sanitation Issues,0,0.8006277546506404,2.6817938685417175,wet,1
2024-07-01,7,NL411,West-Noord-Brabant,Water Supply & Sanitation Issues,0,0.7959729331618183,3.1869431138038635,wet,1
2024-08-01,8,NL411,West-Noord-Brabant,Water Supply & Sanitation Issues,1,0.8174566509793708,2.5752928256988525,wet,1
2024-09-01,9,NL411,West-Noord-Brabant,Water Supply & Sanitation Issues,0,0.774990530708512,3.2261340022087097,wet,1
2024-10-01,10,NL411,West-Noord-Brabant,Water Supply & Sanitation Issues,0,0.6767720327129819,2.4958202242851257,wet,1
2024-11-01,11,NL411,West-Noord-Brabant,Water Supply & Sanitation Issues,0,0.5856503917416732,1.9934806823730469,wet,1
2024-12-01,12,NL411,West-Noord-Brabant,Water Supply & Sanitation Issues,1,0.5816429572581272,1.8938453793525696,wet,1
2025-01-01,1,NL411,West-Noord-Brabant,Water Supply & Sanitation Issues,0,0.6394689841650758,1.9489366114139557,wet,1
2025-02-01,2,NL411,West-Noord-Brabant,Water Supply & Sanitation Issues,0,0.7409398471156883,1.4912947714328766,wet,1
2025-03-01,3,NL411,West-Noord-Brabant,Water Supply & Sanitation Issues,0,0.8001318505781526,1.0794287621974945,wet,1
2025-04-01,4,NL411,West-Noord-Brabant,Water Supply & Sanitation Issues,0,0.833027620272111,0.3902544379234314,near_normal,1
2025-05-01,5,NL411,West-Noord-Brabant,Water Supply & Sanitation Issues,0,0.7659975151962056,-0.6107541918754578,near_normal,1
2025-06-01,6,NL411,West-Noord-Brabant,Water Supply & Sanitation Issues,0,0.8312672941089948,-0.9553556591272354,near_normal,1
2025-07-01,7,NL411,West-Noord-Brabant,Water Supply & Sanitation Issues,1,0.724085839574021,-1.197560876607895,dry,1
2025-08-01,8,NL411,West-Noord-Brabant,Water Supply & Sanitation Issues,0,0.6790139115965342,-1.7818401753902435,dry,1
2025-09-01,9,NL411,West-Noord-Brabant,Water Supply & Sanitation Issues,0,0.3018064327138028,-1.944325178861618,dry,1
2024-01-01,1,NL412,Midden-Noord-Brabant,Water Supply & Sanitation Issues,0,0.5424397874475845,1.5439085960388184,wet,1
2024-02-01,2,NL412,Midden-Noord-Brabant,Water Supply & Sanitation Issues,0,0.6688895525434123,2.0561699867248535,wet,1
2024-03-01,3,NL412,Midden-Noord-Brabant,Water Supply & Sanitation Issues,1,0.6476064157691994,1.6683708429336548,wet,1
2024-04-01,4,NL412,Midden-Noord-Brabant,Water Supply & Sanitation Issues,0,0.7781806926412752,1.9227519035339355,wet,1
2024-05-01,5,NL412,Midden-Noord-Brabant,Water Supply & Sanitation Issues,0,0.8904150433810547,2.350119113922119,wet,1
2024-06-01,6,NL412,Midden-Noord-Brabant,Water Supply & Sanitation Issues,0,0.8352429460038101,2.7400357723236084,wet,1
2024-07-01,7,NL412,Midden-Noord-Brabant,Water Supply & Sanitation Issues,0,0.8106764089263194,3.3474960327148438,wet,1
2024-08-01,8,NL412,Midden-Noord-Brabant,Water Supply & Sanitation Issues,0,0.8190661869000128,2.595762252807617,wet,1
2024-09-01,9,NL412,Midden-Noord-Brabant,Water Supply & Sanitation Issues,0,0.7876860159502544,3.8588836193084717,wet,1
2024-10-01,10,NL412,Midden-Noord-Brabant,Water Supply & Sanitation Issues,0,0.7086549420695825,2.767239809036255,wet,1
2024-11-01,11,NL412,Midden-Noord-Brabant,Water Supply & Sanitation Issues,0,0.6246274757768868,2.2039122581481934,wet,1
2024-12-01,12,NL412,Midden-Noord-Brabant,Water Supply & Sanitation Issues,1,0.6014881355881555,2.016164541244507,wet,1
2025-01-01,1,NL412,Midden-Noord-Brabant,Water Supply & Sanitation Issues,0,0.6686962172821824,2.0861504077911377,wet,1
2025-02-01,2,NL412,Midden-Noord-Brabant,Water Supply & Sanitation Issues,0,0.7611084550577321,1.595111608505249,wet,1
2025-03-01,3,NL412,Midden-Noord-Brabant,Water Supply & Sanitation Issues,0,0.8244996656486419,1.174560785293579,wet,1
2025-04-01,4,NL412,Midden-Noord-Brabant,Water Supply & Sanitation Issues,0,0.8537378069297674,0.5439844131469727,near_normal,1
2025-05-01,5,NL412,Midden-Noord-Brabant,Water Supply & Sanitation Issues,0,0.7880939867360407,-0.45212289690971375,near_normal,1
2025-06-01,6,NL412,Midden-Noord-Brabant,Water Supply & Sanitation Issues,0,0.8601855496166181,-0.7468729019165039,near_normal,1
2025-07-01,7,NL412,Midden-Noord-Brabant,Water Supply & Sanitation Issues,1,0.7463352170152453,-1.0836814641952515,dry,1
2025-08-01,8,NL412,Midden-Noord-Brabant,Water Supply & Sanitation Issues,0,0.6974868210346247,-1.6820485591888428,dry,1
2025-09-01,9,NL412,Midden-Noord-Brabant,Water Supply & Sanitation Issues,0,0.35086203728110543,-1.6659215688705444,dry,1
2024-01-01,1,NL413,Noordoost-Noord-Brabant,Water Supply & Sanitation Issues,0,0.6112790128770969,1.7263375918070476,wet,1
2024-02-01,2,NL413,Noordoost-Noord-Brabant,Water Supply & Sanitation Issues,0,0.7004859846277935,2.301957845687866,wet,1
2024-03-01,3,NL413,Noordoost-Noord-Brabant,Water Supply & Sanitation Issues,1,0.7027091321923506,1.7595105568567913,wet,1
2024-04-01,4,NL413,Noordoost-Noord-Brabant,Water Supply & Sanitation Issues,0,0.8155686526674858,1.9506117502848308,wet,1
2024-05-01,5,NL413,Noordoost-Noord-Brabant,Water Supply & Sanitation Issues,0,0.9227920915847055,2.5292108058929443,wet,1
2024-06-01,6,NL413,Noordoost-Noord-Brabant,Water Supply & Sanitation Issues,0,0.8824831424151635,2.860475540161133,wet,1
2024-07-01,7,NL413,Noordoost-Noord-Brabant,Water Supply & Sanitation Issues,0,0.8035401048614503,3.60351292292277,wet,1
2024-08-01,8,NL413,Noordoost-Noord-Brabant,Water Supply & Sanitation Issues,0,0.8582387805465225,2.6137571334838867,wet,1
2024-09-01,9,NL413,Noordoost-Noord-Brabant,Water Supply & Sanitation Issues,0,0.8374865290215383,3.99537460009257,wet,1
2024-10-01,10,NL413,Noordoost-Noord-Brabant,Water Supply & Sanitation Issues,0,0.7593477327420939,2.824659744898478,wet,1
2024-11-01,11,NL413,Noordoost-Noord-Brabant,Water Supply & Sanitation Issues,0,0.6592242196868116,2.297260840733846,wet,1
2024-12-01,12,NL413,Noordoost-Noord-Brabant,Water Supply & Sanitation Issues,1,0.6234947703062663,2.027393857638041,wet,1
2025-01-01,1,NL413,Noordoost-Noord-Brabant,Water Supply & Sanitation Issues,0,0.6994691794273427,2.1666224797566733,wet,1
2025-02-01,2,NL413,Noordoost-Noord-Brabant,Water Supply & Sanitation Issues,0,0.7995013500155861,1.6576051712036133,wet,1
2025-03-01,3,NL413,Noordoost-Noord-Brabant,Water Supply & Sanitation Issues,0,0.8507250854489683,1.1836046775182087,wet,1
2025-04-01,4,NL413,Noordoost-Noord-Brabant,Water Supply & Sanitation Issues,0,0.8680226651736752,0.6166368325551351,near_normal,1
2025-05-01,5,NL413,Noordoost-Noord-Brabant,Water Supply & Sanitation Issues,0,0.8024262844929312,-0.433600256840388,near_normal,1
2025-06-01,6,NL413,Noordoost-Noord-Brabant,Water Supply & Sanitation Issues,0,0.8855002809631857,-0.6352093617121378,near_normal,1
2025-07-01,7,NL413,Noordoost-Noord-Brabant,Water Supply & Sanitation Issues,1,0.8247386717222305,-0.9555245041847229,near_normal,1
2025-08-01,8,NL413,Noordoost-Noord-Brabant,Water Supply & Sanitation Issues,0,0.790824084900067,-1.5380258957544963,dry,1
2025-09-01,9,NL413,Noordoost-Noord-Brabant,Water Supply & Sanitation Issues,0,0.533625340036773,-1.4824391603469849,dry,1
2024-01-01,1,NL414,Zuidoost-Noord-Brabant,Water Supply & Sanitation Issues,0,0.5197966433223388,1.6660036146640778,wet,1
2024-02-01,2,NL414,Zuidoost-Noord-Brabant,Water Supply & Sanitation Issues,0,0.6281348647899179,2.2208192348480225,wet,1
2024-03-01,3,NL414,Zuidoost-Noord-Brabant,Water Supply & Sanitation Issues,1,0.636659277481425,1.7530253231525421,wet,1
2024-04-01,4,NL414,Zuidoost-Noord-Brabant,Water Supply & Sanitation Issues,0,0.7699408073441886,1.9222524464130402,wet,1
2024-05-01,5,NL414,Zuidoost-Noord-Brabant,Water Supply & Sanitation Issues,0,0.8981731721478309,2.4804680943489075,wet,1
2024-06-01,6,NL414,Zuidoost-Noord-Brabant,Water Supply & Sanitation Issues,0,0.8537452350154073,2.8313465118408203,wet,1
2024-07-01,7,NL414,Zuidoost-Noord-Brabant,Water Supply & Sanitation Issues,0,0.7665543723525945,3.323698878288269,wet,1
2024-08-01,8,NL414,Zuidoost-Noord-Brabant,Water Supply & Sanitation Issues,0,0.7951229874495814,2.4005433320999146,wet,1
2024-09-01,9,NL414,Zuidoost-Noord-Brabant,Water Supply & Sanitation Issues,0,0.7568741498937283,3.6095246076583862,wet,1
2024-10-01,10,NL414,Zuidoost-Noord-Brabant,Water Supply & Sanitation Issues,0,0.6626730024546855,2.8009841442108154,wet,1
2024-11-01,11,NL414,Zuidoost-Noord-Brabant,Water Supply & Sanitation Issues,0,0.549426832852451,2.219056189060211,wet,1
2024-12-01,12,NL414,Zuidoost-Noord-Brabant,Water Supply & Sanitation Issues,1,0.5400087149588261,2.0562921166419983,wet,1
2025-01-01,1,NL414,Zuidoost-Noord-Brabant,Water Supply & Sanitation Issues,0,0.6396636843528228,2.2320687770843506,wet,1
2025-02-01,2,NL414,Zuidoost-Noord-Brabant,Water Supply & Sanitation Issues,0,0.7484503587420385,1.7058507800102234,wet,1
2025-03-01,3,NL414,Zuidoost-Noord-Brabant,Water Supply & Sanitation Issues,0,0.7892111650828987,1.2108392715454102,wet,1
2025-04-01,4,NL414,Zuidoost-Noord-Brabant,Water Supply & Sanitation Issues,0,0.8298906738817692,0.6923550665378571,near_normal,1
2025-05-01,5,NL414,Zuidoost-Noord-Brabant,Water Supply & Sanitation Issues,0,0.729455565079702,-0.4158538803458214,near_normal,1
2025-06-01,6,NL414,Zuidoost-Noord-Brabant,Water Supply & Sanitation Issues,0,0.8391236820942851,-0.6612778455018997,near_normal,1
2025-07-01,7,NL414,Zuidoost-Noord-Brabant,Water Supply & Sanitation Issues,1,0.7594360583114235,-1.0086569488048553,dry,1
2025-08-01,8,NL414,Zuidoost-Noord-Brabant,Water Supply & Sanitation Issues,0,0.7224776980441471,-1.6495905816555023,dry,1
2025-09-01,9,NL414,Zuidoost-Noord-Brabant,Water Supply & Sanitation Issues,0,0.4424885509930048,-1.5304934084415436,dry,1
2024-01-01,1,NL421,Noord-Limburg,Water Supply & Sanitation Issues,0,0.4839760998024481,1.8593108654022217,wet,1
2024-02-01,2,NL421,Noord-Limburg,Water Supply & Sanitation Issues,0,0.5615398223835139,2.512042760848999,wet,1
2024-03-01,3,NL421,Noord-Limburg,Water Supply & Sanitation Issues,0,0.6044575222380306,1.865483283996582,wet,1
2024-04-01,4,NL421,Noord-Limburg,Water Supply & Sanitation Issues,0,0.7363228933595236,1.9734376668930054,wet,1
2024-05-01,5,NL421,Noord-Limburg,Water Supply & Sanitation Issues,0,0.8861715711425823,2.605700731277466,wet,1
2024-06-01,6,NL421,Noord-Limburg,Water Supply & Sanitation Issues,0,0.8069160902006525,2.8035495281219482,wet,1
2024-07-01,7,NL421,Noord-Limburg,Water Supply & Sanitation Issues,0,0.6636571041393853,3.2032430171966553,wet,1
2024-08-01,8,NL421,Noord-Limburg,Water Supply & Sanitation Issues,0,0.7149292976483653,2.251657724380493,wet,1
2024-09-01,9,NL421,Noord-Limburg,Water Supply & Sanitation Issues,0,0.7116394085854135,3.5400261878967285,wet,1
2024-10-01,10,NL421,Noord-Limburg,Water Supply & Sanitation Issues,0,0.6153395429314874,2.855512857437134,wet,1
2024-11-01,11,NL421,Noord-Limburg,Water Supply & Sanitation Issues,0,0.4909223317434293,2.196915864944458,wet,1
2024-12-01,12,NL421,Noord-Limburg,Water Supply & Sanitation Issues,0,0.47736609494186794,2.03786039352417,wet,1
2025-01-01,1,NL421,Noord-Limburg,Water Supply & Sanitation Issues,0,0.5863067626037182,2.306771755218506,wet,1
2025-02-01,2,NL421,Noord-Limburg,Water Supply & Sanitation Issues,0,0.7227462427586798,1.68009352684021,wet,1
2025-03-01,3,NL421,Noord-Limburg,Water Supply & Sanitation Issues,0,0.7607662225850897,1.0877587795257568,wet,1
2025-04-01,4,NL421,Noord-Limburg,Water Supply & Sanitation Issues,0,0.7669607199493103,0.6619554162025452,near_normal,1
2025-05-01,5,NL421,Noord-Limburg,Water Supply & Sanitation Issues,0,0.6341609059500488,-0.44544780254364014,near_normal,1
2025-06-01,6,NL421,Noord-Limburg,Water Supply & Sanitation Issues,0,0.7887999574622049,-0.5798614025115967,near_normal,1
2025-07-01,7,NL421,Noord-Limburg,Water Supply & Sanitation Issues,0,0.7715410259056543,-0.800941526889801,near_normal,1
2025-08-01,8,NL421,Noord-Limburg,Water Supply & Sanitation Issues,0,0.7569803211919618,-1.2454304695129395,dry,1
2025-09-01,9,NL421,Noord-Limburg,Water Supply & Sanitation Issues,0,0.5013453288394957,-1.325162410736084,dry,1
2024-01-01,1,NL422,Midden-Limburg,Water Supply & Sanitation Issues,1,0.48076651476291754,1.595084309577942,wet,1
2024-02-01,2,NL422,Midden-Limburg,Water Supply & Sanitation Issues,0,0.590672061310191,2.1346378326416016,wet,1
2024-03-01,3,NL422,Midden-Limburg,Water Supply & Sanitation Issues,0,0.6050875912605806,1.6730749607086182,wet,1
2024-04-01,4,NL422,Midden-Limburg,Water Supply & Sanitation Issues,0,0.7290452746736262,1.7786504030227661,wet,1
2024-05-01,5,NL422,Midden-Limburg,Water Supply & Sanitation Issues,1,0.8859701856848274,2.3970389366149902,wet,1
2024-06-01,6,NL422,Midden-Limburg,Water Supply & Sanitation Issues,0,0.840568699264946,2.6647117137908936,wet,1
2024-07-01,7,NL422,Midden-Limburg,Water Supply & Sanitation Issues,0,0.7576178175555204,2.893308162689209,wet,1
2024-08-01,8,NL422,Midden-Limburg,Water Supply & Sanitation Issues,0,0.7505116099135295,2.179447650909424,wet,1
2024-09-01,9,NL422,Midden-Limburg,Water Supply & Sanitation Issues,0,0.7237834498745152,3.121680974960327,wet,1
2024-10-01,10,NL422,Midden-Limburg,Water Supply & Sanitation Issues,0,0.5824142080861988,2.612539768218994,wet,1
2024-11-01,11,NL422,Midden-Limburg,Water Supply & Sanitation Issues,0,0.4448627212485321,2.029146194458008,wet,1
2024-12-01,12,NL422,Midden-Limburg,Water Supply & Sanitation Issues,1,0.4562448243480542,1.9572449922561646,wet,1
2025-01-01,1,NL422,Midden-Limburg,Water Supply & Sanitation Issues,0,0.6009408670045905,2.3007307052612305,wet,1
2025-02-01,2,NL422,Midden-Limburg,Water Supply & Sanitation Issues,0,0.7456354118701882,1.6659852266311646,wet,1
2025-03-01,3,NL422,Midden-Limburg,Water Supply & Sanitation Issues,0,0.763533513852834,1.1294753551483154,wet,1
2025-04-01,4,NL422,Midden-Limburg,Water Supply & Sanitation Issues,0,0.7814524998161394,0.6900760531425476,near_normal,1
2025-05-01,5,NL422,Midden-Limburg,Water Supply & Sanitation Issues,1,0.6545021134595267,-0.4340934157371521,near_normal,1
2025-06-01,6,NL422,Midden-Limburg,Water Supply & Sanitation Issues,1,0.7995878002151503,-0.5961017608642578,near_normal,1
2025-07-01,7,NL422,Midden-Limburg,Water Supply & Sanitation Issues,0,0.7837675366053443,-0.7561391592025757,near_normal,1
2025-08-01,8,NL422,Midden-Limburg,Water Supply & Sanitation Issues,0,0.7478531085162066,-1.2596315145492554,dry,1
2025-09-01,9,NL422,Midden-Limburg,Water Supply & Sanitation Issues,1,0.49936537129429426,-1.256527304649353,dry,1
2024-01-01,1,NL423,Zuid-Limburg,Water Supply & Sanitation Issues,0,0.22582483964657885,1.4646683931350708,wet,1
2024-02-01,2,NL423,Zuid-Limburg,Water Supply & Sanitation Issues,0,0.3181061365568919,1.9057672023773193,wet,1
2024-03-01,3,NL423,Zuid-Limburg,Water Supply & Sanitation Issues,0,0.2970901945772866,1.4721426963806152,wet,1
2024-04-01,4,NL423,Zuid-Limburg,Water Supply & Sanitation Issues,0,0.45318120728480205,1.6109375953674316,wet,1
2024-05-01,5,NL423,Zuid-Limburg,Water Supply & Sanitation Issues,0,0.714199678143936,2.2602717876434326,wet,1
2024-06-01,6,NL423,Zuid-Limburg,Water Supply & Sanitation Issues,0,0.5996640657707499,2.4993674755096436,wet,1
2024-07-01,7,NL423,Zuid-Limburg,Water Supply & Sanitation Issues,0,0.5707245383443604,2.575399398803711,wet,1
2024-08-01,8,NL423,Zuid-Limburg,Water Supply & Sanitation Issues,0,0.5508287205140171,2.1789464950561523,wet,1
2024-09-01,9,NL423,Zuid-Limburg,Water Supply & Sanitation Issues,0,0.5040486841869274,2.988447666168213,wet,1
2024-10-01,10,NL423,Zuid-Limburg,Water Supply & Sanitation Issues,0,0.34005676072395075,2.581728458404541,wet,1
2024-11-01,11,NL423,Zuid-Limburg,Water Supply & Sanitation Issues,0,0.20565934500999336,2.0978105068206787,wet,1
2024-12-01,12,NL423,Zuid-Limburg,Water Supply & Sanitation Issues,0,0.20938540161577807,2.107192277908325,wet,1
2025-01-01,1,NL423,Zuid-Limburg,Water Supply & Sanitation Issues,0,0.34126643670279416,2.49822735786438,wet,1
2025-02-01,2,NL423,Zuid-Limburg,Water Supply & Sanitation Issues,0,0.5012665904322031,1.7681748867034912,wet,1
2025-03-01,3,NL423,Zuid-Limburg,Water Supply & Sanitation Issues,0,0.5436167852979021,1.286401629447937,wet,1
2025-04-01,4,NL423,Zuid-Limburg,Water Supply & Sanitation Issues,1,0.5065476935791559,0.8446741700172424,near_normal,1
2025-05-01,5,NL423,Zuid-Limburg,Water Supply & Sanitation Issues,0,0.416030838494123,-0.30450639128685,near_normal,1
2025-06-01,6,NL423,Zuid-Limburg,Water Supply & Sanitation Issues,0,0.5872074179352009,-0.48462241888046265,near_normal,1
2025-07-01,7,NL423,Zuid-Limburg,Water Supply & Sanitation Issues,0,0.6089489214081262,-0.5175946354866028,near_normal,1
2025-08-01,8,NL423,Zuid-Limburg,Water Supply & Sanitation Issues,0,0.5064244861123001,-1.1383399963378906,dry,1
2025-09-01,9,NL423,Zuid-Limburg,Water Supply & Sanitation Issues,0,0.2465323856231187,-1.2109681367874146,dry,1
2024-01-01,1,NL111,Oost-Groningen,Wildfire Occurrence,0,0.07089498067667488,1.811567783355713,wet,1
2024-02-01,2,NL111,Oost-Groningen,Wildfire Occurrence,0,0.1375796231823109,1.99618661403656,wet,1
2024-03-01,3,NL111,Oost-Groningen,Wildfire Occurrence,0,0.2508437381973665,1.6847506165504456,wet,1
2024-04-01,4,NL111,Oost-Groningen,Wildfire Occurrence,0,0.3450391870592477,1.9079570770263672,wet,1
2024-05-01,5,NL111,Oost-Groningen,Wildfire Occurrence,0,0.5258651697875193,2.1447561979293823,wet,1
2024-06-01,6,NL111,Oost-Groningen,Wildfire Occurrence,0,0.41140284808829575,2.7947285175323486,wet,1
2024-07-01,7,NL111,Oost-Groningen,Wildfire Occurrence,0,0.24768262429522928,2.7147164344787598,wet,1
2024-08-01,8,NL111,Oost-Groningen,Wildfire Occurrence,0,0.17600600165931082,2.659160852432251,wet,1
2024-09-01,9,NL111,Oost-Groningen,Wildfire Occurrence,0,0.14681466184537548,2.968327760696411,wet,1
2024-10-01,10,NL111,Oost-Groningen,Wildfire Occurrence,0,0.04248945260181447,1.971750020980835,wet,1
2024-11-01,11,NL111,Oost-Groningen,Wildfire Occurrence,0,0.034326464586140235,1.6035258769989014,wet,1
2024-12-01,12,NL111,Oost-Groningen,Wildfire Occurrence,0,0.029230044359105294,1.1509708762168884,wet,1
2025-01-01,1,NL111,Oost-Groningen,Wildfire Occurrence,0,0.07182036537301033,1.0549432635307312,wet,1
2025-02-01,2,NL111,Oost-Groningen,Wildfire Occurrence,0,0.09403468571120117,0.49514587223529816,near_normal,1
2025-03-01,3,NL111,Oost-Groningen,Wildfire Occurrence,0,0.2153281383893816,0.1761770248413086,near_normal,1
2025-04-01,4,NL111,Oost-Groningen,Wildfire Occurrence,0,0.3359761350639936,-0.4283472001552582,near_normal,1
2025-05-01,5,NL111,Oost-Groningen,Wildfire Occurrence,0,0.44320030719590725,-0.9174109697341919,near_normal,1
2025-06-01,6,NL111,Oost-Groningen,Wildfire Occurrence,0,0.3549704653969311,-0.9498004615306854,near_normal,1
2025-07-01,7,NL111,Oost-Groningen,Wildfire Occurrence,0,0.16377060520270484,-1.1780112385749817,dry,1
2025-08-01,8,NL111,Oost-Groningen,Wildfire Occurrence,0,0.2435251182778809,-1.31639963388443,dry,1
2025-09-01,9,NL111,Oost-Groningen,Wildfire Occurrence,0,0.03623778713140616,-1.4372192025184631,dry,1
2024-01-01,1,NL112,Delfzijl en omgeving,Wildfire Occurrence,0,0.03648838173755832,1.5744563341140747,wet,1
2024-03-01,3,NL112,Delfzijl en omgeving,Wildfire Occurrence,0,0.1440631999074276,1.5986590385437012,wet,1
2024-04-01,4,NL112,Delfzijl en omgeving,Wildfire Occurrence,0,0.20839410825709237,1.7463241815567017,wet,1
2024-05-01,5,NL112,Delfzijl en omgeving,Wildfire Occurrence,0,0.32642828068011737,1.9306237697601318,wet,1
2024-06-01,6,NL112,Delfzijl en omgeving,Wildfire Occurrence,0,0.2667513934736233,2.5208699703216553,wet,1
2024-07-01,7,NL112,Delfzijl en omgeving,Wildfire Occurrence,0,0.14840189305294302,2.3603928089141846,wet,1
2024-08-01,8,NL112,Delfzijl en omgeving,Wildfire Occurrence,0,0.09798227570099569,2.3377909660339355,wet,1
2024-09-01,9,NL112,Delfzijl en omgeving,Wildfire Occurrence,0,0.07656378445369745,2.484579563140869,wet,1
2024-10-01,10,NL112,Delfzijl en omgeving,Wildfire Occurrence,0,0.0216341208007883,1.6715155839920044,wet,1
2024-11-01,11,NL112,Delfzijl en omgeving,Wildfire Occurrence,0,0.018032662654111253,1.3462355136871338,wet,1
2024-12-01,12,NL112,Delfzijl en omgeving,Wildfire Occurrence,0,0.014981600275572968,0.9495850205421448,near_normal,1
2025-01-01,1,NL112,Delfzijl en omgeving,Wildfire Occurrence,0,0.037582111915581196,0.815735936164856,near_normal,1
2025-02-01,2,NL112,Delfzijl en omgeving,Wildfire Occurrence,0,0.04994835907399307,0.2707626223564148,near_normal,1
2025-03-01,3,NL112,Delfzijl en omgeving,Wildfire Occurrence,0,0.11059965731261735,-0.011577821336686611,near_normal,1
2025-04-01,4,NL112,Delfzijl en omgeving,Wildfire Occurrence,0,0.21002635669458936,-0.536076009273529,near_normal,1
2025-05-01,5,NL112,Delfzijl en omgeving,Wildfire Occurrence,0,0.32292042291079376,-0.8959609270095825,near_normal,1
2025-06-01,6,NL112,Delfzijl en omgeving,Wildfire Occurrence,0,0.20660415086483605,-0.9709566235542297,near_normal,1
2025-07-01,7,NL112,Delfzijl en omgeving,Wildfire Occurrence,0,0.09177084522038007,-1.2213053703308105,dry,1
2025-08-01,8,NL112,Delfzijl en omgeving,Wildfire Occurrence,0,0.07489019794314497,-1.3407152891159058,dry,1
2025-09-01,9,NL112,Delfzijl en omgeving,Wildfire Occurrence,0,0.0178309605530866,-1.4633549451828003,dry,1
2024-01-01,1,NL113,Overig Groningen,Wildfire Occurrence,0,0.05041055677156032,1.553696870803833,wet,1
2024-02-01,2,NL113,Overig Groningen,Wildfire Occurrence,0,0.09013844703676586,1.8252516984939575,wet,1
2024-03-01,3,NL113,Overig Groningen,Wildfire Occurrence,0,0.1953291056350419,1.5759201447168987,wet,1
2024-04-01,4,NL113,Overig Groningen,Wildfire Occurrence,0,0.2675935476300974,1.7591425975163777,wet,1
2024-05-01,5,NL113,Overig Groningen,Wildfire Occurrence,0,0.41710673868304465,1.9804979960123699,wet,1
2024-06-01,6,NL113,Overig Groningen,Wildfire Occurrence,0,0.35522902479579155,2.5567835172017417,wet,1
2024-07-01,7,NL113,Overig Groningen,Wildfire Occurrence,0,0.21537292262329055,2.325056314468384,wet,1
2024-08-01,8,NL113,Overig Groningen,Wildfire Occurrence,0,0.13262276706701673,2.289264678955078,wet,1
2024-09-01,9,NL113,Overig Groningen,Wildfire Occurrence,0,0.10073290084323432,2.4607760111490884,wet,1
2024-10-01,10,NL113,Overig Groningen,Wildfire Occurrence,0,0.03335306284549134,1.74251393477122,wet,1
2024-11-01,11,NL113,Overig Groningen,Wildfire Occurrence,0,0.025546431263637256,1.3726389805475872,wet,1
2024-12-01,12,NL113,Overig Groningen,Wildfire Occurrence,0,0.021192854060851196,0.9944103360176086,near_normal,1
2025-01-01,1,NL113,Overig Groningen,Wildfire Occurrence,0,0.053423460214124266,0.8821484843889872,near_normal,1
2025-02-01,2,NL113,Overig Groningen,Wildfire Occurrence,0,0.07192355715219882,0.31073737144470215,near_normal,1
2025-03-01,3,NL113,Overig Groningen,Wildfire Occurrence,0,0.16113086699758197,0.035581901048620544,near_normal,1
2025-04-01,4,NL113,Overig Groningen,Wildfire Occurrence,0,0.26078779661552004,-0.45748992760976154,near_normal,1
2025-05-01,5,NL113,Overig Groningen,Wildfire Occurrence,0,0.41307501988006595,-0.8022730549176534,near_normal,1
2025-06-01,6,NL113,Overig Groningen,Wildfire Occurrence,0,0.2853705813474296,-0.9125909010569254,near_normal,1
2025-07-01,7,NL113,Overig Groningen,Wildfire Occurrence,0,0.13920303037983994,-1.1193293333053589,dry,1
2025-08-01,8,NL113,Overig Groningen,Wildfire Occurrence,0,0.1647777184672681,-1.2605481147766113,dry,1
2025-09-01,9,NL113,Overig Groningen,Wildfire Occurrence,0,0.027555904272969396,-1.4358088970184326,dry,1
2024-01-01,1,NL124,Noord-Friesland,Wildfire Occurrence,0,0.06656074129459817,1.3574422895908356,wet,1
2024-02-01,2,NL124,Noord-Friesland,Wildfire Occurrence,0,0.10929111623304143,1.7159639298915863,wet,1
2024-03-01,3,NL124,Noord-Friesland,Wildfire Occurrence,0,0.23736206823850747,1.4683093130588531,wet,1
2024-04-01,4,NL124,Noord-Friesland,Wildfire Occurrence,0,0.31557716228093274,1.7018274664878845,wet,1
2024-05-01,5,NL124,Noord-Friesland,Wildfire Occurrence,0,0.49419749843922284,1.886545330286026,wet,1
2024-06-01,6,NL124,Noord-Friesland,Wildfire Occurrence,0,0.44420337062284243,2.4364304542541504,wet,1
2024-07-01,7,NL124,Noord-Friesland,Wildfire Occurrence,0,0.2547509592288359,2.1045264899730682,wet,1
2024-08-01,8,NL124,Noord-Friesland,Wildfire Occurrence,0,0.16320073388230003,2.0753729045391083,wet,1
2024-09-01,9,NL124,Noord-Friesland,Wildfire Occurrence,0,0.11507574137689645,2.2301748991012573,wet,1
2024-10-01,10,NL124,Noord-Friesland,Wildfire Occurrence,0,0.038472222017225145,1.551231563091278,wet,1
2024-11-01,11,NL124,Noord-Friesland,Wildfire Occurrence,0,0.03138194156686521,1.0981620252132416,wet,1
2024-12-01,12,NL124,Noord-Friesland,Wildfire Occurrence,0,0.02683883433858867,0.7735436260700226,near_normal,1
2025-01-01,1,NL124,Noord-Friesland,Wildfire Occurrence,0,0.07087987069498758,0.6505173146724701,near_normal,1
2025-02-01,2,NL124,Noord-Friesland,Wildfire Occurrence,0,0.09778770646287568,0.10699054750148207,near_normal,1
2025-03-01,3,NL124,Noord-Friesland,Wildfire Occurrence,1,0.2438341004549141,-0.16945494152605534,near_normal,1
2025-04-01,4,NL124,Noord-Friesland,Wildfire Occurrence,0,0.29725804996319777,-0.7064715921878815,near_normal,1
2025-05-01,5,NL124,Noord-Friesland,Wildfire Occurrence,0,0.46048366359634546,-0.9263435304164886,near_normal,1
2025-06-01,6,NL124,Noord-Friesland,Wildfire Occurrence,0,0.31332485086251993,-1.0629418939352036,dry,1
2025-07-01,7,NL124,Noord-Friesland,Wildfire Occurrence,0,0.16918768573953427,-1.2299838960170746,dry,1
2025-08-01,8,NL124,Noord-Friesland,Wildfire Occurrence,0,0.17881120588632038,-1.4811941981315613,dry,1
2025-09-01,9,NL124,Noord-Friesland,Wildfire Occurrence,0,0.02926982853480798,-1.572517216205597,dry,1
2024-01-01,1,NL125,Zuidwest-Friesland,Wildfire Occurrence,0,0.0422810202952009,1.4139912724494934,wet,1
2024-02-01,2,NL125,Zuidwest-Friesland,Wildfire Occurrence,0,0.07812343012187882,1.7786154747009277,wet,1
2024-03-01,3,NL125,Zuidwest-Friesland,Wildfire Occurrence,0,0.1617517097953478,1.5638866424560547,wet,1
2024-04-01,4,NL125,Zuidwest-Friesland,Wildfire Occurrence,0,0.2341577221324968,1.8326656818389893,wet,1
2024-05-01,5,NL125,Zuidwest-Friesland,Wildfire Occurrence,0,0.36001773817194016,2.1068438291549683,wet,1
2024-06-01,6,NL125,Zuidwest-Friesland,Wildfire Occurrence,0,0.3626591652019916,2.634555220603943,wet,1
2024-07-01,7,NL125,Zuidwest-Friesland,Wildfire Occurrence,0,0.17178608325118136,2.177721381187439,wet,1
2024-08-01,8,NL125,Zuidwest-Friesland,Wildfire Occurrence,0,0.10082927894372432,2.1380834579467773,wet,1
2024-09-01,9,NL125,Zuidwest-Friesland,Wildfire Occurrence,0,0.06341880796202587,2.2827683687210083,wet,1
2024-10-01,10,NL125,Zuidwest-Friesland,Wildfire Occurrence,0,0.020191031379898836,1.732323706150055,wet,1
2024-11-01,11,NL125,Zuidwest-Friesland,Wildfire Occurrence,0,0.01799263126415234,1.1893419027328491,wet,1
2024-12-01,12,NL125,Zuidwest-Friesland,Wildfire Occurrence,0,0.01603664285645308,0.9064917862415314,near_normal,1
2025-01-01,1,NL125,Zuidwest-Friesland,Wildfire Occurrence,0,0.04088890639812876,0.7681446671485901,near_normal,1
2025-02-01,2,NL125,Zuidwest-Friesland,Wildfire Occurrence,0,0.06515490124482971,0.15459422394633293,near_normal,1
2025-03-01,3,NL125,Zuidwest-Friesland,Wildfire Occurrence,1,0.20440080734142196,-0.20276711881160736,near_normal,1
2025-04-01,4,NL125,Zuidwest-Friesland,Wildfire Occurrence,0,0.1744905338686382,-0.842517763376236,near_normal,1
2025-05-01,5,NL125,Zuidwest-Friesland,Wildfire Occurrence,0,0.2862152052057396,-1.0782914757728577,dry,1
2025-06-01,6,NL125,Zuidwest-Friesland,Wildfire Occurrence,0,0.17275503811454337,-1.1937094926834106,dry,1
2025-07-01,7,NL125,Zuidwest-Friesland,Wildfire Occurrence,0,0.09280476839069429,-1.2997994422912598,dry,1
2025-08-01,8,NL125,Zuidwest-Friesland,Wildfire Occurrence,0,0.09800094340326589,-1.5020229816436768,dry,1
2025-09-01,9,NL125,Zuidwest-Friesland,Wildfire Occurrence,0,0.019688979327197754,-1.550790548324585,dry,1
2024-01-01,1,NL126,Zuidoost-Friesland,Wildfire Occurrence,0,0.059812609155042794,1.545999010403951,wet,1
2024-03-01,3,NL126,Zuidoost-Friesland,Wildfire Occurrence,0,0.23345250471000814,1.5629839499791462,wet,1
2024-04-01,4,NL126,Zuidoost-Friesland,Wildfire Occurrence,0,0.27862075370330885,1.7216502825419109,wet,1
2024-05-01,5,NL126,Zuidoost-Friesland,Wildfire Occurrence,0,0.4590289615068968,2.123636484146118,wet,1
2024-06-01,6,NL126,Zuidoost-Friesland,Wildfire Occurrence,0,0.41471627827403396,2.8139727115631104,wet,1
2024-07-01,7,NL126,Zuidoost-Friesland,Wildfire Occurrence,0,0.22846372911308063,2.4634934266408286,wet,1
2024-08-01,8,NL126,Zuidoost-Friesland,Wildfire Occurrence,0,0.14334890149529464,2.2954910596211753,wet,1
2024-09-01,9,NL126,Zuidoost-Friesland,Wildfire Occurrence,0,0.10340230908147212,2.6972495714823403,wet,1
2024-10-01,10,NL126,Zuidoost-Friesland,Wildfire Occurrence,0,0.030487447169940732,1.9253834088643391,wet,1
2024-11-01,11,NL126,Zuidoost-Friesland,Wildfire Occurrence,0,0.02748332555701874,1.4363560279210408,wet,1
2024-12-01,12,NL126,Zuidoost-Friesland,Wildfire Occurrence,0,0.022306426009497858,1.123047669728597,wet,1
2025-01-01,1,NL126,Zuidoost-Friesland,Wildfire Occurrence,0,0.05335159037809833,1.0151313543319702,wet,1
2025-02-01,2,NL126,Zuidoost-Friesland,Wildfire Occurrence,0,0.08451452462291496,0.39727561672528583,near_normal,1
2025-03-01,3,NL126,Zuidoost-Friesland,Wildfire Occurrence,1,0.19260103265107123,0.04762745307137569,near_normal,1
2025-04-01,4,NL126,Zuidoost-Friesland,Wildfire Occurrence,0,0.2637026741900595,-0.49264203508694965,near_normal,1
2025-05-01,5,NL126,Zuidoost-Friesland,Wildfire Occurrence,0,0.41800730018159143,-0.9436053037643433,near_normal,1
2025-06-01,6,NL126,Zuidoost-Friesland,Wildfire Occurrence,0,0.2786351135299027,-1.055333097775777,dry,1
2025-07-01,7,NL126,Zuidoost-Friesland,Wildfire Occurrence,0,0.15453387121153098,-1.1487988233566284,dry,1
2025-08-01,8,NL126,Zuidoost-Friesland,Wildfire Occurrence,0,0.2228116956168971,-1.3487204710642497,dry,1
2025-09-01,9,NL126,Zuidoost-Friesland,Wildfire Occurrence,0,0.03186068903492505,-1.5328909953435261,dry,1
2024-01-01,1,NL131,Noord-Drenthe,Wildfire Occurrence,0,0.0650215715283343,1.625184416770935,wet,1
2024-02-01,2,NL131,Noord-Drenthe,Wildfire Occurrence,0,0.11941273719252392,1.908049762248993,wet,1
2024-03-01,3,NL131,Noord-Drenthe,Wildfire Occurrence,0,0.2609266639186546,1.6074219346046448,wet,1
2024-04-01,4,NL131,Noord-Drenthe,Wildfire Occurrence,0,0.3111055766392434,1.7808722257614136,wet,1
2024-05-01,5,NL131,Noord-Drenthe,Wildfire Occurrence,0,0.48134590602304883,2.125525951385498,wet,1
2024-06-01,6,NL131,Noord-Drenthe,Wildfire Occurrence,0,0.3487819891584901,2.8354954719543457,wet,1
2024-07-01,7,NL131,Noord-Drenthe,Wildfire Occurrence,0,0.2262124251775792,2.568251371383667,wet,1
2024-08-01,8,NL131,Noord-Drenthe,Wildfire Occurrence,0,0.1612090372107132,2.437190890312195,wet,1
2024-09-01,9,NL131,Noord-Drenthe,Wildfire Occurrence,0,0.13343578247292723,2.765575647354126,wet,1
2024-10-01,10,NL131,Noord-Drenthe,Wildfire Occurrence,0,0.036213325210453944,1.9603742957115173,wet,1
2024-11-01,11,NL131,Noord-Drenthe,Wildfire Occurrence,0,0.03131894562292399,1.541092872619629,wet,1
2024-12-01,12,NL131,Noord-Drenthe,Wildfire Occurrence,0,0.025302560387212746,1.1613088250160217,wet,1
2025-01-01,1,NL131,Noord-Drenthe,Wildfire Occurrence,0,0.06390284572624777,1.0562910437583923,wet,1
2025-02-01,2,NL131,Noord-Drenthe,Wildfire Occurrence,0,0.08776509246866518,0.4693644195795059,near_normal,1
2025-03-01,3,NL131,Noord-Drenthe,Wildfire Occurrence,0,0.17066767980868722,0.14078162051737309,near_normal,1
2025-04-01,4,NL131,Noord-Drenthe,Wildfire Occurrence,0,0.31228166357039966,-0.37382109463214874,near_normal,1
2025-05-01,5,NL131,Noord-Drenthe,Wildfire Occurrence,0,0.41169238569671796,-0.8759167492389679,near_normal,1
2025-06-01,6,NL131,Noord-Drenthe,Wildfire Occurrence,0,0.32509447736797314,-0.9764733612537384,near_normal,1
2025-07-01,7,NL131,Noord-Drenthe,Wildfire Occurrence,0,0.17322227064896284,-1.0990380644798279,dry,1
2025-08-01,8,NL131,Noord-Drenthe,Wildfire Occurrence,0,0.25715449092298936,-1.2489697933197021,dry,1
2025-09-01,9,NL131,Noord-Drenthe,Wildfire Occurrence,0,0.045995899522162265,-1.4132501482963562,dry,1
2024-01-01,1,NL132,Zuidoost-Drenthe,Wildfire Occurrence,0,0.05245207825545852,1.862620234489441,wet,1
2024-02-01,2,NL132,Zuidoost-Drenthe,Wildfire Occurrence,0,0.11097346488102973,2.074225902557373,wet,1
2024-03-01,3,NL132,Zuidoost-Drenthe,Wildfire Occurrence,0,0.24885020856958245,1.7616868019104004,wet,1
2024-04-01,4,NL132,Zuidoost-Drenthe,Wildfire Occurrence,0,0.2937615445941912,1.9577404260635376,wet,1
2024-05-01,5,NL132,Zuidoost-Drenthe,Wildfire Occurrence,0,0.45956859142279555,2.271449089050293,wet,1
2024-06-01,6,NL132,Zuidoost-Drenthe,Wildfire Occurrence,0,0.2843102703050079,2.8965072631835938,wet,1
2024-07-01,7,NL132,Zuidoost-Drenthe,Wildfire Occurrence,0,0.17084893101456813,2.828998327255249,wet,1
2024-08-01,8,NL132,Zuidoost-Drenthe,Wildfire Occurrence,0,0.13569575633106787,2.8166348934173584,wet,1
2024-09-01,9,NL132,Zuidoost-Drenthe,Wildfire Occurrence,0,0.12068704751529508,3.1048576831817627,wet,1
2024-10-01,10,NL132,Zuidoost-Drenthe,Wildfire Occurrence,0,0.030109720897848347,2.167729139328003,wet,1
2024-11-01,11,NL132,Zuidoost-Drenthe,Wildfire Occurrence,0,0.02509628948860435,1.7443439960479736,wet,1
2024-12-01,12,NL132,Zuidoost-Drenthe,Wildfire Occurrence,0,0.018441855054703363,1.2934812307357788,wet,1
2025-01-01,1,NL132,Zuidoost-Drenthe,Wildfire Occurrence,0,0.047256344906476455,1.196232557296753,wet,1
2025-02-01,2,NL132,Zuidoost-Drenthe,Wildfire Occurrence,0,0.06762817076187293,0.622021496295929,near_normal,1
2025-03-01,3,NL132,Zuidoost-Drenthe,Wildfire Occurrence,0,0.21173762577973612,0.29568547010421753,near_normal,1
2025-04-01,4,NL132,Zuidoost-Drenthe,Wildfire Occurrence,0,0.24725993721225173,-0.27435654401779175,near_normal,1
2025-05-01,5,NL132,Zuidoost-Drenthe,Wildfire Occurrence,0,0.3393913698986047,-0.8413411974906921,near_normal,1
2025-06-01,6,NL132,Zuidoost-Drenthe,Wildfire Occurrence,0,0.28706846028921923,-0.9112480282783508,near_normal,1
2025-07-01,7,NL132,Zuidoost-Drenthe,Wildfire Occurrence,0,0.1285596800471053,-1.104096531867981,dry,1
2025-08-01,8,NL132,Zuidoost-Drenthe,Wildfire Occurrence,0,0.21342924998319046,-1.2686371803283691,dry,1
2025-09-01,9,NL132,Zuidoost-Drenthe,Wildfire Occurrence,0,0.03679585268267293,-1.3522844314575195,dry,1
2024-01-01,1,NL133,Zuidwest-Drenthe,Wildfire Occurrence,0,0.07460866106506799,1.72472482919693,wet,1
2024-02-01,2,NL133,Zuidwest-Drenthe,Wildfire Occurrence,0,0.14441930310511933,2.0366421341896057,wet,1
2024-03-01,3,NL133,Zuidwest-Drenthe,Wildfire Occurrence,0,0.2786901756505036,1.7058511972427368,wet,1
2024-04-01,4,NL133,Zuidwest-Drenthe,Wildfire Occurrence,0,0.34672677573939037,1.8357419967651367,wet,1
2024-05-01,5,NL133,Zuidwest-Drenthe,Wildfire Occurrence,0,0.5184915958195653,2.266860604286194,wet,1
2024-06-01,6,NL133,Zuidwest-Drenthe,Wildfire Occurrence,0,0.3768000396043937,2.907911777496338,wet,1
2024-07-01,7,NL133,Zuidwest-Drenthe,Wildfire Occurrence,0,0.24251860770216468,2.7513095140457153,wet,1
2024-08-01,8,NL133,Zuidwest-Drenthe,Wildfire Occurrence,0,0.17680216494339773,2.632028818130493,wet,1
2024-09-01,9,NL133,Zuidwest-Drenthe,Wildfire Occurrence,0,0.13145030851129544,3.0397181510925293,wet,1
2024-10-01,10,NL133,Zuidwest-Drenthe,Wildfire Occurrence,0,0.037285791276439925,2.1555556058883667,wet,1
2024-11-01,11,NL133,Zuidwest-Drenthe,Wildfire Occurrence,0,0.03239000781678563,1.7173022627830505,wet,1
2024-12-01,12,NL133,Zuidwest-Drenthe,Wildfire Occurrence,0,0.02759615852333269,1.3606191873550415,wet,1
2025-01-01,1,NL133,Zuidwest-Drenthe,Wildfire Occurrence,0,0.05410745287098458,1.2867012023925781,wet,1
2025-02-01,2,NL133,Zuidwest-Drenthe,Wildfire Occurrence,0,0.09851068609062137,0.6509714722633362,near_normal,1
2025-03-01,3,NL133,Zuidwest-Drenthe,Wildfire Occurrence,0,0.2579764100264833,0.2719087675213814,near_normal,1
2025-04-01,4,NL133,Zuidwest-Drenthe,Wildfire Occurrence,0,0.3077112623419996,-0.26466917246580124,near_normal,1
2025-05-01,5,NL133,Zuidwest-Drenthe,Wildfire Occurrence,0,0.3863398868127918,-0.8783625960350037,near_normal,1
2025-06-01,6,NL133,Zuidwest-Drenthe,Wildfire Occurrence,0,0.33300446338042716,-0.9638475477695465,near_normal,1
2025-07-01,7,NL133,Zuidwest-Drenthe,Wildfire Occurrence,0,0.17843618774732228,-1.0526711344718933,dry,1
2025-08-01,8,NL133,Zuidwest-Drenthe,Wildfire Occurrence,0,0.30321991943181614,-1.2207630276679993,dry,1
2025-09-01,9,NL133,Zuidwest-Drenthe,Wildfire Occurrence,0,0.04945442869891042,-1.363072395324707,dry,1
2024-01-01,1,NL211,Noord-Overijssel,Wildfire Occurrence,0,0.14054860205096606,1.8030700087547302,wet,1
2024-02-01,2,NL211,Noord-Overijssel,Wildfire Occurrence,0,0.25931283890809703,2.1056063175201416,wet,1
2024-03-01,3,NL211,Noord-Overijssel,Wildfire Occurrence,0,0.375071014260549,1.7778285145759583,wet,1
2024-04-01,4,NL211,Noord-Overijssel,Wildfire Occurrence,0,0.5247488886260677,1.8979318737983704,wet,1
2024-05-01,5,NL211,Noord-Overijssel,Wildfire Occurrence,0,0.6881896491482591,2.330261468887329,wet,1
2024-06-01,6,NL211,Noord-Overijssel,Wildfire Occurrence,0,0.5578955685330803,2.892736077308655,wet,1
2024-07-01,7,NL211,Noord-Overijssel,Wildfire Occurrence,0,0.3466839552279791,2.926464080810547,wet,1
2024-08-01,8,NL211,Noord-Overijssel,Wildfire Occurrence,0,0.2758227418751443,2.801928162574768,wet,1
2024-09-01,9,NL211,Noord-Overijssel,Wildfire Occurrence,0,0.2344409212604373,3.1640535593032837,wet,1
2024-10-01,10,NL211,Noord-Overijssel,Wildfire Occurrence,0,0.07148543242672314,2.2690484523773193,wet,1
2024-11-01,11,NL211,Noord-Overijssel,Wildfire Occurrence,0,0.06266158077669079,1.8291608691215515,wet,1
2024-12-01,12,NL211,Noord-Overijssel,Wildfire Occurrence,0,0.053358373625975876,1.4506611824035645,wet,1
2025-01-01,1,NL211,Noord-Overijssel,Wildfire Occurrence,0,0.12674331369360214,1.3931864500045776,wet,1
2025-02-01,2,NL211,Noord-Overijssel,Wildfire Occurrence,0,0.1766700794003396,0.753440797328949,near_normal,1
2025-03-01,3,NL211,Noord-Overijssel,Wildfire Occurrence,0,0.3891473157864356,0.3611278682947159,near_normal,1
2025-04-01,4,NL211,Noord-Overijssel,Wildfire Occurrence,0,0.44783188036311833,-0.20052483677864075,near_normal,1
2025-05-01,5,NL211,Noord-Overijssel,Wildfire Occurrence,0,0.5660939117459718,-0.8454030454158783,near_normal,1
2025-06-01,6,NL211,Noord-Overijssel,Wildfire Occurrence,0,0.49758170730213086,-0.9478132128715515,near_normal,1
2025-07-01,7,NL211,Noord-Overijssel,Wildfire Occurrence,0,0.276500875356196,-1.0653294920921326,dry,1
2025-08-01,8,NL211,Noord-Overijssel,Wildfire Occurrence,0,0.35221483053916747,-1.2702912092208862,dry,1
2025-09-01,9,NL211,Noord-Overijssel,Wildfire Occurrence,0,0.07472055676418009,-1.3825294971466064,dry,1
2024-01-01,1,NL212,Zuidwest-Overijssel,Wildfire Occurrence,0,0.24571988076291904,1.8292285203933716,wet,1
2024-02-01,2,NL212,Zuidwest-Overijssel,Wildfire Occurrence,0,0.42332441075741295,2.213228702545166,wet,1
2024-03-01,3,NL212,Zuidwest-Overijssel,Wildfire Occurrence,0,0.5393832300385402,1.849002480506897,wet,1
2024-04-01,4,NL212,Zuidwest-Overijssel,Wildfire Occurrence,0,0.6793188259600781,1.9571956396102905,wet,1
2024-05-01,5,NL212,Zuidwest-Overijssel,Wildfire Occurrence,0,0.8192729462445204,2.3873307704925537,wet,1
2024-06-01,6,NL212,Zuidwest-Overijssel,Wildfire Occurrence,0,0.7022861315535603,2.8320765495300293,wet,1
2024-07-01,7,NL212,Zuidwest-Overijssel,Wildfire Occurrence,0,0.5306869838172293,3.2399985790252686,wet,1
2024-08-01,8,NL212,Zuidwest-Overijssel,Wildfire Occurrence,0,0.44395255580295734,2.890531063079834,wet,1
2024-09-01,9,NL212,Zuidwest-Overijssel,Wildfire Occurrence,0,0.3801227923568088,3.281804084777832,wet,1
2024-10-01,10,NL212,Zuidwest-Overijssel,Wildfire Occurrence,0,0.13507680935639824,2.341593027114868,wet,1
2024-11-01,11,NL212,Zuidwest-Overijssel,Wildfire Occurrence,0,0.1152662660643137,1.9496963024139404,wet,1
2024-12-01,12,NL212,Zuidwest-Overijssel,Wildfire Occurrence,0,0.09471869588499246,1.6000728607177734,wet,1
2025-01-01,1,NL212,Zuidwest-Overijssel,Wildfire Occurrence,0,0.21441005382071182,1.6217764616012573,wet,1
2025-02-01,2,NL212,Zuidwest-Overijssel,Wildfire Occurrence,0,0.30417810454343575,0.9912475943565369,near_normal,1
2025-03-01,3,NL212,Zuidwest-Overijssel,Wildfire Occurrence,0,0.5760368200394425,0.5870882868766785,near_normal,1
2025-04-01,4,NL212,Zuidwest-Overijssel,Wildfire Occurrence,0,0.6433701277262409,-0.03741263225674629,near_normal,1
2025-05-01,5,NL212,Zuidwest-Overijssel,Wildfire Occurrence,0,0.7168433837799337,-0.7523486614227295,near_normal,1
2025-06-01,6,NL212,Zuidwest-Overijssel,Wildfire Occurrence,0,0.6575594704426754,-0.9098113179206848,near_normal,1
2025-07-01,7,NL212,Zuidwest-Overijssel,Wildfire Occurrence,0,0.4059248921691751,-1.0562019348144531,dry,1
2025-08-01,8,NL212,Zuidwest-Overijssel,Wildfire Occurrence,0,0.5118245165999782,-1.332362413406372,dry,1
2025-09-01,9,NL212,Zuidwest-Overijssel,Wildfire Occurrence,0,0.15435201873236135,-1.4136707782745361,dry,1
2024-01-01,1,NL213,Twente,Wildfire Occurrence,0,0.34313941138966947,1.7741056680679321,wet,1
2024-02-01,2,NL213,Twente,Wildfire Occurrence,0,0.5527978013815954,2.1074114640553794,wet,1
2024-03-01,3,NL213,Twente,Wildfire Occurrence,0,0.7120411796534949,1.7495448191960652,wet,1
2024-04-01,4,NL213,Twente,Wildfire Occurrence,0,0.7884322712928485,1.8394211530685425,wet,1
2024-05-01,5,NL213,Twente,Wildfire Occurrence,0,0.8816750477789715,2.2049256960550943,wet,1
2024-06-01,6,NL213,Twente,Wildfire Occurrence,0,0.8061969123572212,2.5858238538106284,wet,1
2024-07-01,7,NL213,Twente,Wildfire Occurrence,0,0.5933485480568014,2.9343260129292807,wet,1
2024-08-01,8,NL213,Twente,Wildfire Occurrence,0,0.49151714820198095,2.6960832277933755,wet,1
2024-09-01,9,NL213,Twente,Wildfire Occurrence,0,0.4825234544910402,3.2426631450653076,wet,1
2024-10-01,10,NL213,Twente,Wildfire Occurrence,0,0.19851327107347067,2.2757716178894043,wet,1
2024-11-01,11,NL213,Twente,Wildfire Occurrence,0,0.17138455122578183,1.856828014055888,wet,1
2024-12-01,12,NL213,Twente,Wildfire Occurrence,0,0.1394699072792027,1.449364145596822,wet,1
2025-01-01,1,NL213,Twente,Wildfire Occurrence,0,0.3088908411427827,1.4633930921554565,wet,1
2025-02-01,2,NL213,Twente,Wildfire Occurrence,1,0.4224955588879688,0.8273681799570719,near_normal,1
2025-03-01,3,NL213,Twente,Wildfire Occurrence,0,0.7797962846243631,0.45466773708661395,near_normal,1
2025-04-01,4,NL213,Twente,Wildfire Occurrence,1,0.7546342172634128,-0.08532259364922841,near_normal,1
2025-05-01,5,NL213,Twente,Wildfire Occurrence,0,0.8011295629777553,-0.7380898396174113,near_normal,1
2025-06-01,6,NL213,Twente,Wildfire Occurrence,0,0.7949652203641676,-0.8258537650108337,near_normal,1
2025-07-01,7,NL213,Twente,Wildfire Occurrence,0,0.6031554935054171,-0.9453806678454081,near_normal,1
2025-08-01,8,NL213,Twente,Wildfire Occurrence,0,0.7520498110620979,-1.2185680468877156,dry,1
2025-09-01,9,NL213,Twente,Wildfire Occurrence,0,0.2579133115474065,-1.2572739521662395,dry,1
2024-01-01,1,NL221,Veluwe,Wildfire Occurrence,0,0.2994581495666663,1.8073323965072632,wet,1
2024-02-01,2,NL221,Veluwe,Wildfire Occurrence,0,0.43520490586412236,2.2413116296132407,wet,1
2024-03-01,3,NL221,Veluwe,Wildfire Occurrence,0,0.5547822155621411,1.8151774009068806,wet,1
2024-04-01,4,NL221,Veluwe,Wildfire Occurrence,0,0.7194587972633768,2.02529247601827,wet,1
2024-05-01,5,NL221,Veluwe,Wildfire Occurrence,0,0.8542767195652021,2.5431505044301352,wet,1
2024-06-01,6,NL221,Veluwe,Wildfire Occurrence,0,0.7893787596984253,2.9275620778401694,wet,1
2024-07-01,7,NL221,Veluwe,Wildfire Occurrence,0,0.6347892926364103,3.333141009012858,wet,1
2024-08-01,8,NL221,Veluwe,Wildfire Occurrence,0,0.5408299072578925,2.8060739040374756,wet,1
2024-09-01,9,NL221,Veluwe,Wildfire Occurrence,0,0.4580727373151488,3.3057305812835693,wet,1
2024-10-01,10,NL221,Veluwe,Wildfire Occurrence,0,0.16691830410064876,2.3737645149230957,wet,1
2024-11-01,11,NL221,Veluwe,Wildfire Occurrence,0,0.14373302063906365,1.9296060800552368,wet,1
2024-12-01,12,NL221,Veluwe,Wildfire Occurrence,0,0.12392222779826291,1.6137422720591228,wet,1
2025-01-01,1,NL221,Veluwe,Wildfire Occurrence,0,0.25617277632299046,1.6722465356190999,wet,1
2025-02-01,2,NL221,Veluwe,Wildfire Occurrence,0,0.3788074436053144,1.0694556037584941,wet,1
2025-03-01,3,NL221,Veluwe,Wildfire Occurrence,1,0.7221847684881388,0.6522466341654459,near_normal,1
2025-04-01,4,NL221,Veluwe,Wildfire Occurrence,1,0.7004997856636198,-0.03821267498036226,near_normal,1
2025-05-01,5,NL221,Veluwe,Wildfire Occurrence,0,0.7471364621689994,-0.8415002226829529,near_normal,1
2025-06-01,6,NL221,Veluwe,Wildfire Occurrence,0,0.7353189869485186,-0.9649274547894796,near_normal,1
2025-07-01,7,NL221,Veluwe,Wildfire Occurrence,0,0.4725346391170851,-1.1212384700775146,dry,1
2025-08-01,8,NL221,Veluwe,Wildfire Occurrence,0,0.5847577493663988,-1.4766345818837483,dry,1
2025-09-01,9,NL221,Veluwe,Wildfire Occurrence,0,0.16666085062216138,-1.5261424779891968,dry,1
2024-01-01,1,NL224,Zuidwest-Gelderland,Wildfire Occurrence,0,0.09928970267347297,1.685375452041626,wet,1
2024-02-01,2,NL224,Zuidwest-Gelderland,Wildfire Occurrence,0,0.15408746847880783,2.1737860441207886,wet,1
2024-03-01,3,NL224,Zuidwest-Gelderland,Wildfire Occurrence,0,0.2556083966302394,1.7497069239616394,wet,1
2024-04-01,4,NL224,Zuidwest-Gelderland,Wildfire Occurrence,0,0.3863081862627455,2.014431595802307,wet,1
2024-05-01,5,NL224,Zuidwest-Gelderland,Wildfire Occurrence,0,0.6061822518607439,2.511814832687378,wet,1
2024-06-01,6,NL224,Zuidwest-Gelderland,Wildfire Occurrence,0,0.5094689338445098,2.8723764419555664,wet,1
2024-07-01,7,NL224,Zuidwest-Gelderland,Wildfire Occurrence,0,0.32171116821295737,3.360319137573242,wet,1
2024-08-01,8,NL224,Zuidwest-Gelderland,Wildfire Occurrence,0,0.23992146317436064,2.7078782320022583,wet,1
2024-09-01,9,NL224,Zuidwest-Gelderland,Wildfire Occurrence,0,0.15986833828952968,3.562034487724304,wet,1
2024-10-01,10,NL224,Zuidwest-Gelderland,Wildfire Occurrence,0,0.05936457313435644,2.6191734075546265,wet,1
2024-11-01,11,NL224,Zuidwest-Gelderland,Wildfire Occurrence,0,0.043809467328651125,2.088479518890381,wet,1
2024-12-01,12,NL224,Zuidwest-Gelderland,Wildfire Occurrence,0,0.036607614648793946,1.848576307296753,wet,1
2025-01-01,1,NL224,Zuidwest-Gelderland,Wildfire Occurrence,0,0.08628254683497524,1.9212733507156372,wet,1
2025-02-01,2,NL224,Zuidwest-Gelderland,Wildfire Occurrence,0,0.1372526646705081,1.400187075138092,wet,1
2025-03-01,3,NL224,Zuidwest-Gelderland,Wildfire Occurrence,0,0.5319757089525177,0.972754567861557,near_normal,1
2025-04-01,4,NL224,Zuidwest-Gelderland,Wildfire Occurrence,0,0.34757751505216034,0.29149629175662994,near_normal,1
2025-05-01,5,NL224,Zuidwest-Gelderland,Wildfire Occurrence,0,0.4479739339442404,-0.6283363997936249,near_normal,1
2025-06-01,6,NL224,Zuidwest-Gelderland,Wildfire Occurrence,0,0.37561984398490117,-0.8211278021335602,near_normal,1
2025-07-01,7,NL224,Zuidwest-Gelderland,Wildfire Occurrence,0,0.16209949871215046,-1.0137033462524414,dry,1
2025-08-01,8,NL224,Zuidwest-Gelderland,Wildfire Occurrence,0,0.17701916564830092,-1.4959520101547241,dry,1
2025-09-01,9,NL224,Zuidwest-Gelderland,Wildfire Occurrence,0,0.03170184179805468,-1.5776581168174744,dry,1
2024-01-01,1,NL225,Achterhoek,Wildfire Occurrence,0,0.2792940391005275,1.805512011051178,wet,1
2024-02-01,2,NL225,Achterhoek,Wildfire Occurrence,0,0.4281543906959274,2.2859821915626526,wet,1
2024-03-01,3,NL225,Achterhoek,Wildfire Occurrence,0,0.5306815391501946,1.7744671404361725,wet,1
2024-04-01,4,NL225,Achterhoek,Wildfire Occurrence,0,0.7220593897243348,1.8754302561283112,wet,1
2024-05-01,5,NL225,Achterhoek,Wildfire Occurrence,0,0.8487401325276124,2.249455988407135,wet,1
2024-06-01,6,NL225,Achterhoek,Wildfire Occurrence,0,0.7768330278449839,2.5028456449508667,wet,1
2024-07-01,7,NL225,Achterhoek,Wildfire Occurrence,0,0.5431726541761274,2.9508511424064636,wet,1
2024-08-01,8,NL225,Achterhoek,Wildfire Occurrence,0,0.4102294450557739,2.5167282819747925,wet,1
2024-09-01,9,NL225,Achterhoek,Wildfire Occurrence,0,0.3951415340937074,3.3198123574256897,wet,1
2024-10-01,10,NL225,Achterhoek,Wildfire Occurrence,0,0.14866523748902294,2.387208878993988,wet,1
2024-11-01,11,NL225,Achterhoek,Wildfire Occurrence,0,0.12332084803250683,1.9416667819023132,wet,1
2024-12-01,12,NL225,Achterhoek,Wildfire Occurrence,0,0.10754230517839046,1.5921784937381744,wet,1
2025-01-01,1,NL225,Achterhoek,Wildfire Occurrence,0,0.24407321708731539,1.7311365902423859,wet,1
2025-02-01,2,NL225,Achterhoek,Wildfire Occurrence,0,0.3558856544137635,1.0746888369321823,wet,1
2025-03-01,3,NL225,Achterhoek,Wildfire Occurrence,0,0.7047329015623393,0.6834009438753128,near_normal,1
2025-04-01,4,NL225,Achterhoek,Wildfire Occurrence,0,0.6755538984755566,0.09695965144783258,near_normal,1
2025-05-01,5,NL225,Achterhoek,Wildfire Occurrence,0,0.7420361343713919,-0.612250030040741,near_normal,1
2025-06-01,6,NL225,Achterhoek,Wildfire Occurrence,0,0.7083602836816884,-0.7061386853456497,near_normal,1
2025-07-01,7,NL225,Achterhoek,Wildfire Occurrence,0,0.501193896787411,-0.8033000975847244,near_normal,1
2025-08-01,8,NL225,Achterhoek,Wildfire Occurrence,0,0.6983117260543241,-1.172307550907135,dry,1
2025-09-01,9,NL225,Achterhoek,Wildfire Occurrence,0,0.20814250120036337,-1.218297392129898,dry,1
2024-01-01,1,NL226,Arnhem/Nijmegen,Wildfire Occurrence,0,0.2128601164991267,1.8382607301076253,wet,1
2024-02-01,2,NL226,Arnhem/Nijmegen,Wildfire Occurrence,0,0.30617184058510577,2.3888396422068277,wet,1
2024-03-01,3,NL226,Arnhem/Nijmegen,Wildfire Occurrence,0,0.42005874532594534,1.8225633303324382,wet,1
2024-04-01,4,NL226,Arnhem/Nijmegen,Wildfire Occurrence,0,0.6209135394784985,2.003558794657389,wet,1
2024-05-01,5,NL226,Arnhem/Nijmegen,Wildfire Occurrence,0,0.8110390291196837,2.5283732414245605,wet,1
2024-06-01,6,NL226,Arnhem/Nijmegen,Wildfire Occurrence,0,0.7346104998975519,2.8170496622721353,wet,1
2024-07-01,7,NL226,Arnhem/Nijmegen,Wildfire Occurrence,0,0.5012368338211745,3.480062961578369,wet,1
2024-08-01,8,NL226,Arnhem/Nijmegen,Wildfire Occurrence,0,0.3677536445495365,2.6924848556518555,wet,1
2024-09-01,9,NL226,Arnhem/Nijmegen,Wildfire Occurrence,0,0.30770317884492027,3.6542739868164062,wet,1
2024-10-01,10,NL226,Arnhem/Nijmegen,Wildfire Occurrence,0,0.11533774418656412,2.6188717683156333,wet,1
2024-11-01,11,NL226,Arnhem/Nijmegen,Wildfire Occurrence,0,0.08585217836783618,2.119877894719442,wet,1
2024-12-01,12,NL226,Arnhem/Nijmegen,Wildfire Occurrence,0,0.07376905144114633,1.8100270827611287,wet,1
2025-01-01,1,NL226,Arnhem/Nijmegen,Wildfire Occurrence,0,0.17633599459427116,1.9685104290644329,wet,1
2025-02-01,2,NL226,Arnhem/Nijmegen,Wildfire Occurrence,0,0.2630917131992367,1.3947044213612874,wet,1
2025-03-01,3,NL226,Arnhem/Nijmegen,Wildfire Occurrence,0,0.613942537989945,0.9596504171689352,near_normal,1
2025-04-01,4,NL226,Arnhem/Nijmegen,Wildfire Occurrence,0,0.5703291568077465,0.3398151993751526,near_normal,1
2025-05-01,5,NL226,Arnhem/Nijmegen,Wildfire Occurrence,0,0.6212999930816148,-0.5684083700180054,near_normal,1
2025-06-01,6,NL226,Arnhem/Nijmegen,Wildfire Occurrence,0,0.6058744583215953,-0.671301543712616,near_normal,1
2025-07-01,7,NL226,Arnhem/Nijmegen,Wildfire Occurrence,0,0.3971886317252053,-0.846276581287384,near_normal,1
2025-08-01,8,NL226,Arnhem/Nijmegen,Wildfire Occurrence,0,0.4218328189997306,-1.2885345220565796,dry,1
2025-09-01,9,NL226,Arnhem/Nijmegen,Wildfire Occurrence,0,0.12096738923176309,-1.3259549935658772,dry,1
2024-01-01,1,NL230,Flevoland,Wildfire Occurrence,0,0.03330474102030486,1.6810797452926636,wet,1
2024-02-01,2,NL230,Flevoland,Wildfire Occurrence,0,0.06641225721478411,2.042652944723765,wet,1
2024-03-01,3,NL230,Flevoland,Wildfire Occurrence,0,0.08890323703721481,1.7197583715120952,wet,1
2024-04-01,4,NL230,Flevoland,Wildfire Occurrence,0,0.18019502752421376,1.9411502679189045,wet,1
2024-05-01,5,NL230,Flevoland,Wildfire Occurrence,0,0.3139111694002706,2.439574877421061,wet,1
2024-06-01,6,NL230,Flevoland,Wildfire Occurrence,0,0.253220871226357,2.9559825658798218,wet,1
2024-07-01,7,NL230,Flevoland,Wildfire Occurrence,0,0.1335658447642038,2.801535407702128,wet,1
2024-08-01,8,NL230,Flevoland,Wildfire Occurrence,0,0.08276601400154218,2.583793560663859,wet,1
2024-09-01,9,NL230,Flevoland,Wildfire Occurrence,0,0.05820435587213034,2.821715792020162,wet,1
2024-10-01,10,NL230,Flevoland,Wildfire Occurrence,0,0.01732624288348542,2.08377875884374,wet,1
2024-11-01,11,NL230,Flevoland,Wildfire Occurrence,0,0.014131968490433649,1.6295397281646729,wet,1
2024-12-01,12,NL230,Flevoland,Wildfire Occurrence,0,0.012428154430541453,1.3571658531824748,wet,1
2025-01-01,1,NL230,Flevoland,Wildfire Occurrence,0,0.03000098403589599,1.31018461783727,wet,1
2025-02-01,2,NL230,Flevoland,Wildfire Occurrence,0,0.05112229096643591,0.681924487153689,near_normal,1
2025-03-01,3,NL230,Flevoland,Wildfire Occurrence,0,0.2147603444537432,0.25594955605144304,near_normal,1
2025-04-01,4,NL230,Flevoland,Wildfire Occurrence,0,0.1469548677351011,-0.42615289986133575,near_normal,1
2025-05-01,5,NL230,Flevoland,Wildfire Occurrence,0,0.19981392237419118,-1.02263805270195,dry,1
2025-06-01,6,NL230,Flevoland,Wildfire Occurrence,0,0.1687107296972563,-1.1407394806543987,dry,1
2025-07-01,7,NL230,Flevoland,Wildfire Occurrence,0,0.06570353519200794,-1.2951755126317341,dry,1
2025-08-01,8,NL230,Flevoland,Wildfire Occurrence,0,0.07291323067589643,-1.5772170821825664,dry,1
2025-09-01,9,NL230,Flevoland,Wildfire Occurrence,0,0.013677712101458527,-1.6643696029980977,dry,1
2024-01-01,1,NL310,Utrecht,Wildfire Occurrence,0,0.1576794820363874,1.6331657965977986,wet,1
2024-02-01,2,NL310,Utrecht,Wildfire Occurrence,0,0.23997366033286768,2.060304045677185,wet,1
2024-03-01,3,NL310,Utrecht,Wildfire Occurrence,0,0.3203198859909806,1.6860721111297607,wet,1
2024-04-01,4,NL310,Utrecht,Wildfire Occurrence,0,0.517743105753039,1.934793512026469,wet,1
2024-05-01,5,NL310,Utrecht,Wildfire Occurrence,0,0.708425753197524,2.4599483807881675,wet,1
2024-06-01,6,NL310,Utrecht,Wildfire Occurrence,0,0.644138700684584,2.8643977642059326,wet,1
2024-07-01,7,NL310,Utrecht,Wildfire Occurrence,0,0.4691772904464691,2.9952971935272217,wet,1
2024-08-01,8,NL310,Utrecht,Wildfire Occurrence,0,0.382519344198289,2.573964277903239,wet,1
2024-09-01,9,NL310,Utrecht,Wildfire Occurrence,0,0.2490387096696316,2.949850559234619,wet,1
2024-10-01,10,NL310,Utrecht,Wildfire Occurrence,0,0.09419067320597695,2.2675256729125977,wet,1
2024-11-01,11,NL310,Utrecht,Wildfire Occurrence,0,0.07159913795744755,1.8243724505106609,wet,1
2024-12-01,12,NL310,Utrecht,Wildfire Occurrence,0,0.0599415415208985,1.599138617515564,wet,1
2025-01-01,1,NL310,Utrecht,Wildfire Occurrence,0,0.14174886548398535,1.6418602069218953,wet,1
2025-02-01,2,NL310,Utrecht,Wildfire Occurrence,0,0.22487288409204148,1.0959928433100383,wet,1
2025-03-01,3,NL310,Utrecht,Wildfire Occurrence,0,0.6568153948080484,0.6640455524126688,near_normal,1
2025-04-01,4,NL310,Utrecht,Wildfire Occurrence,1,0.47062166535831834,-0.07301297783851624,near_normal,1
2025-05-01,5,NL310,Utrecht,Wildfire Occurrence,0,0.5603277273911795,-0.8883529901504517,near_normal,1
2025-06-01,6,NL310,Utrecht,Wildfire Occurrence,1,0.4779516432667247,-1.0327074925104778,dry,1
2025-07-01,7,NL310,Utrecht,Wildfire Occurrence,0,0.24369628999028772,-1.170036753018697,dry,1
2025-08-01,8,NL310,Utrecht,Wildfire Occurrence,0,0.25614277765021704,-1.5849626461664836,dry,1
2025-09-01,9,NL310,Utrecht,Wildfire Occurrence,0,0.04898212462044196,-1.695322314898173,dry,1
2024-01-01,1,NL321,Kop van Noord-Holland,Wildfire Occurrence,0,0.08376317490847336,1.6329838037490845,wet,1
2024-02-01,2,NL321,Kop van Noord-Holland,Wildfire Occurrence,0,0.150350042375586,1.9536860883235931,wet,1
2024-03-01,3,NL321,Kop van Noord-Holland,Wildfire Occurrence,0,0.253353873265176,1.7587225437164307,wet,1
2024-04-01,4,NL321,Kop van Noord-Holland,Wildfire Occurrence,0,0.4097396556276448,2.091783583164215,wet,1
2024-05-01,5,NL321,Kop van Noord-Holland,Wildfire Occurrence,0,0.5428640871211262,2.2810864448547363,wet,1
2024-06-01,6,NL321,Kop van Noord-Holland,Wildfire Occurrence,0,0.5924733182590997,2.7499186396598816,wet,1
2024-07-01,7,NL321,Kop van Noord-Holland,Wildfire Occurrence,0,0.3211529047661052,2.32273006439209,wet,1
2024-08-01,8,NL321,Kop van Noord-Holland,Wildfire Occurrence,0,0.255548253114376,2.314435124397278,wet,1
2024-09-01,9,NL321,Kop van Noord-Holland,Wildfire Occurrence,0,0.136916383818413,2.3948420882225037,wet,1
2024-10-01,10,NL321,Kop van Noord-Holland,Wildfire Occurrence,0,0.04970358430856858,1.7925672829151154,wet,1
2024-11-01,11,NL321,Kop van Noord-Holland,Wildfire Occurrence,0,0.041224323923010585,1.154409036040306,wet,1
2024-12-01,12,NL321,Kop van Noord-Holland,Wildfire Occurrence,0,0.0388118783286815,0.8799158334732056,near_normal,1
2025-01-01,1,NL321,Kop van Noord-Holland,Wildfire Occurrence,0,0.10104212272526882,0.7503800988197327,near_normal,1
2025-02-01,2,NL321,Kop van Noord-Holland,Wildfire Occurrence,0,0.13329782767385412,0.1837369699496776,near_normal,1
2025-03-01,3,NL321,Kop van Noord-Holland,Wildfire Occurrence,0,0.3396148386980251,-0.19919294212013483,near_normal,1
2025-04-01,4,NL321,Kop van Noord-Holland,Wildfire Occurrence,0,0.34434024024688814,-0.8529584109783173,near_normal,1
2025-05-01,5,NL321,Kop van Noord-Holland,Wildfire Occurrence,0,0.46144091584894514,-1.0707411617040634,dry,1
2025-06-01,6,NL321,Kop van Noord-Holland,Wildfire Occurrence,0,0.312391954554706,-1.2265169620513916,dry,1
2025-07-01,7,NL321,Kop van Noord-Holland,Wildfire Occurrence,0,0.16226509656757646,-1.3985914885997772,dry,1
2025-08-01,8,NL321,Kop van Noord-Holland,Wildfire Occurrence,0,0.1500425174021823,-1.6699672937393188,dry,1
2025-09-01,9,NL321,Kop van Noord-Holland,Wildfire Occurrence,0,0.03685013139998581,-1.6399725377559662,dry,1
2024-01-01,1,NL323,IJmond,Wildfire Occurrence,0,0.0308075942226925,1.7469192743301392,wet,1
2024-02-01,2,NL323,IJmond,Wildfire Occurrence,0,0.05505290834449377,1.9654667377471924,wet,1
2024-03-01,3,NL323,IJmond,Wildfire Occurrence,0,0.0871267378342689,1.801576018333435,wet,1
2024-04-01,4,NL323,IJmond,Wildfire Occurrence,0,0.21124753680387648,2.1092770099639893,wet,1
2024-05-01,5,NL323,IJmond,Wildfire Occurrence,0,0.29169246360604945,2.3961286544799805,wet,1
2024-06-01,6,NL323,IJmond,Wildfire Occurrence,0,0.30700666038090285,2.795001268386841,wet,1
2024-07-01,7,NL323,IJmond,Wildfire Occurrence,0,0.12855037928399177,2.374518632888794,wet,1
2024-08-01,8,NL323,IJmond,Wildfire Occurrence,0,0.08063506606978793,2.4498143196105957,wet,1
2024-09-01,9,NL323,IJmond,Wildfire Occurrence,0,0.05435096934744827,2.5644779205322266,wet,1
2024-10-01,10,NL323,IJmond,Wildfire Occurrence,0,0.023472763625609468,2.1055748462677,wet,1
2024-11-01,11,NL323,IJmond,Wildfire Occurrence,0,0.014493143513712973,1.2876315116882324,wet,1
2024-12-01,12,NL323,IJmond,Wildfire Occurrence,0,0.013786582763960192,1.054290771484375,wet,1
2025-01-01,1,NL323,IJmond,Wildfire Occurrence,0,0.035387380150438255,0.9302926659584045,near_normal,1
2025-02-01,2,NL323,IJmond,Wildfire Occurrence,0,0.049269771851590184,0.3864094913005829,near_normal,1
2025-03-01,3,NL323,IJmond,Wildfire Occurrence,0,0.2873002273329815,-0.0300010796636343,near_normal,1
2025-04-01,4,NL323,IJmond,Wildfire Occurrence,0,0.14436841988870042,-0.679432213306427,near_normal,1
2025-05-01,5,NL323,IJmond,Wildfire Occurrence,0,0.20058752937285695,-1.0121432542800903,dry,1
2025-06-01,6,NL323,IJmond,Wildfire Occurrence,0,0.15521168710352726,-1.1519043445587158,dry,1
2025-07-01,7,NL323,IJmond,Wildfire Occurrence,0,0.05738306442837059,-1.336739182472229,dry,1
2025-08-01,8,NL323,IJmond,Wildfire Occurrence,0,0.063956299168905,-1.6172122955322266,dry,1
2025-09-01,9,NL323,IJmond,Wildfire Occurrence,0,0.012532674669374707,-1.5776567459106445,dry,1
2024-01-01,1,NL324,Agglomeratie Haarlem,Wildfire Occurrence,0,0.04289057275823309,1.647356390953064,wet,1
2024-02-01,2,NL324,Agglomeratie Haarlem,Wildfire Occurrence,0,0.07816489389414812,1.945382833480835,wet,1
2024-03-01,3,NL324,Agglomeratie Haarlem,Wildfire Occurrence,0,0.13225426576057744,1.7071410417556763,wet,1
2024-04-01,4,NL324,Agglomeratie Haarlem,Wildfire Occurrence,0,0.23925241616138784,1.988879919052124,wet,1
2024-05-01,5,NL324,Agglomeratie Haarlem,Wildfire Occurrence,0,0.34994953066571066,2.4034242630004883,wet,1
2024-06-01,6,NL324,Agglomeratie Haarlem,Wildfire Occurrence,0,0.340146610883741,2.8238632678985596,wet,1
2024-07-01,7,NL324,Agglomeratie Haarlem,Wildfire Occurrence,0,0.1748751353005565,2.4710593223571777,wet,1
2024-08-01,8,NL324,Agglomeratie Haarlem,Wildfire Occurrence,0,0.11234989128699785,2.520214796066284,wet,1
2024-09-01,9,NL324,Agglomeratie Haarlem,Wildfire Occurrence,0,0.07399542968297927,2.598809242248535,wet,1
2024-10-01,10,NL324,Agglomeratie Haarlem,Wildfire Occurrence,0,0.02930459228701305,2.1641006469726562,wet,1
2024-11-01,11,NL324,Agglomeratie Haarlem,Wildfire Occurrence,0,0.018956270382057678,1.519848108291626,wet,1
2024-12-01,12,NL324,Agglomeratie Haarlem,Wildfire Occurrence,0,0.01846694479494774,1.3313369750976562,wet,1
2025-01-01,1,NL324,Agglomeratie Haarlem,Wildfire Occurrence,0,0.0448075561076178,1.2478913068771362,wet,1
2025-02-01,2,NL324,Agglomeratie Haarlem,Wildfire Occurrence,0,0.06889316523181752,0.668552577495575,near_normal,1
2025-03-01,3,NL324,Agglomeratie Haarlem,Wildfire Occurrence,0,0.33842522287086807,0.24341583251953125,near_normal,1
2025-04-01,4,NL324,Agglomeratie Haarlem,Wildfire Occurrence,0,0.20413150190193216,-0.45443814992904663,near_normal,1
2025-05-01,5,NL324,Agglomeratie Haarlem,Wildfire Occurrence,0,0.2561942278345246,-0.9552810192108154,near_normal,1
2025-06-01,6,NL324,Agglomeratie Haarlem,Wildfire Occurrence,0,0.22068227887412667,-1.0814781188964844,dry,1
2025-07-01,7,NL324,Agglomeratie Haarlem,Wildfire Occurrence,0,0.07713628081102736,-1.2436511516571045,dry,1
2025-08-01,8,NL324,Agglomeratie Haarlem,Wildfire Occurrence,0,0.0763738743867264,-1.534304141998291,dry,1
2025-09-01,9,NL324,Agglomeratie Haarlem,Wildfire Occurrence,0,0.014065390747114333,-1.641973853111267,dry,1
2024-01-01,1,NL325,Zaanstreek,Wildfire Occurrence,0,0.028702293845945775,1.6169030666351318,wet,1
2024-02-01,2,NL325,Zaanstreek,Wildfire Occurrence,0,0.044277011322709135,1.957419753074646,wet,1
2024-03-01,3,NL325,Zaanstreek,Wildfire Occurrence,0,0.06069003877860098,1.6453285217285156,wet,1
2024-04-01,4,NL325,Zaanstreek,Wildfire Occurrence,0,0.14549119625917803,1.9042351245880127,wet,1
2024-05-01,5,NL325,Zaanstreek,Wildfire Occurrence,0,0.233370258908668,2.3876869678497314,wet,1
2024-06-01,6,NL325,Zaanstreek,Wildfire Occurrence,0,0.25184657455996,2.875868558883667,wet,1
2024-07-01,7,NL325,Zaanstreek,Wildfire Occurrence,0,0.119100219676049,2.6098756790161133,wet,1
2024-08-01,8,NL325,Zaanstreek,Wildfire Occurrence,0,0.07580992098069717,2.4586730003356934,wet,1
2024-09-01,9,NL325,Zaanstreek,Wildfire Occurrence,0,0.03883493924879612,2.6439425945281982,wet,1
2024-10-01,10,NL325,Zaanstreek,Wildfire Occurrence,0,0.01350117978202259,2.0523898601531982,wet,1
2024-11-01,11,NL325,Zaanstreek,Wildfire Occurrence,0,0.010579749205453825,1.5562342405319214,wet,1
2024-12-01,12,NL325,Zaanstreek,Wildfire Occurrence,0,0.009643734319616213,1.3256824016571045,wet,1
2025-01-01,1,NL325,Zaanstreek,Wildfire Occurrence,0,0.025670775502142727,1.2905166149139404,wet,1
2025-02-01,2,NL325,Zaanstreek,Wildfire Occurrence,0,0.040566249650917104,0.7351674437522888,near_normal,1
2025-03-01,3,NL325,Zaanstreek,Wildfire Occurrence,0,0.22164325857190717,0.2895616590976715,near_normal,1
2025-04-01,4,NL325,Zaanstreek,Wildfire Occurrence,0,0.09948337076632724,-0.44397521018981934,near_normal,1
2025-05-01,5,NL325,Zaanstreek,Wildfire Occurrence,0,0.17194466179332693,-1.0350122451782227,dry,1
2025-06-01,6,NL325,Zaanstreek,Wildfire Occurrence,0,0.09936652016576335,-1.1691848039627075,dry,1
2025-07-01,7,NL325,Zaanstreek,Wildfire Occurrence,0,0.048712133828160614,-1.3288004398345947,dry,1
2025-08-01,8,NL325,Zaanstreek,Wildfire Occurrence,0,0.03758421290391453,-1.6849058866500854,dry,1
2025-09-01,9,NL325,Zaanstreek,Wildfire Occurrence,0,0.010215077875776277,-1.740875005722046,dry,1
2024-01-01,1,NL327,Het Gooi en Vechtstreek,Wildfire Occurrence,0,0.15797408314372743,1.636123776435852,wet,1
2024-03-01,3,NL327,Het Gooi en Vechtstreek,Wildfire Occurrence,0,0.2933573092805957,1.6505409479141235,wet,1
2024-04-01,4,NL327,Het Gooi en Vechtstreek,Wildfire Occurrence,0,0.518246124140504,1.8591419458389282,wet,1
2024-05-01,5,NL327,Het Gooi en Vechtstreek,Wildfire Occurrence,0,0.6750639283867363,2.378713369369507,wet,1
2024-06-01,6,NL327,Het Gooi en Vechtstreek,Wildfire Occurrence,0,0.6201858185923059,2.898977279663086,wet,1
2024-07-01,7,NL327,Het Gooi en Vechtstreek,Wildfire Occurrence,0,0.4626627719360024,2.7814443111419678,wet,1
2024-08-01,8,NL327,Het Gooi en Vechtstreek,Wildfire Occurrence,0,0.3785746907637915,2.4918413162231445,wet,1
2024-09-01,9,NL327,Het Gooi en Vechtstreek,Wildfire Occurrence,0,0.25043870420177183,2.7578084468841553,wet,1
2024-10-01,10,NL327,Het Gooi en Vechtstreek,Wildfire Occurrence,0,0.08686626366793672,2.0412652492523193,wet,1
2024-11-01,11,NL327,Het Gooi en Vechtstreek,Wildfire Occurrence,0,0.06866096945738022,1.6262489557266235,wet,1
2024-12-01,12,NL327,Het Gooi en Vechtstreek,Wildfire Occurrence,0,0.05840632697586874,1.3761451244354248,wet,1
2025-01-01,1,NL327,Het Gooi en Vechtstreek,Wildfire Occurrence,0,0.14347090315758648,1.3592329025268555,wet,1
2025-02-01,2,NL327,Het Gooi en Vechtstreek,Wildfire Occurrence,0,0.23360804987576042,0.8063275814056396,near_normal,1
2025-03-01,3,NL327,Het Gooi en Vechtstreek,Wildfire Occurrence,0,0.512519058276842,0.35810184478759766,near_normal,1
2025-04-01,4,NL327,Het Gooi en Vechtstreek,Wildfire Occurrence,0,0.45393529125194687,-0.35341763496398926,near_normal,1
2025-05-01,5,NL327,Het Gooi en Vechtstreek,Wildfire Occurrence,0,0.600676659713877,-1.0387662649154663,dry,1
2025-06-01,6,NL327,Het Gooi en Vechtstreek,Wildfire Occurrence,0,0.4585285977530181,-1.1725388765335083,dry,1
2025-07-01,7,NL327,Het Gooi en Vechtstreek,Wildfire Occurrence,0,0.2385686661926016,-1.3508493900299072,dry,1
2025-08-01,8,NL327,Het Gooi en Vechtstreek,Wildfire Occurrence,0,0.24519149283889963,-1.7118911743164062,dry,1
2025-09-01,9,NL327,Het Gooi en Vechtstreek,Wildfire Occurrence,0,0.05523283666771676,-1.7690833806991577,dry,1
2024-01-01,1,NL328,Alkmaar en omgeving,Wildfire Occurrence,0,0.06135257380046403,1.7100821137428284,wet,1
2024-02-01,2,NL328,Alkmaar en omgeving,Wildfire Occurrence,0,0.11569788387379717,1.9593284130096436,wet,1
2024-03-01,3,NL328,Alkmaar en omgeving,Wildfire Occurrence,0,0.1559267041562008,1.739656686782837,wet,1
2024-04-01,4,NL328,Alkmaar en omgeving,Wildfire Occurrence,0,0.3297720449339244,2.0186948776245117,wet,1
2024-05-01,5,NL328,Alkmaar en omgeving,Wildfire Occurrence,0,0.4455174864800192,2.3344630002975464,wet,1
2024-06-01,6,NL328,Alkmaar en omgeving,Wildfire Occurrence,0,0.47539362372261784,2.804568648338318,wet,1
2024-07-01,7,NL328,Alkmaar en omgeving,Wildfire Occurrence,0,0.2499041500042553,2.428522229194641,wet,1
2024-08-01,8,NL328,Alkmaar en omgeving,Wildfire Occurrence,0,0.1612347243083143,2.425881505012512,wet,1
2024-09-01,9,NL328,Alkmaar en omgeving,Wildfire Occurrence,0,0.10041735181304234,2.5760817527770996,wet,1
2024-10-01,10,NL328,Alkmaar en omgeving,Wildfire Occurrence,0,0.03665110581665517,2.0169880390167236,wet,1
2024-11-01,11,NL328,Alkmaar en omgeving,Wildfire Occurrence,0,0.02775149743466602,1.3094255328178406,wet,1
2024-12-01,12,NL328,Alkmaar en omgeving,Wildfire Occurrence,0,0.025848521102287112,1.0511134266853333,wet,1
2025-01-01,1,NL328,Alkmaar en omgeving,Wildfire Occurrence,0,0.06509138027768457,0.9406598210334778,near_normal,1
2025-02-01,2,NL328,Alkmaar en omgeving,Wildfire Occurrence,0,0.09688392810927048,0.40348732471466064,near_normal,1
2025-03-01,3,NL328,Alkmaar en omgeving,Wildfire Occurrence,0,0.29870551507849025,-0.023991535417735577,near_normal,1
2025-04-01,4,NL328,Alkmaar en omgeving,Wildfire Occurrence,0,0.2450826464828552,-0.6851816177368164,near_normal,1
2025-05-01,5,NL328,Alkmaar en omgeving,Wildfire Occurrence,0,0.3261950715854997,-1.0560193061828613,dry,1
2025-06-01,6,NL328,Alkmaar en omgeving,Wildfire Occurrence,0,0.1984120451059452,-1.200132429599762,dry,1
2025-07-01,7,NL328,Alkmaar en omgeving,Wildfire Occurrence,0,0.10883641177521874,-1.380033254623413,dry,1
2025-08-01,8,NL328,Alkmaar en omgeving,Wildfire Occurrence,0,0.10720560028209175,-1.6897867918014526,dry,1
2025-09-01,9,NL328,Alkmaar en omgeving,Wildfire Occurrence,0,0.02694989189164076,-1.6552176475524902,dry,1
2024-01-01,1,NL329,Groot-Amsterdam,Wildfire Occurrence,0,0.04445771941774182,1.6169030666351318,wet,1
2024-02-01,2,NL329,Groot-Amsterdam,Wildfire Occurrence,0,0.07913239023412569,1.957419753074646,wet,1
2024-03-01,3,NL329,Groot-Amsterdam,Wildfire Occurrence,0,0.10674011649089991,1.6453285217285156,wet,1
2024-04-01,4,NL329,Groot-Amsterdam,Wildfire Occurrence,0,0.22331918087675726,1.9042351245880127,wet,1
2024-05-01,5,NL329,Groot-Amsterdam,Wildfire Occurrence,0,0.34417074939318887,2.3876869678497314,wet,1
2024-06-01,6,NL329,Groot-Amsterdam,Wildfire Occurrence,0,0.3548372891429104,2.875868558883667,wet,1
2024-07-01,7,NL329,Groot-Amsterdam,Wildfire Occurrence,0,0.18467251084596753,2.6098756790161133,wet,1
2024-08-01,8,NL329,Groot-Amsterdam,Wildfire Occurrence,0,0.1417559024281347,2.4586730003356934,wet,1
2024-09-01,9,NL329,Groot-Amsterdam,Wildfire Occurrence,0,0.07798431346754013,2.6439425945281982,wet,1
2024-10-01,10,NL329,Groot-Amsterdam,Wildfire Occurrence,0,0.024378827397734372,2.0523898601531982,wet,1
2024-11-01,11,NL329,Groot-Amsterdam,Wildfire Occurrence,0,0.017847189216119774,1.5562342405319214,wet,1
2024-12-01,12,NL329,Groot-Amsterdam,Wildfire Occurrence,0,0.01615510571973633,1.3256824016571045,wet,1
2025-01-01,1,NL329,Groot-Amsterdam,Wildfire Occurrence,0,0.04119825339896702,1.2905166149139404,wet,1
2025-02-01,2,NL329,Groot-Amsterdam,Wildfire Occurrence,1,0.06970684836034757,0.7351674437522888,near_normal,1
2025-03-01,3,NL329,Groot-Amsterdam,Wildfire Occurrence,0,0.28784846071278336,0.2895616590976715,near_normal,1
2025-04-01,4,NL329,Groot-Amsterdam,Wildfire Occurrence,0,0.16818186227514426,-0.44397521018981934,near_normal,1
2025-05-01,5,NL329,Groot-Amsterdam,Wildfire Occurrence,0,0.2545214730488628,-1.0350122451782227,dry,1
2025-06-01,6,NL329,Groot-Amsterdam,Wildfire Occurrence,0,0.17256757765120867,-1.1691848039627075,dry,1
2025-07-01,7,NL329,Groot-Amsterdam,Wildfire Occurrence,0,0.07256220086053272,-1.3288004398345947,dry,1
2025-08-01,8,NL329,Groot-Amsterdam,Wildfire Occurrence,0,0.07420272267807798,-1.6849058866500854,dry,1
2025-09-01,9,NL329,Groot-Amsterdam,Wildfire Occurrence,0,0.014263108441365777,-1.740875005722046,dry,1
2024-01-01,1,NL332,Agglomeratie ’s-Gravenhage,Wildfire Occurrence,0,0.06708046800738282,1.5479464530944824,wet,1
2024-02-01,2,NL332,Agglomeratie ’s-Gravenhage,Wildfire Occurrence,0,0.11537662716745983,1.9152671098709106,wet,1
2024-03-01,3,NL332,Agglomeratie ’s-Gravenhage,Wildfire Occurrence,0,0.18697797084467607,1.6138807535171509,wet,1
2024-04-01,4,NL332,Agglomeratie ’s-Gravenhage,Wildfire Occurrence,0,0.2940108176006124,1.7927536964416504,wet,1
2024-05-01,5,NL332,Agglomeratie ’s-Gravenhage,Wildfire Occurrence,0,0.4465138174573724,2.222562551498413,wet,1
2024-06-01,6,NL332,Agglomeratie ’s-Gravenhage,Wildfire Occurrence,0,0.4163318609393207,2.651139974594116,wet,1
2024-07-01,7,NL332,Agglomeratie ’s-Gravenhage,Wildfire Occurrence,0,0.21518497566673978,2.602553367614746,wet,1
2024-08-01,8,NL332,Agglomeratie ’s-Gravenhage,Wildfire Occurrence,0,0.18687965340598306,2.614240884780884,wet,1
2024-09-01,9,NL332,Agglomeratie ’s-Gravenhage,Wildfire Occurrence,0,0.10743628563558885,2.760681390762329,wet,1
2024-10-01,10,NL332,Agglomeratie ’s-Gravenhage,Wildfire Occurrence,0,0.04061265882759045,2.217620849609375,wet,1
2024-11-01,11,NL332,Agglomeratie ’s-Gravenhage,Wildfire Occurrence,0,0.026487815483764006,1.6578664779663086,wet,1
2024-12-01,12,NL332,Agglomeratie ’s-Gravenhage,Wildfire Occurrence,0,0.025849788989983708,1.5298305749893188,wet,1
2025-01-01,1,NL332,Agglomeratie ’s-Gravenhage,Wildfire Occurrence,0,0.05042722153343313,1.4456462860107422,wet,1
2025-02-01,2,NL332,Agglomeratie ’s-Gravenhage,Wildfire Occurrence,0,0.09219671027770064,0.8826550841331482,near_normal,1
2025-03-01,3,NL332,Agglomeratie ’s-Gravenhage,Wildfire Occurrence,0,0.1751436576323192,0.4521176517009735,near_normal,1
2025-04-01,4,NL332,Agglomeratie ’s-Gravenhage,Wildfire Occurrence,0,0.24319474276371733,-0.2299506515264511,near_normal,1
2025-05-01,5,NL332,Agglomeratie ’s-Gravenhage,Wildfire Occurrence,0,0.2915435427746297,-0.8712313175201416,near_normal,1
2025-06-01,6,NL332,Agglomeratie ’s-Gravenhage,Wildfire Occurrence,0,0.25390336493228716,-1.0435134172439575,dry,1
2025-07-01,7,NL332,Agglomeratie ’s-Gravenhage,Wildfire Occurrence,0,0.09434304744510529,-1.2248507738113403,dry,1
2025-08-01,8,NL332,Agglomeratie ’s-Gravenhage,Wildfire Occurrence,0,0.09332992359105273,-1.4840713739395142,dry,1
2025-09-01,9,NL332,Agglomeratie ’s-Gravenhage,Wildfire Occurrence,0,0.013625375685012181,-1.723048210144043,dry,1
2024-01-01,1,NL333,Delft en Westland,Wildfire Occurrence,0,0.3728564955743838,1.4589471817016602,wet,1
2024-02-01,2,NL333,Delft en Westland,Wildfire Occurrence,1,0.5739304209054339,1.889495611190796,wet,1
2024-03-01,3,NL333,Delft en Westland,Wildfire Occurrence,0,0.6004672084668208,1.5272536277770996,wet,1
2024-04-01,4,NL333,Delft en Westland,Wildfire Occurrence,0,0.7724926965470026,1.6712430715560913,wet,1
2024-05-01,5,NL333,Delft en Westland,Wildfire Occurrence,0,0.8719842049908475,2.103944778442383,wet,1
2024-06-01,6,NL333,Delft en Westland,Wildfire Occurrence,0,0.8551906246720431,2.5638675689697266,wet,1
2024-07-01,7,NL333,Delft en Westland,Wildfire Occurrence,0,0.7001210011769169,2.8959829807281494,wet,1
2024-08-01,8,NL333,Delft en Westland,Wildfire Occurrence,0,0.6688777799610877,2.653705358505249,wet,1
2024-09-01,9,NL333,Delft en Westland,Wildfire Occurrence,0,0.48002595140909127,2.9503586292266846,wet,1
2024-10-01,10,NL333,Delft en Westland,Wildfire Occurrence,0,0.25969082350906947,2.2567052841186523,wet,1
2024-11-01,11,NL333,Delft en Westland,Wildfire Occurrence,0,0.21201799946303834,1.799555778503418,wet,1
2024-12-01,12,NL333,Delft en Westland,Wildfire Occurrence,0,0.19003266046413825,1.66428804397583,wet,1
2025-01-01,1,NL333,Delft en Westland,Wildfire Occurrence,0,0.3323802276671932,1.640883445739746,wet,1
2025-02-01,2,NL333,Delft en Westland,Wildfire Occurrence,0,0.4528011562160113,1.163700819015503,wet,1
2025-03-01,3,NL333,Delft en Westland,Wildfire Occurrence,0,0.7179449550301684,0.7183709144592285,near_normal,1
2025-04-01,4,NL333,Delft en Westland,Wildfire Occurrence,0,0.7538378398207322,0.003728199517354369,near_normal,1
2025-05-01,5,NL333,Delft en Westland,Wildfire Occurrence,0,0.7924985487068015,-0.8432844877243042,near_normal,1
2025-06-01,6,NL333,Delft en Westland,Wildfire Occurrence,1,0.6913679079036024,-1.0905721187591553,dry,1
2025-07-01,7,NL333,Delft en Westland,Wildfire Occurrence,1,0.47841839607428865,-1.26656973361969,dry,1
2025-08-01,8,NL333,Delft en Westland,Wildfire Occurrence,0,0.5503175756201435,-1.6068077087402344,dry,1
2025-09-01,9,NL333,Delft en Westland,Wildfire Occurrence,0,0.11674620006671227,-1.8662478923797607,dry,1
2024-01-01,1,NL337,Agglomeratie Leiden en Bollenstreek,Wildfire Occurrence,0,0.18588769464162147,1.5254942178726196,wet,1
2024-02-01,2,NL337,Agglomeratie Leiden en Bollenstreek,Wildfire Occurrence,0,0.29384511998290574,1.930662751197815,wet,1
2024-03-01,3,NL337,Agglomeratie Leiden en Bollenstreek,Wildfire Occurrence,0,0.40025152430310607,1.600808024406433,wet,1
2024-04-01,4,NL337,Agglomeratie Leiden en Bollenstreek,Wildfire Occurrence,0,0.5485355661894734,1.8393596410751343,wet,1
2024-05-01,5,NL337,Agglomeratie Leiden en Bollenstreek,Wildfire Occurrence,0,0.7086227809299668,2.308445453643799,wet,1
2024-06-01,6,NL337,Agglomeratie Leiden en Bollenstreek,Wildfire Occurrence,0,0.6960606524538674,2.742405891418457,wet,1
2024-07-01,7,NL337,Agglomeratie Leiden en Bollenstreek,Wildfire Occurrence,0,0.4816752981655228,2.7151103019714355,wet,1
2024-08-01,8,NL337,Agglomeratie Leiden en Bollenstreek,Wildfire Occurrence,0,0.47520438428557915,2.554049253463745,wet,1
2024-09-01,9,NL337,Agglomeratie Leiden en Bollenstreek,Wildfire Occurrence,0,0.27227948693884363,2.7597999572753906,wet,1
2024-10-01,10,NL337,Agglomeratie Leiden en Bollenstreek,Wildfire Occurrence,0,0.11825950241312035,2.198561906814575,wet,1
2024-11-01,11,NL337,Agglomeratie Leiden en Bollenstreek,Wildfire Occurrence,0,0.07910678796450964,1.7335660457611084,wet,1
2024-12-01,12,NL337,Agglomeratie Leiden en Bollenstreek,Wildfire Occurrence,0,0.07147862211377809,1.5648200511932373,wet,1
2025-01-01,1,NL337,Agglomeratie Leiden en Bollenstreek,Wildfire Occurrence,0,0.1517580043673635,1.5522692203521729,wet,1
2025-02-01,2,NL337,Agglomeratie Leiden en Bollenstreek,Wildfire Occurrence,0,0.23262324456522818,1.016635775566101,wet,1
2025-03-01,3,NL337,Agglomeratie Leiden en Bollenstreek,Wildfire Occurrence,0,0.39512077269239454,0.5903820991516113,near_normal,1
2025-04-01,4,NL337,Agglomeratie Leiden en Bollenstreek,Wildfire Occurrence,0,0.4851971422436699,-0.16400562226772308,near_normal,1
2025-05-01,5,NL337,Agglomeratie Leiden en Bollenstreek,Wildfire Occurrence,0,0.5654511787156639,-0.8812072277069092,near_normal,1
2025-06-01,6,NL337,Agglomeratie Leiden en Bollenstreek,Wildfire Occurrence,0,0.5117586061616676,-1.0348807573318481,dry,1
2025-07-01,7,NL337,Agglomeratie Leiden en Bollenstreek,Wildfire Occurrence,0,0.24104941393418916,-1.1747100353240967,dry,1
2025-08-01,8,NL337,Agglomeratie Leiden en Bollenstreek,Wildfire Occurrence,0,0.24572317007788952,-1.5170913934707642,dry,1
2025-09-01,9,NL337,Agglomeratie Leiden en Bollenstreek,Wildfire Occurrence,0,0.04012799221239341,-1.738526463508606,dry,1
2024-01-01,1,NL33A,Zuidoost-Zuid-Holland,Wildfire Occurrence,0,0.08461909768111682,1.5022345781326294,wet,1
2024-02-01,2,NL33A,Zuidoost-Zuid-Holland,Wildfire Occurrence,0,0.13250170791918217,1.9734735488891602,wet,1
2024-03-01,3,NL33A,Zuidoost-Zuid-Holland,Wildfire Occurrence,0,0.18046692455111066,1.6091928482055664,wet,1
2024-04-01,4,NL33A,Zuidoost-Zuid-Holland,Wildfire Occurrence,0,0.32507032173577943,1.869387149810791,wet,1
2024-05-01,5,NL33A,Zuidoost-Zuid-Holland,Wildfire Occurrence,0,0.5045314233255532,2.296041488647461,wet,1
2024-06-01,6,NL33A,Zuidoost-Zuid-Holland,Wildfire Occurrence,0,0.4319857675929351,2.7406914234161377,wet,1
2024-07-01,7,NL33A,Zuidoost-Zuid-Holland,Wildfire Occurrence,0,0.269476972072567,3.1620676517486572,wet,1
2024-08-01,8,NL33A,Zuidoost-Zuid-Holland,Wildfire Occurrence,0,0.19057200632369903,2.5882296562194824,wet,1
2024-09-01,9,NL33A,Zuidoost-Zuid-Holland,Wildfire Occurrence,0,0.1326205676037897,3.196017026901245,wet,1
2024-10-01,10,NL33A,Zuidoost-Zuid-Holland,Wildfire Occurrence,0,0.0529197401458509,2.4383902549743652,wet,1
2024-11-01,11,NL33A,Zuidoost-Zuid-Holland,Wildfire Occurrence,0,0.03465523325927198,1.9545094966888428,wet,1
2024-12-01,12,NL33A,Zuidoost-Zuid-Holland,Wildfire Occurrence,0,0.031731793479500295,1.7752925157546997,wet,1
2025-01-01,1,NL33A,Zuidoost-Zuid-Holland,Wildfire Occurrence,0,0.07051418013763865,1.8329216241836548,wet,1
2025-02-01,2,NL33A,Zuidoost-Zuid-Holland,Wildfire Occurrence,0,0.1206486730033798,1.3434903621673584,wet,1
2025-03-01,3,NL33A,Zuidoost-Zuid-Holland,Wildfire Occurrence,0,0.3831641201575552,0.9254148006439209,near_normal,1
2025-04-01,4,NL33A,Zuidoost-Zuid-Holland,Wildfire Occurrence,0,0.29956778856063015,0.18472331762313843,near_normal,1
2025-05-01,5,NL33A,Zuidoost-Zuid-Holland,Wildfire Occurrence,0,0.3826963293034598,-0.6993400454521179,near_normal,1
2025-06-01,6,NL33A,Zuidoost-Zuid-Holland,Wildfire Occurrence,0,0.29301023696516193,-0.928616464138031,near_normal,1
2025-07-01,7,NL33A,Zuidoost-Zuid-Holland,Wildfire Occurrence,0,0.12233202972176693,-1.0900894403457642,dry,1
2025-08-01,8,NL33A,Zuidoost-Zuid-Holland,Wildfire Occurrence,0,0.13349836920787134,-1.5483509302139282,dry,1
2025-09-01,9,NL33A,Zuidoost-Zuid-Holland,Wildfire Occurrence,0,0.022231889575418325,-1.7110259532928467,dry,1
2024-01-01,1,NL33B,Oost-Zuid-Holland,Wildfire Occurrence,0,0.0358552003997024,1.5254942178726196,wet,1
2024-02-01,2,NL33B,Oost-Zuid-Holland,Wildfire Occurrence,0,0.053470456249032274,1.930662751197815,wet,1
2024-03-01,3,NL33B,Oost-Zuid-Holland,Wildfire Occurrence,0,0.09664526287134623,1.600808024406433,wet,1
2024-04-01,4,NL33B,Oost-Zuid-Holland,Wildfire Occurrence,0,0.1647808019133556,1.8393596410751343,wet,1
2024-05-01,5,NL33B,Oost-Zuid-Holland,Wildfire Occurrence,0,0.29007914316897,2.308445453643799,wet,1
2024-06-01,6,NL33B,Oost-Zuid-Holland,Wildfire Occurrence,0,0.25924463301344525,2.742405891418457,wet,1
2024-07-01,7,NL33B,Oost-Zuid-Holland,Wildfire Occurrence,0,0.13366468442151688,2.7151103019714355,wet,1
2024-08-01,8,NL33B,Oost-Zuid-Holland,Wildfire Occurrence,0,0.10072969366479279,2.554049253463745,wet,1
2024-09-01,9,NL33B,Oost-Zuid-Holland,Wildfire Occurrence,0,0.057634114481701415,2.7597999572753906,wet,1
2024-10-01,10,NL33B,Oost-Zuid-Holland,Wildfire Occurrence,0,0.019814067984681702,2.198561906814575,wet,1
2024-11-01,11,NL33B,Oost-Zuid-Holland,Wildfire Occurrence,0,0.013557620893609812,1.7335660457611084,wet,1
2024-12-01,12,NL33B,Oost-Zuid-Holland,Wildfire Occurrence,0,0.012331995743406281,1.5648200511932373,wet,1
2025-01-01,1,NL33B,Oost-Zuid-Holland,Wildfire Occurrence,0,0.030180058440552153,1.5522692203521729,wet,1
2025-02-01,2,NL33B,Oost-Zuid-Holland,Wildfire Occurrence,0,0.0522106199515715,1.016635775566101,wet,1
2025-03-01,3,NL33B,Oost-Zuid-Holland,Wildfire Occurrence,0,0.1695404846993458,0.5903820991516113,near_normal,1
2025-04-01,4,NL33B,Oost-Zuid-Holland,Wildfire Occurrence,0,0.13638491586582452,-0.16400562226772308,near_normal,1
2025-05-01,5,NL33B,Oost-Zuid-Holland,Wildfire Occurrence,0,0.18837563755038486,-0.8812072277069092,near_normal,1
2025-06-01,6,NL33B,Oost-Zuid-Holland,Wildfire Occurrence,0,0.11787779955067207,-1.0348807573318481,dry,1
2025-07-01,7,NL33B,Oost-Zuid-Holland,Wildfire Occurrence,0,0.05075094093448892,-1.1747100353240967,dry,1
2025-08-01,8,NL33B,Oost-Zuid-Holland,Wildfire Occurrence,0,0.05147425922349107,-1.5170913934707642,dry,1
2025-09-01,9,NL33B,Oost-Zuid-Holland,Wildfire Occurrence,0,0.008837449619900512,-1.738526463508606,dry,1
2024-01-01,1,NL33C,Groot-Rijnmond,Wildfire Occurrence,0,0.07143741549476978,1.481999437014262,wet,1
2024-02-01,2,NL33C,Groot-Rijnmond,Wildfire Occurrence,0,0.1300888594295063,1.9045462608337402,wet,1
2024-03-01,3,NL33C,Groot-Rijnmond,Wildfire Occurrence,0,0.16161629177618347,1.55764905611674,wet,1
2024-04-01,4,NL33C,Groot-Rijnmond,Wildfire Occurrence,0,0.292479548199359,1.7358837127685547,wet,1
2024-05-01,5,NL33C,Groot-Rijnmond,Wildfire Occurrence,0,0.4557882834175218,2.1709097226460776,wet,1
2024-06-01,6,NL33C,Groot-Rijnmond,Wildfire Occurrence,0,0.4123334386460044,2.626691977183024,wet,1
2024-07-01,7,NL33C,Groot-Rijnmond,Wildfire Occurrence,0,0.2284039906169494,2.903880516688029,wet,1
2024-08-01,8,NL33C,Groot-Rijnmond,Wildfire Occurrence,0,0.19134394622440562,2.6491270065307617,wet,1
2024-09-01,9,NL33C,Groot-Rijnmond,Wildfire Occurrence,0,0.10028648281066085,2.9472951889038086,wet,1
2024-10-01,10,NL33C,Groot-Rijnmond,Wildfire Occurrence,0,0.04133752445811994,2.2849376996358237,wet,1
2024-11-01,11,NL33C,Groot-Rijnmond,Wildfire Occurrence,0,0.029905880559405698,1.8019837141036987,wet,1
2024-12-01,12,NL33C,Groot-Rijnmond,Wildfire Occurrence,0,0.028749678736057917,1.676819920539856,wet,1
2025-01-01,1,NL33C,Groot-Rijnmond,Wildfire Occurrence,0,0.05939635087260117,1.6513664722442627,wet,1
2025-02-01,2,NL33C,Groot-Rijnmond,Wildfire Occurrence,0,0.09902116740785803,1.1506803433100383,wet,1
2025-03-01,3,NL33C,Groot-Rijnmond,Wildfire Occurrence,0,0.24510697999971484,0.7058199445406595,near_normal,1
2025-04-01,4,NL33C,Groot-Rijnmond,Wildfire Occurrence,0,0.26024528367101224,-0.012301225292806825,near_normal,1
2025-05-01,5,NL33C,Groot-Rijnmond,Wildfire Occurrence,0,0.31401166561286104,-0.8446452021598816,near_normal,1
2025-06-01,6,NL33C,Groot-Rijnmond,Wildfire Occurrence,0,0.2251903224964781,-1.0734885931015015,dry,1
2025-07-01,7,NL33C,Groot-Rijnmond,Wildfire Occurrence,0,0.09990571697129878,-1.2388241688410442,dry,1
2025-08-01,8,NL33C,Groot-Rijnmond,Wildfire Occurrence,0,0.1291301092262159,-1.566239356994629,dry,1
2025-09-01,9,NL33C,Groot-Rijnmond,Wildfire Occurrence,0,0.01648449401902775,-1.825290282567342,dry,1
2024-01-01,1,NL341,Zeeuwsch-Vlaanderen,Wildfire Occurrence,0,0.0905570787228203,1.0990768671035767,wet,1
2024-02-01,2,NL341,Zeeuwsch-Vlaanderen,Wildfire Occurrence,0,0.13681976064929,1.6654661893844604,wet,1
2024-03-01,3,NL341,Zeeuwsch-Vlaanderen,Wildfire Occurrence,0,0.19429959009442593,1.4342957735061646,wet,1
2024-04-01,4,NL341,Zeeuwsch-Vlaanderen,Wildfire Occurrence,0,0.33956496988041923,1.72164386510849,wet,1
2024-05-01,5,NL341,Zeeuwsch-Vlaanderen,Wildfire Occurrence,0,0.5204472674648661,2.0468907356262207,wet,1
2024-06-01,6,NL341,Zeeuwsch-Vlaanderen,Wildfire Occurrence,0,0.45642548756375384,2.511785864830017,wet,1
2024-07-01,7,NL341,Zeeuwsch-Vlaanderen,Wildfire Occurrence,0,0.25155935732117557,2.5947717428207397,wet,1
2024-08-01,8,NL341,Zeeuwsch-Vlaanderen,Wildfire Occurrence,0,0.19425556405902583,2.2865796089172363,wet,1
2024-09-01,9,NL341,Zeeuwsch-Vlaanderen,Wildfire Occurrence,0,0.12173869333868738,2.4733811616897583,wet,1
2024-10-01,10,NL341,Zeeuwsch-Vlaanderen,Wildfire Occurrence,0,0.060424680560998596,2.181926131248474,wet,1
2024-11-01,11,NL341,Zeeuwsch-Vlaanderen,Wildfire Occurrence,0,0.03431423117595668,1.6795973777770996,wet,1
2024-12-01,12,NL341,Zeeuwsch-Vlaanderen,Wildfire Occurrence,0,0.04444141752682902,1.661611557006836,wet,1
2025-01-01,1,NL341,Zeeuwsch-Vlaanderen,Wildfire Occurrence,0,0.0987610243046973,1.6901467442512512,wet,1
2025-02-01,2,NL341,Zeeuwsch-Vlaanderen,Wildfire Occurrence,1,0.1451380022367755,1.1577122211456299,wet,1
2025-03-01,3,NL341,Zeeuwsch-Vlaanderen,Wildfire Occurrence,0,0.4111075491000788,0.565402165055275,near_normal,1
2025-04-01,4,NL341,Zeeuwsch-Vlaanderen,Wildfire Occurrence,1,0.33991943789495865,-0.27620716392993927,near_normal,1
2025-05-01,5,NL341,Zeeuwsch-Vlaanderen,Wildfire Occurrence,0,0.32459081786684574,-1.0510993003845215,dry,1
2025-06-01,6,NL341,Zeeuwsch-Vlaanderen,Wildfire Occurrence,0,0.2704493420797307,-1.2060883045196533,dry,1
2025-07-01,7,NL341,Zeeuwsch-Vlaanderen,Wildfire Occurrence,0,0.14942249202228908,-1.3016448020935059,dry,1
2025-08-01,8,NL341,Zeeuwsch-Vlaanderen,Wildfire Occurrence,0,0.17226662153853262,-1.7224125266075134,dry,1
2025-09-01,9,NL341,Zeeuwsch-Vlaanderen,Wildfire Occurrence,0,0.01966702595082115,-2.1238150596618652,dry,1
2024-01-01,1,NL342,Overig Zeeland,Wildfire Occurrence,0,0.10423162812654053,1.3286210298538208,wet,1
2024-02-01,2,NL342,Overig Zeeland,Wildfire Occurrence,0,0.18489158968996633,1.7934848070144653,wet,1
2024-03-01,3,NL342,Overig Zeeland,Wildfire Occurrence,0,0.2213625225352716,1.4659996032714844,wet,1
2024-04-01,4,NL342,Overig Zeeland,Wildfire Occurrence,0,0.3796639126614797,1.6179192066192627,wet,1
2024-05-01,5,NL342,Overig Zeeland,Wildfire Occurrence,0,0.5374313302287388,2.0807783603668213,wet,1
2024-06-01,6,NL342,Overig Zeeland,Wildfire Occurrence,0,0.48435600661397615,2.572701930999756,wet,1
2024-07-01,7,NL342,Overig Zeeland,Wildfire Occurrence,0,0.28706032938760934,2.9837281703948975,wet,1
2024-08-01,8,NL342,Overig Zeeland,Wildfire Occurrence,0,0.21549751232504305,2.67411470413208,wet,1
2024-09-01,9,NL342,Overig Zeeland,Wildfire Occurrence,0,0.13360092236709117,2.8608145713806152,wet,1
2024-10-01,10,NL342,Overig Zeeland,Wildfire Occurrence,0,0.06784497302599571,2.296290636062622,wet,1
2024-11-01,11,NL342,Overig Zeeland,Wildfire Occurrence,0,0.04316111200272641,1.8551033735275269,wet,1
2024-12-01,12,NL342,Overig Zeeland,Wildfire Occurrence,0,0.0474875032941086,1.8005717992782593,wet,1
2025-01-01,1,NL342,Overig Zeeland,Wildfire Occurrence,0,0.09010785084989364,1.798425555229187,wet,1
2025-02-01,2,NL342,Overig Zeeland,Wildfire Occurrence,0,0.14154958408227974,1.329056739807129,wet,1
2025-03-01,3,NL342,Overig Zeeland,Wildfire Occurrence,0,0.33352148319589014,0.8654971122741699,near_normal,1
2025-04-01,4,NL342,Overig Zeeland,Wildfire Occurrence,0,0.36697675966650284,0.127136692404747,near_normal,1
2025-05-01,5,NL342,Overig Zeeland,Wildfire Occurrence,0,0.3866482519960443,-0.8692893981933594,near_normal,1
2025-06-01,6,NL342,Overig Zeeland,Wildfire Occurrence,0,0.2785765242713765,-1.1390583515167236,dry,1
2025-07-01,7,NL342,Overig Zeeland,Wildfire Occurrence,0,0.13577792196745264,-1.3374229669570923,dry,1
2025-08-01,8,NL342,Overig Zeeland,Wildfire Occurrence,0,0.19130586166494987,-1.7264788150787354,dry,1
2025-09-01,9,NL342,Overig Zeeland,Wildfire Occurrence,0,0.022381469681968573,-2.0268850326538086,dry,1
2024-01-01,1,NL411,West-Noord-Brabant,Wildfire Occurrence,0,0.3304936183510941,1.4279340207576752,wet,1
2024-02-01,2,NL411,West-Noord-Brabant,Wildfire Occurrence,0,0.48070169161608806,1.9115989208221436,wet,1
2024-03-01,3,NL411,West-Noord-Brabant,Wildfire Occurrence,0,0.5755202928841386,1.5701760351657867,wet,1
2024-04-01,4,NL411,West-Noord-Brabant,Wildfire Occurrence,0,0.7251540841249878,1.794410079717636,wet,1
2024-05-01,5,NL411,West-Noord-Brabant,Wildfire Occurrence,0,0.8436651343320213,2.1759976744651794,wet,1
2024-06-01,6,NL411,West-Noord-Brabant,Wildfire Occurrence,0,0.7837401414216792,2.6817938685417175,wet,1
2024-07-01,7,NL411,West-Noord-Brabant,Wildfire Occurrence,0,0.6355884511140024,3.1869431138038635,wet,1
2024-08-01,8,NL411,West-Noord-Brabant,Wildfire Occurrence,0,0.5368468510094754,2.5752928256988525,wet,1
2024-09-01,9,NL411,West-Noord-Brabant,Wildfire Occurrence,0,0.4320669425679847,3.2261340022087097,wet,1
2024-10-01,10,NL411,West-Noord-Brabant,Wildfire Occurrence,0,0.23308920297957936,2.4958202242851257,wet,1
2024-11-01,11,NL411,West-Noord-Brabant,Wildfire Occurrence,0,0.17431359974861357,1.9934806823730469,wet,1
2024-12-01,12,NL411,West-Noord-Brabant,Wildfire Occurrence,0,0.16848235917548735,1.8938453793525696,wet,1
2025-01-01,1,NL411,West-Noord-Brabant,Wildfire Occurrence,0,0.3182742698273993,1.9489366114139557,wet,1
2025-02-01,2,NL411,West-Noord-Brabant,Wildfire Occurrence,0,0.4205320025630911,1.4912947714328766,wet,1
2025-03-01,3,NL411,West-Noord-Brabant,Wildfire Occurrence,0,0.6965593185174627,1.0794287621974945,wet,1
2025-04-01,4,NL411,West-Noord-Brabant,Wildfire Occurrence,0,0.7038198209928774,0.3902544379234314,near_normal,1
2025-05-01,5,NL411,West-Noord-Brabant,Wildfire Occurrence,0,0.7713842980918242,-0.6107541918754578,near_normal,1
2025-06-01,6,NL411,West-Noord-Brabant,Wildfire Occurrence,0,0.7144095508879937,-0.9553556591272354,near_normal,1
2025-07-01,7,NL411,West-Noord-Brabant,Wildfire Occurrence,0,0.37991265009192937,-1.197560876607895,dry,1
2025-08-01,8,NL411,West-Noord-Brabant,Wildfire Occurrence,0,0.50529726857264,-1.7818401753902435,dry,1
2025-09-01,9,NL411,West-Noord-Brabant,Wildfire Occurrence,0,0.06882900348431215,-1.944325178861618,dry,1
2024-01-01,1,NL412,Midden-Noord-Brabant,Wildfire Occurrence,0,0.3787908617599314,1.5439085960388184,wet,1
2024-02-01,2,NL412,Midden-Noord-Brabant,Wildfire Occurrence,0,0.5242854711488191,2.0561699867248535,wet,1
2024-03-01,3,NL412,Midden-Noord-Brabant,Wildfire Occurrence,0,0.6556250253500883,1.6683708429336548,wet,1
2024-04-01,4,NL412,Midden-Noord-Brabant,Wildfire Occurrence,0,0.7824342865522498,1.9227519035339355,wet,1
2024-05-01,5,NL412,Midden-Noord-Brabant,Wildfire Occurrence,0,0.8852804856189979,2.350119113922119,wet,1
2024-06-01,6,NL412,Midden-Noord-Brabant,Wildfire Occurrence,0,0.8478457132795534,2.7400357723236084,wet,1
2024-07-01,7,NL412,Midden-Noord-Brabant,Wildfire Occurrence,0,0.7027066998046451,3.3474960327148438,wet,1
2024-08-01,8,NL412,Midden-Noord-Brabant,Wildfire Occurrence,0,0.5928897870740707,2.595762252807617,wet,1
2024-09-01,9,NL412,Midden-Noord-Brabant,Wildfire Occurrence,0,0.4841230893067105,3.8588836193084717,wet,1
2024-10-01,10,NL412,Midden-Noord-Brabant,Wildfire Occurrence,0,0.2871840327751289,2.767239809036255,wet,1
2024-11-01,11,NL412,Midden-Noord-Brabant,Wildfire Occurrence,0,0.22059712843920967,2.2039122581481934,wet,1
2024-12-01,12,NL412,Midden-Noord-Brabant,Wildfire Occurrence,0,0.19987535019531663,2.016164541244507,wet,1
2025-01-01,1,NL412,Midden-Noord-Brabant,Wildfire Occurrence,0,0.3807704311334172,2.0861504077911377,wet,1
2025-02-01,2,NL412,Midden-Noord-Brabant,Wildfire Occurrence,0,0.48714416038597047,1.595111608505249,wet,1
2025-03-01,3,NL412,Midden-Noord-Brabant,Wildfire Occurrence,0,0.8023115497492229,1.174560785293579,wet,1
2025-04-01,4,NL412,Midden-Noord-Brabant,Wildfire Occurrence,0,0.7697382825284834,0.5439844131469727,near_normal,1
2025-05-01,5,NL412,Midden-Noord-Brabant,Wildfire Occurrence,0,0.8096721045590854,-0.45212289690971375,near_normal,1
2025-06-01,6,NL412,Midden-Noord-Brabant,Wildfire Occurrence,0,0.7872447056334473,-0.7468729019165039,near_normal,1
2025-07-01,7,NL412,Midden-Noord-Brabant,Wildfire Occurrence,0,0.4518082804215013,-1.0836814641952515,dry,1
2025-08-01,8,NL412,Midden-Noord-Brabant,Wildfire Occurrence,0,0.5585689681017423,-1.6820485591888428,dry,1
2025-09-01,9,NL412,Midden-Noord-Brabant,Wildfire Occurrence,0,0.1028688643347742,-1.6659215688705444,dry,1
2024-01-01,1,NL413,Noordoost-Noord-Brabant,Wildfire Occurrence,0,0.39497972558896216,1.7263375918070476,wet,1
2024-02-01,2,NL413,Noordoost-Noord-Brabant,Wildfire Occurrence,0,0.519335325372994,2.301957845687866,wet,1
2024-03-01,3,NL413,Noordoost-Noord-Brabant,Wildfire Occurrence,0,0.6851910754113377,1.7595105568567913,wet,1
2024-04-01,4,NL413,Noordoost-Noord-Brabant,Wildfire Occurrence,0,0.7927446578096798,1.9506117502848308,wet,1
2024-05-01,5,NL413,Noordoost-Noord-Brabant,Wildfire Occurrence,0,0.9019066304200113,2.5292108058929443,wet,1
2024-06-01,6,NL413,Noordoost-Noord-Brabant,Wildfire Occurrence,0,0.8698600862724732,2.860475540161133,wet,1
2024-07-01,7,NL413,Noordoost-Noord-Brabant,Wildfire Occurrence,0,0.6778178106377959,3.60351292292277,wet,1
2024-08-01,8,NL413,Noordoost-Noord-Brabant,Wildfire Occurrence,0,0.6158170301621175,2.6137571334838867,wet,1
2024-09-01,9,NL413,Noordoost-Noord-Brabant,Wildfire Occurrence,0,0.49232826845146044,3.99537460009257,wet,1
2024-10-01,10,NL413,Noordoost-Noord-Brabant,Wildfire Occurrence,0,0.25802338521154705,2.824659744898478,wet,1
2024-11-01,11,NL413,Noordoost-Noord-Brabant,Wildfire Occurrence,0,0.1963910220183901,2.297260840733846,wet,1
2024-12-01,12,NL413,Noordoost-Noord-Brabant,Wildfire Occurrence,0,0.17334776877531693,2.027393857638041,wet,1
2025-01-01,1,NL413,Noordoost-Noord-Brabant,Wildfire Occurrence,0,0.32209966598132783,2.1666224797566733,wet,1
2025-02-01,2,NL413,Noordoost-Noord-Brabant,Wildfire Occurrence,0,0.47447486139315875,1.6576051712036133,wet,1
2025-03-01,3,NL413,Noordoost-Noord-Brabant,Wildfire Occurrence,1,0.832392631572478,1.1836046775182087,wet,1
2025-04-01,4,NL413,Noordoost-Noord-Brabant,Wildfire Occurrence,0,0.7663637225401291,0.6166368325551351,near_normal,1
2025-05-01,5,NL413,Noordoost-Noord-Brabant,Wildfire Occurrence,0,0.7997615951758525,-0.433600256840388,near_normal,1
2025-06-01,6,NL413,Noordoost-Noord-Brabant,Wildfire Occurrence,0,0.7857976203254403,-0.6352093617121378,near_normal,1
2025-07-01,7,NL413,Noordoost-Noord-Brabant,Wildfire Occurrence,0,0.5456790330984075,-0.9555245041847229,near_normal,1
2025-08-01,8,NL413,Noordoost-Noord-Brabant,Wildfire Occurrence,0,0.6070086266855711,-1.5380258957544963,dry,1
2025-09-01,9,NL413,Noordoost-Noord-Brabant,Wildfire Occurrence,0,0.20925976684737235,-1.4824391603469849,dry,1
2024-01-01,1,NL414,Zuidoost-Noord-Brabant,Wildfire Occurrence,0,0.38122006207471953,1.6660036146640778,wet,1
2024-02-01,2,NL414,Zuidoost-Noord-Brabant,Wildfire Occurrence,0,0.5187130890144317,2.2208192348480225,wet,1
2024-03-01,3,NL414,Zuidoost-Noord-Brabant,Wildfire Occurrence,0,0.6786618944288048,1.7530253231525421,wet,1
2024-04-01,4,NL414,Zuidoost-Noord-Brabant,Wildfire Occurrence,0,0.7918954386906192,1.9222524464130402,wet,1
2024-05-01,5,NL414,Zuidoost-Noord-Brabant,Wildfire Occurrence,0,0.8882118501680593,2.4804680943489075,wet,1
2024-06-01,6,NL414,Zuidoost-Noord-Brabant,Wildfire Occurrence,0,0.8625766984944678,2.8313465118408203,wet,1
2024-07-01,7,NL414,Zuidoost-Noord-Brabant,Wildfire Occurrence,0,0.6686673075602932,3.323698878288269,wet,1
2024-08-01,8,NL414,Zuidoost-Noord-Brabant,Wildfire Occurrence,0,0.5645007173766441,2.4005433320999146,wet,1
2024-09-01,9,NL414,Zuidoost-Noord-Brabant,Wildfire Occurrence,0,0.4562408782048653,3.6095246076583862,wet,1
2024-10-01,10,NL414,Zuidoost-Noord-Brabant,Wildfire Occurrence,0,0.23331385410444322,2.8009841442108154,wet,1
2024-11-01,11,NL414,Zuidoost-Noord-Brabant,Wildfire Occurrence,0,0.18118119834630378,2.219056189060211,wet,1
2024-12-01,12,NL414,Zuidoost-Noord-Brabant,Wildfire Occurrence,0,0.1721136787736042,2.0562921166419983,wet,1
2025-01-01,1,NL414,Zuidoost-Noord-Brabant,Wildfire Occurrence,0,0.35910603977999495,2.2320687770843506,wet,1
2025-02-01,2,NL414,Zuidoost-Noord-Brabant,Wildfire Occurrence,0,0.4752534434923059,1.7058507800102234,wet,1
2025-03-01,3,NL414,Zuidoost-Noord-Brabant,Wildfire Occurrence,1,0.7801465893721606,1.2108392715454102,wet,1
2025-04-01,4,NL414,Zuidoost-Noord-Brabant,Wildfire Occurrence,1,0.7716778198894799,0.6923550665378571,near_normal,1
2025-05-01,5,NL414,Zuidoost-Noord-Brabant,Wildfire Occurrence,0,0.7725026111401403,-0.4158538803458214,near_normal,1
2025-06-01,6,NL414,Zuidoost-Noord-Brabant,Wildfire Occurrence,0,0.75597769373805,-0.6612778455018997,near_normal,1
2025-07-01,7,NL414,Zuidoost-Noord-Brabant,Wildfire Occurrence,1,0.5281092965720393,-1.0086569488048553,dry,1
2025-08-01,8,NL414,Zuidoost-Noord-Brabant,Wildfire Occurrence,0,0.642909708831339,-1.6495905816555023,dry,1
2025-09-01,9,NL414,Zuidoost-Noord-Brabant,Wildfire Occurrence,0,0.21530500354001725,-1.5304934084415436,dry,1
2024-01-01,1,NL421,Noord-Limburg,Wildfire Occurrence,0,0.34571870415340683,1.8593108654022217,wet,1
2024-02-01,2,NL421,Noord-Limburg,Wildfire Occurrence,0,0.44932194588204966,2.512042760848999,wet,1
2024-03-01,3,NL421,Noord-Limburg,Wildfire Occurrence,0,0.6305946100432281,1.865483283996582,wet,1
2024-04-01,4,NL421,Noord-Limburg,Wildfire Occurrence,0,0.7558663529918556,1.9734376668930054,wet,1
2024-05-01,5,NL421,Noord-Limburg,Wildfire Occurrence,0,0.8754842763418069,2.605700731277466,wet,1
2024-06-01,6,NL421,Noord-Limburg,Wildfire Occurrence,0,0.810956996006062,2.8035495281219482,wet,1
2024-07-01,7,NL421,Noord-Limburg,Wildfire Occurrence,0,0.5553425379482207,3.2032430171966553,wet,1
2024-08-01,8,NL421,Noord-Limburg,Wildfire Occurrence,0,0.44280002810314906,2.251657724380493,wet,1
2024-09-01,9,NL421,Noord-Limburg,Wildfire Occurrence,0,0.3887060801949852,3.5400261878967285,wet,1
2024-10-01,10,NL421,Noord-Limburg,Wildfire Occurrence,0,0.1945778997980648,2.855512857437134,wet,1
2024-11-01,11,NL421,Noord-Limburg,Wildfire Occurrence,0,0.13439272956470097,2.196915864944458,wet,1
2024-12-01,12,NL421,Noord-Limburg,Wildfire Occurrence,0,0.1380671548462449,2.03786039352417,wet,1
2025-01-01,1,NL421,Noord-Limburg,Wildfire Occurrence,0,0.28752584575785667,2.306771755218506,wet,1
2025-02-01,2,NL421,Noord-Limburg,Wildfire Occurrence,0,0.4226727526310808,1.68009352684021,wet,1
2025-03-01,3,NL421,Noord-Limburg,Wildfire Occurrence,1,0.7822462180636104,1.0877587795257568,wet,1
2025-04-01,4,NL421,Noord-Limburg,Wildfire Occurrence,0,0.7110164676524097,0.6619554162025452,near_normal,1
2025-05-01,5,NL421,Noord-Limburg,Wildfire Occurrence,1,0.7102095622729966,-0.44544780254364014,near_normal,1
2025-06-01,6,NL421,Noord-Limburg,Wildfire Occurrence,0,0.6864907547259622,-0.5798614025115967,near_normal,1
2025-07-01,7,NL421,Noord-Limburg,Wildfire Occurrence,0,0.5551201137872249,-0.800941526889801,near_normal,1
2025-08-01,8,NL421,Noord-Limburg,Wildfire Occurrence,0,0.6716095228187644,-1.2454304695129395,dry,1
2025-09-01,9,NL421,Noord-Limburg,Wildfire Occurrence,0,0.2308316221364466,-1.325162410736084,dry,1
2024-01-01,1,NL422,Midden-Limburg,Wildfire Occurrence,0,0.3269323423773765,1.595084309577942,wet,1
2024-02-01,2,NL422,Midden-Limburg,Wildfire Occurrence,0,0.4611743032699836,2.1346378326416016,wet,1
2024-03-01,3,NL422,Midden-Limburg,Wildfire Occurrence,0,0.6189598662363814,1.6730749607086182,wet,1
2024-04-01,4,NL422,Midden-Limburg,Wildfire Occurrence,0,0.7318913806632201,1.7786504030227661,wet,1
2024-05-01,5,NL422,Midden-Limburg,Wildfire Occurrence,0,0.8630291671388536,2.3970389366149902,wet,1
2024-06-01,6,NL422,Midden-Limburg,Wildfire Occurrence,0,0.8301239275943287,2.6647117137908936,wet,1
2024-07-01,7,NL422,Midden-Limburg,Wildfire Occurrence,0,0.6419872050136796,2.893308162689209,wet,1
2024-08-01,8,NL422,Midden-Limburg,Wildfire Occurrence,0,0.46061934307014135,2.179447650909424,wet,1
2024-09-01,9,NL422,Midden-Limburg,Wildfire Occurrence,0,0.38564363763810394,3.121680974960327,wet,1
2024-10-01,10,NL422,Midden-Limburg,Wildfire Occurrence,0,0.1692306884394641,2.612539768218994,wet,1
2024-11-01,11,NL422,Midden-Limburg,Wildfire Occurrence,0,0.11938984517262462,2.029146194458008,wet,1
2024-12-01,12,NL422,Midden-Limburg,Wildfire Occurrence,0,0.1260462805838382,1.9572449922561646,wet,1
2025-01-01,1,NL422,Midden-Limburg,Wildfire Occurrence,0,0.28145044931916635,2.3007307052612305,wet,1
2025-02-01,2,NL422,Midden-Limburg,Wildfire Occurrence,1,0.43491273957338933,1.6659852266311646,wet,1
2025-03-01,3,NL422,Midden-Limburg,Wildfire Occurrence,1,0.7282784308995047,1.1294753551483154,wet,1
2025-04-01,4,NL422,Midden-Limburg,Wildfire Occurrence,0,0.7153383994481295,0.6900760531425476,near_normal,1
2025-05-01,5,NL422,Midden-Limburg,Wildfire Occurrence,0,0.7032009656066814,-0.4340934157371521,near_normal,1
2025-06-01,6,NL422,Midden-Limburg,Wildfire Occurrence,0,0.6781910950784862,-0.5961017608642578,near_normal,1
2025-07-01,7,NL422,Midden-Limburg,Wildfire Occurrence,0,0.5336651247930952,-0.7561391592025757,near_normal,1
2025-08-01,8,NL422,Midden-Limburg,Wildfire Occurrence,0,0.655297474956755,-1.2596315145492554,dry,1
2025-09-01,9,NL422,Midden-Limburg,Wildfire Occurrence,0,0.21754631205588687,-1.256527304649353,dry,1
2024-01-01,1,NL423,Zuid-Limburg,Wildfire Occurrence,0,0.3098578518087288,1.4646683931350708,wet,1
2024-02-01,2,NL423,Zuid-Limburg,Wildfire Occurrence,0,0.4512107956744294,1.9057672023773193,wet,1
2024-03-01,3,NL423,Zuid-Limburg,Wildfire Occurrence,0,0.523603033994537,1.4721426963806152,wet,1
2024-04-01,4,NL423,Zuid-Limburg,Wildfire Occurrence,0,0.7152082133278512,1.6109375953674316,wet,1
2024-05-01,5,NL423,Zuid-Limburg,Wildfire Occurrence,0,0.8548990927353066,2.2602717876434326,wet,1
2024-06-01,6,NL423,Zuid-Limburg,Wildfire Occurrence,0,0.8041150750286675,2.4993674755096436,wet,1
2024-07-01,7,NL423,Zuid-Limburg,Wildfire Occurrence,0,0.6510585995376559,2.575399398803711,wet,1
2024-08-01,8,NL423,Zuid-Limburg,Wildfire Occurrence,0,0.5153665735764299,2.1789464950561523,wet,1
2024-09-01,9,NL423,Zuid-Limburg,Wildfire Occurrence,0,0.39166513745382725,2.988447666168213,wet,1
2024-10-01,10,NL423,Zuid-Limburg,Wildfire Occurrence,0,0.18834636791779316,2.581728458404541,wet,1
2024-11-01,11,NL423,Zuid-Limburg,Wildfire Occurrence,0,0.1115147122211417,2.0978105068206787,wet,1
2024-12-01,12,NL423,Zuid-Limburg,Wildfire Occurrence,0,0.11251630590267005,2.107192277908325,wet,1
2025-01-01,1,NL423,Zuid-Limburg,Wildfire Occurrence,0,0.24834105352004007,2.49822735786438,wet,1
2025-02-01,2,NL423,Zuid-Limburg,Wildfire Occurrence,0,0.4340863586977835,1.7681748867034912,wet,1
2025-03-01,3,NL423,Zuid-Limburg,Wildfire Occurrence,1,0.7284298724624733,1.286401629447937,wet,1
2025-04-01,4,NL423,Zuid-Limburg,Wildfire Occurrence,0,0.634900956796534,0.8446741700172424,near_normal,1
2025-05-01,5,NL423,Zuid-Limburg,Wildfire Occurrence,0,0.6880152803662297,-0.30450639128685,near_normal,1
2025-06-01,6,NL423,Zuid-Limburg,Wildfire Occurrence,0,0.644946985625953,-0.48462241888046265,near_normal,1
2025-07-01,7,NL423,Zuid-Limburg,Wildfire Occurrence,0,0.568088262416826,-0.5175946354866028,near_normal,1
2025-08-01,8,NL423,Zuid-Limburg,Wildfire Occurrence,0,0.5965919252301105,-1.1383399963378906,dry,1
2025-09-01,9,NL423,Zuid-Limburg,Wildfire Occurrence,0,0.16453829523392155,-1.2109681367874146,dry,1
