year_month,month,nuts3_id,nuts3_name,class,y_true,y_score,spei_12,drought_bin,horizon
2023-12-01,12,NL111,Oost-Groningen,Crop Failure & Yield Reduction,0,0.09461041653667432,1.8038720488548279,wet,1
2024-01-01,1,NL111,Oost-Groningen,Crop Failure & Yield Reduction,0,0.11803888317925293,1.811567783355713,wet,1
2024-02-01,2,NL111,Oost-Groningen,Crop Failure & Yield Reduction,0,0.13829725555628183,1.99618661403656,wet,1
2024-03-01,3,NL111,Oost-Groningen,Crop Failure & Yield Reduction,0,0.15709647151213188,1.6847506165504456,wet,1
2024-04-01,4,NL111,Oost-Groningen,Crop Failure & Yield Reduction,0,0.20653085483274958,1.9079570770263672,wet,1
2024-05-01,5,NL111,Oost-Groningen,Crop Failure & Yield Reduction,0,0.42063629974522565,2.1447561979293823,wet,1
2024-06-01,6,NL111,Oost-Groningen,Crop Failure & Yield Reduction,0,0.49553781229519317,2.7947285175323486,wet,1
2024-07-01,7,NL111,Oost-Groningen,Crop Failure & Yield Reduction,0,0.4350537113344786,2.7147164344787598,wet,1
2024-08-01,8,NL111,Oost-Groningen,Crop Failure & Yield Reduction,0,0.4679914799306037,2.659160852432251,wet,1
2024-09-01,9,NL111,Oost-Groningen,Crop Failure & Yield Reduction,0,0.40110156833815014,2.968327760696411,wet,1
2024-10-01,10,NL111,Oost-Groningen,Crop Failure & Yield Reduction,0,0.24857683790257862,1.971750020980835,wet,1
2024-11-01,11,NL111,Oost-Groningen,Crop Failure & Yield Reduction,0,0.20613417625090347,1.6035258769989014,wet,1
2024-12-01,12,NL111,Oost-Groningen,Crop Failure & Yield Reduction,0,0.16830224041447925,1.1509708762168884,wet,1
2025-01-01,1,NL111,Oost-Groningen,Crop Failure & Yield Reduction,0,0.2359101265839898,1.0549432635307312,wet,1
2025-02-01,2,NL111,Oost-Groningen,Crop Failure & Yield Reduction,1,0.23386338005239593,0.49514587223529816,near_normal,1
2025-03-01,3,NL111,Oost-Groningen,Crop Failure & Yield Reduction,0,0.46987553181859765,0.1761770248413086,near_normal,1
2025-04-01,4,NL111,Oost-Groningen,Crop Failure & Yield Reduction,0,0.5657273640522722,-0.4283472001552582,near_normal,1
2025-05-01,5,NL111,Oost-Groningen,Crop Failure & Yield Reduction,0,0.7124615982056332,-0.9174109697341919,near_normal,1
2025-06-01,6,NL111,Oost-Groningen,Crop Failure & Yield Reduction,0,0.7093536466520632,-0.9498004615306854,near_normal,1
2025-07-01,7,NL111,Oost-Groningen,Crop Failure & Yield Reduction,0,0.6118248308618113,-1.1780112385749817,dry,1
2025-08-01,8,NL111,Oost-Groningen,Crop Failure & Yield Reduction,0,0.7063943184965886,-1.31639963388443,dry,1
2025-09-01,9,NL111,Oost-Groningen,Crop Failure & Yield Reduction,0,0.34016322591671083,-1.4372192025184631,dry,1
2023-12-01,12,NL112,Delfzijl en omgeving,Crop Failure & Yield Reduction,0,0.15495070775260375,1.5477043390274048,wet,1
2024-01-01,1,NL112,Delfzijl en omgeving,Crop Failure & Yield Reduction,0,0.17560285448924728,1.5744563341140747,wet,1
2024-03-01,3,NL112,Delfzijl en omgeving,Crop Failure & Yield Reduction,0,0.23039907092508266,1.5986590385437012,wet,1
2024-04-01,4,NL112,Delfzijl en omgeving,Crop Failure & Yield Reduction,0,0.29381742588592125,1.7463241815567017,wet,1
2024-05-01,5,NL112,Delfzijl en omgeving,Crop Failure & Yield Reduction,0,0.5315495074386747,1.9306237697601318,wet,1
2024-06-01,6,NL112,Delfzijl en omgeving,Crop Failure & Yield Reduction,0,0.6075282012109054,2.5208699703216553,wet,1
2024-07-01,7,NL112,Delfzijl en omgeving,Crop Failure & Yield Reduction,0,0.5445908544658256,2.3603928089141846,wet,1
2024-08-01,8,NL112,Delfzijl en omgeving,Crop Failure & Yield Reduction,0,0.5901855153246817,2.3377909660339355,wet,1
2024-09-01,9,NL112,Delfzijl en omgeving,Crop Failure & Yield Reduction,0,0.5204309189568748,2.484579563140869,wet,1
2024-10-01,10,NL112,Delfzijl en omgeving,Crop Failure & Yield Reduction,0,0.3523792574818483,1.6715155839920044,wet,1
2024-11-01,11,NL112,Delfzijl en omgeving,Crop Failure & Yield Reduction,0,0.295897745960887,1.3462355136871338,wet,1
2024-12-01,12,NL112,Delfzijl en omgeving,Crop Failure & Yield Reduction,0,0.24446735701571004,0.9495850205421448,near_normal,1
2025-01-01,1,NL112,Delfzijl en omgeving,Crop Failure & Yield Reduction,0,0.3406312058692283,0.815735936164856,near_normal,1
2025-02-01,2,NL112,Delfzijl en omgeving,Crop Failure & Yield Reduction,0,0.33707166562799384,0.2707626223564148,near_normal,1
2025-03-01,3,NL112,Delfzijl en omgeving,Crop Failure & Yield Reduction,0,0.5405797438220432,-0.011577821336686611,near_normal,1
2025-04-01,4,NL112,Delfzijl en omgeving,Crop Failure & Yield Reduction,0,0.6539188140813821,-0.536076009273529,near_normal,1
2025-05-01,5,NL112,Delfzijl en omgeving,Crop Failure & Yield Reduction,0,0.7852484889250201,-0.8959609270095825,near_normal,1
2025-06-01,6,NL112,Delfzijl en omgeving,Crop Failure & Yield Reduction,0,0.7846468833173493,-0.9709566235542297,near_normal,1
2025-07-01,7,NL112,Delfzijl en omgeving,Crop Failure & Yield Reduction,0,0.7243156280735485,-1.2213053703308105,dry,1
2025-08-01,8,NL112,Delfzijl en omgeving,Crop Failure & Yield Reduction,0,0.7401323943317788,-1.3407152891159058,dry,1
2025-09-01,9,NL112,Delfzijl en omgeving,Crop Failure & Yield Reduction,0,0.46601071305650893,-1.4633549451828003,dry,1
2023-12-01,12,NL113,Overig Groningen,Crop Failure & Yield Reduction,0,0.10915568274559766,1.576159675916036,wet,1
2024-01-01,1,NL113,Overig Groningen,Crop Failure & Yield Reduction,0,0.13387248389866455,1.553696870803833,wet,1
2024-02-01,2,NL113,Overig Groningen,Crop Failure & Yield Reduction,0,0.14346478690252137,1.8252516984939575,wet,1
2024-03-01,3,NL113,Overig Groningen,Crop Failure & Yield Reduction,0,0.1747163466121071,1.5759201447168987,wet,1
2024-04-01,4,NL113,Overig Groningen,Crop Failure & Yield Reduction,0,0.2193390142170399,1.7591425975163777,wet,1
2024-05-01,5,NL113,Overig Groningen,Crop Failure & Yield Reduction,0,0.4506958339065477,1.9804979960123699,wet,1
2024-06-01,6,NL113,Overig Groningen,Crop Failure & Yield Reduction,0,0.5289114179462198,2.5567835172017417,wet,1
2024-07-01,7,NL113,Overig Groningen,Crop Failure & Yield Reduction,0,0.4658859148950834,2.325056314468384,wet,1
2024-08-01,8,NL113,Overig Groningen,Crop Failure & Yield Reduction,0,0.5031020715177174,2.289264678955078,wet,1
2024-09-01,9,NL113,Overig Groningen,Crop Failure & Yield Reduction,0,0.41901801194985683,2.4607760111490884,wet,1
2024-10-01,10,NL113,Overig Groningen,Crop Failure & Yield Reduction,0,0.281200740240874,1.74251393477122,wet,1
2024-11-01,11,NL113,Overig Groningen,Crop Failure & Yield Reduction,0,0.22553308079774947,1.3726389805475872,wet,1
2024-12-01,12,NL113,Overig Groningen,Crop Failure & Yield Reduction,0,0.18353063632037706,0.9944103360176086,near_normal,1
2025-01-01,1,NL113,Overig Groningen,Crop Failure & Yield Reduction,0,0.2598896672576627,0.8821484843889872,near_normal,1
2025-02-01,2,NL113,Overig Groningen,Crop Failure & Yield Reduction,0,0.26304613318636993,0.31073737144470215,near_normal,1
2025-03-01,3,NL113,Overig Groningen,Crop Failure & Yield Reduction,0,0.4691597794334856,0.035581901048620544,near_normal,1
2025-04-01,4,NL113,Overig Groningen,Crop Failure & Yield Reduction,0,0.5650032683609121,-0.45748992760976154,near_normal,1
2025-05-01,5,NL113,Overig Groningen,Crop Failure & Yield Reduction,0,0.7207294951775097,-0.8022730549176534,near_normal,1
2025-06-01,6,NL113,Overig Groningen,Crop Failure & Yield Reduction,0,0.7291652870739598,-0.9125909010569254,near_normal,1
2025-07-01,7,NL113,Overig Groningen,Crop Failure & Yield Reduction,0,0.6601526855587435,-1.1193293333053589,dry,1
2025-08-01,8,NL113,Overig Groningen,Crop Failure & Yield Reduction,0,0.7199163594816417,-1.2605481147766113,dry,1
2025-09-01,9,NL113,Overig Groningen,Crop Failure & Yield Reduction,0,0.3849881794737673,-1.4358088970184326,dry,1
2023-12-01,12,NL124,Noord-Friesland,Crop Failure & Yield Reduction,0,0.15061522004712555,1.4863542318344116,wet,1
2024-01-01,1,NL124,Noord-Friesland,Crop Failure & Yield Reduction,0,0.19889203413782175,1.3574422895908356,wet,1
2024-02-01,2,NL124,Noord-Friesland,Crop Failure & Yield Reduction,0,0.2040714935259055,1.7159639298915863,wet,1
2024-03-01,3,NL124,Noord-Friesland,Crop Failure & Yield Reduction,0,0.25991671706049096,1.4683093130588531,wet,1
2024-04-01,4,NL124,Noord-Friesland,Crop Failure & Yield Reduction,0,0.3220558558872156,1.7018274664878845,wet,1
2024-05-01,5,NL124,Noord-Friesland,Crop Failure & Yield Reduction,0,0.5901074712637834,1.886545330286026,wet,1
2024-06-01,6,NL124,Noord-Friesland,Crop Failure & Yield Reduction,1,0.6482875661915166,2.4364304542541504,wet,1
2024-07-01,7,NL124,Noord-Friesland,Crop Failure & Yield Reduction,0,0.5553183690619408,2.1045264899730682,wet,1
2024-08-01,8,NL124,Noord-Friesland,Crop Failure & Yield Reduction,0,0.6183615319460888,2.0753729045391083,wet,1
2024-09-01,9,NL124,Noord-Friesland,Crop Failure & Yield Reduction,0,0.5103975847808045,2.2301748991012573,wet,1
2024-10-01,10,NL124,Noord-Friesland,Crop Failure & Yield Reduction,0,0.37722069000989467,1.551231563091278,wet,1
2024-11-01,11,NL124,Noord-Friesland,Crop Failure & Yield Reduction,0,0.30610090553774527,1.0981620252132416,wet,1
2024-12-01,12,NL124,Noord-Friesland,Crop Failure & Yield Reduction,0,0.2577213451321182,0.7735436260700226,near_normal,1
2025-01-01,1,NL124,Noord-Friesland,Crop Failure & Yield Reduction,0,0.3494122749771407,0.6505173146724701,near_normal,1
2025-02-01,2,NL124,Noord-Friesland,Crop Failure & Yield Reduction,0,0.36478873443829124,0.10699054750148207,near_normal,1
2025-03-01,3,NL124,Noord-Friesland,Crop Failure & Yield Reduction,0,0.6014674096854978,-0.16945494152605534,near_normal,1
2025-04-01,4,NL124,Noord-Friesland,Crop Failure & Yield Reduction,1,0.6573329152609162,-0.7064715921878815,near_normal,1
2025-05-01,5,NL124,Noord-Friesland,Crop Failure & Yield Reduction,1,0.7983789357172797,-0.9263435304164886,near_normal,1
2025-06-01,6,NL124,Noord-Friesland,Crop Failure & Yield Reduction,0,0.8047804528756838,-1.0629418939352036,dry,1
2025-07-01,7,NL124,Noord-Friesland,Crop Failure & Yield Reduction,1,0.76202462295112,-1.2299838960170746,dry,1
2025-08-01,8,NL124,Noord-Friesland,Crop Failure & Yield Reduction,0,0.7908844473690118,-1.4811941981315613,dry,1
2025-09-01,9,NL124,Noord-Friesland,Crop Failure & Yield Reduction,0,0.49825586543224226,-1.572517216205597,dry,1
2023-12-01,12,NL125,Zuidwest-Friesland,Crop Failure & Yield Reduction,0,0.05291270158990985,1.63624769449234,wet,1
2024-01-01,1,NL125,Zuidwest-Friesland,Crop Failure & Yield Reduction,0,0.07962176018031113,1.4139912724494934,wet,1
2024-02-01,2,NL125,Zuidwest-Friesland,Crop Failure & Yield Reduction,0,0.08613883909560749,1.7786154747009277,wet,1
2024-03-01,3,NL125,Zuidwest-Friesland,Crop Failure & Yield Reduction,0,0.11495800848038693,1.5638866424560547,wet,1
2024-04-01,4,NL125,Zuidwest-Friesland,Crop Failure & Yield Reduction,0,0.15590089796336448,1.8326656818389893,wet,1
2024-05-01,5,NL125,Zuidwest-Friesland,Crop Failure & Yield Reduction,0,0.314501372153024,2.1068438291549683,wet,1
2024-06-01,6,NL125,Zuidwest-Friesland,Crop Failure & Yield Reduction,0,0.37355329828848205,2.634555220603943,wet,1
2024-07-01,7,NL125,Zuidwest-Friesland,Crop Failure & Yield Reduction,0,0.2656453721861826,2.177721381187439,wet,1
2024-08-01,8,NL125,Zuidwest-Friesland,Crop Failure & Yield Reduction,0,0.2982201748747574,2.1380834579467773,wet,1
2024-09-01,9,NL125,Zuidwest-Friesland,Crop Failure & Yield Reduction,0,0.2119084354909575,2.2827683687210083,wet,1
2024-10-01,10,NL125,Zuidwest-Friesland,Crop Failure & Yield Reduction,0,0.1546604267340408,1.732323706150055,wet,1
2024-11-01,11,NL125,Zuidwest-Friesland,Crop Failure & Yield Reduction,0,0.13515963746584045,1.1893419027328491,wet,1
2024-12-01,12,NL125,Zuidwest-Friesland,Crop Failure & Yield Reduction,0,0.11280143427009386,0.9064917862415314,near_normal,1
2025-01-01,1,NL125,Zuidwest-Friesland,Crop Failure & Yield Reduction,0,0.1535207698898842,0.7681446671485901,near_normal,1
2025-02-01,2,NL125,Zuidwest-Friesland,Crop Failure & Yield Reduction,0,0.17266559075619836,0.15459422394633293,near_normal,1
2025-03-01,3,NL125,Zuidwest-Friesland,Crop Failure & Yield Reduction,0,0.3708148555816165,-0.20276711881160736,near_normal,1
2025-04-01,4,NL125,Zuidwest-Friesland,Crop Failure & Yield Reduction,0,0.37521330362992855,-0.842517763376236,near_normal,1
2025-05-01,5,NL125,Zuidwest-Friesland,Crop Failure & Yield Reduction,0,0.5329995964157028,-1.0782914757728577,dry,1
2025-06-01,6,NL125,Zuidwest-Friesland,Crop Failure & Yield Reduction,0,0.5203634167340876,-1.1937094926834106,dry,1
2025-07-01,7,NL125,Zuidwest-Friesland,Crop Failure & Yield Reduction,0,0.4809370620948356,-1.2997994422912598,dry,1
2025-08-01,8,NL125,Zuidwest-Friesland,Crop Failure & Yield Reduction,1,0.5167739527910287,-1.5020229816436768,dry,1
2025-09-01,9,NL125,Zuidwest-Friesland,Crop Failure & Yield Reduction,0,0.24465725932527824,-1.550790548324585,dry,1
2023-12-01,12,NL126,Zuidoost-Friesland,Crop Failure & Yield Reduction,0,0.06540923459944176,1.6415513753890991,wet,1
2024-01-01,1,NL126,Zuidoost-Friesland,Crop Failure & Yield Reduction,0,0.09012609991619995,1.545999010403951,wet,1
2024-03-01,3,NL126,Zuidoost-Friesland,Crop Failure & Yield Reduction,0,0.11801225291125912,1.5629839499791462,wet,1
2024-04-01,4,NL126,Zuidoost-Friesland,Crop Failure & Yield Reduction,0,0.1509461690034417,1.7216502825419109,wet,1
2024-05-01,5,NL126,Zuidoost-Friesland,Crop Failure & Yield Reduction,0,0.33985307427930606,2.123636484146118,wet,1
2024-06-01,6,NL126,Zuidoost-Friesland,Crop Failure & Yield Reduction,0,0.416764399750599,2.8139727115631104,wet,1
2024-07-01,7,NL126,Zuidoost-Friesland,Crop Failure & Yield Reduction,0,0.33410905522270373,2.4634934266408286,wet,1
2024-08-01,8,NL126,Zuidoost-Friesland,Crop Failure & Yield Reduction,0,0.36313508253388016,2.2954910596211753,wet,1
2024-09-01,9,NL126,Zuidoost-Friesland,Crop Failure & Yield Reduction,0,0.2755519246099087,2.6972495714823403,wet,1
2024-10-01,10,NL126,Zuidoost-Friesland,Crop Failure & Yield Reduction,0,0.16974405658592376,1.9253834088643391,wet,1
2024-11-01,11,NL126,Zuidoost-Friesland,Crop Failure & Yield Reduction,0,0.15384044622771964,1.4363560279210408,wet,1
2024-12-01,12,NL126,Zuidoost-Friesland,Crop Failure & Yield Reduction,0,0.12264075516500231,1.123047669728597,wet,1
2025-01-01,1,NL126,Zuidoost-Friesland,Crop Failure & Yield Reduction,0,0.16038293522127742,1.0151313543319702,wet,1
2025-02-01,2,NL126,Zuidoost-Friesland,Crop Failure & Yield Reduction,0,0.17430177710458014,0.39727561672528583,near_normal,1
2025-03-01,3,NL126,Zuidoost-Friesland,Crop Failure & Yield Reduction,0,0.37169365666105764,0.04762745307137569,near_normal,1
2025-04-01,4,NL126,Zuidoost-Friesland,Crop Failure & Yield Reduction,0,0.44121576943212193,-0.49264203508694965,near_normal,1
2025-05-01,5,NL126,Zuidoost-Friesland,Crop Failure & Yield Reduction,0,0.6041447399626227,-0.9436053037643433,near_normal,1
2025-06-01,6,NL126,Zuidoost-Friesland,Crop Failure & Yield Reduction,0,0.6028958713293894,-1.055333097775777,dry,1
2025-07-01,7,NL126,Zuidoost-Friesland,Crop Failure & Yield Reduction,0,0.5441990590779107,-1.1487988233566284,dry,1
2025-08-01,8,NL126,Zuidoost-Friesland,Crop Failure & Yield Reduction,0,0.6377371739992787,-1.3487204710642497,dry,1
2025-09-01,9,NL126,Zuidoost-Friesland,Crop Failure & Yield Reduction,0,0.2893598024534502,-1.5328909953435261,dry,1
2023-12-01,12,NL131,Noord-Drenthe,Crop Failure & Yield Reduction,0,0.10934409511019816,1.685130774974823,wet,1
2024-01-01,1,NL131,Noord-Drenthe,Crop Failure & Yield Reduction,0,0.13513675729927116,1.625184416770935,wet,1
2024-02-01,2,NL131,Noord-Drenthe,Crop Failure & Yield Reduction,0,0.1527817834124878,1.908049762248993,wet,1
2024-03-01,3,NL131,Noord-Drenthe,Crop Failure & Yield Reduction,0,0.18520127767763064,1.6074219346046448,wet,1
2024-04-01,4,NL131,Noord-Drenthe,Crop Failure & Yield Reduction,0,0.21857983571174475,1.7808722257614136,wet,1
2024-05-01,5,NL131,Noord-Drenthe,Crop Failure & Yield Reduction,0,0.448120335907779,2.125525951385498,wet,1
2024-06-01,6,NL131,Noord-Drenthe,Crop Failure & Yield Reduction,0,0.503337392280863,2.8354954719543457,wet,1
2024-07-01,7,NL131,Noord-Drenthe,Crop Failure & Yield Reduction,0,0.4607975745189207,2.568251371383667,wet,1
2024-08-01,8,NL131,Noord-Drenthe,Crop Failure & Yield Reduction,0,0.4986849426456288,2.437190890312195,wet,1
2024-09-01,9,NL131,Noord-Drenthe,Crop Failure & Yield Reduction,0,0.4217424565600661,2.765575647354126,wet,1
2024-10-01,10,NL131,Noord-Drenthe,Crop Failure & Yield Reduction,0,0.2644266145283704,1.9603742957115173,wet,1
2024-11-01,11,NL131,Noord-Drenthe,Crop Failure & Yield Reduction,0,0.23403044081927096,1.541092872619629,wet,1
2024-12-01,12,NL131,Noord-Drenthe,Crop Failure & Yield Reduction,0,0.1893186445402992,1.1613088250160217,wet,1
2025-01-01,1,NL131,Noord-Drenthe,Crop Failure & Yield Reduction,0,0.2530450197319538,1.0562910437583923,wet,1
2025-02-01,2,NL131,Noord-Drenthe,Crop Failure & Yield Reduction,0,0.25694657917320785,0.4693644195795059,near_normal,1
2025-03-01,3,NL131,Noord-Drenthe,Crop Failure & Yield Reduction,0,0.48485335479775477,0.14078162051737309,near_normal,1
2025-04-01,4,NL131,Noord-Drenthe,Crop Failure & Yield Reduction,0,0.5884702086937913,-0.37382109463214874,near_normal,1
2025-05-01,5,NL131,Noord-Drenthe,Crop Failure & Yield Reduction,0,0.7233014317935379,-0.8759167492389679,near_normal,1
2025-06-01,6,NL131,Noord-Drenthe,Crop Failure & Yield Reduction,0,0.7311044494451506,-0.9764733612537384,near_normal,1
2025-07-01,7,NL131,Noord-Drenthe,Crop Failure & Yield Reduction,0,0.6619341948399022,-1.0990380644798279,dry,1
2025-08-01,8,NL131,Noord-Drenthe,Crop Failure & Yield Reduction,0,0.7472775099344064,-1.2489697933197021,dry,1
2025-09-01,9,NL131,Noord-Drenthe,Crop Failure & Yield Reduction,0,0.408102698061657,-1.4132501482963562,dry,1
2023-12-01,12,NL132,Zuidoost-Drenthe,Crop Failure & Yield Reduction,0,0.0572855013483145,1.9405426979064941,wet,1
2024-01-01,1,NL132,Zuidoost-Drenthe,Crop Failure & Yield Reduction,0,0.06975200186442013,1.862620234489441,wet,1
2024-02-01,2,NL132,Zuidoost-Drenthe,Crop Failure & Yield Reduction,0,0.08165931167708922,2.074225902557373,wet,1
2024-03-01,3,NL132,Zuidoost-Drenthe,Crop Failure & Yield Reduction,0,0.10414792240216343,1.7616868019104004,wet,1
2024-04-01,4,NL132,Zuidoost-Drenthe,Crop Failure & Yield Reduction,0,0.1203181358574851,1.9577404260635376,wet,1
2024-05-01,5,NL132,Zuidoost-Drenthe,Crop Failure & Yield Reduction,0,0.27264328581741903,2.271449089050293,wet,1
2024-06-01,6,NL132,Zuidoost-Drenthe,Crop Failure & Yield Reduction,0,0.3040122401876523,2.8965072631835938,wet,1
2024-07-01,7,NL132,Zuidoost-Drenthe,Crop Failure & Yield Reduction,0,0.2631117643536439,2.828998327255249,wet,1
2024-08-01,8,NL132,Zuidoost-Drenthe,Crop Failure & Yield Reduction,0,0.30965881668827033,2.8166348934173584,wet,1
2024-09-01,9,NL132,Zuidoost-Drenthe,Crop Failure & Yield Reduction,0,0.26100921095091895,3.1048576831817627,wet,1
2024-10-01,10,NL132,Zuidoost-Drenthe,Crop Failure & Yield Reduction,0,0.1415847720857621,2.167729139328003,wet,1
2024-11-01,11,NL132,Zuidoost-Drenthe,Crop Failure & Yield Reduction,0,0.11964422096083413,1.7443439960479736,wet,1
2024-12-01,12,NL132,Zuidoost-Drenthe,Crop Failure & Yield Reduction,0,0.087996657500802,1.2934812307357788,wet,1
2025-01-01,1,NL132,Zuidoost-Drenthe,Crop Failure & Yield Reduction,0,0.1241414955421688,1.196232557296753,wet,1
2025-02-01,2,NL132,Zuidoost-Drenthe,Crop Failure & Yield Reduction,0,0.13151367676127967,0.622021496295929,near_normal,1
2025-03-01,3,NL132,Zuidoost-Drenthe,Crop Failure & Yield Reduction,0,0.34919181566965884,0.29568547010421753,near_normal,1
2025-04-01,4,NL132,Zuidoost-Drenthe,Crop Failure & Yield Reduction,1,0.38865601803579014,-0.27435654401779175,near_normal,1
2025-05-01,5,NL132,Zuidoost-Drenthe,Crop Failure & Yield Reduction,0,0.5505072048908117,-0.8413411974906921,near_normal,1
2025-06-01,6,NL132,Zuidoost-Drenthe,Crop Failure & Yield Reduction,0,0.5652158268810006,-0.9112480282783508,near_normal,1
2025-07-01,7,NL132,Zuidoost-Drenthe,Crop Failure & Yield Reduction,0,0.4590467812730302,-1.104096531867981,dry,1
2025-08-01,8,NL132,Zuidoost-Drenthe,Crop Failure & Yield Reduction,0,0.5745075008908332,-1.2686371803283691,dry,1
2025-09-01,9,NL132,Zuidoost-Drenthe,Crop Failure & Yield Reduction,0,0.23716991125689163,-1.3522844314575195,dry,1
2023-12-01,12,NL133,Zuidwest-Drenthe,Crop Failure & Yield Reduction,0,0.09166143109460283,1.7844210863113403,wet,1
2024-01-01,1,NL133,Zuidwest-Drenthe,Crop Failure & Yield Reduction,0,0.1204945276245893,1.72472482919693,wet,1
2024-02-01,2,NL133,Zuidwest-Drenthe,Crop Failure & Yield Reduction,0,0.12677985269138994,2.0366421341896057,wet,1
2024-03-01,3,NL133,Zuidwest-Drenthe,Crop Failure & Yield Reduction,0,0.14501102742794514,1.7058511972427368,wet,1
2024-04-01,4,NL133,Zuidwest-Drenthe,Crop Failure & Yield Reduction,0,0.182416207332113,1.8357419967651367,wet,1
2024-05-01,5,NL133,Zuidwest-Drenthe,Crop Failure & Yield Reduction,0,0.3587512325774352,2.266860604286194,wet,1
2024-06-01,6,NL133,Zuidwest-Drenthe,Crop Failure & Yield Reduction,0,0.4168394105054606,2.907911777496338,wet,1
2024-07-01,7,NL133,Zuidwest-Drenthe,Crop Failure & Yield Reduction,0,0.3767982846935109,2.7513095140457153,wet,1
2024-08-01,8,NL133,Zuidwest-Drenthe,Crop Failure & Yield Reduction,0,0.41709434805308954,2.632028818130493,wet,1
2024-09-01,9,NL133,Zuidwest-Drenthe,Crop Failure & Yield Reduction,1,0.3333512989055606,3.0397181510925293,wet,1
2024-10-01,10,NL133,Zuidwest-Drenthe,Crop Failure & Yield Reduction,0,0.20121457544750326,2.1555556058883667,wet,1
2024-11-01,11,NL133,Zuidwest-Drenthe,Crop Failure & Yield Reduction,0,0.18530969939927514,1.7173022627830505,wet,1
2024-12-01,12,NL133,Zuidwest-Drenthe,Crop Failure & Yield Reduction,0,0.15009542828169326,1.3606191873550415,wet,1
2025-01-01,1,NL133,Zuidwest-Drenthe,Crop Failure & Yield Reduction,0,0.17228039237374992,1.2867012023925781,wet,1
2025-02-01,2,NL133,Zuidwest-Drenthe,Crop Failure & Yield Reduction,0,0.19765438174007877,0.6509714722633362,near_normal,1
2025-03-01,3,NL133,Zuidwest-Drenthe,Crop Failure & Yield Reduction,0,0.443980361080169,0.2719087675213814,near_normal,1
2025-04-01,4,NL133,Zuidwest-Drenthe,Crop Failure & Yield Reduction,0,0.49401924862234786,-0.26466917246580124,near_normal,1
2025-05-01,5,NL133,Zuidwest-Drenthe,Crop Failure & Yield Reduction,0,0.6335968401216886,-0.8783625960350037,near_normal,1
2025-06-01,6,NL133,Zuidwest-Drenthe,Crop Failure & Yield Reduction,0,0.6591772702844665,-0.9638475477695465,near_normal,1
2025-07-01,7,NL133,Zuidwest-Drenthe,Crop Failure & Yield Reduction,0,0.5899042312279645,-1.0526711344718933,dry,1
2025-08-01,8,NL133,Zuidwest-Drenthe,Crop Failure & Yield Reduction,0,0.7019331538087124,-1.2207630276679993,dry,1
2025-09-01,9,NL133,Zuidwest-Drenthe,Crop Failure & Yield Reduction,0,0.33989409424325345,-1.363072395324707,dry,1
2023-12-01,12,NL211,Noord-Overijssel,Crop Failure & Yield Reduction,0,0.11472147629653603,1.8763700723648071,wet,1
2024-01-01,1,NL211,Noord-Overijssel,Crop Failure & Yield Reduction,0,0.14490659467112393,1.8030700087547302,wet,1
2024-02-01,2,NL211,Noord-Overijssel,Crop Failure & Yield Reduction,0,0.15369855868937815,2.1056063175201416,wet,1
2024-03-01,3,NL211,Noord-Overijssel,Crop Failure & Yield Reduction,0,0.1571609772497224,1.7778285145759583,wet,1
2024-04-01,4,NL211,Noord-Overijssel,Crop Failure & Yield Reduction,0,0.21897035297740783,1.8979318737983704,wet,1
2024-05-01,5,NL211,Noord-Overijssel,Crop Failure & Yield Reduction,0,0.3931875119127059,2.330261468887329,wet,1
2024-06-01,6,NL211,Noord-Overijssel,Crop Failure & Yield Reduction,0,0.4584464393323393,2.892736077308655,wet,1
2024-07-01,7,NL211,Noord-Overijssel,Crop Failure & Yield Reduction,0,0.38606367843759304,2.926464080810547,wet,1
2024-08-01,8,NL211,Noord-Overijssel,Crop Failure & Yield Reduction,0,0.4367441516370002,2.801928162574768,wet,1
2024-09-01,9,NL211,Noord-Overijssel,Crop Failure & Yield Reduction,0,0.3738376142987771,3.1640535593032837,wet,1
2024-10-01,10,NL211,Noord-Overijssel,Crop Failure & Yield Reduction,0,0.22809487976613124,2.2690484523773193,wet,1
2024-11-01,11,NL211,Noord-Overijssel,Crop Failure & Yield Reduction,0,0.21161820470259607,1.8291608691215515,wet,1
2024-12-01,12,NL211,Noord-Overijssel,Crop Failure & Yield Reduction,0,0.1712221545168579,1.4506611824035645,wet,1
2025-01-01,1,NL211,Noord-Overijssel,Crop Failure & Yield Reduction,0,0.21416956393021813,1.3931864500045776,wet,1
2025-02-01,2,NL211,Noord-Overijssel,Crop Failure & Yield Reduction,0,0.2205524070257319,0.753440797328949,near_normal,1
2025-03-01,3,NL211,Noord-Overijssel,Crop Failure & Yield Reduction,0,0.4672182701237137,0.3611278682947159,near_normal,1
2025-04-01,4,NL211,Noord-Overijssel,Crop Failure & Yield Reduction,0,0.5376918674769628,-0.20052483677864075,near_normal,1
2025-05-01,5,NL211,Noord-Overijssel,Crop Failure & Yield Reduction,0,0.678484882123414,-0.8454030454158783,near_normal,1
2025-06-01,6,NL211,Noord-Overijssel,Crop Failure & Yield Reduction,1,0.7046980958852047,-0.9478132128715515,near_normal,1
2025-07-01,7,NL211,Noord-Overijssel,Crop Failure & Yield Reduction,0,0.6323301048139481,-1.0653294920921326,dry,1
2025-08-01,8,NL211,Noord-Overijssel,Crop Failure & Yield Reduction,0,0.703754371123799,-1.2702912092208862,dry,1
2025-09-01,9,NL211,Noord-Overijssel,Crop Failure & Yield Reduction,0,0.3745497190490175,-1.3825294971466064,dry,1
2023-12-01,12,NL212,Zuidwest-Overijssel,Crop Failure & Yield Reduction,0,0.2120589404931576,1.9005659818649292,wet,1
2024-01-01,1,NL212,Zuidwest-Overijssel,Crop Failure & Yield Reduction,0,0.2445625210847686,1.8292285203933716,wet,1
2024-02-01,2,NL212,Zuidwest-Overijssel,Crop Failure & Yield Reduction,0,0.2820201910654406,2.213228702545166,wet,1
2024-03-01,3,NL212,Zuidwest-Overijssel,Crop Failure & Yield Reduction,0,0.27512381246944406,1.849002480506897,wet,1
2024-04-01,4,NL212,Zuidwest-Overijssel,Crop Failure & Yield Reduction,0,0.37482258361292775,1.9571956396102905,wet,1
2024-05-01,5,NL212,Zuidwest-Overijssel,Crop Failure & Yield Reduction,0,0.561215424535694,2.3873307704925537,wet,1
2024-06-01,6,NL212,Zuidwest-Overijssel,Crop Failure & Yield Reduction,0,0.635974077904291,2.8320765495300293,wet,1
2024-07-01,7,NL212,Zuidwest-Overijssel,Crop Failure & Yield Reduction,0,0.5840907270328524,3.2399985790252686,wet,1
2024-08-01,8,NL212,Zuidwest-Overijssel,Crop Failure & Yield Reduction,0,0.6134527332531013,2.890531063079834,wet,1
2024-09-01,9,NL212,Zuidwest-Overijssel,Crop Failure & Yield Reduction,0,0.5456027932676468,3.281804084777832,wet,1
2024-10-01,10,NL212,Zuidwest-Overijssel,Crop Failure & Yield Reduction,0,0.3769358195322064,2.341593027114868,wet,1
2024-11-01,11,NL212,Zuidwest-Overijssel,Crop Failure & Yield Reduction,0,0.34930927558793184,1.9496963024139404,wet,1
2024-12-01,12,NL212,Zuidwest-Overijssel,Crop Failure & Yield Reduction,0,0.28747162528423265,1.6000728607177734,wet,1
2025-01-01,1,NL212,Zuidwest-Overijssel,Crop Failure & Yield Reduction,0,0.34285997795040457,1.6217764616012573,wet,1
2025-02-01,2,NL212,Zuidwest-Overijssel,Crop Failure & Yield Reduction,0,0.3621432360755294,0.9912475943565369,near_normal,1
2025-03-01,3,NL212,Zuidwest-Overijssel,Crop Failure & Yield Reduction,0,0.6548874445279206,0.5870882868766785,near_normal,1
2025-04-01,4,NL212,Zuidwest-Overijssel,Crop Failure & Yield Reduction,0,0.7063576200450818,-0.03741263225674629,near_normal,1
2025-05-01,5,NL212,Zuidwest-Overijssel,Crop Failure & Yield Reduction,0,0.8138450666961702,-0.7523486614227295,near_normal,1
2025-06-01,6,NL212,Zuidwest-Overijssel,Crop Failure & Yield Reduction,1,0.8260303199719196,-0.9098113179206848,near_normal,1
2025-07-01,7,NL212,Zuidwest-Overijssel,Crop Failure & Yield Reduction,0,0.7761051844453306,-1.0562019348144531,dry,1
2025-08-01,8,NL212,Zuidwest-Overijssel,Crop Failure & Yield Reduction,0,0.8273372032344514,-1.332362413406372,dry,1
2025-09-01,9,NL212,Zuidwest-Overijssel,Crop Failure & Yield Reduction,0,0.5745303545784223,-1.4136707782745361,dry,1
2023-12-01,12,NL213,Twente,Crop Failure & Yield Reduction,0,0.2600496801041774,1.877382477124532,wet,1
2024-01-01,1,NL213,Twente,Crop Failure & Yield Reduction,0,0.3109671967204538,1.7741056680679321,wet,1
2024-02-01,2,NL213,Twente,Crop Failure & Yield Reduction,0,0.34776476867392586,2.1074114640553794,wet,1
2024-03-01,3,NL213,Twente,Crop Failure & Yield Reduction,0,0.371744490040914,1.7495448191960652,wet,1
2024-04-01,4,NL213,Twente,Crop Failure & Yield Reduction,0,0.4440492539431675,1.8394211530685425,wet,1
2024-05-01,5,NL213,Twente,Crop Failure & Yield Reduction,0,0.6237637891231234,2.2049256960550943,wet,1
2024-06-01,6,NL213,Twente,Crop Failure & Yield Reduction,0,0.6922798920989186,2.5858238538106284,wet,1
2024-07-01,7,NL213,Twente,Crop Failure & Yield Reduction,0,0.6062371708735402,2.9343260129292807,wet,1
2024-08-01,8,NL213,Twente,Crop Failure & Yield Reduction,0,0.6432971059033169,2.6960832277933755,wet,1
2024-09-01,9,NL213,Twente,Crop Failure & Yield Reduction,1,0.6078612924703028,3.2426631450653076,wet,1
2024-10-01,10,NL213,Twente,Crop Failure & Yield Reduction,0,0.44233997705207545,2.2757716178894043,wet,1
2024-11-01,11,NL213,Twente,Crop Failure & Yield Reduction,0,0.4024513152243355,1.856828014055888,wet,1
2024-12-01,12,NL213,Twente,Crop Failure & Yield Reduction,0,0.326154543532122,1.449364145596822,wet,1
2025-01-01,1,NL213,Twente,Crop Failure & Yield Reduction,0,0.3764614278959934,1.4633930921554565,wet,1
2025-02-01,2,NL213,Twente,Crop Failure & Yield Reduction,0,0.41283197413700884,0.8273681799570719,near_normal,1
2025-03-01,3,NL213,Twente,Crop Failure & Yield Reduction,0,0.7383640648047389,0.45466773708661395,near_normal,1
2025-04-01,4,NL213,Twente,Crop Failure & Yield Reduction,0,0.7454525297399205,-0.08532259364922841,near_normal,1
2025-05-01,5,NL213,Twente,Crop Failure & Yield Reduction,0,0.8459830687049523,-0.7380898396174113,near_normal,1
2025-06-01,6,NL213,Twente,Crop Failure & Yield Reduction,1,0.8655079324008734,-0.8258537650108337,near_normal,1
2025-07-01,7,NL213,Twente,Crop Failure & Yield Reduction,1,0.8247527090082584,-0.9453806678454081,near_normal,1
2025-08-01,8,NL213,Twente,Crop Failure & Yield Reduction,0,0.8801594035293516,-1.2185680468877156,dry,1
2025-09-01,9,NL213,Twente,Crop Failure & Yield Reduction,0,0.6135569035491167,-1.2572739521662395,dry,1
2023-12-01,12,NL221,Veluwe,Crop Failure & Yield Reduction,0,0.27626037014908306,1.9351237614949544,wet,1
2024-01-01,1,NL221,Veluwe,Crop Failure & Yield Reduction,0,0.3053234793092251,1.8073323965072632,wet,1
2024-02-01,2,NL221,Veluwe,Crop Failure & Yield Reduction,0,0.3317461272043293,2.2413116296132407,wet,1
2024-03-01,3,NL221,Veluwe,Crop Failure & Yield Reduction,0,0.32534894648344836,1.8151774009068806,wet,1
2024-04-01,4,NL221,Veluwe,Crop Failure & Yield Reduction,1,0.4573582556731458,2.02529247601827,wet,1
2024-05-01,5,NL221,Veluwe,Crop Failure & Yield Reduction,0,0.6543219063034215,2.5431505044301352,wet,1
2024-06-01,6,NL221,Veluwe,Crop Failure & Yield Reduction,0,0.7305005580362196,2.9275620778401694,wet,1
2024-07-01,7,NL221,Veluwe,Crop Failure & Yield Reduction,1,0.690465922384448,3.333141009012858,wet,1
2024-08-01,8,NL221,Veluwe,Crop Failure & Yield Reduction,0,0.6994263350926988,2.8060739040374756,wet,1
2024-09-01,9,NL221,Veluwe,Crop Failure & Yield Reduction,0,0.6323669331441639,3.3057305812835693,wet,1
2024-10-01,10,NL221,Veluwe,Crop Failure & Yield Reduction,0,0.45682703663012386,2.3737645149230957,wet,1
2024-11-01,11,NL221,Veluwe,Crop Failure & Yield Reduction,0,0.44273661703159656,1.9296060800552368,wet,1
2024-12-01,12,NL221,Veluwe,Crop Failure & Yield Reduction,0,0.37637570492529576,1.6137422720591228,wet,1
2025-01-01,1,NL221,Veluwe,Crop Failure & Yield Reduction,0,0.42613225165391627,1.6722465356190999,wet,1
2025-02-01,2,NL221,Veluwe,Crop Failure & Yield Reduction,0,0.459709834223747,1.0694556037584941,wet,1
2025-03-01,3,NL221,Veluwe,Crop Failure & Yield Reduction,0,0.7682707724375144,0.6522466341654459,near_normal,1
2025-04-01,4,NL221,Veluwe,Crop Failure & Yield Reduction,0,0.7776562999562364,-0.03821267498036226,near_normal,1
2025-05-01,5,NL221,Veluwe,Crop Failure & Yield Reduction,0,0.8546900906920729,-0.8415002226829529,near_normal,1
2025-06-01,6,NL221,Veluwe,Crop Failure & Yield Reduction,0,0.8751131494986384,-0.9649274547894796,near_normal,1
2025-07-01,7,NL221,Veluwe,Crop Failure & Yield Reduction,1,0.8409448683420144,-1.1212384700775146,dry,1
2025-08-01,8,NL221,Veluwe,Crop Failure & Yield Reduction,0,0.8765606985986295,-1.4766345818837483,dry,1
2025-09-01,9,NL221,Veluwe,Crop Failure & Yield Reduction,0,0.6388750070659632,-1.5261424779891968,dry,1
2023-12-01,12,NL224,Zuidwest-Gelderland,Crop Failure & Yield Reduction,0,0.11879206218371413,1.9365487098693848,wet,1
2024-01-01,1,NL224,Zuidwest-Gelderland,Crop Failure & Yield Reduction,0,0.12922167351404018,1.685375452041626,wet,1
2024-02-01,2,NL224,Zuidwest-Gelderland,Crop Failure & Yield Reduction,0,0.1388833494969689,2.1737860441207886,wet,1
2024-03-01,3,NL224,Zuidwest-Gelderland,Crop Failure & Yield Reduction,0,0.14095031815904846,1.7497069239616394,wet,1
2024-04-01,4,NL224,Zuidwest-Gelderland,Crop Failure & Yield Reduction,0,0.22364376657254226,2.014431595802307,wet,1
2024-05-01,5,NL224,Zuidwest-Gelderland,Crop Failure & Yield Reduction,0,0.3925545515219143,2.511814832687378,wet,1
2024-06-01,6,NL224,Zuidwest-Gelderland,Crop Failure & Yield Reduction,0,0.4808312284623807,2.8723764419555664,wet,1
2024-07-01,7,NL224,Zuidwest-Gelderland,Crop Failure & Yield Reduction,0,0.41861432823969114,3.360319137573242,wet,1
2024-08-01,8,NL224,Zuidwest-Gelderland,Crop Failure & Yield Reduction,0,0.39913139262302,2.7078782320022583,wet,1
2024-09-01,9,NL224,Zuidwest-Gelderland,Crop Failure & Yield Reduction,0,0.33227720100603886,3.562034487724304,wet,1
2024-10-01,10,NL224,Zuidwest-Gelderland,Crop Failure & Yield Reduction,0,0.21475717715257328,2.6191734075546265,wet,1
2024-11-01,11,NL224,Zuidwest-Gelderland,Crop Failure & Yield Reduction,0,0.20117706045684028,2.088479518890381,wet,1
2024-12-01,12,NL224,Zuidwest-Gelderland,Crop Failure & Yield Reduction,0,0.15822034865829362,1.848576307296753,wet,1
2025-01-01,1,NL224,Zuidwest-Gelderland,Crop Failure & Yield Reduction,0,0.1883742008507566,1.9212733507156372,wet,1
2025-02-01,2,NL224,Zuidwest-Gelderland,Crop Failure & Yield Reduction,0,0.20947006920991712,1.400187075138092,wet,1
2025-03-01,3,NL224,Zuidwest-Gelderland,Crop Failure & Yield Reduction,0,0.5691617053755129,0.972754567861557,near_normal,1
2025-04-01,4,NL224,Zuidwest-Gelderland,Crop Failure & Yield Reduction,0,0.5298371583169423,0.29149629175662994,near_normal,1
2025-05-01,5,NL224,Zuidwest-Gelderland,Crop Failure & Yield Reduction,0,0.6649496019792966,-0.6283363997936249,near_normal,1
2025-06-01,6,NL224,Zuidwest-Gelderland,Crop Failure & Yield Reduction,0,0.7080700553031425,-0.8211278021335602,near_normal,1
2025-07-01,7,NL224,Zuidwest-Gelderland,Crop Failure & Yield Reduction,1,0.6659288422425861,-1.0137033462524414,dry,1
2025-08-01,8,NL224,Zuidwest-Gelderland,Crop Failure & Yield Reduction,0,0.6818410836760249,-1.4959520101547241,dry,1
2025-09-01,9,NL224,Zuidwest-Gelderland,Crop Failure & Yield Reduction,0,0.3645576641042953,-1.5776581168174744,dry,1
2023-12-01,12,NL225,Achterhoek,Crop Failure & Yield Reduction,0,0.267899384417262,1.9582886695861816,wet,1
2024-01-01,1,NL225,Achterhoek,Crop Failure & Yield Reduction,0,0.3131884315312222,1.805512011051178,wet,1
2024-02-01,2,NL225,Achterhoek,Crop Failure & Yield Reduction,0,0.3406787758638901,2.2859821915626526,wet,1
2024-03-01,3,NL225,Achterhoek,Crop Failure & Yield Reduction,0,0.33033671272898335,1.7744671404361725,wet,1
2024-04-01,4,NL225,Achterhoek,Crop Failure & Yield Reduction,0,0.45963566750475615,1.8754302561283112,wet,1
2024-05-01,5,NL225,Achterhoek,Crop Failure & Yield Reduction,0,0.6388964632379511,2.249455988407135,wet,1
2024-06-01,6,NL225,Achterhoek,Crop Failure & Yield Reduction,0,0.7188565978300592,2.5028456449508667,wet,1
2024-07-01,7,NL225,Achterhoek,Crop Failure & Yield Reduction,0,0.6170225972415142,2.9508511424064636,wet,1
2024-08-01,8,NL225,Achterhoek,Crop Failure & Yield Reduction,0,0.6246341934012897,2.5167282819747925,wet,1
2024-09-01,9,NL225,Achterhoek,Crop Failure & Yield Reduction,0,0.5885785544254672,3.3198123574256897,wet,1
2024-10-01,10,NL225,Achterhoek,Crop Failure & Yield Reduction,0,0.44281581955330596,2.387208878993988,wet,1
2024-11-01,11,NL225,Achterhoek,Crop Failure & Yield Reduction,0,0.4008033330283957,1.9416667819023132,wet,1
2024-12-01,12,NL225,Achterhoek,Crop Failure & Yield Reduction,0,0.327781693448237,1.5921784937381744,wet,1
2025-01-01,1,NL225,Achterhoek,Crop Failure & Yield Reduction,0,0.3570476958054992,1.7311365902423859,wet,1
2025-02-01,2,NL225,Achterhoek,Crop Failure & Yield Reduction,0,0.3989639377711598,1.0746888369321823,wet,1
2025-03-01,3,NL225,Achterhoek,Crop Failure & Yield Reduction,0,0.7139783819248781,0.6834009438753128,near_normal,1
2025-04-01,4,NL225,Achterhoek,Crop Failure & Yield Reduction,1,0.7326080565208737,0.09695965144783258,near_normal,1
2025-05-01,5,NL225,Achterhoek,Crop Failure & Yield Reduction,0,0.8414886229690508,-0.612250030040741,near_normal,1
2025-06-01,6,NL225,Achterhoek,Crop Failure & Yield Reduction,1,0.8573499136952867,-0.7061386853456497,near_normal,1
2025-07-01,7,NL225,Achterhoek,Crop Failure & Yield Reduction,1,0.8315094862510544,-0.8033000975847244,near_normal,1
2025-08-01,8,NL225,Achterhoek,Crop Failure & Yield Reduction,0,0.8872926472617307,-1.172307550907135,dry,1
2025-09-01,9,NL225,Achterhoek,Crop Failure & Yield Reduction,0,0.6363310863569438,-1.218297392129898,dry,1
2023-12-01,12,NL226,Arnhem/Nijmegen,Crop Failure & Yield Reduction,0,0.16145710363609755,2.0403103033701577,wet,1
2024-01-01,1,NL226,Arnhem/Nijmegen,Crop Failure & Yield Reduction,0,0.1906864591840176,1.8382607301076253,wet,1
2024-02-01,2,NL226,Arnhem/Nijmegen,Crop Failure & Yield Reduction,0,0.21059333216614995,2.3888396422068277,wet,1
2024-03-01,3,NL226,Arnhem/Nijmegen,Crop Failure & Yield Reduction,0,0.207718613663147,1.8225633303324382,wet,1
2024-04-01,4,NL226,Arnhem/Nijmegen,Crop Failure & Yield Reduction,0,0.31757813735571816,2.003558794657389,wet,1
2024-05-01,5,NL226,Arnhem/Nijmegen,Crop Failure & Yield Reduction,0,0.517209806943991,2.5283732414245605,wet,1
2024-06-01,6,NL226,Arnhem/Nijmegen,Crop Failure & Yield Reduction,0,0.6076501156372847,2.8170496622721353,wet,1
2024-07-01,7,NL226,Arnhem/Nijmegen,Crop Failure & Yield Reduction,0,0.5063472736494745,3.480062961578369,wet,1
2024-08-01,8,NL226,Arnhem/Nijmegen,Crop Failure & Yield Reduction,0,0.4844995861738528,2.6924848556518555,wet,1
2024-09-01,9,NL226,Arnhem/Nijmegen,Crop Failure & Yield Reduction,0,0.43416515131876315,3.6542739868164062,wet,1
2024-10-01,10,NL226,Arnhem/Nijmegen,Crop Failure & Yield Reduction,0,0.3002611831765213,2.6188717683156333,wet,1
2024-11-01,11,NL226,Arnhem/Nijmegen,Crop Failure & Yield Reduction,0,0.2724870983501688,2.119877894719442,wet,1
2024-12-01,12,NL226,Arnhem/Nijmegen,Crop Failure & Yield Reduction,0,0.2125612142155324,1.8100270827611287,wet,1
2025-01-01,1,NL226,Arnhem/Nijmegen,Crop Failure & Yield Reduction,0,0.23699316071864518,1.9685104290644329,wet,1
2025-02-01,2,NL226,Arnhem/Nijmegen,Crop Failure & Yield Reduction,0,0.2715277329417411,1.3947044213612874,wet,1
2025-03-01,3,NL226,Arnhem/Nijmegen,Crop Failure & Yield Reduction,0,0.5838816330031732,0.9596504171689352,near_normal,1
2025-04-01,4,NL226,Arnhem/Nijmegen,Crop Failure & Yield Reduction,0,0.6187644790477277,0.3398151993751526,near_normal,1
2025-05-01,5,NL226,Arnhem/Nijmegen,Crop Failure & Yield Reduction,1,0.7301249657512006,-0.5684083700180054,near_normal,1
2025-06-01,6,NL226,Arnhem/Nijmegen,Crop Failure & Yield Reduction,1,0.7734138502044378,-0.671301543712616,near_normal,1
2025-07-01,7,NL226,Arnhem/Nijmegen,Crop Failure & Yield Reduction,1,0.7548178992392689,-0.846276581287384,near_normal,1
2025-08-01,8,NL226,Arnhem/Nijmegen,Crop Failure & Yield Reduction,1,0.7729501003595729,-1.2885345220565796,dry,1
2025-09-01,9,NL226,Arnhem/Nijmegen,Crop Failure & Yield Reduction,0,0.49261499729209357,-1.3259549935658772,dry,1
2023-12-01,12,NL230,Flevoland,Crop Failure & Yield Reduction,0,0.12188532463173539,1.8151381413141887,wet,1
2024-01-01,1,NL230,Flevoland,Crop Failure & Yield Reduction,0,0.1495304627384006,1.6810797452926636,wet,1
2024-02-01,2,NL230,Flevoland,Crop Failure & Yield Reduction,0,0.16697478188032877,2.042652944723765,wet,1
2024-03-01,3,NL230,Flevoland,Crop Failure & Yield Reduction,0,0.15985120117492424,1.7197583715120952,wet,1
2024-04-01,4,NL230,Flevoland,Crop Failure & Yield Reduction,0,0.26957083998085285,1.9411502679189045,wet,1
2024-05-01,5,NL230,Flevoland,Crop Failure & Yield Reduction,0,0.461343455439591,2.439574877421061,wet,1
2024-06-01,6,NL230,Flevoland,Crop Failure & Yield Reduction,0,0.5258548716788933,2.9559825658798218,wet,1
2024-07-01,7,NL230,Flevoland,Crop Failure & Yield Reduction,0,0.466968487507064,2.801535407702128,wet,1
2024-08-01,8,NL230,Flevoland,Crop Failure & Yield Reduction,0,0.47777558519056873,2.583793560663859,wet,1
2024-09-01,9,NL230,Flevoland,Crop Failure & Yield Reduction,0,0.3887667606012673,2.821715792020162,wet,1
2024-10-01,10,NL230,Flevoland,Crop Failure & Yield Reduction,0,0.26300346119849227,2.08377875884374,wet,1
2024-11-01,11,NL230,Flevoland,Crop Failure & Yield Reduction,0,0.25369589078698057,1.6295397281646729,wet,1
2024-12-01,12,NL230,Flevoland,Crop Failure & Yield Reduction,0,0.21001420337285337,1.3571658531824748,wet,1
2025-01-01,1,NL230,Flevoland,Crop Failure & Yield Reduction,0,0.26464351785842744,1.31018461783727,wet,1
2025-02-01,2,NL230,Flevoland,Crop Failure & Yield Reduction,0,0.28836724273845893,0.681924487153689,near_normal,1
2025-03-01,3,NL230,Flevoland,Crop Failure & Yield Reduction,0,0.6044407771495675,0.25594955605144304,near_normal,1
2025-04-01,4,NL230,Flevoland,Crop Failure & Yield Reduction,0,0.5788239614456556,-0.42615289986133575,near_normal,1
2025-05-01,5,NL230,Flevoland,Crop Failure & Yield Reduction,0,0.6917356066061033,-1.02263805270195,dry,1
2025-06-01,6,NL230,Flevoland,Crop Failure & Yield Reduction,0,0.7290493555274234,-1.1407394806543987,dry,1
2025-07-01,7,NL230,Flevoland,Crop Failure & Yield Reduction,0,0.6827790707529331,-1.2951755126317341,dry,1
2025-08-01,8,NL230,Flevoland,Crop Failure & Yield Reduction,0,0.7137531601207936,-1.5772170821825664,dry,1
2025-09-01,9,NL230,Flevoland,Crop Failure & Yield Reduction,0,0.42065666262350854,-1.6643696029980977,dry,1
2023-12-01,12,NL310,Utrecht,Crop Failure & Yield Reduction,0,0.15675293184396757,1.8131556908289592,wet,1
2024-01-01,1,NL310,Utrecht,Crop Failure & Yield Reduction,0,0.179494365406076,1.6331657965977986,wet,1
2024-02-01,2,NL310,Utrecht,Crop Failure & Yield Reduction,0,0.18478067316309071,2.060304045677185,wet,1
2024-03-01,3,NL310,Utrecht,Crop Failure & Yield Reduction,0,0.17478382239887374,1.6860721111297607,wet,1
2024-04-01,4,NL310,Utrecht,Crop Failure & Yield Reduction,0,0.2982076731622815,1.934793512026469,wet,1
2024-05-01,5,NL310,Utrecht,Crop Failure & Yield Reduction,0,0.4888509889414477,2.4599483807881675,wet,1
2024-06-01,6,NL310,Utrecht,Crop Failure & Yield Reduction,0,0.584299942930014,2.8643977642059326,wet,1
2024-07-01,7,NL310,Utrecht,Crop Failure & Yield Reduction,0,0.5367329366334662,2.9952971935272217,wet,1
2024-08-01,8,NL310,Utrecht,Crop Failure & Yield Reduction,0,0.5469898881786301,2.573964277903239,wet,1
2024-09-01,9,NL310,Utrecht,Crop Failure & Yield Reduction,0,0.4321695674859129,2.949850559234619,wet,1
2024-10-01,10,NL310,Utrecht,Crop Failure & Yield Reduction,0,0.2917320591184507,2.2675256729125977,wet,1
2024-11-01,11,NL310,Utrecht,Crop Failure & Yield Reduction,0,0.2808331776354262,1.8243724505106609,wet,1
2024-12-01,12,NL310,Utrecht,Crop Failure & Yield Reduction,0,0.22520874426009496,1.599138617515564,wet,1
2025-01-01,1,NL310,Utrecht,Crop Failure & Yield Reduction,0,0.2799419944077551,1.6418602069218953,wet,1
2025-02-01,2,NL310,Utrecht,Crop Failure & Yield Reduction,0,0.3012888098015618,1.0959928433100383,wet,1
2025-03-01,3,NL310,Utrecht,Crop Failure & Yield Reduction,1,0.6751682181341907,0.6640455524126688,near_normal,1
2025-04-01,4,NL310,Utrecht,Crop Failure & Yield Reduction,0,0.6295319920526087,-0.07301297783851624,near_normal,1
2025-05-01,5,NL310,Utrecht,Crop Failure & Yield Reduction,1,0.7382038151212474,-0.8883529901504517,near_normal,1
2025-06-01,6,NL310,Utrecht,Crop Failure & Yield Reduction,1,0.7730205316618852,-1.0327074925104778,dry,1
2025-07-01,7,NL310,Utrecht,Crop Failure & Yield Reduction,0,0.7394726488656401,-1.170036753018697,dry,1
2025-08-01,8,NL310,Utrecht,Crop Failure & Yield Reduction,0,0.7491758080701959,-1.5849626461664836,dry,1
2025-09-01,9,NL310,Utrecht,Crop Failure & Yield Reduction,0,0.44765061747464296,-1.695322314898173,dry,1
2023-12-01,12,NL321,Kop van Noord-Holland,Crop Failure & Yield Reduction,0,0.1046558840556759,1.812544584274292,wet,1
2024-01-01,1,NL321,Kop van Noord-Holland,Crop Failure & Yield Reduction,0,0.14642731086297717,1.6329838037490845,wet,1
2024-02-01,2,NL321,Kop van Noord-Holland,Crop Failure & Yield Reduction,0,0.15789009152529168,1.9536860883235931,wet,1
2024-03-01,3,NL321,Kop van Noord-Holland,Crop Failure & Yield Reduction,0,0.19769195839104972,1.7587225437164307,wet,1
2024-04-01,4,NL321,Kop van Noord-Holland,Crop Failure & Yield Reduction,0,0.2875787392885151,2.091783583164215,wet,1
2024-05-01,5,NL321,Kop van Noord-Holland,Crop Failure & Yield Reduction,0,0.5043957426577059,2.2810864448547363,wet,1
2024-06-01,6,NL321,Kop van Noord-Holland,Crop Failure & Yield Reduction,0,0.5872722354310552,2.7499186396598816,wet,1
2024-07-01,7,NL321,Kop van Noord-Holland,Crop Failure & Yield Reduction,0,0.45493411568756487,2.32273006439209,wet,1
2024-08-01,8,NL321,Kop van Noord-Holland,Crop Failure & Yield Reduction,1,0.5290703135438166,2.314435124397278,wet,1
2024-09-01,9,NL321,Kop van Noord-Holland,Crop Failure & Yield Reduction,0,0.37419473150047344,2.3948420882225037,wet,1
2024-10-01,10,NL321,Kop van Noord-Holland,Crop Failure & Yield Reduction,0,0.3034436276104231,1.7925672829151154,wet,1
2024-11-01,11,NL321,Kop van Noord-Holland,Crop Failure & Yield Reduction,0,0.25065130962007703,1.154409036040306,wet,1
2024-12-01,12,NL321,Kop van Noord-Holland,Crop Failure & Yield Reduction,0,0.2232488066113306,0.8799158334732056,near_normal,1
2025-01-01,1,NL321,Kop van Noord-Holland,Crop Failure & Yield Reduction,0,0.29570674818177994,0.7503800988197327,near_normal,1
2025-02-01,2,NL321,Kop van Noord-Holland,Crop Failure & Yield Reduction,0,0.3038881696964953,0.1837369699496776,near_normal,1
2025-03-01,3,NL321,Kop van Noord-Holland,Crop Failure & Yield Reduction,0,0.5536485833251819,-0.19919294212013483,near_normal,1
2025-04-01,4,NL321,Kop van Noord-Holland,Crop Failure & Yield Reduction,0,0.5780056932415615,-0.8529584109783173,near_normal,1
2025-05-01,5,NL321,Kop van Noord-Holland,Crop Failure & Yield Reduction,1,0.718920202735173,-1.0707411617040634,dry,1
2025-06-01,6,NL321,Kop van Noord-Holland,Crop Failure & Yield Reduction,1,0.7112813967585373,-1.2265169620513916,dry,1
2025-07-01,7,NL321,Kop van Noord-Holland,Crop Failure & Yield Reduction,0,0.6900958103627746,-1.3985914885997772,dry,1
2025-08-01,8,NL321,Kop van Noord-Holland,Crop Failure & Yield Reduction,0,0.6848478312390287,-1.6699672937393188,dry,1
2025-09-01,9,NL321,Kop van Noord-Holland,Crop Failure & Yield Reduction,0,0.4146241563422934,-1.6399725377559662,dry,1
2023-12-01,12,NL323,IJmond,Crop Failure & Yield Reduction,0,0.02590647716890275,1.9724016189575195,wet,1
2024-01-01,1,NL323,IJmond,Crop Failure & Yield Reduction,0,0.04297226487428827,1.7469192743301392,wet,1
2024-02-01,2,NL323,IJmond,Crop Failure & Yield Reduction,0,0.04445140982481632,1.9654667377471924,wet,1
2024-03-01,3,NL323,IJmond,Crop Failure & Yield Reduction,0,0.05339373187883116,1.801576018333435,wet,1
2024-04-01,4,NL323,IJmond,Crop Failure & Yield Reduction,0,0.09509110523799244,2.1092770099639893,wet,1
2024-05-01,5,NL323,IJmond,Crop Failure & Yield Reduction,0,0.20160529489482212,2.3961286544799805,wet,1
2024-06-01,6,NL323,IJmond,Crop Failure & Yield Reduction,0,0.2507894831160602,2.795001268386841,wet,1
2024-07-01,7,NL323,IJmond,Crop Failure & Yield Reduction,0,0.15883102863053622,2.374518632888794,wet,1
2024-08-01,8,NL323,IJmond,Crop Failure & Yield Reduction,0,0.1831117336111434,2.4498143196105957,wet,1
2024-09-01,9,NL323,IJmond,Crop Failure & Yield Reduction,0,0.12450031317915876,2.5644779205322266,wet,1
2024-10-01,10,NL323,IJmond,Crop Failure & Yield Reduction,0,0.11120230404705435,2.1055748462677,wet,1
2024-11-01,11,NL323,IJmond,Crop Failure & Yield Reduction,0,0.0756494354215697,1.2876315116882324,wet,1
2024-12-01,12,NL323,IJmond,Crop Failure & Yield Reduction,0,0.0664564905574634,1.054290771484375,wet,1
2025-01-01,1,NL323,IJmond,Crop Failure & Yield Reduction,0,0.09062442077998765,0.9302926659584045,near_normal,1
2025-02-01,2,NL323,IJmond,Crop Failure & Yield Reduction,0,0.09324426433413334,0.3864094913005829,near_normal,1
2025-03-01,3,NL323,IJmond,Crop Failure & Yield Reduction,0,0.32064099879307,-0.0300010796636343,near_normal,1
2025-04-01,4,NL323,IJmond,Crop Failure & Yield Reduction,0,0.24345474088879476,-0.679432213306427,near_normal,1
2025-05-01,5,NL323,IJmond,Crop Failure & Yield Reduction,0,0.38917793976820747,-1.0121432542800903,dry,1
2025-06-01,6,NL323,IJmond,Crop Failure & Yield Reduction,1,0.42537540660966616,-1.1519043445587158,dry,1
2025-07-01,7,NL323,IJmond,Crop Failure & Yield Reduction,0,0.3782594862809424,-1.336739182472229,dry,1
2025-08-01,8,NL323,IJmond,Crop Failure & Yield Reduction,0,0.38790524825768213,-1.6172122955322266,dry,1
2025-09-01,9,NL323,IJmond,Crop Failure & Yield Reduction,0,0.1493238191700884,-1.5776567459106445,dry,1
2023-12-01,12,NL324,Agglomeratie Haarlem,Crop Failure & Yield Reduction,0,0.02393245237116958,1.8669588565826416,wet,1
2024-01-01,1,NL324,Agglomeratie Haarlem,Crop Failure & Yield Reduction,0,0.03719970753201779,1.647356390953064,wet,1
2024-02-01,2,NL324,Agglomeratie Haarlem,Crop Failure & Yield Reduction,0,0.03830968426625416,1.945382833480835,wet,1
2024-03-01,3,NL324,Agglomeratie Haarlem,Crop Failure & Yield Reduction,0,0.04695036622771246,1.7071410417556763,wet,1
2024-04-01,4,NL324,Agglomeratie Haarlem,Crop Failure & Yield Reduction,0,0.07761494712361663,1.988879919052124,wet,1
2024-05-01,5,NL324,Agglomeratie Haarlem,Crop Failure & Yield Reduction,0,0.16627693042481242,2.4034242630004883,wet,1
2024-06-01,6,NL324,Agglomeratie Haarlem,Crop Failure & Yield Reduction,0,0.20983521469630045,2.8238632678985596,wet,1
2024-07-01,7,NL324,Agglomeratie Haarlem,Crop Failure & Yield Reduction,0,0.15231755007830683,2.4710593223571777,wet,1
2024-08-01,8,NL324,Agglomeratie Haarlem,Crop Failure & Yield Reduction,0,0.16111821474778623,2.520214796066284,wet,1
2024-09-01,9,NL324,Agglomeratie Haarlem,Crop Failure & Yield Reduction,0,0.11021527752483808,2.598809242248535,wet,1
2024-10-01,10,NL324,Agglomeratie Haarlem,Crop Failure & Yield Reduction,0,0.07912443589278562,2.1641006469726562,wet,1
2024-11-01,11,NL324,Agglomeratie Haarlem,Crop Failure & Yield Reduction,0,0.06385834876804838,1.519848108291626,wet,1
2024-12-01,12,NL324,Agglomeratie Haarlem,Crop Failure & Yield Reduction,0,0.053403673974311665,1.3313369750976562,wet,1
2025-01-01,1,NL324,Agglomeratie Haarlem,Crop Failure & Yield Reduction,0,0.07428212653486266,1.2478913068771362,wet,1
2025-02-01,2,NL324,Agglomeratie Haarlem,Crop Failure & Yield Reduction,0,0.08085730501207997,0.668552577495575,near_normal,1
2025-03-01,3,NL324,Agglomeratie Haarlem,Crop Failure & Yield Reduction,0,0.29562589747153184,0.24341583251953125,near_normal,1
2025-04-01,4,NL324,Agglomeratie Haarlem,Crop Failure & Yield Reduction,0,0.22171197544362747,-0.45443814992904663,near_normal,1
2025-05-01,5,NL324,Agglomeratie Haarlem,Crop Failure & Yield Reduction,0,0.3420804585643205,-0.9552810192108154,near_normal,1
2025-06-01,6,NL324,Agglomeratie Haarlem,Crop Failure & Yield Reduction,1,0.4008557992521639,-1.0814781188964844,dry,1
2025-07-01,7,NL324,Agglomeratie Haarlem,Crop Failure & Yield Reduction,0,0.3424572563950386,-1.2436511516571045,dry,1
2025-08-01,8,NL324,Agglomeratie Haarlem,Crop Failure & Yield Reduction,0,0.33457236918679234,-1.534304141998291,dry,1
2025-09-01,9,NL324,Agglomeratie Haarlem,Crop Failure & Yield Reduction,0,0.12008174705648807,-1.641973853111267,dry,1
2023-12-01,12,NL325,Zaanstreek,Crop Failure & Yield Reduction,0,0.04022918663013261,1.7692939043045044,wet,1
2024-01-01,1,NL325,Zaanstreek,Crop Failure & Yield Reduction,0,0.056402124666360694,1.6169030666351318,wet,1
2024-02-01,2,NL325,Zaanstreek,Crop Failure & Yield Reduction,0,0.05630831421186657,1.957419753074646,wet,1
2024-03-01,3,NL325,Zaanstreek,Crop Failure & Yield Reduction,0,0.055973147395311666,1.6453285217285156,wet,1
2024-04-01,4,NL325,Zaanstreek,Crop Failure & Yield Reduction,0,0.10976593543694232,1.9042351245880127,wet,1
2024-05-01,5,NL325,Zaanstreek,Crop Failure & Yield Reduction,0,0.2113431783216857,2.3876869678497314,wet,1
2024-06-01,6,NL325,Zaanstreek,Crop Failure & Yield Reduction,0,0.2904973077456559,2.875868558883667,wet,1
2024-07-01,7,NL325,Zaanstreek,Crop Failure & Yield Reduction,0,0.23012843536248023,2.6098756790161133,wet,1
2024-08-01,8,NL325,Zaanstreek,Crop Failure & Yield Reduction,0,0.24953237088965138,2.4586730003356934,wet,1
2024-09-01,9,NL325,Zaanstreek,Crop Failure & Yield Reduction,0,0.15951727627277182,2.6439425945281982,wet,1
2024-10-01,10,NL325,Zaanstreek,Crop Failure & Yield Reduction,0,0.10128919911861972,2.0523898601531982,wet,1
2024-11-01,11,NL325,Zaanstreek,Crop Failure & Yield Reduction,0,0.0959119087312326,1.5562342405319214,wet,1
2024-12-01,12,NL325,Zaanstreek,Crop Failure & Yield Reduction,0,0.07906447547251484,1.3256824016571045,wet,1
2025-01-01,1,NL325,Zaanstreek,Crop Failure & Yield Reduction,0,0.10946352070274426,1.2905166149139404,wet,1
2025-02-01,2,NL325,Zaanstreek,Crop Failure & Yield Reduction,0,0.11448386709047628,0.7351674437522888,near_normal,1
2025-03-01,3,NL325,Zaanstreek,Crop Failure & Yield Reduction,0,0.36759706420856436,0.2895616590976715,near_normal,1
2025-04-01,4,NL325,Zaanstreek,Crop Failure & Yield Reduction,0,0.3068861008550501,-0.44397521018981934,near_normal,1
2025-05-01,5,NL325,Zaanstreek,Crop Failure & Yield Reduction,0,0.43639450973648464,-1.0350122451782227,dry,1
2025-06-01,6,NL325,Zaanstreek,Crop Failure & Yield Reduction,1,0.4441122844183364,-1.1691848039627075,dry,1
2025-07-01,7,NL325,Zaanstreek,Crop Failure & Yield Reduction,0,0.4306038467147635,-1.3288004398345947,dry,1
2025-08-01,8,NL325,Zaanstreek,Crop Failure & Yield Reduction,0,0.4195519045723006,-1.6849058866500854,dry,1
2025-09-01,9,NL325,Zaanstreek,Crop Failure & Yield Reduction,0,0.1927778508053042,-1.740875005722046,dry,1
2023-12-01,12,NL327,Het Gooi en Vechtstreek,Crop Failure & Yield Reduction,0,0.11240749856609636,1.7685881853103638,wet,1
2024-01-01,1,NL327,Het Gooi en Vechtstreek,Crop Failure & Yield Reduction,0,0.1405801721315664,1.636123776435852,wet,1
2024-03-01,3,NL327,Het Gooi en Vechtstreek,Crop Failure & Yield Reduction,0,0.13085402245847194,1.6505409479141235,wet,1
2024-04-01,4,NL327,Het Gooi en Vechtstreek,Crop Failure & Yield Reduction,0,0.25109627401048557,1.8591419458389282,wet,1
2024-05-01,5,NL327,Het Gooi en Vechtstreek,Crop Failure & Yield Reduction,0,0.42062977986726274,2.378713369369507,wet,1
2024-06-01,6,NL327,Het Gooi en Vechtstreek,Crop Failure & Yield Reduction,0,0.49986584954861835,2.898977279663086,wet,1
2024-07-01,7,NL327,Het Gooi en Vechtstreek,Crop Failure & Yield Reduction,0,0.46205204041744613,2.7814443111419678,wet,1
2024-08-01,8,NL327,Het Gooi en Vechtstreek,Crop Failure & Yield Reduction,0,0.4896676037757395,2.4918413162231445,wet,1
2024-09-01,9,NL327,Het Gooi en Vechtstreek,Crop Failure & Yield Reduction,0,0.36811119070962084,2.7578084468841553,wet,1
2024-10-01,10,NL327,Het Gooi en Vechtstreek,Crop Failure & Yield Reduction,0,0.23591869022035963,2.0412652492523193,wet,1
2024-11-01,11,NL327,Het Gooi en Vechtstreek,Crop Failure & Yield Reduction,0,0.2301606854072247,1.6262489557266235,wet,1
2024-12-01,12,NL327,Het Gooi en Vechtstreek,Crop Failure & Yield Reduction,0,0.18565815009879005,1.3761451244354248,wet,1
2025-01-01,1,NL327,Het Gooi en Vechtstreek,Crop Failure & Yield Reduction,0,0.24233987273526847,1.3592329025268555,wet,1
2025-02-01,2,NL327,Het Gooi en Vechtstreek,Crop Failure & Yield Reduction,0,0.26358200715821584,0.8063275814056396,near_normal,1
2025-03-01,3,NL327,Het Gooi en Vechtstreek,Crop Failure & Yield Reduction,0,0.5385016745723875,0.35810184478759766,near_normal,1
2025-04-01,4,NL327,Het Gooi en Vechtstreek,Crop Failure & Yield Reduction,0,0.5587751456590718,-0.35341763496398926,near_normal,1
2025-05-01,5,NL327,Het Gooi en Vechtstreek,Crop Failure & Yield Reduction,0,0.6938242546911475,-1.0387662649154663,dry,1
2025-06-01,6,NL327,Het Gooi en Vechtstreek,Crop Failure & Yield Reduction,1,0.7046138244359287,-1.1725388765335083,dry,1
2025-07-01,7,NL327,Het Gooi en Vechtstreek,Crop Failure & Yield Reduction,0,0.6812245734140768,-1.3508493900299072,dry,1
2025-08-01,8,NL327,Het Gooi en Vechtstreek,Crop Failure & Yield Reduction,0,0.6901026991168667,-1.7118911743164062,dry,1
2025-09-01,9,NL327,Het Gooi en Vechtstreek,Crop Failure & Yield Reduction,0,0.39927364277462934,-1.7690833806991577,dry,1
2023-12-01,12,NL328,Alkmaar en omgeving,Crop Failure & Yield Reduction,0,0.08180098870247354,1.902960181236267,wet,1
2024-01-01,1,NL328,Alkmaar en omgeving,Crop Failure & Yield Reduction,0,0.1205135081874333,1.7100821137428284,wet,1
2024-02-01,2,NL328,Alkmaar en omgeving,Crop Failure & Yield Reduction,0,0.1320709887507201,1.9593284130096436,wet,1
2024-03-01,3,NL328,Alkmaar en omgeving,Crop Failure & Yield Reduction,1,0.14147884950498413,1.739656686782837,wet,1
2024-04-01,4,NL328,Alkmaar en omgeving,Crop Failure & Yield Reduction,0,0.23763305081116892,2.0186948776245117,wet,1
2024-05-01,5,NL328,Alkmaar en omgeving,Crop Failure & Yield Reduction,0,0.4254839576504791,2.3344630002975464,wet,1
2024-06-01,6,NL328,Alkmaar en omgeving,Crop Failure & Yield Reduction,0,0.5088372144593617,2.804568648338318,wet,1
2024-07-01,7,NL328,Alkmaar en omgeving,Crop Failure & Yield Reduction,0,0.3895216594689231,2.428522229194641,wet,1
2024-08-01,8,NL328,Alkmaar en omgeving,Crop Failure & Yield Reduction,0,0.42527317705116724,2.425881505012512,wet,1
2024-09-01,9,NL328,Alkmaar en omgeving,Crop Failure & Yield Reduction,0,0.3111006238088554,2.5760817527770996,wet,1
2024-10-01,10,NL328,Alkmaar en omgeving,Crop Failure & Yield Reduction,0,0.24778497089249968,2.0169880390167236,wet,1
2024-11-01,11,NL328,Alkmaar en omgeving,Crop Failure & Yield Reduction,0,0.20223762843744603,1.3094255328178406,wet,1
2024-12-01,12,NL328,Alkmaar en omgeving,Crop Failure & Yield Reduction,0,0.1782946306473742,1.0511134266853333,wet,1
2025-01-01,1,NL328,Alkmaar en omgeving,Crop Failure & Yield Reduction,0,0.23182604617393893,0.9406598210334778,near_normal,1
2025-02-01,2,NL328,Alkmaar en omgeving,Crop Failure & Yield Reduction,0,0.2427641751209327,0.40348732471466064,near_normal,1
2025-03-01,3,NL328,Alkmaar en omgeving,Crop Failure & Yield Reduction,0,0.5069846812868518,-0.023991535417735577,near_normal,1
2025-04-01,4,NL328,Alkmaar en omgeving,Crop Failure & Yield Reduction,0,0.50591834107881,-0.6851816177368164,near_normal,1
2025-05-01,5,NL328,Alkmaar en omgeving,Crop Failure & Yield Reduction,0,0.6501569412479764,-1.0560193061828613,dry,1
2025-06-01,6,NL328,Alkmaar en omgeving,Crop Failure & Yield Reduction,1,0.6518391354946708,-1.200132429599762,dry,1
2025-07-01,7,NL328,Alkmaar en omgeving,Crop Failure & Yield Reduction,0,0.6459978394869026,-1.380033254623413,dry,1
2025-08-01,8,NL328,Alkmaar en omgeving,Crop Failure & Yield Reduction,0,0.650480535081055,-1.6897867918014526,dry,1
2025-09-01,9,NL328,Alkmaar en omgeving,Crop Failure & Yield Reduction,0,0.36434159532282484,-1.6552176475524902,dry,1
2023-12-01,12,NL329,Groot-Amsterdam,Crop Failure & Yield Reduction,0,0.10220615829781285,1.7692939043045044,wet,1
2024-01-01,1,NL329,Groot-Amsterdam,Crop Failure & Yield Reduction,0,0.13404416900226893,1.6169030666351318,wet,1
2024-02-01,2,NL329,Groot-Amsterdam,Crop Failure & Yield Reduction,0,0.14391329118982515,1.957419753074646,wet,1
2024-03-01,3,NL329,Groot-Amsterdam,Crop Failure & Yield Reduction,0,0.14227196351560503,1.6453285217285156,wet,1
2024-04-01,4,NL329,Groot-Amsterdam,Crop Failure & Yield Reduction,0,0.2481464771887132,1.9042351245880127,wet,1
2024-05-01,5,NL329,Groot-Amsterdam,Crop Failure & Yield Reduction,1,0.422894630681064,2.3876869678497314,wet,1
2024-06-01,6,NL329,Groot-Amsterdam,Crop Failure & Yield Reduction,0,0.527001496598091,2.875868558883667,wet,1
2024-07-01,7,NL329,Groot-Amsterdam,Crop Failure & Yield Reduction,0,0.44661541785325437,2.6098756790161133,wet,1
2024-08-01,8,NL329,Groot-Amsterdam,Crop Failure & Yield Reduction,0,0.487373393520275,2.4586730003356934,wet,1
2024-09-01,9,NL329,Groot-Amsterdam,Crop Failure & Yield Reduction,0,0.35702977422274607,2.6439425945281982,wet,1
2024-10-01,10,NL329,Groot-Amsterdam,Crop Failure & Yield Reduction,0,0.23988309858394538,2.0523898601531982,wet,1
2024-11-01,11,NL329,Groot-Amsterdam,Crop Failure & Yield Reduction,0,0.22175176547571945,1.5562342405319214,wet,1
2024-12-01,12,NL329,Groot-Amsterdam,Crop Failure & Yield Reduction,0,0.18686558737183578,1.3256824016571045,wet,1
2025-01-01,1,NL329,Groot-Amsterdam,Crop Failure & Yield Reduction,0,0.24426265431776245,1.2905166149139404,wet,1
2025-02-01,2,NL329,Groot-Amsterdam,Crop Failure & Yield Reduction,0,0.2631533763757613,0.7351674437522888,near_normal,1
2025-03-01,3,NL329,Groot-Amsterdam,Crop Failure & Yield Reduction,0,0.5894038179116446,0.2895616590976715,near_normal,1
2025-04-01,4,NL329,Groot-Amsterdam,Crop Failure & Yield Reduction,1,0.5456713585954759,-0.44397521018981934,near_normal,1
2025-05-01,5,NL329,Groot-Amsterdam,Crop Failure & Yield Reduction,1,0.6775788019225089,-1.0350122451782227,dry,1
2025-06-01,6,NL329,Groot-Amsterdam,Crop Failure & Yield Reduction,1,0.7012005267289867,-1.1691848039627075,dry,1
2025-07-01,7,NL329,Groot-Amsterdam,Crop Failure & Yield Reduction,1,0.6664172505831534,-1.3288004398345947,dry,1
2025-08-01,8,NL329,Groot-Amsterdam,Crop Failure & Yield Reduction,1,0.6849213197673247,-1.6849058866500854,dry,1
2025-09-01,9,NL329,Groot-Amsterdam,Crop Failure & Yield Reduction,0,0.3776226713838589,-1.740875005722046,dry,1
2023-12-01,12,NL332,Agglomeratie ’s-Gravenhage,Crop Failure & Yield Reduction,0,0.06706252782871797,1.7348324060440063,wet,1
2024-01-01,1,NL332,Agglomeratie ’s-Gravenhage,Crop Failure & Yield Reduction,0,0.09181929165654383,1.5479464530944824,wet,1
2024-02-01,2,NL332,Agglomeratie ’s-Gravenhage,Crop Failure & Yield Reduction,0,0.09652843729938938,1.9152671098709106,wet,1
2024-03-01,3,NL332,Agglomeratie ’s-Gravenhage,Crop Failure & Yield Reduction,0,0.11211208089439181,1.6138807535171509,wet,1
2024-04-01,4,NL332,Agglomeratie ’s-Gravenhage,Crop Failure & Yield Reduction,0,0.16867395218595263,1.7927536964416504,wet,1
2024-05-01,5,NL332,Agglomeratie ’s-Gravenhage,Crop Failure & Yield Reduction,0,0.3138968474866704,2.222562551498413,wet,1
2024-06-01,6,NL332,Agglomeratie ’s-Gravenhage,Crop Failure & Yield Reduction,0,0.3825443811517581,2.651139974594116,wet,1
2024-07-01,7,NL332,Agglomeratie ’s-Gravenhage,Crop Failure & Yield Reduction,0,0.2932296986991009,2.602553367614746,wet,1
2024-08-01,8,NL332,Agglomeratie ’s-Gravenhage,Crop Failure & Yield Reduction,0,0.34063284505031965,2.614240884780884,wet,1
2024-09-01,9,NL332,Agglomeratie ’s-Gravenhage,Crop Failure & Yield Reduction,0,0.24138034535444186,2.760681390762329,wet,1
2024-10-01,10,NL332,Agglomeratie ’s-Gravenhage,Crop Failure & Yield Reduction,0,0.16085402145412933,2.217620849609375,wet,1
2024-11-01,11,NL332,Agglomeratie ’s-Gravenhage,Crop Failure & Yield Reduction,1,0.1391646328093732,1.6578664779663086,wet,1
2024-12-01,12,NL332,Agglomeratie ’s-Gravenhage,Crop Failure & Yield Reduction,0,0.11741974435471812,1.5298305749893188,wet,1
2025-01-01,1,NL332,Agglomeratie ’s-Gravenhage,Crop Failure & Yield Reduction,0,0.14042525060131467,1.4456462860107422,wet,1
2025-02-01,2,NL332,Agglomeratie ’s-Gravenhage,Crop Failure & Yield Reduction,0,0.15850283167250515,0.8826550841331482,near_normal,1
2025-03-01,3,NL332,Agglomeratie ’s-Gravenhage,Crop Failure & Yield Reduction,0,0.3410690564225834,0.4521176517009735,near_normal,1
2025-04-01,4,NL332,Agglomeratie ’s-Gravenhage,Crop Failure & Yield Reduction,1,0.41879078423156507,-0.2299506515264511,near_normal,1
2025-05-01,5,NL332,Agglomeratie ’s-Gravenhage,Crop Failure & Yield Reduction,0,0.5641945018404807,-0.8712313175201416,near_normal,1
2025-06-01,6,NL332,Agglomeratie ’s-Gravenhage,Crop Failure & Yield Reduction,1,0.6344891968171297,-1.0435134172439575,dry,1
2025-07-01,7,NL332,Agglomeratie ’s-Gravenhage,Crop Failure & Yield Reduction,0,0.5692133615493064,-1.2248507738113403,dry,1
2025-08-01,8,NL332,Agglomeratie ’s-Gravenhage,Crop Failure & Yield Reduction,0,0.5574170680500818,-1.4840713739395142,dry,1
2025-09-01,9,NL332,Agglomeratie ’s-Gravenhage,Crop Failure & Yield Reduction,0,0.25124452679696374,-1.723048210144043,dry,1
2023-12-01,12,NL333,Delft en Westland,Crop Failure & Yield Reduction,1,0.12560492513804233,1.6360796689987183,wet,1
2024-01-01,1,NL333,Delft en Westland,Crop Failure & Yield Reduction,0,0.1351492939087207,1.4589471817016602,wet,1
2024-02-01,2,NL333,Delft en Westland,Crop Failure & Yield Reduction,1,0.15759340155803725,1.889495611190796,wet,1
2024-03-01,3,NL333,Delft en Westland,Crop Failure & Yield Reduction,0,0.13898633288393072,1.5272536277770996,wet,1
2024-04-01,4,NL333,Delft en Westland,Crop Failure & Yield Reduction,1,0.23868141051652794,1.6712430715560913,wet,1
2024-05-01,5,NL333,Delft en Westland,Crop Failure & Yield Reduction,1,0.3959509168279248,2.103944778442383,wet,1
2024-06-01,6,NL333,Delft en Westland,Crop Failure & Yield Reduction,0,0.47464521865931963,2.5638675689697266,wet,1
2024-07-01,7,NL333,Delft en Westland,Crop Failure & Yield Reduction,0,0.40495960889783134,2.8959829807281494,wet,1
2024-08-01,8,NL333,Delft en Westland,Crop Failure & Yield Reduction,0,0.43566616978803024,2.653705358505249,wet,1
2024-09-01,9,NL333,Delft en Westland,Crop Failure & Yield Reduction,0,0.32669462779682495,2.9503586292266846,wet,1
2024-10-01,10,NL333,Delft en Westland,Crop Failure & Yield Reduction,0,0.2204594332563385,2.2567052841186523,wet,1
2024-11-01,11,NL333,Delft en Westland,Crop Failure & Yield Reduction,0,0.21579253479464136,1.799555778503418,wet,1
2024-12-01,12,NL333,Delft en Westland,Crop Failure & Yield Reduction,0,0.17209685381325393,1.66428804397583,wet,1
2025-01-01,1,NL333,Delft en Westland,Crop Failure & Yield Reduction,0,0.20184422038621727,1.640883445739746,wet,1
2025-02-01,2,NL333,Delft en Westland,Crop Failure & Yield Reduction,1,0.2131768727333152,1.163700819015503,wet,1
2025-03-01,3,NL333,Delft en Westland,Crop Failure & Yield Reduction,0,0.4867314106527806,0.7183709144592285,near_normal,1
2025-04-01,4,NL333,Delft en Westland,Crop Failure & Yield Reduction,1,0.5573041205967165,0.003728199517354369,near_normal,1
2025-05-01,5,NL333,Delft en Westland,Crop Failure & Yield Reduction,0,0.6763330882708268,-0.8432844877243042,near_normal,1
2025-06-01,6,NL333,Delft en Westland,Crop Failure & Yield Reduction,1,0.697944782987927,-1.0905721187591553,dry,1
2025-07-01,7,NL333,Delft en Westland,Crop Failure & Yield Reduction,1,0.6812553795564775,-1.26656973361969,dry,1
2025-08-01,8,NL333,Delft en Westland,Crop Failure & Yield Reduction,0,0.7138182075476464,-1.6068077087402344,dry,1
2025-09-01,9,NL333,Delft en Westland,Crop Failure & Yield Reduction,0,0.38929294888743815,-1.8662478923797607,dry,1
2023-12-01,12,NL337,Agglomeratie Leiden en Bollenstreek,Crop Failure & Yield Reduction,0,0.08720603461173095,1.7106456756591797,wet,1
2024-01-01,1,NL337,Agglomeratie Leiden en Bollenstreek,Crop Failure & Yield Reduction,0,0.11066271029750563,1.5254942178726196,wet,1
2024-02-01,2,NL337,Agglomeratie Leiden en Bollenstreek,Crop Failure & Yield Reduction,0,0.11661166978644028,1.930662751197815,wet,1
2024-03-01,3,NL337,Agglomeratie Leiden en Bollenstreek,Crop Failure & Yield Reduction,0,0.12284867402811266,1.600808024406433,wet,1
2024-04-01,4,NL337,Agglomeratie Leiden en Bollenstreek,Crop Failure & Yield Reduction,0,0.19383241222605965,1.8393596410751343,wet,1
2024-05-01,5,NL337,Agglomeratie Leiden en Bollenstreek,Crop Failure & Yield Reduction,0,0.3504687007112429,2.308445453643799,wet,1
2024-06-01,6,NL337,Agglomeratie Leiden en Bollenstreek,Crop Failure & Yield Reduction,0,0.4442517769917782,2.742405891418457,wet,1
2024-07-01,7,NL337,Agglomeratie Leiden en Bollenstreek,Crop Failure & Yield Reduction,0,0.36517739866679266,2.7151103019714355,wet,1
2024-08-01,8,NL337,Agglomeratie Leiden en Bollenstreek,Crop Failure & Yield Reduction,0,0.4234286866546012,2.554049253463745,wet,1
2024-09-01,9,NL337,Agglomeratie Leiden en Bollenstreek,Crop Failure & Yield Reduction,0,0.28653151745235445,2.7597999572753906,wet,1
2024-10-01,10,NL337,Agglomeratie Leiden en Bollenstreek,Crop Failure & Yield Reduction,0,0.19228811742945345,2.198561906814575,wet,1
2024-11-01,11,NL337,Agglomeratie Leiden en Bollenstreek,Crop Failure & Yield Reduction,0,0.17128672596190564,1.7335660457611084,wet,1
2024-12-01,12,NL337,Agglomeratie Leiden en Bollenstreek,Crop Failure & Yield Reduction,0,0.1381937651589471,1.5648200511932373,wet,1
2025-01-01,1,NL337,Agglomeratie Leiden en Bollenstreek,Crop Failure & Yield Reduction,0,0.17731242658279878,1.5522692203521729,wet,1
2025-02-01,2,NL337,Agglomeratie Leiden en Bollenstreek,Crop Failure & Yield Reduction,0,0.19327478040688928,1.016635775566101,wet,1
2025-03-01,3,NL337,Agglomeratie Leiden en Bollenstreek,Crop Failure & Yield Reduction,0,0.40343524981982715,0.5903820991516113,near_normal,1
2025-04-01,4,NL337,Agglomeratie Leiden en Bollenstreek,Crop Failure & Yield Reduction,0,0.47724557017630304,-0.16400562226772308,near_normal,1
2025-05-01,5,NL337,Agglomeratie Leiden en Bollenstreek,Crop Failure & Yield Reduction,0,0.6149742714974599,-0.8812072277069092,near_normal,1
2025-06-01,6,NL337,Agglomeratie Leiden en Bollenstreek,Crop Failure & Yield Reduction,1,0.6755690819237096,-1.0348807573318481,dry,1
2025-07-01,7,NL337,Agglomeratie Leiden en Bollenstreek,Crop Failure & Yield Reduction,0,0.6143164965679776,-1.1747100353240967,dry,1
2025-08-01,8,NL337,Agglomeratie Leiden en Bollenstreek,Crop Failure & Yield Reduction,0,0.6194957435978947,-1.5170913934707642,dry,1
2025-09-01,9,NL337,Agglomeratie Leiden en Bollenstreek,Crop Failure & Yield Reduction,0,0.29274526703231196,-1.738526463508606,dry,1
2023-12-01,12,NL33A,Zuidoost-Zuid-Holland,Crop Failure & Yield Reduction,0,0.12572459686406018,1.735690951347351,wet,1
2024-01-01,1,NL33A,Zuidoost-Zuid-Holland,Crop Failure & Yield Reduction,0,0.1330294220640267,1.5022345781326294,wet,1
2024-02-01,2,NL33A,Zuidoost-Zuid-Holland,Crop Failure & Yield Reduction,0,0.13849101682902676,1.9734735488891602,wet,1
2024-03-01,3,NL33A,Zuidoost-Zuid-Holland,Crop Failure & Yield Reduction,0,0.12516638147565023,1.6091928482055664,wet,1
2024-04-01,4,NL33A,Zuidoost-Zuid-Holland,Crop Failure & Yield Reduction,0,0.2254245306929703,1.869387149810791,wet,1
2024-05-01,5,NL33A,Zuidoost-Zuid-Holland,Crop Failure & Yield Reduction,0,0.382088196301004,2.296041488647461,wet,1
2024-06-01,6,NL33A,Zuidoost-Zuid-Holland,Crop Failure & Yield Reduction,0,0.4615847918328435,2.7406914234161377,wet,1
2024-07-01,7,NL33A,Zuidoost-Zuid-Holland,Crop Failure & Yield Reduction,0,0.41963226449540375,3.1620676517486572,wet,1
2024-08-01,8,NL33A,Zuidoost-Zuid-Holland,Crop Failure & Yield Reduction,0,0.4001628346688183,2.5882296562194824,wet,1
2024-09-01,9,NL33A,Zuidoost-Zuid-Holland,Crop Failure & Yield Reduction,0,0.33134428700719265,3.196017026901245,wet,1
2024-10-01,10,NL33A,Zuidoost-Zuid-Holland,Crop Failure & Yield Reduction,0,0.22074998728513184,2.4383902549743652,wet,1
2024-11-01,11,NL33A,Zuidoost-Zuid-Holland,Crop Failure & Yield Reduction,0,0.1967658041944298,1.9545094966888428,wet,1
2024-12-01,12,NL33A,Zuidoost-Zuid-Holland,Crop Failure & Yield Reduction,0,0.1604233638906691,1.7752925157546997,wet,1
2025-01-01,1,NL33A,Zuidoost-Zuid-Holland,Crop Failure & Yield Reduction,0,0.19181683782799847,1.8329216241836548,wet,1
2025-02-01,2,NL33A,Zuidoost-Zuid-Holland,Crop Failure & Yield Reduction,0,0.21367824030993327,1.3434903621673584,wet,1
2025-03-01,3,NL33A,Zuidoost-Zuid-Holland,Crop Failure & Yield Reduction,1,0.5249633203652727,0.9254148006439209,near_normal,1
2025-04-01,4,NL33A,Zuidoost-Zuid-Holland,Crop Failure & Yield Reduction,0,0.530704219300262,0.18472331762313843,near_normal,1
2025-05-01,5,NL33A,Zuidoost-Zuid-Holland,Crop Failure & Yield Reduction,0,0.6630739496225733,-0.6993400454521179,near_normal,1
2025-06-01,6,NL33A,Zuidoost-Zuid-Holland,Crop Failure & Yield Reduction,1,0.7061173254451929,-0.928616464138031,near_normal,1
2025-07-01,7,NL33A,Zuidoost-Zuid-Holland,Crop Failure & Yield Reduction,0,0.6804931836845912,-1.0900894403457642,dry,1
2025-08-01,8,NL33A,Zuidoost-Zuid-Holland,Crop Failure & Yield Reduction,0,0.6876829810026193,-1.5483509302139282,dry,1
2025-09-01,9,NL33A,Zuidoost-Zuid-Holland,Crop Failure & Yield Reduction,0,0.38665971884621814,-1.7110259532928467,dry,1
2023-12-01,12,NL33B,Oost-Zuid-Holland,Crop Failure & Yield Reduction,0,0.049988067159578556,1.7106456756591797,wet,1
2024-01-01,1,NL33B,Oost-Zuid-Holland,Crop Failure & Yield Reduction,0,0.062319549314338564,1.5254942178726196,wet,1
2024-02-01,2,NL33B,Oost-Zuid-Holland,Crop Failure & Yield Reduction,1,0.06162091677851949,1.930662751197815,wet,1
2024-03-01,3,NL33B,Oost-Zuid-Holland,Crop Failure & Yield Reduction,0,0.06960404340928743,1.600808024406433,wet,1
2024-04-01,4,NL33B,Oost-Zuid-Holland,Crop Failure & Yield Reduction,0,0.11458830720435124,1.8393596410751343,wet,1
2024-05-01,5,NL33B,Oost-Zuid-Holland,Crop Failure & Yield Reduction,0,0.2245855916448958,2.308445453643799,wet,1
2024-06-01,6,NL33B,Oost-Zuid-Holland,Crop Failure & Yield Reduction,0,0.2920452776422798,2.742405891418457,wet,1
2024-07-01,7,NL33B,Oost-Zuid-Holland,Crop Failure & Yield Reduction,0,0.23920382482845595,2.7151103019714355,wet,1
2024-08-01,8,NL33B,Oost-Zuid-Holland,Crop Failure & Yield Reduction,0,0.2601747886600268,2.554049253463745,wet,1
2024-09-01,9,NL33B,Oost-Zuid-Holland,Crop Failure & Yield Reduction,0,0.18057811788704656,2.7597999572753906,wet,1
2024-10-01,10,NL33B,Oost-Zuid-Holland,Crop Failure & Yield Reduction,1,0.10929408081178915,2.198561906814575,wet,1
2024-11-01,11,NL33B,Oost-Zuid-Holland,Crop Failure & Yield Reduction,0,0.09908382097875024,1.7335660457611084,wet,1
2024-12-01,12,NL33B,Oost-Zuid-Holland,Crop Failure & Yield Reduction,0,0.0802109224761352,1.5648200511932373,wet,1
2025-01-01,1,NL33B,Oost-Zuid-Holland,Crop Failure & Yield Reduction,0,0.10585023869809307,1.5522692203521729,wet,1
2025-02-01,2,NL33B,Oost-Zuid-Holland,Crop Failure & Yield Reduction,0,0.11613297233871182,1.016635775566101,wet,1
2025-03-01,3,NL33B,Oost-Zuid-Holland,Crop Failure & Yield Reduction,0,0.31462749289087566,0.5903820991516113,near_normal,1
2025-04-01,4,NL33B,Oost-Zuid-Holland,Crop Failure & Yield Reduction,0,0.3305921105281368,-0.16400562226772308,near_normal,1
2025-05-01,5,NL33B,Oost-Zuid-Holland,Crop Failure & Yield Reduction,0,0.4519486760261026,-0.8812072277069092,near_normal,1
2025-06-01,6,NL33B,Oost-Zuid-Holland,Crop Failure & Yield Reduction,1,0.492490829625675,-1.0348807573318481,dry,1
2025-07-01,7,NL33B,Oost-Zuid-Holland,Crop Failure & Yield Reduction,0,0.45739609443377494,-1.1747100353240967,dry,1
2025-08-01,8,NL33B,Oost-Zuid-Holland,Crop Failure & Yield Reduction,0,0.46317351210400554,-1.5170913934707642,dry,1
2025-09-01,9,NL33B,Oost-Zuid-Holland,Crop Failure & Yield Reduction,0,0.2004832205098101,-1.738526463508606,dry,1
2023-12-01,12,NL33C,Groot-Rijnmond,Crop Failure & Yield Reduction,0,0.33127299880819067,1.663238803545634,wet,1
2024-01-01,1,NL33C,Groot-Rijnmond,Crop Failure & Yield Reduction,0,0.3590318057907717,1.481999437014262,wet,1
2024-02-01,2,NL33C,Groot-Rijnmond,Crop Failure & Yield Reduction,0,0.3851895842577752,1.9045462608337402,wet,1
2024-03-01,3,NL33C,Groot-Rijnmond,Crop Failure & Yield Reduction,0,0.3673426150634276,1.55764905611674,wet,1
2024-04-01,4,NL33C,Groot-Rijnmond,Crop Failure & Yield Reduction,0,0.524397926269996,1.7358837127685547,wet,1
2024-05-01,5,NL33C,Groot-Rijnmond,Crop Failure & Yield Reduction,1,0.6984683080593989,2.1709097226460776,wet,1
2024-06-01,6,NL33C,Groot-Rijnmond,Crop Failure & Yield Reduction,0,0.7575489200708673,2.626691977183024,wet,1
2024-07-01,7,NL33C,Groot-Rijnmond,Crop Failure & Yield Reduction,0,0.708704871408352,2.903880516688029,wet,1
2024-08-01,8,NL33C,Groot-Rijnmond,Crop Failure & Yield Reduction,0,0.7280271755009198,2.6491270065307617,wet,1
2024-09-01,9,NL33C,Groot-Rijnmond,Crop Failure & Yield Reduction,0,0.6254205932340359,2.9472951889038086,wet,1
2024-10-01,10,NL33C,Groot-Rijnmond,Crop Failure & Yield Reduction,0,0.49881944191635313,2.2849376996358237,wet,1
2024-11-01,11,NL33C,Groot-Rijnmond,Crop Failure & Yield Reduction,0,0.484232036819195,1.8019837141036987,wet,1
2024-12-01,12,NL33C,Groot-Rijnmond,Crop Failure & Yield Reduction,0,0.4274280317407915,1.676819920539856,wet,1
2025-01-01,1,NL33C,Groot-Rijnmond,Crop Failure & Yield Reduction,0,0.47503709286673274,1.6513664722442627,wet,1
2025-02-01,2,NL33C,Groot-Rijnmond,Crop Failure & Yield Reduction,0,0.496937135467117,1.1506803433100383,wet,1
2025-03-01,3,NL33C,Groot-Rijnmond,Crop Failure & Yield Reduction,0,0.7673266619731831,0.7058199445406595,near_normal,1
2025-04-01,4,NL33C,Groot-Rijnmond,Crop Failure & Yield Reduction,1,0.8054777412371636,-0.012301225292806825,near_normal,1
2025-05-01,5,NL33C,Groot-Rijnmond,Crop Failure & Yield Reduction,1,0.8757268926280376,-0.8446452021598816,near_normal,1
2025-06-01,6,NL33C,Groot-Rijnmond,Crop Failure & Yield Reduction,1,0.8910322507362272,-1.0734885931015015,dry,1
2025-07-01,7,NL33C,Groot-Rijnmond,Crop Failure & Yield Reduction,0,0.8804805340937587,-1.2388241688410442,dry,1
2025-08-01,8,NL33C,Groot-Rijnmond,Crop Failure & Yield Reduction,1,0.8960464859934477,-1.566239356994629,dry,1
2025-09-01,9,NL33C,Groot-Rijnmond,Crop Failure & Yield Reduction,0,0.6955929864457554,-1.825290282567342,dry,1
2023-12-01,12,NL341,Zeeuwsch-Vlaanderen,Crop Failure & Yield Reduction,1,0.3011747206504944,1.332913875579834,wet,1
2024-01-01,1,NL341,Zeeuwsch-Vlaanderen,Crop Failure & Yield Reduction,0,0.35054513911537744,1.0990768671035767,wet,1
2024-02-01,2,NL341,Zeeuwsch-Vlaanderen,Crop Failure & Yield Reduction,0,0.34410121050968767,1.6654661893844604,wet,1
2024-03-01,3,NL341,Zeeuwsch-Vlaanderen,Crop Failure & Yield Reduction,0,0.35214811996430506,1.4342957735061646,wet,1
2024-04-01,4,NL341,Zeeuwsch-Vlaanderen,Crop Failure & Yield Reduction,1,0.4898333855536685,1.72164386510849,wet,1
2024-05-01,5,NL341,Zeeuwsch-Vlaanderen,Crop Failure & Yield Reduction,0,0.687574841980952,2.0468907356262207,wet,1
2024-06-01,6,NL341,Zeeuwsch-Vlaanderen,Crop Failure & Yield Reduction,0,0.6998101528990067,2.511785864830017,wet,1
2024-07-01,7,NL341,Zeeuwsch-Vlaanderen,Crop Failure & Yield Reduction,0,0.6563529214522522,2.5947717428207397,wet,1
2024-08-01,8,NL341,Zeeuwsch-Vlaanderen,Crop Failure & Yield Reduction,0,0.675626994621089,2.2865796089172363,wet,1
2024-09-01,9,NL341,Zeeuwsch-Vlaanderen,Crop Failure & Yield Reduction,0,0.5778721823510004,2.4733811616897583,wet,1
2024-10-01,10,NL341,Zeeuwsch-Vlaanderen,Crop Failure & Yield Reduction,1,0.5031445612497195,2.181926131248474,wet,1
2024-11-01,11,NL341,Zeeuwsch-Vlaanderen,Crop Failure & Yield Reduction,1,0.4470269229616269,1.6795973777770996,wet,1
2024-12-01,12,NL341,Zeeuwsch-Vlaanderen,Crop Failure & Yield Reduction,1,0.4209814574085736,1.661611557006836,wet,1
2025-01-01,1,NL341,Zeeuwsch-Vlaanderen,Crop Failure & Yield Reduction,0,0.4454978939212265,1.6901467442512512,wet,1
2025-02-01,2,NL341,Zeeuwsch-Vlaanderen,Crop Failure & Yield Reduction,0,0.4569176713861378,1.1577122211456299,wet,1
2025-03-01,3,NL341,Zeeuwsch-Vlaanderen,Crop Failure & Yield Reduction,1,0.7784747041692811,0.565402165055275,near_normal,1
2025-04-01,4,NL341,Zeeuwsch-Vlaanderen,Crop Failure & Yield Reduction,1,0.7996330963538286,-0.27620716392993927,near_normal,1
2025-05-01,5,NL341,Zeeuwsch-Vlaanderen,Crop Failure & Yield Reduction,1,0.8534482903286104,-1.0510993003845215,dry,1
2025-06-01,6,NL341,Zeeuwsch-Vlaanderen,Crop Failure & Yield Reduction,1,0.8745154755684746,-1.2060883045196533,dry,1
2025-07-01,7,NL341,Zeeuwsch-Vlaanderen,Crop Failure & Yield Reduction,1,0.8825412408738109,-1.3016448020935059,dry,1
2025-08-01,8,NL341,Zeeuwsch-Vlaanderen,Crop Failure & Yield Reduction,1,0.895663588172289,-1.7224125266075134,dry,1
2025-09-01,9,NL341,Zeeuwsch-Vlaanderen,Crop Failure & Yield Reduction,0,0.6901836456078769,-2.1238150596618652,dry,1
2023-12-01,12,NL342,Overig Zeeland,Crop Failure & Yield Reduction,1,0.27276179647281285,1.5336954593658447,wet,1
2024-01-01,1,NL342,Overig Zeeland,Crop Failure & Yield Reduction,1,0.29804109702500625,1.3286210298538208,wet,1
2024-02-01,2,NL342,Overig Zeeland,Crop Failure & Yield Reduction,0,0.3171979478139868,1.7934848070144653,wet,1
2024-03-01,3,NL342,Overig Zeeland,Crop Failure & Yield Reduction,1,0.2942686755893075,1.4659996032714844,wet,1
2024-04-01,4,NL342,Overig Zeeland,Crop Failure & Yield Reduction,1,0.44577239583666745,1.6179192066192627,wet,1
2024-05-01,5,NL342,Overig Zeeland,Crop Failure & Yield Reduction,0,0.6149944965490093,2.0807783603668213,wet,1
2024-06-01,6,NL342,Overig Zeeland,Crop Failure & Yield Reduction,0,0.662921468254587,2.572701930999756,wet,1
2024-07-01,7,NL342,Overig Zeeland,Crop Failure & Yield Reduction,0,0.6271932491702219,2.9837281703948975,wet,1
2024-08-01,8,NL342,Overig Zeeland,Crop Failure & Yield Reduction,0,0.6082928465492968,2.67411470413208,wet,1
2024-09-01,9,NL342,Overig Zeeland,Crop Failure & Yield Reduction,0,0.5171102386674831,2.8608145713806152,wet,1
2024-10-01,10,NL342,Overig Zeeland,Crop Failure & Yield Reduction,1,0.4158241199325014,2.296290636062622,wet,1
2024-11-01,11,NL342,Overig Zeeland,Crop Failure & Yield Reduction,1,0.3958206136714339,1.8551033735275269,wet,1
2024-12-01,12,NL342,Overig Zeeland,Crop Failure & Yield Reduction,0,0.3572736252269816,1.8005717992782593,wet,1
2025-01-01,1,NL342,Overig Zeeland,Crop Failure & Yield Reduction,0,0.3826034891551101,1.798425555229187,wet,1
2025-02-01,2,NL342,Overig Zeeland,Crop Failure & Yield Reduction,0,0.40078385985676424,1.329056739807129,wet,1
2025-03-01,3,NL342,Overig Zeeland,Crop Failure & Yield Reduction,1,0.6989094841567014,0.8654971122741699,near_normal,1
2025-04-01,4,NL342,Overig Zeeland,Crop Failure & Yield Reduction,1,0.7691862755632657,0.127136692404747,near_normal,1
2025-05-01,5,NL342,Overig Zeeland,Crop Failure & Yield Reduction,1,0.8377136378142617,-0.8692893981933594,near_normal,1
2025-06-01,6,NL342,Overig Zeeland,Crop Failure & Yield Reduction,1,0.8498934621320079,-1.1390583515167236,dry,1
2025-07-01,7,NL342,Overig Zeeland,Crop Failure & Yield Reduction,1,0.8488001008805782,-1.3374229669570923,dry,1
2025-08-01,8,NL342,Overig Zeeland,Crop Failure & Yield Reduction,1,0.8732276449488491,-1.7264788150787354,dry,1
2025-09-01,9,NL342,Overig Zeeland,Crop Failure & Yield Reduction,1,0.634016039764958,-2.0268850326538086,dry,1
2023-12-01,12,NL411,West-Noord-Brabant,Crop Failure & Yield Reduction,0,0.3254293362492889,1.6965256333351135,wet,1
2024-01-01,1,NL411,West-Noord-Brabant,Crop Failure & Yield Reduction,0,0.3437511384667614,1.4279340207576752,wet,1
2024-02-01,2,NL411,West-Noord-Brabant,Crop Failure & Yield Reduction,0,0.36558895239543326,1.9115989208221436,wet,1
2024-03-01,3,NL411,West-Noord-Brabant,Crop Failure & Yield Reduction,0,0.34742352853489916,1.5701760351657867,wet,1
2024-04-01,4,NL411,West-Noord-Brabant,Crop Failure & Yield Reduction,0,0.5040625456991591,1.794410079717636,wet,1
2024-05-01,5,NL411,West-Noord-Brabant,Crop Failure & Yield Reduction,0,0.6807699881648726,2.1759976744651794,wet,1
2024-06-01,6,NL411,West-Noord-Brabant,Crop Failure & Yield Reduction,0,0.7140727914652047,2.6817938685417175,wet,1
2024-07-01,7,NL411,West-Noord-Brabant,Crop Failure & Yield Reduction,0,0.6849043682403747,3.1869431138038635,wet,1
2024-08-01,8,NL411,West-Noord-Brabant,Crop Failure & Yield Reduction,0,0.6565703711007678,2.5752928256988525,wet,1
2024-09-01,9,NL411,West-Noord-Brabant,Crop Failure & Yield Reduction,1,0.5910206942715867,3.2261340022087097,wet,1
2024-10-01,10,NL411,West-Noord-Brabant,Crop Failure & Yield Reduction,0,0.4711138295875497,2.4958202242851257,wet,1
2024-11-01,11,NL411,West-Noord-Brabant,Crop Failure & Yield Reduction,0,0.4467267921073727,1.9934806823730469,wet,1
2024-12-01,12,NL411,West-Noord-Brabant,Crop Failure & Yield Reduction,1,0.3944771243765102,1.8938453793525696,wet,1
2025-01-01,1,NL411,West-Noord-Brabant,Crop Failure & Yield Reduction,0,0.4330230390118206,1.9489366114139557,wet,1
2025-02-01,2,NL411,West-Noord-Brabant,Crop Failure & Yield Reduction,0,0.45691651771796216,1.4912947714328766,wet,1
2025-03-01,3,NL411,West-Noord-Brabant,Crop Failure & Yield Reduction,1,0.7460622652410666,1.0794287621974945,wet,1
2025-04-01,4,NL411,West-Noord-Brabant,Crop Failure & Yield Reduction,0,0.7895236679628416,0.3902544379234314,near_normal,1
2025-05-01,5,NL411,West-Noord-Brabant,Crop Failure & Yield Reduction,1,0.8717291854472957,-0.6107541918754578,near_normal,1
2025-06-01,6,NL411,West-Noord-Brabant,Crop Failure & Yield Reduction,1,0.8915799366415064,-0.9553556591272354,near_normal,1
2025-07-01,7,NL411,West-Noord-Brabant,Crop Failure & Yield Reduction,1,0.8884448801085385,-1.197560876607895,dry,1
2025-08-01,8,NL411,West-Noord-Brabant,Crop Failure & Yield Reduction,1,0.90527676238195,-1.7818401753902435,dry,1
2025-09-01,9,NL411,West-Noord-Brabant,Crop Failure & Yield Reduction,0,0.6982770796955895,-1.944325178861618,dry,1
2023-12-01,12,NL412,Midden-Noord-Brabant,Crop Failure & Yield Reduction,0,0.259866593317337,1.8568886518478394,wet,1
2024-01-01,1,NL412,Midden-Noord-Brabant,Crop Failure & Yield Reduction,0,0.2716177827766568,1.5439085960388184,wet,1
2024-02-01,2,NL412,Midden-Noord-Brabant,Crop Failure & Yield Reduction,0,0.2960966859317288,2.0561699867248535,wet,1
2024-03-01,3,NL412,Midden-Noord-Brabant,Crop Failure & Yield Reduction,0,0.29336996676810834,1.6683708429336548,wet,1
2024-04-01,4,NL412,Midden-Noord-Brabant,Crop Failure & Yield Reduction,0,0.4245100559259651,1.9227519035339355,wet,1
2024-05-01,5,NL412,Midden-Noord-Brabant,Crop Failure & Yield Reduction,0,0.6129611476780971,2.350119113922119,wet,1
2024-06-01,6,NL412,Midden-Noord-Brabant,Crop Failure & Yield Reduction,0,0.68495203715143,2.7400357723236084,wet,1
2024-07-01,7,NL412,Midden-Noord-Brabant,Crop Failure & Yield Reduction,0,0.6203430004200243,3.3474960327148438,wet,1
2024-08-01,8,NL412,Midden-Noord-Brabant,Crop Failure & Yield Reduction,0,0.5752112244186669,2.595762252807617,wet,1
2024-09-01,9,NL412,Midden-Noord-Brabant,Crop Failure & Yield Reduction,0,0.513737776852096,3.8588836193084717,wet,1
2024-10-01,10,NL412,Midden-Noord-Brabant,Crop Failure & Yield Reduction,0,0.40308753900526834,2.767239809036255,wet,1
2024-11-01,11,NL412,Midden-Noord-Brabant,Crop Failure & Yield Reduction,0,0.3718074943722766,2.2039122581481934,wet,1
2024-12-01,12,NL412,Midden-Noord-Brabant,Crop Failure & Yield Reduction,1,0.31665595606384256,2.016164541244507,wet,1
2025-01-01,1,NL412,Midden-Noord-Brabant,Crop Failure & Yield Reduction,0,0.36314605925128757,2.0861504077911377,wet,1
2025-02-01,2,NL412,Midden-Noord-Brabant,Crop Failure & Yield Reduction,0,0.3911886020504028,1.595111608505249,wet,1
2025-03-01,3,NL412,Midden-Noord-Brabant,Crop Failure & Yield Reduction,1,0.7114375568083912,1.174560785293579,wet,1
2025-04-01,4,NL412,Midden-Noord-Brabant,Crop Failure & Yield Reduction,0,0.7280828705288208,0.5439844131469727,near_normal,1
2025-05-01,5,NL412,Midden-Noord-Brabant,Crop Failure & Yield Reduction,1,0.832625370973919,-0.45212289690971375,near_normal,1
2025-06-01,6,NL412,Midden-Noord-Brabant,Crop Failure & Yield Reduction,1,0.8602361913387427,-0.7468729019165039,near_normal,1
2025-07-01,7,NL412,Midden-Noord-Brabant,Crop Failure & Yield Reduction,1,0.8489188126910167,-1.0836814641952515,dry,1
2025-08-01,8,NL412,Midden-Noord-Brabant,Crop Failure & Yield Reduction,1,0.8646587915675686,-1.6820485591888428,dry,1
2025-09-01,9,NL412,Midden-Noord-Brabant,Crop Failure & Yield Reduction,0,0.6127433103096793,-1.6659215688705444,dry,1
2023-12-01,12,NL413,Noordoost-Noord-Brabant,Crop Failure & Yield Reduction,1,0.27261083568592803,2.005632162094116,wet,1
2024-01-01,1,NL413,Noordoost-Noord-Brabant,Crop Failure & Yield Reduction,0,0.31458298798257567,1.7263375918070476,wet,1
2024-02-01,2,NL413,Noordoost-Noord-Brabant,Crop Failure & Yield Reduction,0,0.34111621484072113,2.301957845687866,wet,1
2024-03-01,3,NL413,Noordoost-Noord-Brabant,Crop Failure & Yield Reduction,0,0.3631837040173277,1.7595105568567913,wet,1
2024-04-01,4,NL413,Noordoost-Noord-Brabant,Crop Failure & Yield Reduction,0,0.4690101740579811,1.9506117502848308,wet,1
2024-05-01,5,NL413,Noordoost-Noord-Brabant,Crop Failure & Yield Reduction,0,0.6637663377557664,2.5292108058929443,wet,1
2024-06-01,6,NL413,Noordoost-Noord-Brabant,Crop Failure & Yield Reduction,0,0.7463953653546239,2.860475540161133,wet,1
2024-07-01,7,NL413,Noordoost-Noord-Brabant,Crop Failure & Yield Reduction,0,0.6350652733989111,3.60351292292277,wet,1
2024-08-01,8,NL413,Noordoost-Noord-Brabant,Crop Failure & Yield Reduction,0,0.6287733176116118,2.6137571334838867,wet,1
2024-09-01,9,NL413,Noordoost-Noord-Brabant,Crop Failure & Yield Reduction,0,0.5636166759584132,3.99537460009257,wet,1
2024-10-01,10,NL413,Noordoost-Noord-Brabant,Crop Failure & Yield Reduction,0,0.4434156134053448,2.824659744898478,wet,1
2024-11-01,11,NL413,Noordoost-Noord-Brabant,Crop Failure & Yield Reduction,0,0.41537358060977286,2.297260840733846,wet,1
2024-12-01,12,NL413,Noordoost-Noord-Brabant,Crop Failure & Yield Reduction,1,0.3427503535719555,2.027393857638041,wet,1
2025-01-01,1,NL413,Noordoost-Noord-Brabant,Crop Failure & Yield Reduction,0,0.35908361744552053,2.1666224797566733,wet,1
2025-02-01,2,NL413,Noordoost-Noord-Brabant,Crop Failure & Yield Reduction,0,0.4258331314710542,1.6576051712036133,wet,1
2025-03-01,3,NL413,Noordoost-Noord-Brabant,Crop Failure & Yield Reduction,1,0.7519579303711478,1.1836046775182087,wet,1
2025-04-01,4,NL413,Noordoost-Noord-Brabant,Crop Failure & Yield Reduction,0,0.7511463126505803,0.6166368325551351,near_normal,1
2025-05-01,5,NL413,Noordoost-Noord-Brabant,Crop Failure & Yield Reduction,1,0.8469029987583319,-0.433600256840388,near_normal,1
2025-06-01,6,NL413,Noordoost-Noord-Brabant,Crop Failure & Yield Reduction,1,0.8669813181553214,-0.6352093617121378,near_normal,1
2025-07-01,7,NL413,Noordoost-Noord-Brabant,Crop Failure & Yield Reduction,1,0.8578656542380144,-0.9555245041847229,near_normal,1
2025-08-01,8,NL413,Noordoost-Noord-Brabant,Crop Failure & Yield Reduction,1,0.8744195642951594,-1.5380258957544963,dry,1
2025-09-01,9,NL413,Noordoost-Noord-Brabant,Crop Failure & Yield Reduction,1,0.6726890803964107,-1.4824391603469849,dry,1
2023-12-01,12,NL414,Zuidoost-Noord-Brabant,Crop Failure & Yield Reduction,0,0.28268600191613164,1.9648097455501556,wet,1
2024-01-01,1,NL414,Zuidoost-Noord-Brabant,Crop Failure & Yield Reduction,0,0.3260811254592051,1.6660036146640778,wet,1
2024-02-01,2,NL414,Zuidoost-Noord-Brabant,Crop Failure & Yield Reduction,0,0.36050201796967546,2.2208192348480225,wet,1
2024-03-01,3,NL414,Zuidoost-Noord-Brabant,Crop Failure & Yield Reduction,0,0.38542234531258895,1.7530253231525421,wet,1
2024-04-01,4,NL414,Zuidoost-Noord-Brabant,Crop Failure & Yield Reduction,0,0.5003417966616917,1.9222524464130402,wet,1
2024-05-01,5,NL414,Zuidoost-Noord-Brabant,Crop Failure & Yield Reduction,0,0.6810701492634359,2.4804680943489075,wet,1
2024-06-01,6,NL414,Zuidoost-Noord-Brabant,Crop Failure & Yield Reduction,0,0.7584748615155112,2.8313465118408203,wet,1
2024-07-01,7,NL414,Zuidoost-Noord-Brabant,Crop Failure & Yield Reduction,1,0.6563642192385303,3.323698878288269,wet,1
2024-08-01,8,NL414,Zuidoost-Noord-Brabant,Crop Failure & Yield Reduction,0,0.6246528083213547,2.4005433320999146,wet,1
2024-09-01,9,NL414,Zuidoost-Noord-Brabant,Crop Failure & Yield Reduction,0,0.5464493406532213,3.6095246076583862,wet,1
2024-10-01,10,NL414,Zuidoost-Noord-Brabant,Crop Failure & Yield Reduction,0,0.43234135187241546,2.8009841442108154,wet,1
2024-11-01,11,NL414,Zuidoost-Noord-Brabant,Crop Failure & Yield Reduction,0,0.4203178980457059,2.219056189060211,wet,1
2024-12-01,12,NL414,Zuidoost-Noord-Brabant,Crop Failure & Yield Reduction,1,0.36012277906210016,2.0562921166419983,wet,1
2025-01-01,1,NL414,Zuidoost-Noord-Brabant,Crop Failure & Yield Reduction,0,0.39210350012518325,2.2320687770843506,wet,1
2025-02-01,2,NL414,Zuidoost-Noord-Brabant,Crop Failure & Yield Reduction,0,0.44236179924482266,1.7058507800102234,wet,1
2025-03-01,3,NL414,Zuidoost-Noord-Brabant,Crop Failure & Yield Reduction,1,0.7287350251907609,1.2108392715454102,wet,1
2025-04-01,4,NL414,Zuidoost-Noord-Brabant,Crop Failure & Yield Reduction,0,0.7512784925111902,0.6923550665378571,near_normal,1
2025-05-01,5,NL414,Zuidoost-Noord-Brabant,Crop Failure & Yield Reduction,1,0.8432638324056216,-0.4158538803458214,near_normal,1
2025-06-01,6,NL414,Zuidoost-Noord-Brabant,Crop Failure & Yield Reduction,1,0.8563957391529858,-0.6612778455018997,near_normal,1
2025-07-01,7,NL414,Zuidoost-Noord-Brabant,Crop Failure & Yield Reduction,1,0.876950319731012,-1.0086569488048553,dry,1
2025-08-01,8,NL414,Zuidoost-Noord-Brabant,Crop Failure & Yield Reduction,1,0.9007348448303256,-1.6495905816555023,dry,1
2025-09-01,9,NL414,Zuidoost-Noord-Brabant,Crop Failure & Yield Reduction,0,0.7142278274901841,-1.5304934084415436,dry,1
2023-12-01,12,NL421,Noord-Limburg,Crop Failure & Yield Reduction,0,0.22581607885538474,2.145362138748169,wet,1
2024-01-01,1,NL421,Noord-Limburg,Crop Failure & Yield Reduction,0,0.2729484085899088,1.8593108654022217,wet,1
2024-02-01,2,NL421,Noord-Limburg,Crop Failure & Yield Reduction,0,0.29109770986679284,2.512042760848999,wet,1
2024-03-01,3,NL421,Noord-Limburg,Crop Failure & Yield Reduction,0,0.3210270445920238,1.865483283996582,wet,1
2024-04-01,4,NL421,Noord-Limburg,Crop Failure & Yield Reduction,0,0.41078077777956007,1.9734376668930054,wet,1
2024-05-01,5,NL421,Noord-Limburg,Crop Failure & Yield Reduction,0,0.6044577500593902,2.605700731277466,wet,1
2024-06-01,6,NL421,Noord-Limburg,Crop Failure & Yield Reduction,0,0.6680008908231773,2.8035495281219482,wet,1
2024-07-01,7,NL421,Noord-Limburg,Crop Failure & Yield Reduction,0,0.5345793022963139,3.2032430171966553,wet,1
2024-08-01,8,NL421,Noord-Limburg,Crop Failure & Yield Reduction,0,0.511846899321587,2.251657724380493,wet,1
2024-09-01,9,NL421,Noord-Limburg,Crop Failure & Yield Reduction,0,0.47017894860584364,3.5400261878967285,wet,1
2024-10-01,10,NL421,Noord-Limburg,Crop Failure & Yield Reduction,0,0.3692645887449212,2.855512857437134,wet,1
2024-11-01,11,NL421,Noord-Limburg,Crop Failure & Yield Reduction,0,0.35848661438739293,2.196915864944458,wet,1
2024-12-01,12,NL421,Noord-Limburg,Crop Failure & Yield Reduction,0,0.298368328206996,2.03786039352417,wet,1
2025-01-01,1,NL421,Noord-Limburg,Crop Failure & Yield Reduction,0,0.2905730278922681,2.306771755218506,wet,1
2025-02-01,2,NL421,Noord-Limburg,Crop Failure & Yield Reduction,0,0.3453314426039113,1.68009352684021,wet,1
2025-03-01,3,NL421,Noord-Limburg,Crop Failure & Yield Reduction,1,0.6544556377367088,1.0877587795257568,wet,1
2025-04-01,4,NL421,Noord-Limburg,Crop Failure & Yield Reduction,0,0.6471360770675283,0.6619554162025452,near_normal,1
2025-05-01,5,NL421,Noord-Limburg,Crop Failure & Yield Reduction,0,0.7606533004970512,-0.44544780254364014,near_normal,1
2025-06-01,6,NL421,Noord-Limburg,Crop Failure & Yield Reduction,1,0.7816783020147058,-0.5798614025115967,near_normal,1
2025-07-01,7,NL421,Noord-Limburg,Crop Failure & Yield Reduction,1,0.8225065479147253,-0.800941526889801,near_normal,1
2025-08-01,8,NL421,Noord-Limburg,Crop Failure & Yield Reduction,1,0.8561355720839875,-1.2454304695129395,dry,1
2025-09-01,9,NL421,Noord-Limburg,Crop Failure & Yield Reduction,0,0.6193319300345629,-1.325162410736084,dry,1
2023-12-01,12,NL422,Midden-Limburg,Crop Failure & Yield Reduction,0,0.21233802779732056,1.8910537958145142,wet,1
2024-01-01,1,NL422,Midden-Limburg,Crop Failure & Yield Reduction,0,0.25671660150448883,1.595084309577942,wet,1
2024-02-01,2,NL422,Midden-Limburg,Crop Failure & Yield Reduction,0,0.28104953477424494,2.1346378326416016,wet,1
2024-03-01,3,NL422,Midden-Limburg,Crop Failure & Yield Reduction,0,0.31111538581090104,1.6730749607086182,wet,1
2024-04-01,4,NL422,Midden-Limburg,Crop Failure & Yield Reduction,0,0.405274086022552,1.7786504030227661,wet,1
2024-05-01,5,NL422,Midden-Limburg,Crop Failure & Yield Reduction,0,0.6085731500396521,2.3970389366149902,wet,1
2024-06-01,6,NL422,Midden-Limburg,Crop Failure & Yield Reduction,0,0.6858390536083661,2.6647117137908936,wet,1
2024-07-01,7,NL422,Midden-Limburg,Crop Failure & Yield Reduction,0,0.5859129431106116,2.893308162689209,wet,1
2024-08-01,8,NL422,Midden-Limburg,Crop Failure & Yield Reduction,0,0.5192767057632018,2.179447650909424,wet,1
2024-09-01,9,NL422,Midden-Limburg,Crop Failure & Yield Reduction,0,0.4571245304645725,3.121680974960327,wet,1
2024-10-01,10,NL422,Midden-Limburg,Crop Failure & Yield Reduction,0,0.33693090064548054,2.612539768218994,wet,1
2024-11-01,11,NL422,Midden-Limburg,Crop Failure & Yield Reduction,0,0.33376339419006557,2.029146194458008,wet,1
2024-12-01,12,NL422,Midden-Limburg,Crop Failure & Yield Reduction,0,0.2838904369385473,1.9572449922561646,wet,1
2025-01-01,1,NL422,Midden-Limburg,Crop Failure & Yield Reduction,0,0.2773001966929253,2.3007307052612305,wet,1
2025-02-01,2,NL422,Midden-Limburg,Crop Failure & Yield Reduction,0,0.34502344896422,1.6659852266311646,wet,1
2025-03-01,3,NL422,Midden-Limburg,Crop Failure & Yield Reduction,1,0.627052072504757,1.1294753551483154,wet,1
2025-04-01,4,NL422,Midden-Limburg,Crop Failure & Yield Reduction,0,0.6411095174770739,0.6900760531425476,near_normal,1
2025-05-01,5,NL422,Midden-Limburg,Crop Failure & Yield Reduction,0,0.7404747222544508,-0.4340934157371521,near_normal,1
2025-06-01,6,NL422,Midden-Limburg,Crop Failure & Yield Reduction,1,0.7617277451556169,-0.5961017608642578,near_normal,1
2025-07-01,7,NL422,Midden-Limburg,Crop Failure & Yield Reduction,0,0.8169918496528503,-0.7561391592025757,near_normal,1
2025-08-01,8,NL422,Midden-Limburg,Crop Failure & Yield Reduction,1,0.857214023227217,-1.2596315145492554,dry,1
2025-09-01,9,NL422,Midden-Limburg,Crop Failure & Yield Reduction,0,0.6191205971369866,-1.256527304649353,dry,1
2023-12-01,12,NL423,Zuid-Limburg,Crop Failure & Yield Reduction,0,0.16264736759660453,1.7045224905014038,wet,1
2024-01-01,1,NL423,Zuid-Limburg,Crop Failure & Yield Reduction,0,0.19211410166102652,1.4646683931350708,wet,1
2024-02-01,2,NL423,Zuid-Limburg,Crop Failure & Yield Reduction,0,0.21653295824531163,1.9057672023773193,wet,1
2024-03-01,3,NL423,Zuid-Limburg,Crop Failure & Yield Reduction,0,0.2238332891594458,1.4721426963806152,wet,1
2024-04-01,4,NL423,Zuid-Limburg,Crop Failure & Yield Reduction,0,0.327214660160317,1.6109375953674316,wet,1
2024-05-01,5,NL423,Zuid-Limburg,Crop Failure & Yield Reduction,0,0.513341497183224,2.2602717876434326,wet,1
2024-06-01,6,NL423,Zuid-Limburg,Crop Failure & Yield Reduction,0,0.5946653768687581,2.4993674755096436,wet,1
2024-07-01,7,NL423,Zuid-Limburg,Crop Failure & Yield Reduction,0,0.5297247148197444,2.575399398803711,wet,1
2024-08-01,8,NL423,Zuid-Limburg,Crop Failure & Yield Reduction,0,0.46577773745779594,2.1789464950561523,wet,1
2024-09-01,9,NL423,Zuid-Limburg,Crop Failure & Yield Reduction,0,0.3619155101100409,2.988447666168213,wet,1
2024-10-01,10,NL423,Zuid-Limburg,Crop Failure & Yield Reduction,0,0.2726137162858146,2.581728458404541,wet,1
2024-11-01,11,NL423,Zuid-Limburg,Crop Failure & Yield Reduction,0,0.25091461119496233,2.0978105068206787,wet,1
2024-12-01,12,NL423,Zuid-Limburg,Crop Failure & Yield Reduction,0,0.20726510021226627,2.107192277908325,wet,1
2025-01-01,1,NL423,Zuid-Limburg,Crop Failure & Yield Reduction,0,0.1898643766867978,2.49822735786438,wet,1
2025-02-01,2,NL423,Zuid-Limburg,Crop Failure & Yield Reduction,0,0.2775166722717029,1.7681748867034912,wet,1
2025-03-01,3,NL423,Zuid-Limburg,Crop Failure & Yield Reduction,1,0.5627304412743059,1.286401629447937,wet,1
2025-04-01,4,NL423,Zuid-Limburg,Crop Failure & Yield Reduction,1,0.5612861955121248,0.8446741700172424,near_normal,1
2025-05-01,5,NL423,Zuid-Limburg,Crop Failure & Yield Reduction,0,0.6498994665156037,-0.30450639128685,near_normal,1
2025-06-01,6,NL423,Zuid-Limburg,Crop Failure & Yield Reduction,1,0.7038975969109427,-0.48462241888046265,near_normal,1
2025-07-01,7,NL423,Zuid-Limburg,Crop Failure & Yield Reduction,0,0.788306413098077,-0.5175946354866028,near_normal,1
2025-08-01,8,NL423,Zuid-Limburg,Crop Failure & Yield Reduction,1,0.8111190433557773,-1.1383399963378906,dry,1
2025-09-01,9,NL423,Zuid-Limburg,Crop Failure & Yield Reduction,1,0.5109463134706016,-1.2109681367874146,dry,1
2023-12-01,12,NL111,Oost-Groningen,Reservoir & Surface Water Shortage,0,0.03520744610793857,1.8038720488548279,wet,1
2024-01-01,1,NL111,Oost-Groningen,Reservoir & Surface Water Shortage,0,0.050860783314495416,1.811567783355713,wet,1
2024-02-01,2,NL111,Oost-Groningen,Reservoir & Surface Water Shortage,0,0.056068902679382,1.99618661403656,wet,1
2024-03-01,3,NL111,Oost-Groningen,Reservoir & Surface Water Shortage,0,0.0954639898129632,1.6847506165504456,wet,1
2024-04-01,4,NL111,Oost-Groningen,Reservoir & Surface Water Shortage,0,0.12877212178155656,1.9079570770263672,wet,1
2024-05-01,5,NL111,Oost-Groningen,Reservoir & Surface Water Shortage,0,0.2579935268568732,2.1447561979293823,wet,1
2024-06-01,6,NL111,Oost-Groningen,Reservoir & Surface Water Shortage,0,0.24578730663327286,2.7947285175323486,wet,1
2024-07-01,7,NL111,Oost-Groningen,Reservoir & Surface Water Shortage,0,0.20057434888848427,2.7147164344787598,wet,1
2024-08-01,8,NL111,Oost-Groningen,Reservoir & Surface Water Shortage,0,0.18646764130181637,2.659160852432251,wet,1
2024-09-01,9,NL111,Oost-Groningen,Reservoir & Surface Water Shortage,0,0.12030049883384929,2.968327760696411,wet,1
2024-10-01,10,NL111,Oost-Groningen,Reservoir & Surface Water Shortage,0,0.05631638504213583,1.971750020980835,wet,1
2024-11-01,11,NL111,Oost-Groningen,Reservoir & Surface Water Shortage,0,0.05175683601048071,1.6035258769989014,wet,1
2024-12-01,12,NL111,Oost-Groningen,Reservoir & Surface Water Shortage,0,0.04089912982423119,1.1509708762168884,wet,1
2025-01-01,1,NL111,Oost-Groningen,Reservoir & Surface Water Shortage,0,0.07626370357789604,1.0549432635307312,wet,1
2025-02-01,2,NL111,Oost-Groningen,Reservoir & Surface Water Shortage,0,0.11450198531698605,0.49514587223529816,near_normal,1
2025-03-01,3,NL111,Oost-Groningen,Reservoir & Surface Water Shortage,0,0.26239926428790794,0.1761770248413086,near_normal,1
2025-04-01,4,NL111,Oost-Groningen,Reservoir & Surface Water Shortage,0,0.39969078232073835,-0.4283472001552582,near_normal,1
2025-05-01,5,NL111,Oost-Groningen,Reservoir & Surface Water Shortage,0,0.5869495346220814,-0.9174109697341919,near_normal,1
2025-06-01,6,NL111,Oost-Groningen,Reservoir & Surface Water Shortage,0,0.5802007127564899,-0.9498004615306854,near_normal,1
2025-07-01,7,NL111,Oost-Groningen,Reservoir & Surface Water Shortage,0,0.47581540060043104,-1.1780112385749817,dry,1
2025-08-01,8,NL111,Oost-Groningen,Reservoir & Surface Water Shortage,0,0.6176672897386037,-1.31639963388443,dry,1
2025-09-01,9,NL111,Oost-Groningen,Reservoir & Surface Water Shortage,0,0.20498485662380722,-1.4372192025184631,dry,1
2023-12-01,12,NL112,Delfzijl en omgeving,Reservoir & Surface Water Shortage,0,0.06133902404380756,1.5477043390274048,wet,1
2024-01-01,1,NL112,Delfzijl en omgeving,Reservoir & Surface Water Shortage,0,0.0829182592853268,1.5744563341140747,wet,1
2024-03-01,3,NL112,Delfzijl en omgeving,Reservoir & Surface Water Shortage,0,0.1560945119046207,1.5986590385437012,wet,1
2024-04-01,4,NL112,Delfzijl en omgeving,Reservoir & Surface Water Shortage,0,0.2137619546828,1.7463241815567017,wet,1
2024-05-01,5,NL112,Delfzijl en omgeving,Reservoir & Surface Water Shortage,0,0.37152862403442266,1.9306237697601318,wet,1
2024-06-01,6,NL112,Delfzijl en omgeving,Reservoir & Surface Water Shortage,0,0.37169723282332084,2.5208699703216553,wet,1
2024-07-01,7,NL112,Delfzijl en omgeving,Reservoir & Surface Water Shortage,0,0.3068581524810418,2.3603928089141846,wet,1
2024-08-01,8,NL112,Delfzijl en omgeving,Reservoir & Surface Water Shortage,0,0.2912119546528274,2.3377909660339355,wet,1
2024-09-01,9,NL112,Delfzijl en omgeving,Reservoir & Surface Water Shortage,0,0.19361607983240797,2.484579563140869,wet,1
2024-10-01,10,NL112,Delfzijl en omgeving,Reservoir & Surface Water Shortage,0,0.09588619858777231,1.6715155839920044,wet,1
2024-11-01,11,NL112,Delfzijl en omgeving,Reservoir & Surface Water Shortage,0,0.08582382792609437,1.3462355136871338,wet,1
2024-12-01,12,NL112,Delfzijl en omgeving,Reservoir & Surface Water Shortage,0,0.06702102877121582,0.9495850205421448,near_normal,1
2025-01-01,1,NL112,Delfzijl en omgeving,Reservoir & Surface Water Shortage,0,0.1277654771957583,0.815735936164856,near_normal,1
2025-02-01,2,NL112,Delfzijl en omgeving,Reservoir & Surface Water Shortage,0,0.18677447078106515,0.2707626223564148,near_normal,1
2025-03-01,3,NL112,Delfzijl en omgeving,Reservoir & Surface Water Shortage,0,0.34678177459059745,-0.011577821336686611,near_normal,1
2025-04-01,4,NL112,Delfzijl en omgeving,Reservoir & Surface Water Shortage,0,0.5197509783442975,-0.536076009273529,near_normal,1
2025-05-01,5,NL112,Delfzijl en omgeving,Reservoir & Surface Water Shortage,0,0.7010354594033485,-0.8959609270095825,near_normal,1
2025-06-01,6,NL112,Delfzijl en omgeving,Reservoir & Surface Water Shortage,0,0.6814825813079324,-0.9709566235542297,near_normal,1
2025-07-01,7,NL112,Delfzijl en omgeving,Reservoir & Surface Water Shortage,0,0.6142345073168803,-1.2213053703308105,dry,1
2025-08-01,8,NL112,Delfzijl en omgeving,Reservoir & Surface Water Shortage,0,0.6305839517465548,-1.3407152891159058,dry,1
2025-09-01,9,NL112,Delfzijl en omgeving,Reservoir & Surface Water Shortage,0,0.3043128596980281,-1.4633549451828003,dry,1
2023-12-01,12,NL113,Overig Groningen,Reservoir & Surface Water Shortage,0,0.056091526425552624,1.576159675916036,wet,1
2024-01-01,1,NL113,Overig Groningen,Reservoir & Surface Water Shortage,0,0.07701200243456188,1.553696870803833,wet,1
2024-02-01,2,NL113,Overig Groningen,Reservoir & Surface Water Shortage,0,0.08032234072370802,1.8252516984939575,wet,1
2024-03-01,3,NL113,Overig Groningen,Reservoir & Surface Water Shortage,0,0.1454939152396883,1.5759201447168987,wet,1
2024-04-01,4,NL113,Overig Groningen,Reservoir & Surface Water Shortage,0,0.19548947010442086,1.7591425975163777,wet,1
2024-05-01,5,NL113,Overig Groningen,Reservoir & Surface Water Shortage,0,0.3598254837551069,1.9804979960123699,wet,1
2024-06-01,6,NL113,Overig Groningen,Reservoir & Surface Water Shortage,0,0.3604803746147629,2.5567835172017417,wet,1
2024-07-01,7,NL113,Overig Groningen,Reservoir & Surface Water Shortage,0,0.2912815605643622,2.325056314468384,wet,1
2024-08-01,8,NL113,Overig Groningen,Reservoir & Surface Water Shortage,0,0.2658975227048088,2.289264678955078,wet,1
2024-09-01,9,NL113,Overig Groningen,Reservoir & Surface Water Shortage,0,0.16645759147101283,2.4607760111490884,wet,1
2024-10-01,10,NL113,Overig Groningen,Reservoir & Surface Water Shortage,0,0.09018897783126141,1.74251393477122,wet,1
2024-11-01,11,NL113,Overig Groningen,Reservoir & Surface Water Shortage,0,0.07794608738334191,1.3726389805475872,wet,1
2024-12-01,12,NL113,Overig Groningen,Reservoir & Surface Water Shortage,0,0.058511109153831904,0.9944103360176086,near_normal,1
2025-01-01,1,NL113,Overig Groningen,Reservoir & Surface Water Shortage,0,0.11155897650726469,0.8821484843889872,near_normal,1
2025-02-01,2,NL113,Overig Groningen,Reservoir & Surface Water Shortage,0,0.16883996992420802,0.31073737144470215,near_normal,1
2025-03-01,3,NL113,Overig Groningen,Reservoir & Surface Water Shortage,0,0.32852494730648224,0.035581901048620544,near_normal,1
2025-04-01,4,NL113,Overig Groningen,Reservoir & Surface Water Shortage,0,0.4666629567470223,-0.45748992760976154,near_normal,1
2025-05-01,5,NL113,Overig Groningen,Reservoir & Surface Water Shortage,0,0.6733094531226473,-0.8022730549176534,near_normal,1
2025-06-01,6,NL113,Overig Groningen,Reservoir & Surface Water Shortage,0,0.6663124079047351,-0.9125909010569254,near_normal,1
2025-07-01,7,NL113,Overig Groningen,Reservoir & Surface Water Shortage,0,0.5910172210973405,-1.1193293333053589,dry,1
2025-08-01,8,NL113,Overig Groningen,Reservoir & Surface Water Shortage,0,0.6750959809683752,-1.2605481147766113,dry,1
2025-09-01,9,NL113,Overig Groningen,Reservoir & Surface Water Shortage,0,0.2895719715834433,-1.4358088970184326,dry,1
2023-12-01,12,NL124,Noord-Friesland,Reservoir & Surface Water Shortage,0,0.08591538873512551,1.4863542318344116,wet,1
2024-01-01,1,NL124,Noord-Friesland,Reservoir & Surface Water Shortage,0,0.12144175441759407,1.3574422895908356,wet,1
2024-02-01,2,NL124,Noord-Friesland,Reservoir & Surface Water Shortage,0,0.12109529197437147,1.7159639298915863,wet,1
2024-03-01,3,NL124,Noord-Friesland,Reservoir & Surface Water Shortage,0,0.22393886716228315,1.4683093130588531,wet,1
2024-04-01,4,NL124,Noord-Friesland,Reservoir & Surface Water Shortage,0,0.29032387860976344,1.7018274664878845,wet,1
2024-05-01,5,NL124,Noord-Friesland,Reservoir & Surface Water Shortage,0,0.5105278658134847,1.886545330286026,wet,1
2024-06-01,6,NL124,Noord-Friesland,Reservoir & Surface Water Shortage,0,0.503871368219894,2.4364304542541504,wet,1
2024-07-01,7,NL124,Noord-Friesland,Reservoir & Surface Water Shortage,0,0.3957404302506426,2.1045264899730682,wet,1
2024-08-01,8,NL124,Noord-Friesland,Reservoir & Surface Water Shortage,0,0.3830822910891794,2.0753729045391083,wet,1
2024-09-01,9,NL124,Noord-Friesland,Reservoir & Surface Water Shortage,0,0.24374467301398856,2.2301748991012573,wet,1
2024-10-01,10,NL124,Noord-Friesland,Reservoir & Surface Water Shortage,0,0.1374284661698568,1.551231563091278,wet,1
2024-11-01,11,NL124,Noord-Friesland,Reservoir & Surface Water Shortage,0,0.12341748395124555,1.0981620252132416,wet,1
2024-12-01,12,NL124,Noord-Friesland,Reservoir & Surface Water Shortage,0,0.09179239185337873,0.7735436260700226,near_normal,1
2025-01-01,1,NL124,Noord-Friesland,Reservoir & Surface Water Shortage,0,0.17303928242666086,0.6505173146724701,near_normal,1
2025-02-01,2,NL124,Noord-Friesland,Reservoir & Surface Water Shortage,0,0.2569873033339012,0.10699054750148207,near_normal,1
2025-03-01,3,NL124,Noord-Friesland,Reservoir & Surface Water Shortage,0,0.4817874591726136,-0.16945494152605534,near_normal,1
2025-04-01,4,NL124,Noord-Friesland,Reservoir & Surface Water Shortage,1,0.5759969553216183,-0.7064715921878815,near_normal,1
2025-05-01,5,NL124,Noord-Friesland,Reservoir & Surface Water Shortage,0,0.7606847630819102,-0.9263435304164886,near_normal,1
2025-06-01,6,NL124,Noord-Friesland,Reservoir & Surface Water Shortage,0,0.7527394852957325,-1.0629418939352036,dry,1
2025-07-01,7,NL124,Noord-Friesland,Reservoir & Surface Water Shortage,0,0.7009181264042129,-1.2299838960170746,dry,1
2025-08-01,8,NL124,Noord-Friesland,Reservoir & Surface Water Shortage,1,0.7673526198464738,-1.4811941981315613,dry,1
2025-09-01,9,NL124,Noord-Friesland,Reservoir & Surface Water Shortage,0,0.38790398089852324,-1.572517216205597,dry,1
2023-12-01,12,NL125,Zuidwest-Friesland,Reservoir & Surface Water Shortage,0,0.042532142946339016,1.63624769449234,wet,1
2024-01-01,1,NL125,Zuidwest-Friesland,Reservoir & Surface Water Shortage,0,0.0603323940192542,1.4139912724494934,wet,1
2024-02-01,2,NL125,Zuidwest-Friesland,Reservoir & Surface Water Shortage,0,0.06372412856457697,1.7786154747009277,wet,1
2024-03-01,3,NL125,Zuidwest-Friesland,Reservoir & Surface Water Shortage,0,0.1209912138409136,1.5638866424560547,wet,1
2024-04-01,4,NL125,Zuidwest-Friesland,Reservoir & Surface Water Shortage,0,0.16922851797805066,1.8326656818389893,wet,1
2024-05-01,5,NL125,Zuidwest-Friesland,Reservoir & Surface Water Shortage,0,0.3148215467168895,2.1068438291549683,wet,1
2024-06-01,6,NL125,Zuidwest-Friesland,Reservoir & Surface Water Shortage,0,0.33017510063893946,2.634555220603943,wet,1
2024-07-01,7,NL125,Zuidwest-Friesland,Reservoir & Surface Water Shortage,0,0.22538913413590086,2.177721381187439,wet,1
2024-08-01,8,NL125,Zuidwest-Friesland,Reservoir & Surface Water Shortage,0,0.20991925167860528,2.1380834579467773,wet,1
2024-09-01,9,NL125,Zuidwest-Friesland,Reservoir & Surface Water Shortage,0,0.1125725190206938,2.2827683687210083,wet,1
2024-10-01,10,NL125,Zuidwest-Friesland,Reservoir & Surface Water Shortage,0,0.05904188494338001,1.732323706150055,wet,1
2024-11-01,11,NL125,Zuidwest-Friesland,Reservoir & Surface Water Shortage,0,0.05970473299534709,1.1893419027328491,wet,1
2024-12-01,12,NL125,Zuidwest-Friesland,Reservoir & Surface Water Shortage,0,0.04555655329930517,0.9064917862415314,near_normal,1
2025-01-01,1,NL125,Zuidwest-Friesland,Reservoir & Surface Water Shortage,0,0.08545878922143452,0.7681446671485901,near_normal,1
2025-02-01,2,NL125,Zuidwest-Friesland,Reservoir & Surface Water Shortage,0,0.14924797696484565,0.15459422394633293,near_normal,1
2025-03-01,3,NL125,Zuidwest-Friesland,Reservoir & Surface Water Shortage,1,0.3641615392156438,-0.20276711881160736,near_normal,1
2025-04-01,4,NL125,Zuidwest-Friesland,Reservoir & Surface Water Shortage,1,0.3863779997802007,-0.842517763376236,near_normal,1
2025-05-01,5,NL125,Zuidwest-Friesland,Reservoir & Surface Water Shortage,0,0.5743720841633683,-1.0782914757728577,dry,1
2025-06-01,6,NL125,Zuidwest-Friesland,Reservoir & Surface Water Shortage,0,0.5528975238020021,-1.1937094926834106,dry,1
2025-07-01,7,NL125,Zuidwest-Friesland,Reservoir & Surface Water Shortage,0,0.5074227034781646,-1.2997994422912598,dry,1
2025-08-01,8,NL125,Zuidwest-Friesland,Reservoir & Surface Water Shortage,0,0.5811817233612577,-1.5020229816436768,dry,1
2025-09-01,9,NL125,Zuidwest-Friesland,Reservoir & Surface Water Shortage,0,0.23713013714647177,-1.550790548324585,dry,1
2023-12-01,12,NL126,Zuidoost-Friesland,Reservoir & Surface Water Shortage,0,0.035810064801170736,1.6415513753890991,wet,1
2024-01-01,1,NL126,Zuidoost-Friesland,Reservoir & Surface Water Shortage,0,0.05279405813798466,1.545999010403951,wet,1
2024-03-01,3,NL126,Zuidoost-Friesland,Reservoir & Surface Water Shortage,0,0.10389147907049112,1.5629839499791462,wet,1
2024-04-01,4,NL126,Zuidoost-Friesland,Reservoir & Surface Water Shortage,0,0.13232937381820828,1.7216502825419109,wet,1
2024-05-01,5,NL126,Zuidoost-Friesland,Reservoir & Surface Water Shortage,0,0.2718116878243739,2.123636484146118,wet,1
2024-06-01,6,NL126,Zuidoost-Friesland,Reservoir & Surface Water Shortage,0,0.27911939559221255,2.8139727115631104,wet,1
2024-07-01,7,NL126,Zuidoost-Friesland,Reservoir & Surface Water Shortage,0,0.20486475790837835,2.4634934266408286,wet,1
2024-08-01,8,NL126,Zuidoost-Friesland,Reservoir & Surface Water Shortage,0,0.18575064845595252,2.2954910596211753,wet,1
2024-09-01,9,NL126,Zuidoost-Friesland,Reservoir & Surface Water Shortage,0,0.10218447730092876,2.6972495714823403,wet,1
2024-10-01,10,NL126,Zuidoost-Friesland,Reservoir & Surface Water Shortage,0,0.04944403521480401,1.9253834088643391,wet,1
2024-11-01,11,NL126,Zuidoost-Friesland,Reservoir & Surface Water Shortage,0,0.05166724701911287,1.4363560279210408,wet,1
2024-12-01,12,NL126,Zuidoost-Friesland,Reservoir & Surface Water Shortage,0,0.03633908909263005,1.123047669728597,wet,1
2025-01-01,1,NL126,Zuidoost-Friesland,Reservoir & Surface Water Shortage,0,0.06410129776118904,1.0151313543319702,wet,1
2025-02-01,2,NL126,Zuidoost-Friesland,Reservoir & Surface Water Shortage,0,0.11219465783384182,0.39727561672528583,near_normal,1
2025-03-01,3,NL126,Zuidoost-Friesland,Reservoir & Surface Water Shortage,0,0.253808588879232,0.04762745307137569,near_normal,1
2025-04-01,4,NL126,Zuidoost-Friesland,Reservoir & Surface Water Shortage,1,0.34443064974796894,-0.49264203508694965,near_normal,1
2025-05-01,5,NL126,Zuidoost-Friesland,Reservoir & Surface Water Shortage,0,0.5605662916371921,-0.9436053037643433,near_normal,1
2025-06-01,6,NL126,Zuidoost-Friesland,Reservoir & Surface Water Shortage,0,0.5467996293869304,-1.055333097775777,dry,1
2025-07-01,7,NL126,Zuidoost-Friesland,Reservoir & Surface Water Shortage,0,0.4753883574392796,-1.1487988233566284,dry,1
2025-08-01,8,NL126,Zuidoost-Friesland,Reservoir & Surface Water Shortage,0,0.6149076221455849,-1.3487204710642497,dry,1
2025-09-01,9,NL126,Zuidoost-Friesland,Reservoir & Surface Water Shortage,0,0.22247576682282347,-1.5328909953435261,dry,1
2023-12-01,12,NL131,Noord-Drenthe,Reservoir & Surface Water Shortage,0,0.050000687508878414,1.685130774974823,wet,1
2024-01-01,1,NL131,Noord-Drenthe,Reservoir & Surface Water Shortage,0,0.07193226443950795,1.625184416770935,wet,1
2024-02-01,2,NL131,Noord-Drenthe,Reservoir & Surface Water Shortage,0,0.07501991453969731,1.908049762248993,wet,1
2024-03-01,3,NL131,Noord-Drenthe,Reservoir & Surface Water Shortage,0,0.14373512081336695,1.6074219346046448,wet,1
2024-04-01,4,NL131,Noord-Drenthe,Reservoir & Surface Water Shortage,0,0.17489157604235525,1.7808722257614136,wet,1
2024-05-01,5,NL131,Noord-Drenthe,Reservoir & Surface Water Shortage,0,0.3305506939815979,2.125525951385498,wet,1
2024-06-01,6,NL131,Noord-Drenthe,Reservoir & Surface Water Shortage,0,0.2993611382590095,2.8354954719543457,wet,1
2024-07-01,7,NL131,Noord-Drenthe,Reservoir & Surface Water Shortage,0,0.254497986683032,2.568251371383667,wet,1
2024-08-01,8,NL131,Noord-Drenthe,Reservoir & Surface Water Shortage,0,0.24385145870356165,2.437190890312195,wet,1
2024-09-01,9,NL131,Noord-Drenthe,Reservoir & Surface Water Shortage,0,0.1573687052419608,2.765575647354126,wet,1
2024-10-01,10,NL131,Noord-Drenthe,Reservoir & Surface Water Shortage,0,0.07176582637839853,1.9603742957115173,wet,1
2024-11-01,11,NL131,Noord-Drenthe,Reservoir & Surface Water Shortage,0,0.0723350733012598,1.541092872619629,wet,1
2024-12-01,12,NL131,Noord-Drenthe,Reservoir & Surface Water Shortage,0,0.053251697341134836,1.1613088250160217,wet,1
2025-01-01,1,NL131,Noord-Drenthe,Reservoir & Surface Water Shortage,0,0.09726663017704565,1.0562910437583923,wet,1
2025-02-01,2,NL131,Noord-Drenthe,Reservoir & Surface Water Shortage,0,0.15113968184669474,0.4693644195795059,near_normal,1
2025-03-01,3,NL131,Noord-Drenthe,Reservoir & Surface Water Shortage,0,0.30122612959569234,0.14078162051737309,near_normal,1
2025-04-01,4,NL131,Noord-Drenthe,Reservoir & Surface Water Shortage,0,0.457284420965899,-0.37382109463214874,near_normal,1
2025-05-01,5,NL131,Noord-Drenthe,Reservoir & Surface Water Shortage,0,0.6424827293179197,-0.8759167492389679,near_normal,1
2025-06-01,6,NL131,Noord-Drenthe,Reservoir & Surface Water Shortage,1,0.6525363831899769,-0.9764733612537384,near_normal,1
2025-07-01,7,NL131,Noord-Drenthe,Reservoir & Surface Water Shortage,0,0.5675686633700892,-1.0990380644798279,dry,1
2025-08-01,8,NL131,Noord-Drenthe,Reservoir & Surface Water Shortage,0,0.6990943071885716,-1.2489697933197021,dry,1
2025-09-01,9,NL131,Noord-Drenthe,Reservoir & Surface Water Shortage,0,0.30718424409459805,-1.4132501482963562,dry,1
2023-12-01,12,NL132,Zuidoost-Drenthe,Reservoir & Surface Water Shortage,0,0.022070535931632326,1.9405426979064941,wet,1
2024-01-01,1,NL132,Zuidoost-Drenthe,Reservoir & Surface Water Shortage,0,0.031621533711897534,1.862620234489441,wet,1
2024-02-01,2,NL132,Zuidoost-Drenthe,Reservoir & Surface Water Shortage,0,0.0360137820973173,2.074225902557373,wet,1
2024-03-01,3,NL132,Zuidoost-Drenthe,Reservoir & Surface Water Shortage,0,0.07420532703916062,1.7616868019104004,wet,1
2024-04-01,4,NL132,Zuidoost-Drenthe,Reservoir & Surface Water Shortage,0,0.08515582086902189,1.9577404260635376,wet,1
2024-05-01,5,NL132,Zuidoost-Drenthe,Reservoir & Surface Water Shortage,0,0.17636917648143857,2.271449089050293,wet,1
2024-06-01,6,NL132,Zuidoost-Drenthe,Reservoir & Surface Water Shortage,0,0.14579218960287263,2.8965072631835938,wet,1
2024-07-01,7,NL132,Zuidoost-Drenthe,Reservoir & Surface Water Shortage,0,0.11841726309376045,2.828998327255249,wet,1
2024-08-01,8,NL132,Zuidoost-Drenthe,Reservoir & Surface Water Shortage,0,0.1183270235129629,2.8166348934173584,wet,1
2024-09-01,9,NL132,Zuidoost-Drenthe,Reservoir & Surface Water Shortage,0,0.08054239144029725,3.1048576831817627,wet,1
2024-10-01,10,NL132,Zuidoost-Drenthe,Reservoir & Surface Water Shortage,0,0.03221944263627359,2.167729139328003,wet,1
2024-11-01,11,NL132,Zuidoost-Drenthe,Reservoir & Surface Water Shortage,0,0.03196764270972305,1.7443439960479736,wet,1
2024-12-01,12,NL132,Zuidoost-Drenthe,Reservoir & Surface Water Shortage,0,0.022845739398916397,1.2934812307357788,wet,1
2025-01-01,1,NL132,Zuidoost-Drenthe,Reservoir & Surface Water Shortage,0,0.042632673265303275,1.196232557296753,wet,1
2025-02-01,2,NL132,Zuidoost-Drenthe,Reservoir & Surface Water Shortage,0,0.07110825631011516,0.622021496295929,near_normal,1
2025-03-01,3,NL132,Zuidoost-Drenthe,Reservoir & Surface Water Shortage,0,0.21525439395281384,0.29568547010421753,near_normal,1
2025-04-01,4,NL132,Zuidoost-Drenthe,Reservoir & Surface Water Shortage,0,0.2690606533069764,-0.27435654401779175,near_normal,1
2025-05-01,5,NL132,Zuidoost-Drenthe,Reservoir & Surface Water Shortage,0,0.44787785789140605,-0.8413411974906921,near_normal,1
2025-06-01,6,NL132,Zuidoost-Drenthe,Reservoir & Surface Water Shortage,1,0.4668278365101869,-0.9112480282783508,near_normal,1
2025-07-01,7,NL132,Zuidoost-Drenthe,Reservoir & Surface Water Shortage,0,0.36048778706512197,-1.104096531867981,dry,1
2025-08-01,8,NL132,Zuidoost-Drenthe,Reservoir & Surface Water Shortage,0,0.5241882491971188,-1.2686371803283691,dry,1
2025-09-01,9,NL132,Zuidoost-Drenthe,Reservoir & Surface Water Shortage,0,0.1640405355238977,-1.3522844314575195,dry,1
2023-12-01,12,NL133,Zuidwest-Drenthe,Reservoir & Surface Water Shortage,0,0.03521179269190816,1.7844210863113403,wet,1
2024-01-01,1,NL133,Zuidwest-Drenthe,Reservoir & Surface Water Shortage,0,0.052181836734656435,1.72472482919693,wet,1
2024-02-01,2,NL133,Zuidwest-Drenthe,Reservoir & Surface Water Shortage,0,0.05312995302105375,2.0366421341896057,wet,1
2024-03-01,3,NL133,Zuidwest-Drenthe,Reservoir & Surface Water Shortage,0,0.09873229797066063,1.7058511972427368,wet,1
2024-04-01,4,NL133,Zuidwest-Drenthe,Reservoir & Surface Water Shortage,0,0.12888219508837784,1.8357419967651367,wet,1
2024-05-01,5,NL133,Zuidwest-Drenthe,Reservoir & Surface Water Shortage,0,0.2445521718194694,2.266860604286194,wet,1
2024-06-01,6,NL133,Zuidwest-Drenthe,Reservoir & Surface Water Shortage,0,0.2195727566545759,2.907911777496338,wet,1
2024-07-01,7,NL133,Zuidwest-Drenthe,Reservoir & Surface Water Shortage,0,0.18934703410887052,2.7513095140457153,wet,1
2024-08-01,8,NL133,Zuidwest-Drenthe,Reservoir & Surface Water Shortage,0,0.1785544852969929,2.632028818130493,wet,1
2024-09-01,9,NL133,Zuidwest-Drenthe,Reservoir & Surface Water Shortage,0,0.10367188117338888,3.0397181510925293,wet,1
2024-10-01,10,NL133,Zuidwest-Drenthe,Reservoir & Surface Water Shortage,0,0.04545831110318506,2.1555556058883667,wet,1
2024-11-01,11,NL133,Zuidwest-Drenthe,Reservoir & Surface Water Shortage,0,0.0478952090978823,1.7173022627830505,wet,1
2024-12-01,12,NL133,Zuidwest-Drenthe,Reservoir & Surface Water Shortage,0,0.0361795766963032,1.3606191873550415,wet,1
2025-01-01,1,NL133,Zuidwest-Drenthe,Reservoir & Surface Water Shortage,0,0.05310599004261433,1.2867012023925781,wet,1
2025-02-01,2,NL133,Zuidwest-Drenthe,Reservoir & Surface Water Shortage,0,0.10570571278537319,0.6509714722633362,near_normal,1
2025-03-01,3,NL133,Zuidwest-Drenthe,Reservoir & Surface Water Shortage,0,0.27643533355010025,0.2719087675213814,near_normal,1
2025-04-01,4,NL133,Zuidwest-Drenthe,Reservoir & Surface Water Shortage,0,0.33992123462473384,-0.26466917246580124,near_normal,1
2025-05-01,5,NL133,Zuidwest-Drenthe,Reservoir & Surface Water Shortage,0,0.5176593432045089,-0.8783625960350037,near_normal,1
2025-06-01,6,NL133,Zuidwest-Drenthe,Reservoir & Surface Water Shortage,1,0.5487073092500538,-0.9638475477695465,near_normal,1
2025-07-01,7,NL133,Zuidwest-Drenthe,Reservoir & Surface Water Shortage,0,0.45970740896465834,-1.0526711344718933,dry,1
2025-08-01,8,NL133,Zuidwest-Drenthe,Reservoir & Surface Water Shortage,0,0.6327794256703405,-1.2207630276679993,dry,1
2025-09-01,9,NL133,Zuidwest-Drenthe,Reservoir & Surface Water Shortage,0,0.22538058607026043,-1.363072395324707,dry,1
2023-12-01,12,NL211,Noord-Overijssel,Reservoir & Surface Water Shortage,0,0.06178883451580492,1.8763700723648071,wet,1
2024-01-01,1,NL211,Noord-Overijssel,Reservoir & Surface Water Shortage,0,0.0904067437049429,1.8030700087547302,wet,1
2024-02-01,2,NL211,Noord-Overijssel,Reservoir & Surface Water Shortage,0,0.09270073514759357,2.1056063175201416,wet,1
2024-03-01,3,NL211,Noord-Overijssel,Reservoir & Surface Water Shortage,0,0.14154680131190112,1.7778285145759583,wet,1
2024-04-01,4,NL211,Noord-Overijssel,Reservoir & Surface Water Shortage,0,0.21165346622869033,1.8979318737983704,wet,1
2024-05-01,5,NL211,Noord-Overijssel,Reservoir & Surface Water Shortage,0,0.3630332044917787,2.330261468887329,wet,1
2024-06-01,6,NL211,Noord-Overijssel,Reservoir & Surface Water Shortage,0,0.33541188695854207,2.892736077308655,wet,1
2024-07-01,7,NL211,Noord-Overijssel,Reservoir & Surface Water Shortage,0,0.26152269475000284,2.926464080810547,wet,1
2024-08-01,8,NL211,Noord-Overijssel,Reservoir & Surface Water Shortage,0,0.2548448689810512,2.801928162574768,wet,1
2024-09-01,9,NL211,Noord-Overijssel,Reservoir & Surface Water Shortage,0,0.17265651245334263,3.1640535593032837,wet,1
2024-10-01,10,NL211,Noord-Overijssel,Reservoir & Surface Water Shortage,0,0.07583581279252179,2.2690484523773193,wet,1
2024-11-01,11,NL211,Noord-Overijssel,Reservoir & Surface Water Shortage,0,0.08092219502083849,1.8291608691215515,wet,1
2024-12-01,12,NL211,Noord-Overijssel,Reservoir & Surface Water Shortage,0,0.06265951894978558,1.4506611824035645,wet,1
2025-01-01,1,NL211,Noord-Overijssel,Reservoir & Surface Water Shortage,0,0.10522948449561413,1.3931864500045776,wet,1
2025-02-01,2,NL211,Noord-Overijssel,Reservoir & Surface Water Shortage,0,0.17172085137014348,0.753440797328949,near_normal,1
2025-03-01,3,NL211,Noord-Overijssel,Reservoir & Surface Water Shortage,0,0.39165772592085296,0.3611278682947159,near_normal,1
2025-04-01,4,NL211,Noord-Overijssel,Reservoir & Surface Water Shortage,0,0.4765165169250492,-0.20052483677864075,near_normal,1
2025-05-01,5,NL211,Noord-Overijssel,Reservoir & Surface Water Shortage,0,0.6683125560696754,-0.8454030454158783,near_normal,1
2025-06-01,6,NL211,Noord-Overijssel,Reservoir & Surface Water Shortage,0,0.6923437022578846,-0.9478132128715515,near_normal,1
2025-07-01,7,NL211,Noord-Overijssel,Reservoir & Surface Water Shortage,1,0.5981706244455147,-1.0653294920921326,dry,1
2025-08-01,8,NL211,Noord-Overijssel,Reservoir & Surface Water Shortage,0,0.7087525782593801,-1.2702912092208862,dry,1
2025-09-01,9,NL211,Noord-Overijssel,Reservoir & Surface Water Shortage,0,0.3226277359929603,-1.3825294971466064,dry,1
2023-12-01,12,NL212,Zuidwest-Overijssel,Reservoir & Surface Water Shortage,0,0.10703393076532315,1.9005659818649292,wet,1
2024-01-01,1,NL212,Zuidwest-Overijssel,Reservoir & Surface Water Shortage,0,0.1537820022392631,1.8292285203933716,wet,1
2024-02-01,2,NL212,Zuidwest-Overijssel,Reservoir & Surface Water Shortage,0,0.16095152448187344,2.213228702545166,wet,1
2024-03-01,3,NL212,Zuidwest-Overijssel,Reservoir & Surface Water Shortage,1,0.23090885407492392,1.849002480506897,wet,1
2024-04-01,4,NL212,Zuidwest-Overijssel,Reservoir & Surface Water Shortage,0,0.3269701321807721,1.9571956396102905,wet,1
2024-05-01,5,NL212,Zuidwest-Overijssel,Reservoir & Surface Water Shortage,0,0.5088530694820049,2.3873307704925537,wet,1
2024-06-01,6,NL212,Zuidwest-Overijssel,Reservoir & Surface Water Shortage,0,0.46506381074410275,2.8320765495300293,wet,1
2024-07-01,7,NL212,Zuidwest-Overijssel,Reservoir & Surface Water Shortage,0,0.397174642086445,3.2399985790252686,wet,1
2024-08-01,8,NL212,Zuidwest-Overijssel,Reservoir & Surface Water Shortage,0,0.37341362525799743,2.890531063079834,wet,1
2024-09-01,9,NL212,Zuidwest-Overijssel,Reservoir & Surface Water Shortage,0,0.2679384694143178,3.281804084777832,wet,1
2024-10-01,10,NL212,Zuidwest-Overijssel,Reservoir & Surface Water Shortage,0,0.129326017675505,2.341593027114868,wet,1
2024-11-01,11,NL212,Zuidwest-Overijssel,Reservoir & Surface Water Shortage,0,0.13272507184443638,1.9496963024139404,wet,1
2024-12-01,12,NL212,Zuidwest-Overijssel,Reservoir & Surface Water Shortage,0,0.10141884807769151,1.6000728607177734,wet,1
2025-01-01,1,NL212,Zuidwest-Overijssel,Reservoir & Surface Water Shortage,0,0.16429645400184653,1.6217764616012573,wet,1
2025-02-01,2,NL212,Zuidwest-Overijssel,Reservoir & Surface Water Shortage,0,0.27005326877000113,0.9912475943565369,near_normal,1
2025-03-01,3,NL212,Zuidwest-Overijssel,Reservoir & Surface Water Shortage,0,0.5553992849422018,0.5870882868766785,near_normal,1
2025-04-01,4,NL212,Zuidwest-Overijssel,Reservoir & Surface Water Shortage,0,0.6398852979498564,-0.03741263225674629,near_normal,1
2025-05-01,5,NL212,Zuidwest-Overijssel,Reservoir & Surface Water Shortage,0,0.7876786689266934,-0.7523486614227295,near_normal,1
2025-06-01,6,NL212,Zuidwest-Overijssel,Reservoir & Surface Water Shortage,0,0.8027635844706692,-0.9098113179206848,near_normal,1
2025-07-01,7,NL212,Zuidwest-Overijssel,Reservoir & Surface Water Shortage,0,0.7238241408119392,-1.0562019348144531,dry,1
2025-08-01,8,NL212,Zuidwest-Overijssel,Reservoir & Surface Water Shortage,0,0.8202516112671683,-1.332362413406372,dry,1
2025-09-01,9,NL212,Zuidwest-Overijssel,Reservoir & Surface Water Shortage,0,0.5002452873619122,-1.4136707782745361,dry,1
2023-12-01,12,NL213,Twente,Reservoir & Surface Water Shortage,0,0.12763470289122078,1.877382477124532,wet,1
2024-01-01,1,NL213,Twente,Reservoir & Surface Water Shortage,0,0.18860101507734744,1.7741056680679321,wet,1
2024-02-01,2,NL213,Twente,Reservoir & Surface Water Shortage,0,0.20656480651757805,2.1074114640553794,wet,1
2024-03-01,3,NL213,Twente,Reservoir & Surface Water Shortage,0,0.3265460497684782,1.7495448191960652,wet,1
2024-04-01,4,NL213,Twente,Reservoir & Surface Water Shortage,1,0.39395850850838166,1.8394211530685425,wet,1
2024-05-01,5,NL213,Twente,Reservoir & Surface Water Shortage,0,0.56702629657414,2.2049256960550943,wet,1
2024-06-01,6,NL213,Twente,Reservoir & Surface Water Shortage,0,0.544767747127417,2.5858238538106284,wet,1
2024-07-01,7,NL213,Twente,Reservoir & Surface Water Shortage,1,0.4361750319523469,2.9343260129292807,wet,1
2024-08-01,8,NL213,Twente,Reservoir & Surface Water Shortage,0,0.40806022544597714,2.6960832277933755,wet,1
2024-09-01,9,NL213,Twente,Reservoir & Surface Water Shortage,0,0.33725871754643033,3.2426631450653076,wet,1
2024-10-01,10,NL213,Twente,Reservoir & Surface Water Shortage,0,0.162025971423199,2.2757716178894043,wet,1
2024-11-01,11,NL213,Twente,Reservoir & Surface Water Shortage,0,0.167936037564747,1.856828014055888,wet,1
2024-12-01,12,NL213,Twente,Reservoir & Surface Water Shortage,0,0.13080934682309134,1.449364145596822,wet,1
2025-01-01,1,NL213,Twente,Reservoir & Surface Water Shortage,0,0.20132995674211568,1.4633930921554565,wet,1
2025-02-01,2,NL213,Twente,Reservoir & Surface Water Shortage,0,0.33095904599007653,0.8273681799570719,near_normal,1
2025-03-01,3,NL213,Twente,Reservoir & Surface Water Shortage,0,0.6882236744919261,0.45466773708661395,near_normal,1
2025-04-01,4,NL213,Twente,Reservoir & Surface Water Shortage,0,0.6907212876146915,-0.08532259364922841,near_normal,1
2025-05-01,5,NL213,Twente,Reservoir & Surface Water Shortage,0,0.8191108518927178,-0.7380898396174113,near_normal,1
2025-06-01,6,NL213,Twente,Reservoir & Surface Water Shortage,1,0.8444625247866547,-0.8258537650108337,near_normal,1
2025-07-01,7,NL213,Twente,Reservoir & Surface Water Shortage,0,0.7845826056224866,-0.9453806678454081,near_normal,1
2025-08-01,8,NL213,Twente,Reservoir & Surface Water Shortage,0,0.8827333309093597,-1.2185680468877156,dry,1
2025-09-01,9,NL213,Twente,Reservoir & Surface Water Shortage,0,0.5338469234210989,-1.2572739521662395,dry,1
2023-12-01,12,NL221,Veluwe,Reservoir & Surface Water Shortage,0,0.1382607792947734,1.9351237614949544,wet,1
2024-01-01,1,NL221,Veluwe,Reservoir & Surface Water Shortage,0,0.19267895005121663,1.8073323965072632,wet,1
2024-02-01,2,NL221,Veluwe,Reservoir & Surface Water Shortage,0,0.1799835530058369,2.2413116296132407,wet,1
2024-03-01,3,NL221,Veluwe,Reservoir & Surface Water Shortage,0,0.2589907640911656,1.8151774009068806,wet,1
2024-04-01,4,NL221,Veluwe,Reservoir & Surface Water Shortage,0,0.37735530701638315,2.02529247601827,wet,1
2024-05-01,5,NL221,Veluwe,Reservoir & Surface Water Shortage,0,0.5695826401048321,2.5431505044301352,wet,1
2024-06-01,6,NL221,Veluwe,Reservoir & Surface Water Shortage,0,0.5591284498790683,2.9275620778401694,wet,1
2024-07-01,7,NL221,Veluwe,Reservoir & Surface Water Shortage,0,0.4800371364749539,3.333141009012858,wet,1
2024-08-01,8,NL221,Veluwe,Reservoir & Surface Water Shortage,0,0.4436071403514882,2.8060739040374756,wet,1
2024-09-01,9,NL221,Veluwe,Reservoir & Surface Water Shortage,0,0.3241227167076355,3.3057305812835693,wet,1
2024-10-01,10,NL221,Veluwe,Reservoir & Surface Water Shortage,0,0.16031743622234645,2.3737645149230957,wet,1
2024-11-01,11,NL221,Veluwe,Reservoir & Surface Water Shortage,0,0.16717771662890563,1.9296060800552368,wet,1
2024-12-01,12,NL221,Veluwe,Reservoir & Surface Water Shortage,0,0.1337516058666098,1.6137422720591228,wet,1
2025-01-01,1,NL221,Veluwe,Reservoir & Surface Water Shortage,0,0.2038909506986587,1.6722465356190999,wet,1
2025-02-01,2,NL221,Veluwe,Reservoir & Surface Water Shortage,0,0.338066711819658,1.0694556037584941,wet,1
2025-03-01,3,NL221,Veluwe,Reservoir & Surface Water Shortage,0,0.688917861051538,0.6522466341654459,near_normal,1
2025-04-01,4,NL221,Veluwe,Reservoir & Surface Water Shortage,1,0.7086318322793801,-0.03821267498036226,near_normal,1
2025-05-01,5,NL221,Veluwe,Reservoir & Surface Water Shortage,0,0.824220697923728,-0.8415002226829529,near_normal,1
2025-06-01,6,NL221,Veluwe,Reservoir & Surface Water Shortage,0,0.8540714928178881,-0.9649274547894796,near_normal,1
2025-07-01,7,NL221,Veluwe,Reservoir & Surface Water Shortage,0,0.7891996387426129,-1.1212384700775146,dry,1
2025-08-01,8,NL221,Veluwe,Reservoir & Surface Water Shortage,0,0.8706103726717952,-1.4766345818837483,dry,1
2025-09-01,9,NL221,Veluwe,Reservoir & Surface Water Shortage,0,0.5548379483762332,-1.5261424779891968,dry,1
2023-12-01,12,NL224,Zuidwest-Gelderland,Reservoir & Surface Water Shortage,0,0.07976584126959657,1.9365487098693848,wet,1
2024-01-01,1,NL224,Zuidwest-Gelderland,Reservoir & Surface Water Shortage,0,0.11291341958659823,1.685375452041626,wet,1
2024-02-01,2,NL224,Zuidwest-Gelderland,Reservoir & Surface Water Shortage,0,0.09590838273319408,2.1737860441207886,wet,1
2024-03-01,3,NL224,Zuidwest-Gelderland,Reservoir & Surface Water Shortage,0,0.16304690234694863,1.7497069239616394,wet,1
2024-04-01,4,NL224,Zuidwest-Gelderland,Reservoir & Surface Water Shortage,0,0.23693611380475038,2.014431595802307,wet,1
2024-05-01,5,NL224,Zuidwest-Gelderland,Reservoir & Surface Water Shortage,0,0.3963486300003422,2.511814832687378,wet,1
2024-06-01,6,NL224,Zuidwest-Gelderland,Reservoir & Surface Water Shortage,0,0.39565405663986464,2.8723764419555664,wet,1
2024-07-01,7,NL224,Zuidwest-Gelderland,Reservoir & Surface Water Shortage,0,0.3007715320716139,3.360319137573242,wet,1
2024-08-01,8,NL224,Zuidwest-Gelderland,Reservoir & Surface Water Shortage,0,0.2625712763469977,2.7078782320022583,wet,1
2024-09-01,9,NL224,Zuidwest-Gelderland,Reservoir & Surface Water Shortage,0,0.16583902162344355,3.562034487724304,wet,1
2024-10-01,10,NL224,Zuidwest-Gelderland,Reservoir & Surface Water Shortage,0,0.08394781102052205,2.6191734075546265,wet,1
2024-11-01,11,NL224,Zuidwest-Gelderland,Reservoir & Surface Water Shortage,0,0.0819085329512211,2.088479518890381,wet,1
2024-12-01,12,NL224,Zuidwest-Gelderland,Reservoir & Surface Water Shortage,0,0.06478997747595813,1.848576307296753,wet,1
2025-01-01,1,NL224,Zuidwest-Gelderland,Reservoir & Surface Water Shortage,1,0.10809876180821525,1.9212733507156372,wet,1
2025-02-01,2,NL224,Zuidwest-Gelderland,Reservoir & Surface Water Shortage,0,0.19033693480607075,1.400187075138092,wet,1
2025-03-01,3,NL224,Zuidwest-Gelderland,Reservoir & Surface Water Shortage,0,0.5993442226222188,0.972754567861557,near_normal,1
2025-04-01,4,NL224,Zuidwest-Gelderland,Reservoir & Surface Water Shortage,0,0.5246824496809973,0.29149629175662994,near_normal,1
2025-05-01,5,NL224,Zuidwest-Gelderland,Reservoir & Surface Water Shortage,0,0.7061273865268816,-0.6283363997936249,near_normal,1
2025-06-01,6,NL224,Zuidwest-Gelderland,Reservoir & Surface Water Shortage,0,0.7308948043249162,-0.8211278021335602,near_normal,1
2025-07-01,7,NL224,Zuidwest-Gelderland,Reservoir & Surface Water Shortage,0,0.6460640414121176,-1.0137033462524414,dry,1
2025-08-01,8,NL224,Zuidwest-Gelderland,Reservoir & Surface Water Shortage,0,0.736332148274791,-1.4959520101547241,dry,1
2025-09-01,9,NL224,Zuidwest-Gelderland,Reservoir & Surface Water Shortage,0,0.3637536745238393,-1.5776581168174744,dry,1
2023-12-01,12,NL225,Achterhoek,Reservoir & Surface Water Shortage,0,0.13565883286521402,1.9582886695861816,wet,1
2024-01-01,1,NL225,Achterhoek,Reservoir & Surface Water Shortage,0,0.20626260322238615,1.805512011051178,wet,1
2024-02-01,2,NL225,Achterhoek,Reservoir & Surface Water Shortage,0,0.19907636296987344,2.2859821915626526,wet,1
2024-03-01,3,NL225,Achterhoek,Reservoir & Surface Water Shortage,0,0.2813922686977327,1.7744671404361725,wet,1
2024-04-01,4,NL225,Achterhoek,Reservoir & Surface Water Shortage,0,0.4091256911157604,1.8754302561283112,wet,1
2024-05-01,5,NL225,Achterhoek,Reservoir & Surface Water Shortage,0,0.5885406524046891,2.249455988407135,wet,1
2024-06-01,6,NL225,Achterhoek,Reservoir & Surface Water Shortage,0,0.5928688348454305,2.5028456449508667,wet,1
2024-07-01,7,NL225,Achterhoek,Reservoir & Surface Water Shortage,0,0.4659682100523266,2.9508511424064636,wet,1
2024-08-01,8,NL225,Achterhoek,Reservoir & Surface Water Shortage,0,0.40835361719316404,2.5167282819747925,wet,1
2024-09-01,9,NL225,Achterhoek,Reservoir & Surface Water Shortage,0,0.3399812584045901,3.3198123574256897,wet,1
2024-10-01,10,NL225,Achterhoek,Reservoir & Surface Water Shortage,0,0.16479425982215962,2.387208878993988,wet,1
2024-11-01,11,NL225,Achterhoek,Reservoir & Surface Water Shortage,0,0.17028089882244657,1.9416667819023132,wet,1
2024-12-01,12,NL225,Achterhoek,Reservoir & Surface Water Shortage,0,0.14044593219848872,1.5921784937381744,wet,1
2025-01-01,1,NL225,Achterhoek,Reservoir & Surface Water Shortage,0,0.20306218152768177,1.7311365902423859,wet,1
2025-02-01,2,NL225,Achterhoek,Reservoir & Surface Water Shortage,0,0.3362292491958632,1.0746888369321823,wet,1
2025-03-01,3,NL225,Achterhoek,Reservoir & Surface Water Shortage,1,0.6818763323693925,0.6834009438753128,near_normal,1
2025-04-01,4,NL225,Achterhoek,Reservoir & Surface Water Shortage,1,0.6883363170164228,0.09695965144783258,near_normal,1
2025-05-01,5,NL225,Achterhoek,Reservoir & Surface Water Shortage,0,0.8219917790173208,-0.612250030040741,near_normal,1
2025-06-01,6,NL225,Achterhoek,Reservoir & Surface Water Shortage,0,0.83486210293697,-0.7061386853456497,near_normal,1
2025-07-01,7,NL225,Achterhoek,Reservoir & Surface Water Shortage,0,0.7840922458321582,-0.8033000975847244,near_normal,1
2025-08-01,8,NL225,Achterhoek,Reservoir & Surface Water Shortage,0,0.893092699579415,-1.172307550907135,dry,1
2025-09-01,9,NL225,Achterhoek,Reservoir & Surface Water Shortage,0,0.5635441266823377,-1.218297392129898,dry,1
2023-12-01,12,NL226,Arnhem/Nijmegen,Reservoir & Surface Water Shortage,0,0.10712752125277497,2.0403103033701577,wet,1
2024-01-01,1,NL226,Arnhem/Nijmegen,Reservoir & Surface Water Shortage,0,0.1671058970989131,1.8382607301076253,wet,1
2024-02-01,2,NL226,Arnhem/Nijmegen,Reservoir & Surface Water Shortage,0,0.1477880801138087,2.3888396422068277,wet,1
2024-03-01,3,NL226,Arnhem/Nijmegen,Reservoir & Surface Water Shortage,0,0.22409627510508712,1.8225633303324382,wet,1
2024-04-01,4,NL226,Arnhem/Nijmegen,Reservoir & Surface Water Shortage,0,0.3336426919280896,2.003558794657389,wet,1
2024-05-01,5,NL226,Arnhem/Nijmegen,Reservoir & Surface Water Shortage,0,0.5272217428446925,2.5283732414245605,wet,1
2024-06-01,6,NL226,Arnhem/Nijmegen,Reservoir & Surface Water Shortage,0,0.538742979453096,2.8170496622721353,wet,1
2024-07-01,7,NL226,Arnhem/Nijmegen,Reservoir & Surface Water Shortage,0,0.41266485478489784,3.480062961578369,wet,1
2024-08-01,8,NL226,Arnhem/Nijmegen,Reservoir & Surface Water Shortage,0,0.33782027452252306,2.6924848556518555,wet,1
2024-09-01,9,NL226,Arnhem/Nijmegen,Reservoir & Surface Water Shortage,0,0.25821549115565073,3.6542739868164062,wet,1
2024-10-01,10,NL226,Arnhem/Nijmegen,Reservoir & Surface Water Shortage,0,0.12485299647258068,2.6188717683156333,wet,1
2024-11-01,11,NL226,Arnhem/Nijmegen,Reservoir & Surface Water Shortage,0,0.1263718930895001,2.119877894719442,wet,1
2024-12-01,12,NL226,Arnhem/Nijmegen,Reservoir & Surface Water Shortage,0,0.10254953546491141,1.8100270827611287,wet,1
2025-01-01,1,NL226,Arnhem/Nijmegen,Reservoir & Surface Water Shortage,0,0.15658579871335462,1.9685104290644329,wet,1
2025-02-01,2,NL226,Arnhem/Nijmegen,Reservoir & Surface Water Shortage,0,0.2649773513193315,1.3947044213612874,wet,1
2025-03-01,3,NL226,Arnhem/Nijmegen,Reservoir & Surface Water Shortage,0,0.6153393892596007,0.9596504171689352,near_normal,1
2025-04-01,4,NL226,Arnhem/Nijmegen,Reservoir & Surface Water Shortage,1,0.629648753587284,0.3398151993751526,near_normal,1
2025-05-01,5,NL226,Arnhem/Nijmegen,Reservoir & Surface Water Shortage,0,0.7653595809354454,-0.5684083700180054,near_normal,1
2025-06-01,6,NL226,Arnhem/Nijmegen,Reservoir & Surface Water Shortage,1,0.7979763246708844,-0.671301543712616,near_normal,1
2025-07-01,7,NL226,Arnhem/Nijmegen,Reservoir & Surface Water Shortage,0,0.7615891671223697,-0.846276581287384,near_normal,1
2025-08-01,8,NL226,Arnhem/Nijmegen,Reservoir & Surface Water Shortage,0,0.820939305942629,-1.2885345220565796,dry,1
2025-09-01,9,NL226,Arnhem/Nijmegen,Reservoir & Surface Water Shortage,0,0.5003648055589572,-1.3259549935658772,dry,1
2023-12-01,12,NL230,Flevoland,Reservoir & Surface Water Shortage,0,0.06441659690988306,1.8151381413141887,wet,1
2024-01-01,1,NL230,Flevoland,Reservoir & Surface Water Shortage,0,0.08673919573627845,1.6810797452926636,wet,1
2024-02-01,2,NL230,Flevoland,Reservoir & Surface Water Shortage,0,0.0891215728128348,2.042652944723765,wet,1
2024-03-01,3,NL230,Flevoland,Reservoir & Surface Water Shortage,1,0.12199953650054943,1.7197583715120952,wet,1
2024-04-01,4,NL230,Flevoland,Reservoir & Surface Water Shortage,0,0.2164371191723622,1.9411502679189045,wet,1
2024-05-01,5,NL230,Flevoland,Reservoir & Surface Water Shortage,0,0.37221075995931724,2.439574877421061,wet,1
2024-06-01,6,NL230,Flevoland,Reservoir & Surface Water Shortage,0,0.36617881420997217,2.9559825658798218,wet,1
2024-07-01,7,NL230,Flevoland,Reservoir & Surface Water Shortage,0,0.2885659394424907,2.801535407702128,wet,1
2024-08-01,8,NL230,Flevoland,Reservoir & Surface Water Shortage,0,0.25562441540235326,2.583793560663859,wet,1
2024-09-01,9,NL230,Flevoland,Reservoir & Surface Water Shortage,0,0.1545368180948461,2.821715792020162,wet,1
2024-10-01,10,NL230,Flevoland,Reservoir & Surface Water Shortage,0,0.0803534934815123,2.08377875884374,wet,1
2024-11-01,11,NL230,Flevoland,Reservoir & Surface Water Shortage,0,0.08044676649381181,1.6295397281646729,wet,1
2024-12-01,12,NL230,Flevoland,Reservoir & Surface Water Shortage,0,0.06268096186997868,1.3571658531824748,wet,1
2025-01-01,1,NL230,Flevoland,Reservoir & Surface Water Shortage,0,0.10858276336702063,1.31018461783727,wet,1
2025-02-01,2,NL230,Flevoland,Reservoir & Surface Water Shortage,0,0.19324935651783148,0.681924487153689,near_normal,1
2025-03-01,3,NL230,Flevoland,Reservoir & Surface Water Shortage,0,0.5210937057206072,0.25594955605144304,near_normal,1
2025-04-01,4,NL230,Flevoland,Reservoir & Surface Water Shortage,1,0.4877437405787272,-0.42615289986133575,near_normal,1
2025-05-01,5,NL230,Flevoland,Reservoir & Surface Water Shortage,0,0.6500454422229432,-1.02263805270195,dry,1
2025-06-01,6,NL230,Flevoland,Reservoir & Surface Water Shortage,0,0.6958017055551028,-1.1407394806543987,dry,1
2025-07-01,7,NL230,Flevoland,Reservoir & Surface Water Shortage,0,0.6068146155883338,-1.2951755126317341,dry,1
2025-08-01,8,NL230,Flevoland,Reservoir & Surface Water Shortage,0,0.6892898304060565,-1.5772170821825664,dry,1
2025-09-01,9,NL230,Flevoland,Reservoir & Surface Water Shortage,0,0.3328895343954298,-1.6643696029980977,dry,1
2023-12-01,12,NL310,Utrecht,Reservoir & Surface Water Shortage,0,0.12305478733026592,1.8131556908289592,wet,1
2024-01-01,1,NL310,Utrecht,Reservoir & Surface Water Shortage,0,0.1711906306564891,1.6331657965977986,wet,1
2024-02-01,2,NL310,Utrecht,Reservoir & Surface Water Shortage,0,0.1465964533897217,2.060304045677185,wet,1
2024-03-01,3,NL310,Utrecht,Reservoir & Surface Water Shortage,0,0.20939093359432118,1.6860721111297607,wet,1
2024-04-01,4,NL310,Utrecht,Reservoir & Surface Water Shortage,0,0.34227246382598125,1.934793512026469,wet,1
2024-05-01,5,NL310,Utrecht,Reservoir & Surface Water Shortage,0,0.5197020643824972,2.4599483807881675,wet,1
2024-06-01,6,NL310,Utrecht,Reservoir & Surface Water Shortage,0,0.5322832973953056,2.8643977642059326,wet,1
2024-07-01,7,NL310,Utrecht,Reservoir & Surface Water Shortage,0,0.44405106105789643,2.9952971935272217,wet,1
2024-08-01,8,NL310,Utrecht,Reservoir & Surface Water Shortage,0,0.4191964891193812,2.573964277903239,wet,1
2024-09-01,9,NL310,Utrecht,Reservoir & Surface Water Shortage,0,0.25175395009445806,2.949850559234619,wet,1
2024-10-01,10,NL310,Utrecht,Reservoir & Surface Water Shortage,0,0.14159492413606467,2.2675256729125977,wet,1
2024-11-01,11,NL310,Utrecht,Reservoir & Surface Water Shortage,0,0.13765733998566945,1.8243724505106609,wet,1
2024-12-01,12,NL310,Utrecht,Reservoir & Surface Water Shortage,1,0.10713846442891213,1.599138617515564,wet,1
2025-01-01,1,NL310,Utrecht,Reservoir & Surface Water Shortage,0,0.18194181015382427,1.6418602069218953,wet,1
2025-02-01,2,NL310,Utrecht,Reservoir & Surface Water Shortage,0,0.3033812879449956,1.0959928433100383,wet,1
2025-03-01,3,NL310,Utrecht,Reservoir & Surface Water Shortage,0,0.7205971145914244,0.6640455524126688,near_normal,1
2025-04-01,4,NL310,Utrecht,Reservoir & Surface Water Shortage,1,0.6519155882575627,-0.07301297783851624,near_normal,1
2025-05-01,5,NL310,Utrecht,Reservoir & Surface Water Shortage,0,0.7925333324497228,-0.8883529901504517,near_normal,1
2025-06-01,6,NL310,Utrecht,Reservoir & Surface Water Shortage,1,0.8130619887193647,-1.0327074925104778,dry,1
2025-07-01,7,NL310,Utrecht,Reservoir & Surface Water Shortage,0,0.7473441858317394,-1.170036753018697,dry,1
2025-08-01,8,NL310,Utrecht,Reservoir & Surface Water Shortage,0,0.8087770269646745,-1.5849626461664836,dry,1
2025-09-01,9,NL310,Utrecht,Reservoir & Surface Water Shortage,0,0.4716011305270685,-1.695322314898173,dry,1
2023-12-01,12,NL321,Kop van Noord-Holland,Reservoir & Surface Water Shortage,0,0.08091239617499638,1.812544584274292,wet,1
2024-01-01,1,NL321,Kop van Noord-Holland,Reservoir & Surface Water Shortage,0,0.11477906698552735,1.6329838037490845,wet,1
2024-02-01,2,NL321,Kop van Noord-Holland,Reservoir & Surface Water Shortage,0,0.11599310751757468,1.9536860883235931,wet,1
2024-03-01,3,NL321,Kop van Noord-Holland,Reservoir & Surface Water Shortage,0,0.19090836469749164,1.7587225437164307,wet,1
2024-04-01,4,NL321,Kop van Noord-Holland,Reservoir & Surface Water Shortage,0,0.29766941484726755,2.091783583164215,wet,1
2024-05-01,5,NL321,Kop van Noord-Holland,Reservoir & Surface Water Shortage,0,0.48462306242980313,2.2810864448547363,wet,1
2024-06-01,6,NL321,Kop van Noord-Holland,Reservoir & Surface Water Shortage,0,0.5288743588930042,2.7499186396598816,wet,1
2024-07-01,7,NL321,Kop van Noord-Holland,Reservoir & Surface Water Shortage,0,0.37014087176993116,2.32273006439209,wet,1
2024-08-01,8,NL321,Kop van Noord-Holland,Reservoir & Surface Water Shortage,1,0.3963361603181282,2.314435124397278,wet,1
2024-09-01,9,NL321,Kop van Noord-Holland,Reservoir & Surface Water Shortage,0,0.2125651406140132,2.3948420882225037,wet,1
2024-10-01,10,NL321,Kop van Noord-Holland,Reservoir & Surface Water Shortage,0,0.12838720155869535,1.7925672829151154,wet,1
2024-11-01,11,NL321,Kop van Noord-Holland,Reservoir & Surface Water Shortage,0,0.12313043793222529,1.154409036040306,wet,1
2024-12-01,12,NL321,Kop van Noord-Holland,Reservoir & Surface Water Shortage,0,0.10139864164765723,0.8799158334732056,near_normal,1
2025-01-01,1,NL321,Kop van Noord-Holland,Reservoir & Surface Water Shortage,0,0.1865741022755882,0.7503800988197327,near_normal,1
2025-02-01,2,NL321,Kop van Noord-Holland,Reservoir & Surface Water Shortage,0,0.2696237674330103,0.1837369699496776,near_normal,1
2025-03-01,3,NL321,Kop van Noord-Holland,Reservoir & Surface Water Shortage,0,0.5430872798796196,-0.19919294212013483,near_normal,1
2025-04-01,4,NL321,Kop van Noord-Holland,Reservoir & Surface Water Shortage,1,0.6032881393097729,-0.8529584109783173,near_normal,1
2025-05-01,5,NL321,Kop van Noord-Holland,Reservoir & Surface Water Shortage,0,0.7480797329523718,-1.0707411617040634,dry,1
2025-06-01,6,NL321,Kop van Noord-Holland,Reservoir & Surface Water Shortage,1,0.733422340752381,-1.2265169620513916,dry,1
2025-07-01,7,NL321,Kop van Noord-Holland,Reservoir & Surface Water Shortage,1,0.6966234189958211,-1.3985914885997772,dry,1
2025-08-01,8,NL321,Kop van Noord-Holland,Reservoir & Surface Water Shortage,0,0.7416720398300314,-1.6699672937393188,dry,1
2025-09-01,9,NL321,Kop van Noord-Holland,Reservoir & Surface Water Shortage,0,0.39648939916909987,-1.6399725377559662,dry,1
2023-12-01,12,NL323,IJmond,Reservoir & Surface Water Shortage,0,0.03879353056079152,1.9724016189575195,wet,1
2024-01-01,1,NL323,IJmond,Reservoir & Surface Water Shortage,0,0.061762910726474794,1.7469192743301392,wet,1
2024-02-01,2,NL323,IJmond,Reservoir & Surface Water Shortage,0,0.05749910999816227,1.9654667377471924,wet,1
2024-03-01,3,NL323,IJmond,Reservoir & Surface Water Shortage,0,0.08923736271848333,1.801576018333435,wet,1
2024-04-01,4,NL323,IJmond,Reservoir & Surface Water Shortage,0,0.18225636416301086,2.1092770099639893,wet,1
2024-05-01,5,NL323,IJmond,Reservoir & Surface Water Shortage,0,0.3087982774421516,2.3961286544799805,wet,1
2024-06-01,6,NL323,IJmond,Reservoir & Surface Water Shortage,0,0.3356467020676331,2.795001268386841,wet,1
2024-07-01,7,NL323,IJmond,Reservoir & Surface Water Shortage,0,0.1994618587028057,2.374518632888794,wet,1
2024-08-01,8,NL323,IJmond,Reservoir & Surface Water Shortage,0,0.19696600362875186,2.4498143196105957,wet,1
2024-09-01,9,NL323,IJmond,Reservoir & Surface Water Shortage,0,0.1113241869417842,2.5644779205322266,wet,1
2024-10-01,10,NL323,IJmond,Reservoir & Surface Water Shortage,0,0.07765093007726019,2.1055748462677,wet,1
2024-11-01,11,NL323,IJmond,Reservoir & Surface Water Shortage,0,0.06221849138729683,1.2876315116882324,wet,1
2024-12-01,12,NL323,IJmond,Reservoir & Surface Water Shortage,0,0.05209701618680935,1.054290771484375,wet,1
2025-01-01,1,NL323,IJmond,Reservoir & Surface Water Shortage,0,0.09741657392506106,0.9302926659584045,near_normal,1
2025-02-01,2,NL323,IJmond,Reservoir & Surface Water Shortage,0,0.14874797186684882,0.3864094913005829,near_normal,1
2025-03-01,3,NL323,IJmond,Reservoir & Surface Water Shortage,0,0.5094891602565866,-0.0300010796636343,near_normal,1
2025-04-01,4,NL323,IJmond,Reservoir & Surface Water Shortage,1,0.40155813354283654,-0.679432213306427,near_normal,1
2025-05-01,5,NL323,IJmond,Reservoir & Surface Water Shortage,0,0.5732020549109388,-1.0121432542800903,dry,1
2025-06-01,6,NL323,IJmond,Reservoir & Surface Water Shortage,1,0.6068902341286145,-1.1519043445587158,dry,1
2025-07-01,7,NL323,IJmond,Reservoir & Surface Water Shortage,1,0.5313152359690535,-1.336739182472229,dry,1
2025-08-01,8,NL323,IJmond,Reservoir & Surface Water Shortage,0,0.617351570948975,-1.6172122955322266,dry,1
2025-09-01,9,NL323,IJmond,Reservoir & Surface Water Shortage,0,0.23709475354547016,-1.5776567459106445,dry,1
2023-12-01,12,NL324,Agglomeratie Haarlem,Reservoir & Surface Water Shortage,0,0.053279280319826657,1.8669588565826416,wet,1
2024-01-01,1,NL324,Agglomeratie Haarlem,Reservoir & Surface Water Shortage,0,0.07694235904541483,1.647356390953064,wet,1
2024-02-01,2,NL324,Agglomeratie Haarlem,Reservoir & Surface Water Shortage,0,0.07116654896358869,1.945382833480835,wet,1
2024-03-01,3,NL324,Agglomeratie Haarlem,Reservoir & Surface Water Shortage,0,0.11948993742947317,1.7071410417556763,wet,1
2024-04-01,4,NL324,Agglomeratie Haarlem,Reservoir & Surface Water Shortage,0,0.202963528283843,1.988879919052124,wet,1
2024-05-01,5,NL324,Agglomeratie Haarlem,Reservoir & Surface Water Shortage,0,0.33562265959230303,2.4034242630004883,wet,1
2024-06-01,6,NL324,Agglomeratie Haarlem,Reservoir & Surface Water Shortage,0,0.3562710104253044,2.8238632678985596,wet,1
2024-07-01,7,NL324,Agglomeratie Haarlem,Reservoir & Surface Water Shortage,0,0.2442460131244278,2.4710593223571777,wet,1
2024-08-01,8,NL324,Agglomeratie Haarlem,Reservoir & Surface Water Shortage,0,0.23032739127581617,2.520214796066284,wet,1
2024-09-01,9,NL324,Agglomeratie Haarlem,Reservoir & Surface Water Shortage,0,0.12872110129813802,2.598809242248535,wet,1
2024-10-01,10,NL324,Agglomeratie Haarlem,Reservoir & Surface Water Shortage,0,0.07777685442616225,2.1641006469726562,wet,1
2024-11-01,11,NL324,Agglomeratie Haarlem,Reservoir & Surface Water Shortage,0,0.06763942378285287,1.519848108291626,wet,1
2024-12-01,12,NL324,Agglomeratie Haarlem,Reservoir & Surface Water Shortage,0,0.05614236937691508,1.3313369750976562,wet,1
2025-01-01,1,NL324,Agglomeratie Haarlem,Reservoir & Surface Water Shortage,0,0.10367855167788041,1.2478913068771362,wet,1
2025-02-01,2,NL324,Agglomeratie Haarlem,Reservoir & Surface Water Shortage,0,0.1732380231334978,0.668552577495575,near_normal,1
2025-03-01,3,NL324,Agglomeratie Haarlem,Reservoir & Surface Water Shortage,1,0.5493275755060639,0.24341583251953125,near_normal,1
2025-04-01,4,NL324,Agglomeratie Haarlem,Reservoir & Surface Water Shortage,1,0.4516137299369307,-0.45443814992904663,near_normal,1
2025-05-01,5,NL324,Agglomeratie Haarlem,Reservoir & Surface Water Shortage,0,0.6171715979235817,-0.9552810192108154,near_normal,1
2025-06-01,6,NL324,Agglomeratie Haarlem,Reservoir & Surface Water Shortage,1,0.6698853811564114,-1.0814781188964844,dry,1
2025-07-01,7,NL324,Agglomeratie Haarlem,Reservoir & Surface Water Shortage,1,0.5711586435129602,-1.2436511516571045,dry,1
2025-08-01,8,NL324,Agglomeratie Haarlem,Reservoir & Surface Water Shortage,0,0.6326922247776122,-1.534304141998291,dry,1
2025-09-01,9,NL324,Agglomeratie Haarlem,Reservoir & Surface Water Shortage,0,0.26363653846495144,-1.641973853111267,dry,1
2023-12-01,12,NL325,Zaanstreek,Reservoir & Surface Water Shortage,0,0.043555646070536524,1.7692939043045044,wet,1
2024-01-01,1,NL325,Zaanstreek,Reservoir & Surface Water Shortage,0,0.06694497419776088,1.6169030666351318,wet,1
2024-02-01,2,NL325,Zaanstreek,Reservoir & Surface Water Shortage,0,0.05603823021874761,1.957419753074646,wet,1
2024-03-01,3,NL325,Zaanstreek,Reservoir & Surface Water Shortage,0,0.08014897204235076,1.6453285217285156,wet,1
2024-04-01,4,NL325,Zaanstreek,Reservoir & Surface Water Shortage,0,0.164039250444247,1.9042351245880127,wet,1
2024-05-01,5,NL325,Zaanstreek,Reservoir & Surface Water Shortage,0,0.27014585258449164,2.3876869678497314,wet,1
2024-06-01,6,NL325,Zaanstreek,Reservoir & Surface Water Shortage,0,0.3160912127189335,2.875868558883667,wet,1
2024-07-01,7,NL325,Zaanstreek,Reservoir & Surface Water Shortage,0,0.21860212366923354,2.6098756790161133,wet,1
2024-08-01,8,NL325,Zaanstreek,Reservoir & Surface Water Shortage,0,0.20329147780681778,2.4586730003356934,wet,1
2024-09-01,9,NL325,Zaanstreek,Reservoir & Surface Water Shortage,0,0.09647273587682846,2.6439425945281982,wet,1
2024-10-01,10,NL325,Zaanstreek,Reservoir & Surface Water Shortage,0,0.053693401281721204,2.0523898601531982,wet,1
2024-11-01,11,NL325,Zaanstreek,Reservoir & Surface Water Shortage,0,0.0533101796261182,1.5562342405319214,wet,1
2024-12-01,12,NL325,Zaanstreek,Reservoir & Surface Water Shortage,0,0.04357387239119226,1.3256824016571045,wet,1
2025-01-01,1,NL325,Zaanstreek,Reservoir & Surface Water Shortage,0,0.08232401845449788,1.2905166149139404,wet,1
2025-02-01,2,NL325,Zaanstreek,Reservoir & Surface Water Shortage,0,0.13843370495927165,0.7351674437522888,near_normal,1
2025-03-01,3,NL325,Zaanstreek,Reservoir & Surface Water Shortage,0,0.4777363487930928,0.2895616590976715,near_normal,1
2025-04-01,4,NL325,Zaanstreek,Reservoir & Surface Water Shortage,1,0.37500608491287535,-0.44397521018981934,near_normal,1
2025-05-01,5,NL325,Zaanstreek,Reservoir & Surface Water Shortage,0,0.5740104638546559,-1.0350122451782227,dry,1
2025-06-01,6,NL325,Zaanstreek,Reservoir & Surface Water Shortage,1,0.5581722810101107,-1.1691848039627075,dry,1
2025-07-01,7,NL325,Zaanstreek,Reservoir & Surface Water Shortage,1,0.5157103899610604,-1.3288004398345947,dry,1
2025-08-01,8,NL325,Zaanstreek,Reservoir & Surface Water Shortage,0,0.5521764400152629,-1.6849058866500854,dry,1
2025-09-01,9,NL325,Zaanstreek,Reservoir & Surface Water Shortage,0,0.2579374184421233,-1.740875005722046,dry,1
2023-12-01,12,NL327,Het Gooi en Vechtstreek,Reservoir & Surface Water Shortage,0,0.0736833736073342,1.7685881853103638,wet,1
2024-01-01,1,NL327,Het Gooi en Vechtstreek,Reservoir & Surface Water Shortage,0,0.10838716301608059,1.636123776435852,wet,1
2024-03-01,3,NL327,Het Gooi en Vechtstreek,Reservoir & Surface Water Shortage,0,0.12776465133962572,1.6505409479141235,wet,1
2024-04-01,4,NL327,Het Gooi en Vechtstreek,Reservoir & Surface Water Shortage,0,0.2501785865888751,1.8591419458389282,wet,1
2024-05-01,5,NL327,Het Gooi en Vechtstreek,Reservoir & Surface Water Shortage,0,0.3905917680091022,2.378713369369507,wet,1
2024-06-01,6,NL327,Het Gooi en Vechtstreek,Reservoir & Surface Water Shortage,0,0.4011645462166321,2.898977279663086,wet,1
2024-07-01,7,NL327,Het Gooi en Vechtstreek,Reservoir & Surface Water Shortage,0,0.3329292165727831,2.7814443111419678,wet,1
2024-08-01,8,NL327,Het Gooi en Vechtstreek,Reservoir & Surface Water Shortage,0,0.3207324932221495,2.4918413162231445,wet,1
2024-09-01,9,NL327,Het Gooi en Vechtstreek,Reservoir & Surface Water Shortage,0,0.1761774769759618,2.7578084468841553,wet,1
2024-10-01,10,NL327,Het Gooi en Vechtstreek,Reservoir & Surface Water Shortage,0,0.09325047748474122,2.0412652492523193,wet,1
2024-11-01,11,NL327,Het Gooi en Vechtstreek,Reservoir & Surface Water Shortage,0,0.09120764195152652,1.6262489557266235,wet,1
2024-12-01,12,NL327,Het Gooi en Vechtstreek,Reservoir & Surface Water Shortage,0,0.07052129090459211,1.3761451244354248,wet,1
2025-01-01,1,NL327,Het Gooi en Vechtstreek,Reservoir & Surface Water Shortage,0,0.12769989215975197,1.3592329025268555,wet,1
2025-02-01,2,NL327,Het Gooi en Vechtstreek,Reservoir & Surface Water Shortage,0,0.22391901869358088,0.8063275814056396,near_normal,1
2025-03-01,3,NL327,Het Gooi en Vechtstreek,Reservoir & Surface Water Shortage,1,0.5100600051283071,0.35810184478759766,near_normal,1
2025-04-01,4,NL327,Het Gooi en Vechtstreek,Reservoir & Surface Water Shortage,1,0.5268313287843991,-0.35341763496398926,near_normal,1
2025-05-01,5,NL327,Het Gooi en Vechtstreek,Reservoir & Surface Water Shortage,0,0.7198977956661791,-1.0387662649154663,dry,1
2025-06-01,6,NL327,Het Gooi en Vechtstreek,Reservoir & Surface Water Shortage,1,0.715308125030503,-1.1725388765335083,dry,1
2025-07-01,7,NL327,Het Gooi en Vechtstreek,Reservoir & Surface Water Shortage,1,0.6448689033513831,-1.3508493900299072,dry,1
2025-08-01,8,NL327,Het Gooi en Vechtstreek,Reservoir & Surface Water Shortage,0,0.7182464060940152,-1.7118911743164062,dry,1
2025-09-01,9,NL327,Het Gooi en Vechtstreek,Reservoir & Surface Water Shortage,0,0.37046909901269354,-1.7690833806991577,dry,1
2023-12-01,12,NL328,Alkmaar en omgeving,Reservoir & Surface Water Shortage,0,0.053660604170741616,1.902960181236267,wet,1
2024-01-01,1,NL328,Alkmaar en omgeving,Reservoir & Surface Water Shortage,0,0.08061734538501596,1.7100821137428284,wet,1
2024-02-01,2,NL328,Alkmaar en omgeving,Reservoir & Surface Water Shortage,0,0.08120865302299501,1.9593284130096436,wet,1
2024-03-01,3,NL328,Alkmaar en omgeving,Reservoir & Surface Water Shortage,0,0.1138308483693079,1.739656686782837,wet,1
2024-04-01,4,NL328,Alkmaar en omgeving,Reservoir & Surface Water Shortage,0,0.22103724368584912,2.0186948776245117,wet,1
2024-05-01,5,NL328,Alkmaar en omgeving,Reservoir & Surface Water Shortage,0,0.36471087139924946,2.3344630002975464,wet,1
2024-06-01,6,NL328,Alkmaar en omgeving,Reservoir & Surface Water Shortage,0,0.40496550020532207,2.804568648338318,wet,1
2024-07-01,7,NL328,Alkmaar en omgeving,Reservoir & Surface Water Shortage,0,0.27088375789920005,2.428522229194641,wet,1
2024-08-01,8,NL328,Alkmaar en omgeving,Reservoir & Surface Water Shortage,0,0.25795392934749295,2.425881505012512,wet,1
2024-09-01,9,NL328,Alkmaar en omgeving,Reservoir & Surface Water Shortage,0,0.14077726258725884,2.5760817527770996,wet,1
2024-10-01,10,NL328,Alkmaar en omgeving,Reservoir & Surface Water Shortage,0,0.08523385038046219,2.0169880390167236,wet,1
2024-11-01,11,NL328,Alkmaar en omgeving,Reservoir & Surface Water Shortage,0,0.07921075084032429,1.3094255328178406,wet,1
2024-12-01,12,NL328,Alkmaar en omgeving,Reservoir & Surface Water Shortage,0,0.06598180404930949,1.0511134266853333,wet,1
2025-01-01,1,NL328,Alkmaar en omgeving,Reservoir & Surface Water Shortage,0,0.11977326997173907,0.9406598210334778,near_normal,1
2025-02-01,2,NL328,Alkmaar en omgeving,Reservoir & Surface Water Shortage,0,0.18910626454913415,0.40348732471466064,near_normal,1
2025-03-01,3,NL328,Alkmaar en omgeving,Reservoir & Surface Water Shortage,0,0.46371149278640267,-0.023991535417735577,near_normal,1
2025-04-01,4,NL328,Alkmaar en omgeving,Reservoir & Surface Water Shortage,1,0.4715402673817387,-0.6851816177368164,near_normal,1
2025-05-01,5,NL328,Alkmaar en omgeving,Reservoir & Surface Water Shortage,0,0.6326753943123977,-1.0560193061828613,dry,1
2025-06-01,6,NL328,Alkmaar en omgeving,Reservoir & Surface Water Shortage,1,0.6130158332912948,-1.200132429599762,dry,1
2025-07-01,7,NL328,Alkmaar en omgeving,Reservoir & Surface Water Shortage,1,0.5944857066644008,-1.380033254623413,dry,1
2025-08-01,8,NL328,Alkmaar en omgeving,Reservoir & Surface Water Shortage,0,0.6651028210038027,-1.6897867918014526,dry,1
2025-09-01,9,NL328,Alkmaar en omgeving,Reservoir & Surface Water Shortage,0,0.31273596914396773,-1.6552176475524902,dry,1
2023-12-01,12,NL329,Groot-Amsterdam,Reservoir & Surface Water Shortage,0,0.08680749394403521,1.7692939043045044,wet,1
2024-01-01,1,NL329,Groot-Amsterdam,Reservoir & Surface Water Shortage,0,0.1235738015048975,1.6169030666351318,wet,1
2024-02-01,2,NL329,Groot-Amsterdam,Reservoir & Surface Water Shortage,0,0.11597384869622829,1.957419753074646,wet,1
2024-03-01,3,NL329,Groot-Amsterdam,Reservoir & Surface Water Shortage,0,0.16071330050449864,1.6453285217285156,wet,1
2024-04-01,4,NL329,Groot-Amsterdam,Reservoir & Surface Water Shortage,1,0.28811644698402583,1.9042351245880127,wet,1
2024-05-01,5,NL329,Groot-Amsterdam,Reservoir & Surface Water Shortage,0,0.4381827949003268,2.3876869678497314,wet,1
2024-06-01,6,NL329,Groot-Amsterdam,Reservoir & Surface Water Shortage,0,0.48730225387369275,2.875868558883667,wet,1
2024-07-01,7,NL329,Groot-Amsterdam,Reservoir & Surface Water Shortage,1,0.36638624245859464,2.6098756790161133,wet,1
2024-08-01,8,NL329,Groot-Amsterdam,Reservoir & Surface Water Shortage,0,0.3702565311106265,2.4586730003356934,wet,1
2024-09-01,9,NL329,Groot-Amsterdam,Reservoir & Surface Water Shortage,0,0.20219268235428695,2.6439425945281982,wet,1
2024-10-01,10,NL329,Groot-Amsterdam,Reservoir & Surface Water Shortage,0,0.11042357813097961,2.0523898601531982,wet,1
2024-11-01,11,NL329,Groot-Amsterdam,Reservoir & Surface Water Shortage,0,0.10448910083838037,1.5562342405319214,wet,1
2024-12-01,12,NL329,Groot-Amsterdam,Reservoir & Surface Water Shortage,0,0.08584984427132937,1.3256824016571045,wet,1
2025-01-01,1,NL329,Groot-Amsterdam,Reservoir & Surface Water Shortage,0,0.15288334029176257,1.2905166149139404,wet,1
2025-02-01,2,NL329,Groot-Amsterdam,Reservoir & Surface Water Shortage,0,0.2562095005495729,0.7351674437522888,near_normal,1
2025-03-01,3,NL329,Groot-Amsterdam,Reservoir & Surface Water Shortage,0,0.6261752911969328,0.2895616590976715,near_normal,1
2025-04-01,4,NL329,Groot-Amsterdam,Reservoir & Surface Water Shortage,1,0.5629983785898172,-0.44397521018981934,near_normal,1
2025-05-01,5,NL329,Groot-Amsterdam,Reservoir & Surface Water Shortage,0,0.7349966764819923,-1.0350122451782227,dry,1
2025-06-01,6,NL329,Groot-Amsterdam,Reservoir & Surface Water Shortage,1,0.7426984827014836,-1.1691848039627075,dry,1
2025-07-01,7,NL329,Groot-Amsterdam,Reservoir & Surface Water Shortage,1,0.6767392709150873,-1.3288004398345947,dry,1
2025-08-01,8,NL329,Groot-Amsterdam,Reservoir & Surface Water Shortage,0,0.7470753700699111,-1.6849058866500854,dry,1
2025-09-01,9,NL329,Groot-Amsterdam,Reservoir & Surface Water Shortage,0,0.3919557400772829,-1.740875005722046,dry,1
2023-12-01,12,NL332,Agglomeratie ’s-Gravenhage,Reservoir & Surface Water Shortage,0,0.04731145281809872,1.7348324060440063,wet,1
2024-01-01,1,NL332,Agglomeratie ’s-Gravenhage,Reservoir & Surface Water Shortage,0,0.07218188927340324,1.5479464530944824,wet,1
2024-02-01,2,NL332,Agglomeratie ’s-Gravenhage,Reservoir & Surface Water Shortage,0,0.0642049070119354,1.9152671098709106,wet,1
2024-03-01,3,NL332,Agglomeratie ’s-Gravenhage,Reservoir & Surface Water Shortage,0,0.11064788904087043,1.6138807535171509,wet,1
2024-04-01,4,NL332,Agglomeratie ’s-Gravenhage,Reservoir & Surface Water Shortage,0,0.17603161159079309,1.7927536964416504,wet,1
2024-05-01,5,NL332,Agglomeratie ’s-Gravenhage,Reservoir & Surface Water Shortage,0,0.29392172299491975,2.222562551498413,wet,1
2024-06-01,6,NL332,Agglomeratie ’s-Gravenhage,Reservoir & Surface Water Shortage,0,0.30794367666139616,2.651139974594116,wet,1
2024-07-01,7,NL332,Agglomeratie ’s-Gravenhage,Reservoir & Surface Water Shortage,0,0.20363441694061934,2.602553367614746,wet,1
2024-08-01,8,NL332,Agglomeratie ’s-Gravenhage,Reservoir & Surface Water Shortage,0,0.22819945351693968,2.614240884780884,wet,1
2024-09-01,9,NL332,Agglomeratie ’s-Gravenhage,Reservoir & Surface Water Shortage,0,0.11378185340431983,2.760681390762329,wet,1
2024-10-01,10,NL332,Agglomeratie ’s-Gravenhage,Reservoir & Surface Water Shortage,0,0.060802815680110464,2.217620849609375,wet,1
2024-11-01,11,NL332,Agglomeratie ’s-Gravenhage,Reservoir & Surface Water Shortage,1,0.054513257648879244,1.6578664779663086,wet,1
2024-12-01,12,NL332,Agglomeratie ’s-Gravenhage,Reservoir & Surface Water Shortage,0,0.044878331357714005,1.5298305749893188,wet,1
2025-01-01,1,NL332,Agglomeratie ’s-Gravenhage,Reservoir & Surface Water Shortage,0,0.07144028844348756,1.4456462860107422,wet,1
2025-02-01,2,NL332,Agglomeratie ’s-Gravenhage,Reservoir & Surface Water Shortage,0,0.13887456965600814,0.8826550841331482,near_normal,1
2025-03-01,3,NL332,Agglomeratie ’s-Gravenhage,Reservoir & Surface Water Shortage,0,0.29252514213063346,0.4521176517009735,near_normal,1
2025-04-01,4,NL332,Agglomeratie ’s-Gravenhage,Reservoir & Surface Water Shortage,1,0.3912614240238775,-0.2299506515264511,near_normal,1
2025-05-01,5,NL332,Agglomeratie ’s-Gravenhage,Reservoir & Surface Water Shortage,0,0.5610084978744994,-0.8712313175201416,near_normal,1
2025-06-01,6,NL332,Agglomeratie ’s-Gravenhage,Reservoir & Surface Water Shortage,1,0.6213916181387776,-1.0435134172439575,dry,1
2025-07-01,7,NL332,Agglomeratie ’s-Gravenhage,Reservoir & Surface Water Shortage,0,0.5210564419822736,-1.2248507738113403,dry,1
2025-08-01,8,NL332,Agglomeratie ’s-Gravenhage,Reservoir & Surface Water Shortage,0,0.5785206511492201,-1.4840713739395142,dry,1
2025-09-01,9,NL332,Agglomeratie ’s-Gravenhage,Reservoir & Surface Water Shortage,0,0.22320703693067973,-1.723048210144043,dry,1
2023-12-01,12,NL333,Delft en Westland,Reservoir & Surface Water Shortage,1,0.0935812202180742,1.6360796689987183,wet,1
2024-01-01,1,NL333,Delft en Westland,Reservoir & Surface Water Shortage,0,0.12410192543829757,1.4589471817016602,wet,1
2024-02-01,2,NL333,Delft en Westland,Reservoir & Surface Water Shortage,0,0.12418857019726524,1.889495611190796,wet,1
2024-03-01,3,NL333,Delft en Westland,Reservoir & Surface Water Shortage,0,0.16085166728920466,1.5272536277770996,wet,1
2024-04-01,4,NL333,Delft en Westland,Reservoir & Surface Water Shortage,0,0.27791538421624135,1.6712430715560913,wet,1
2024-05-01,5,NL333,Delft en Westland,Reservoir & Surface Water Shortage,0,0.41903833071839314,2.103944778442383,wet,1
2024-06-01,6,NL333,Delft en Westland,Reservoir & Surface Water Shortage,0,0.4379652275524677,2.5638675689697266,wet,1
2024-07-01,7,NL333,Delft en Westland,Reservoir & Surface Water Shortage,0,0.319842127645243,2.8959829807281494,wet,1
2024-08-01,8,NL333,Delft en Westland,Reservoir & Surface Water Shortage,0,0.33665792982842996,2.653705358505249,wet,1
2024-09-01,9,NL333,Delft en Westland,Reservoir & Surface Water Shortage,0,0.17335256788436887,2.9503586292266846,wet,1
2024-10-01,10,NL333,Delft en Westland,Reservoir & Surface Water Shortage,0,0.09659270712804163,2.2567052841186523,wet,1
2024-11-01,11,NL333,Delft en Westland,Reservoir & Surface Water Shortage,0,0.09949144930401473,1.799555778503418,wet,1
2024-12-01,12,NL333,Delft en Westland,Reservoir & Surface Water Shortage,0,0.07781254551953626,1.66428804397583,wet,1
2025-01-01,1,NL333,Delft en Westland,Reservoir & Surface Water Shortage,0,0.12175798957993354,1.640883445739746,wet,1
2025-02-01,2,NL333,Delft en Westland,Reservoir & Surface Water Shortage,0,0.2114165386692326,1.163700819015503,wet,1
2025-03-01,3,NL333,Delft en Westland,Reservoir & Surface Water Shortage,0,0.4915873661952902,0.7183709144592285,near_normal,1
2025-04-01,4,NL333,Delft en Westland,Reservoir & Surface Water Shortage,0,0.5664586942400035,0.003728199517354369,near_normal,1
2025-05-01,5,NL333,Delft en Westland,Reservoir & Surface Water Shortage,0,0.7191047542598046,-0.8432844877243042,near_normal,1
2025-06-01,6,NL333,Delft en Westland,Reservoir & Surface Water Shortage,1,0.7225386935666186,-1.0905721187591553,dry,1
2025-07-01,7,NL333,Delft en Westland,Reservoir & Surface Water Shortage,0,0.6734788181498937,-1.26656973361969,dry,1
2025-08-01,8,NL333,Delft en Westland,Reservoir & Surface Water Shortage,0,0.7772210414510632,-1.6068077087402344,dry,1
2025-09-01,9,NL333,Delft en Westland,Reservoir & Surface Water Shortage,0,0.40619268487841464,-1.8662478923797607,dry,1
2023-12-01,12,NL337,Agglomeratie Leiden en Bollenstreek,Reservoir & Surface Water Shortage,0,0.08406486568861828,1.7106456756591797,wet,1
2024-01-01,1,NL337,Agglomeratie Leiden en Bollenstreek,Reservoir & Surface Water Shortage,0,0.1253056066041362,1.5254942178726196,wet,1
2024-02-01,2,NL337,Agglomeratie Leiden en Bollenstreek,Reservoir & Surface Water Shortage,0,0.1103893098922106,1.930662751197815,wet,1
2024-03-01,3,NL337,Agglomeratie Leiden en Bollenstreek,Reservoir & Surface Water Shortage,0,0.17182881198392777,1.600808024406433,wet,1
2024-04-01,4,NL337,Agglomeratie Leiden en Bollenstreek,Reservoir & Surface Water Shortage,0,0.2633428788121153,1.8393596410751343,wet,1
2024-05-01,5,NL337,Agglomeratie Leiden en Bollenstreek,Reservoir & Surface Water Shortage,0,0.41295251705736696,2.308445453643799,wet,1
2024-06-01,6,NL337,Agglomeratie Leiden en Bollenstreek,Reservoir & Surface Water Shortage,0,0.44712945673915816,2.742405891418457,wet,1
2024-07-01,7,NL337,Agglomeratie Leiden en Bollenstreek,Reservoir & Surface Water Shortage,0,0.3259538415649387,2.7151103019714355,wet,1
2024-08-01,8,NL337,Agglomeratie Leiden en Bollenstreek,Reservoir & Surface Water Shortage,0,0.36889473264169215,2.554049253463745,wet,1
2024-09-01,9,NL337,Agglomeratie Leiden en Bollenstreek,Reservoir & Surface Water Shortage,0,0.17962541067124654,2.7597999572753906,wet,1
2024-10-01,10,NL337,Agglomeratie Leiden en Bollenstreek,Reservoir & Surface Water Shortage,0,0.1023054162839963,2.198561906814575,wet,1
2024-11-01,11,NL337,Agglomeratie Leiden en Bollenstreek,Reservoir & Surface Water Shortage,0,0.09126635546789645,1.7335660457611084,wet,1
2024-12-01,12,NL337,Agglomeratie Leiden en Bollenstreek,Reservoir & Surface Water Shortage,0,0.07273383951144967,1.5648200511932373,wet,1
2025-01-01,1,NL337,Agglomeratie Leiden en Bollenstreek,Reservoir & Surface Water Shortage,0,0.12387715739440727,1.5522692203521729,wet,1
2025-02-01,2,NL337,Agglomeratie Leiden en Bollenstreek,Reservoir & Surface Water Shortage,0,0.21475102671339963,1.016635775566101,wet,1
2025-03-01,3,NL337,Agglomeratie Leiden en Bollenstreek,Reservoir & Surface Water Shortage,0,0.4221522473231435,0.5903820991516113,near_normal,1
2025-04-01,4,NL337,Agglomeratie Leiden en Bollenstreek,Reservoir & Surface Water Shortage,0,0.5318972505523878,-0.16400562226772308,near_normal,1
2025-05-01,5,NL337,Agglomeratie Leiden en Bollenstreek,Reservoir & Surface Water Shortage,0,0.7010287336479637,-0.8812072277069092,near_normal,1
2025-06-01,6,NL337,Agglomeratie Leiden en Bollenstreek,Reservoir & Surface Water Shortage,1,0.7453274257742399,-1.0348807573318481,dry,1
2025-07-01,7,NL337,Agglomeratie Leiden en Bollenstreek,Reservoir & Surface Water Shortage,0,0.6472001378093667,-1.1747100353240967,dry,1
2025-08-01,8,NL337,Agglomeratie Leiden en Bollenstreek,Reservoir & Surface Water Shortage,0,0.7162096749036746,-1.5170913934707642,dry,1
2025-09-01,9,NL337,Agglomeratie Leiden en Bollenstreek,Reservoir & Surface Water Shortage,0,0.33404430778804595,-1.738526463508606,dry,1
2023-12-01,12,NL33A,Zuidoost-Zuid-Holland,Reservoir & Surface Water Shortage,0,0.11349631896042436,1.735690951347351,wet,1
2024-01-01,1,NL33A,Zuidoost-Zuid-Holland,Reservoir & Surface Water Shortage,0,0.15256912530436983,1.5022345781326294,wet,1
2024-02-01,2,NL33A,Zuidoost-Zuid-Holland,Reservoir & Surface Water Shortage,0,0.12722316378350598,1.9734735488891602,wet,1
2024-03-01,3,NL33A,Zuidoost-Zuid-Holland,Reservoir & Surface Water Shortage,1,0.18411819879285438,1.6091928482055664,wet,1
2024-04-01,4,NL33A,Zuidoost-Zuid-Holland,Reservoir & Surface Water Shortage,0,0.3001446120780217,1.869387149810791,wet,1
2024-05-01,5,NL33A,Zuidoost-Zuid-Holland,Reservoir & Surface Water Shortage,0,0.45405924928687696,2.296041488647461,wet,1
2024-06-01,6,NL33A,Zuidoost-Zuid-Holland,Reservoir & Surface Water Shortage,0,0.4585520278405095,2.7406914234161377,wet,1
2024-07-01,7,NL33A,Zuidoost-Zuid-Holland,Reservoir & Surface Water Shortage,0,0.36600503927659817,3.1620676517486572,wet,1
2024-08-01,8,NL33A,Zuidoost-Zuid-Holland,Reservoir & Surface Water Shortage,0,0.32257997848203157,2.5882296562194824,wet,1
2024-09-01,9,NL33A,Zuidoost-Zuid-Holland,Reservoir & Surface Water Shortage,0,0.20551039245054015,3.196017026901245,wet,1
2024-10-01,10,NL33A,Zuidoost-Zuid-Holland,Reservoir & Surface Water Shortage,0,0.11606719145914043,2.4383902549743652,wet,1
2024-11-01,11,NL33A,Zuidoost-Zuid-Holland,Reservoir & Surface Water Shortage,0,0.10209852946309057,1.9545094966888428,wet,1
2024-12-01,12,NL33A,Zuidoost-Zuid-Holland,Reservoir & Surface Water Shortage,0,0.08444145693357161,1.7752925157546997,wet,1
2025-01-01,1,NL33A,Zuidoost-Zuid-Holland,Reservoir & Surface Water Shortage,0,0.13653202531290987,1.8329216241836548,wet,1
2025-02-01,2,NL33A,Zuidoost-Zuid-Holland,Reservoir & Surface Water Shortage,0,0.2431569904974469,1.3434903621673584,wet,1
2025-03-01,3,NL33A,Zuidoost-Zuid-Holland,Reservoir & Surface Water Shortage,0,0.5983015519325166,0.9254148006439209,near_normal,1
2025-04-01,4,NL33A,Zuidoost-Zuid-Holland,Reservoir & Surface Water Shortage,1,0.5911493531999722,0.18472331762313843,near_normal,1
2025-05-01,5,NL33A,Zuidoost-Zuid-Holland,Reservoir & Surface Water Shortage,0,0.7540825161596546,-0.6993400454521179,near_normal,1
2025-06-01,6,NL33A,Zuidoost-Zuid-Holland,Reservoir & Surface Water Shortage,1,0.7729123927098804,-0.928616464138031,near_normal,1
2025-07-01,7,NL33A,Zuidoost-Zuid-Holland,Reservoir & Surface Water Shortage,0,0.699650232337774,-1.0900894403457642,dry,1
2025-08-01,8,NL33A,Zuidoost-Zuid-Holland,Reservoir & Surface Water Shortage,0,0.780379591954111,-1.5483509302139282,dry,1
2025-09-01,9,NL33A,Zuidoost-Zuid-Holland,Reservoir & Surface Water Shortage,0,0.44512216845091196,-1.7110259532928467,dry,1
2023-12-01,12,NL33B,Oost-Zuid-Holland,Reservoir & Surface Water Shortage,0,0.05062322705035252,1.7106456756591797,wet,1
2024-01-01,1,NL33B,Oost-Zuid-Holland,Reservoir & Surface Water Shortage,0,0.07451617590453266,1.5254942178726196,wet,1
2024-02-01,2,NL33B,Oost-Zuid-Holland,Reservoir & Surface Water Shortage,1,0.05844876636970074,1.930662751197815,wet,1
2024-03-01,3,NL33B,Oost-Zuid-Holland,Reservoir & Surface Water Shortage,0,0.10385057975689571,1.600808024406433,wet,1
2024-04-01,4,NL33B,Oost-Zuid-Holland,Reservoir & Surface Water Shortage,0,0.16780512047490953,1.8393596410751343,wet,1
2024-05-01,5,NL33B,Oost-Zuid-Holland,Reservoir & Surface Water Shortage,0,0.2864871608171639,2.308445453643799,wet,1
2024-06-01,6,NL33B,Oost-Zuid-Holland,Reservoir & Surface Water Shortage,0,0.30256908858884374,2.742405891418457,wet,1
2024-07-01,7,NL33B,Oost-Zuid-Holland,Reservoir & Surface Water Shortage,0,0.21741175168896162,2.7151103019714355,wet,1
2024-08-01,8,NL33B,Oost-Zuid-Holland,Reservoir & Surface Water Shortage,0,0.21582894474466516,2.554049253463745,wet,1
2024-09-01,9,NL33B,Oost-Zuid-Holland,Reservoir & Surface Water Shortage,0,0.11136107674150793,2.7597999572753906,wet,1
2024-10-01,10,NL33B,Oost-Zuid-Holland,Reservoir & Surface Water Shortage,0,0.057273705474871796,2.198561906814575,wet,1
2024-11-01,11,NL33B,Oost-Zuid-Holland,Reservoir & Surface Water Shortage,0,0.05295691280898613,1.7335660457611084,wet,1
2024-12-01,12,NL33B,Oost-Zuid-Holland,Reservoir & Surface Water Shortage,0,0.042610940807909066,1.5648200511932373,wet,1
2025-01-01,1,NL33B,Oost-Zuid-Holland,Reservoir & Surface Water Shortage,0,0.07663705933318614,1.5522692203521729,wet,1
2025-02-01,2,NL33B,Oost-Zuid-Holland,Reservoir & Surface Water Shortage,0,0.1403014964132383,1.016635775566101,wet,1
2025-03-01,3,NL33B,Oost-Zuid-Holland,Reservoir & Surface Water Shortage,0,0.381655572270683,0.5903820991516113,near_normal,1
2025-04-01,4,NL33B,Oost-Zuid-Holland,Reservoir & Surface Water Shortage,0,0.39430309858674384,-0.16400562226772308,near_normal,1
2025-05-01,5,NL33B,Oost-Zuid-Holland,Reservoir & Surface Water Shortage,1,0.5722747867142864,-0.8812072277069092,near_normal,1
2025-06-01,6,NL33B,Oost-Zuid-Holland,Reservoir & Surface Water Shortage,1,0.5783056419273334,-1.0348807573318481,dry,1
2025-07-01,7,NL33B,Oost-Zuid-Holland,Reservoir & Surface Water Shortage,0,0.5094998936072881,-1.1747100353240967,dry,1
2025-08-01,8,NL33B,Oost-Zuid-Holland,Reservoir & Surface Water Shortage,0,0.5875039585418378,-1.5170913934707642,dry,1
2025-09-01,9,NL33B,Oost-Zuid-Holland,Reservoir & Surface Water Shortage,0,0.2533322354866839,-1.738526463508606,dry,1
2023-12-01,12,NL33C,Groot-Rijnmond,Reservoir & Surface Water Shortage,0,0.1679371742724455,1.663238803545634,wet,1
2024-01-01,1,NL33C,Groot-Rijnmond,Reservoir & Surface Water Shortage,0,0.21959816669863838,1.481999437014262,wet,1
2024-02-01,2,NL33C,Groot-Rijnmond,Reservoir & Surface Water Shortage,0,0.20388930355491675,1.9045462608337402,wet,1
2024-03-01,3,NL33C,Groot-Rijnmond,Reservoir & Surface Water Shortage,0,0.2736040476888031,1.55764905611674,wet,1
2024-04-01,4,NL33C,Groot-Rijnmond,Reservoir & Surface Water Shortage,1,0.42205358922710245,1.7358837127685547,wet,1
2024-05-01,5,NL33C,Groot-Rijnmond,Reservoir & Surface Water Shortage,0,0.5801872458552664,2.1709097226460776,wet,1
2024-06-01,6,NL33C,Groot-Rijnmond,Reservoir & Surface Water Shortage,0,0.5924559011514058,2.626691977183024,wet,1
2024-07-01,7,NL33C,Groot-Rijnmond,Reservoir & Surface Water Shortage,0,0.4794810535073458,2.903880516688029,wet,1
2024-08-01,8,NL33C,Groot-Rijnmond,Reservoir & Surface Water Shortage,0,0.4862461062890331,2.6491270065307617,wet,1
2024-09-01,9,NL33C,Groot-Rijnmond,Reservoir & Surface Water Shortage,0,0.2844063616551381,2.9472951889038086,wet,1
2024-10-01,10,NL33C,Groot-Rijnmond,Reservoir & Surface Water Shortage,0,0.17205138064987063,2.2849376996358237,wet,1
2024-11-01,11,NL33C,Groot-Rijnmond,Reservoir & Surface Water Shortage,0,0.16858980347894173,1.8019837141036987,wet,1
2024-12-01,12,NL33C,Groot-Rijnmond,Reservoir & Surface Water Shortage,0,0.14172185897185233,1.676819920539856,wet,1
2025-01-01,1,NL33C,Groot-Rijnmond,Reservoir & Surface Water Shortage,0,0.2132821284192108,1.6513664722442627,wet,1
2025-02-01,2,NL33C,Groot-Rijnmond,Reservoir & Surface Water Shortage,0,0.3505338114886326,1.1506803433100383,wet,1
2025-03-01,3,NL33C,Groot-Rijnmond,Reservoir & Surface Water Shortage,0,0.6500686403154787,0.7058199445406595,near_normal,1
2025-04-01,4,NL33C,Groot-Rijnmond,Reservoir & Surface Water Shortage,1,0.7014382470917512,-0.012301225292806825,near_normal,1
2025-05-01,5,NL33C,Groot-Rijnmond,Reservoir & Surface Water Shortage,0,0.8256031063304216,-0.8446452021598816,near_normal,1
2025-06-01,6,NL33C,Groot-Rijnmond,Reservoir & Surface Water Shortage,1,0.8356680517163868,-1.0734885931015015,dry,1
2025-07-01,7,NL33C,Groot-Rijnmond,Reservoir & Surface Water Shortage,0,0.7936371893369273,-1.2388241688410442,dry,1
2025-08-01,8,NL33C,Groot-Rijnmond,Reservoir & Surface Water Shortage,0,0.8653802236976341,-1.566239356994629,dry,1
2025-09-01,9,NL33C,Groot-Rijnmond,Reservoir & Surface Water Shortage,0,0.5665430866910465,-1.825290282567342,dry,1
2023-12-01,12,NL341,Zeeuwsch-Vlaanderen,Reservoir & Surface Water Shortage,0,0.15026785136781712,1.332913875579834,wet,1
2024-01-01,1,NL341,Zeeuwsch-Vlaanderen,Reservoir & Surface Water Shortage,0,0.21573128201775357,1.0990768671035767,wet,1
2024-02-01,2,NL341,Zeeuwsch-Vlaanderen,Reservoir & Surface Water Shortage,0,0.17023938146919063,1.6654661893844604,wet,1
2024-03-01,3,NL341,Zeeuwsch-Vlaanderen,Reservoir & Surface Water Shortage,0,0.2342101651153655,1.4342957735061646,wet,1
2024-04-01,4,NL341,Zeeuwsch-Vlaanderen,Reservoir & Surface Water Shortage,0,0.374738655690603,1.72164386510849,wet,1
2024-05-01,5,NL341,Zeeuwsch-Vlaanderen,Reservoir & Surface Water Shortage,0,0.555707755545827,2.0468907356262207,wet,1
2024-06-01,6,NL341,Zeeuwsch-Vlaanderen,Reservoir & Surface Water Shortage,0,0.5365832742159032,2.511785864830017,wet,1
2024-07-01,7,NL341,Zeeuwsch-Vlaanderen,Reservoir & Surface Water Shortage,1,0.4063264070988831,2.5947717428207397,wet,1
2024-08-01,8,NL341,Zeeuwsch-Vlaanderen,Reservoir & Surface Water Shortage,0,0.3822947048584189,2.2865796089172363,wet,1
2024-09-01,9,NL341,Zeeuwsch-Vlaanderen,Reservoir & Surface Water Shortage,0,0.23515021734580902,2.4733811616897583,wet,1
2024-10-01,10,NL341,Zeeuwsch-Vlaanderen,Reservoir & Surface Water Shortage,0,0.16241884180763796,2.181926131248474,wet,1
2024-11-01,11,NL341,Zeeuwsch-Vlaanderen,Reservoir & Surface Water Shortage,0,0.14406211058505083,1.6795973777770996,wet,1
2024-12-01,12,NL341,Zeeuwsch-Vlaanderen,Reservoir & Surface Water Shortage,0,0.13567896190130432,1.661611557006836,wet,1
2025-01-01,1,NL341,Zeeuwsch-Vlaanderen,Reservoir & Surface Water Shortage,0,0.18899771489387393,1.6901467442512512,wet,1
2025-02-01,2,NL341,Zeeuwsch-Vlaanderen,Reservoir & Surface Water Shortage,0,0.306982238191612,1.1577122211456299,wet,1
2025-03-01,3,NL341,Zeeuwsch-Vlaanderen,Reservoir & Surface Water Shortage,1,0.6894712522358071,0.565402165055275,near_normal,1
2025-04-01,4,NL341,Zeeuwsch-Vlaanderen,Reservoir & Surface Water Shortage,1,0.6921808766713607,-0.27620716392993927,near_normal,1
2025-05-01,5,NL341,Zeeuwsch-Vlaanderen,Reservoir & Surface Water Shortage,0,0.778358613171992,-1.0510993003845215,dry,1
2025-06-01,6,NL341,Zeeuwsch-Vlaanderen,Reservoir & Surface Water Shortage,1,0.8010773907102681,-1.2060883045196533,dry,1
2025-07-01,7,NL341,Zeeuwsch-Vlaanderen,Reservoir & Surface Water Shortage,1,0.7806576397139708,-1.3016448020935059,dry,1
2025-08-01,8,NL341,Zeeuwsch-Vlaanderen,Reservoir & Surface Water Shortage,0,0.8487531935999452,-1.7224125266075134,dry,1
2025-09-01,9,NL341,Zeeuwsch-Vlaanderen,Reservoir & Surface Water Shortage,0,0.5319898773559563,-2.1238150596618652,dry,1
2023-12-01,12,NL342,Overig Zeeland,Reservoir & Surface Water Shortage,0,0.1285597645945104,1.5336954593658447,wet,1
2024-01-01,1,NL342,Overig Zeeland,Reservoir & Surface Water Shortage,0,0.17896991299282672,1.3286210298538208,wet,1
2024-02-01,2,NL342,Overig Zeeland,Reservoir & Surface Water Shortage,1,0.1622882959733935,1.7934848070144653,wet,1
2024-03-01,3,NL342,Overig Zeeland,Reservoir & Surface Water Shortage,0,0.2156482876007111,1.4659996032714844,wet,1
2024-04-01,4,NL342,Overig Zeeland,Reservoir & Surface Water Shortage,0,0.3524197114066746,1.6179192066192627,wet,1
2024-05-01,5,NL342,Overig Zeeland,Reservoir & Surface Water Shortage,0,0.48869408414098553,2.0807783603668213,wet,1
2024-06-01,6,NL342,Overig Zeeland,Reservoir & Surface Water Shortage,0,0.4976359222629606,2.572701930999756,wet,1
2024-07-01,7,NL342,Overig Zeeland,Reservoir & Surface Water Shortage,1,0.38433221888690733,2.9837281703948975,wet,1
2024-08-01,8,NL342,Overig Zeeland,Reservoir & Surface Water Shortage,0,0.3393368761489685,2.67411470413208,wet,1
2024-09-01,9,NL342,Overig Zeeland,Reservoir & Surface Water Shortage,0,0.19776656755836955,2.8608145713806152,wet,1
2024-10-01,10,NL342,Overig Zeeland,Reservoir & Surface Water Shortage,0,0.12709765591530206,2.296290636062622,wet,1
2024-11-01,11,NL342,Overig Zeeland,Reservoir & Surface Water Shortage,0,0.11995338915724096,1.8551033735275269,wet,1
2024-12-01,12,NL342,Overig Zeeland,Reservoir & Surface Water Shortage,0,0.10649029186236388,1.8005717992782593,wet,1
2025-01-01,1,NL342,Overig Zeeland,Reservoir & Surface Water Shortage,0,0.15211896462763544,1.798425555229187,wet,1
2025-02-01,2,NL342,Overig Zeeland,Reservoir & Surface Water Shortage,0,0.26418000965644195,1.329056739807129,wet,1
2025-03-01,3,NL342,Overig Zeeland,Reservoir & Surface Water Shortage,0,0.572801831536577,0.8654971122741699,near_normal,1
2025-04-01,4,NL342,Overig Zeeland,Reservoir & Surface Water Shortage,1,0.6495402485867413,0.127136692404747,near_normal,1
2025-05-01,5,NL342,Overig Zeeland,Reservoir & Surface Water Shortage,0,0.7720745742844661,-0.8692893981933594,near_normal,1
2025-06-01,6,NL342,Overig Zeeland,Reservoir & Surface Water Shortage,1,0.7756606343315167,-1.1390583515167236,dry,1
2025-07-01,7,NL342,Overig Zeeland,Reservoir & Surface Water Shortage,1,0.7391497492665554,-1.3374229669570923,dry,1
2025-08-01,8,NL342,Overig Zeeland,Reservoir & Surface Water Shortage,0,0.8440876333656249,-1.7264788150787354,dry,1
2025-09-01,9,NL342,Overig Zeeland,Reservoir & Surface Water Shortage,0,0.5062472686782918,-2.0268850326538086,dry,1
2023-12-01,12,NL411,West-Noord-Brabant,Reservoir & Surface Water Shortage,0,0.16648319452575044,1.6965256333351135,wet,1
2024-01-01,1,NL411,West-Noord-Brabant,Reservoir & Surface Water Shortage,0,0.22764581759061212,1.4279340207576752,wet,1
2024-02-01,2,NL411,West-Noord-Brabant,Reservoir & Surface Water Shortage,0,0.20411431005204855,1.9115989208221436,wet,1
2024-03-01,3,NL411,West-Noord-Brabant,Reservoir & Surface Water Shortage,0,0.2909045209370775,1.5701760351657867,wet,1
2024-04-01,4,NL411,West-Noord-Brabant,Reservoir & Surface Water Shortage,0,0.4219437889623149,1.794410079717636,wet,1
2024-05-01,5,NL411,West-Noord-Brabant,Reservoir & Surface Water Shortage,0,0.5794182248038486,2.1759976744651794,wet,1
2024-06-01,6,NL411,West-Noord-Brabant,Reservoir & Surface Water Shortage,0,0.5674790399997904,2.6817938685417175,wet,1
2024-07-01,7,NL411,West-Noord-Brabant,Reservoir & Surface Water Shortage,0,0.4648925626626621,3.1869431138038635,wet,1
2024-08-01,8,NL411,West-Noord-Brabant,Reservoir & Surface Water Shortage,0,0.4042604036329786,2.5752928256988525,wet,1
2024-09-01,9,NL411,West-Noord-Brabant,Reservoir & Surface Water Shortage,0,0.2755633147047737,3.2261340022087097,wet,1
2024-10-01,10,NL411,West-Noord-Brabant,Reservoir & Surface Water Shortage,0,0.16425613944974998,2.4958202242851257,wet,1
2024-11-01,11,NL411,West-Noord-Brabant,Reservoir & Surface Water Shortage,0,0.15576679907301041,1.9934806823730469,wet,1
2024-12-01,12,NL411,West-Noord-Brabant,Reservoir & Surface Water Shortage,1,0.13375027838707476,1.8938453793525696,wet,1
2025-01-01,1,NL411,West-Noord-Brabant,Reservoir & Surface Water Shortage,0,0.20285412549193887,1.9489366114139557,wet,1
2025-02-01,2,NL411,West-Noord-Brabant,Reservoir & Surface Water Shortage,0,0.3256707477501644,1.4912947714328766,wet,1
2025-03-01,3,NL411,West-Noord-Brabant,Reservoir & Surface Water Shortage,0,0.6464863937360803,1.0794287621974945,wet,1
2025-04-01,4,NL411,West-Noord-Brabant,Reservoir & Surface Water Shortage,0,0.6978627770242043,0.3902544379234314,near_normal,1
2025-05-01,5,NL411,West-Noord-Brabant,Reservoir & Surface Water Shortage,0,0.8344622972867471,-0.6107541918754578,near_normal,1
2025-06-01,6,NL411,West-Noord-Brabant,Reservoir & Surface Water Shortage,0,0.8552224532377243,-0.9553556591272354,near_normal,1
2025-07-01,7,NL411,West-Noord-Brabant,Reservoir & Surface Water Shortage,0,0.7920840516325005,-1.197560876607895,dry,1
2025-08-01,8,NL411,West-Noord-Brabant,Reservoir & Surface Water Shortage,0,0.8911480541039706,-1.7818401753902435,dry,1
2025-09-01,9,NL411,West-Noord-Brabant,Reservoir & Surface Water Shortage,0,0.5577086139988179,-1.944325178861618,dry,1
2023-12-01,12,NL412,Midden-Noord-Brabant,Reservoir & Surface Water Shortage,0,0.15032726977008717,1.8568886518478394,wet,1
2024-01-01,1,NL412,Midden-Noord-Brabant,Reservoir & Surface Water Shortage,0,0.20043199058062716,1.5439085960388184,wet,1
2024-02-01,2,NL412,Midden-Noord-Brabant,Reservoir & Surface Water Shortage,0,0.18131120514438076,2.0561699867248535,wet,1
2024-03-01,3,NL412,Midden-Noord-Brabant,Reservoir & Surface Water Shortage,0,0.2795722861238054,1.6683708429336548,wet,1
2024-04-01,4,NL412,Midden-Noord-Brabant,Reservoir & Surface Water Shortage,0,0.3848520651847037,1.9227519035339355,wet,1
2024-05-01,5,NL412,Midden-Noord-Brabant,Reservoir & Surface Water Shortage,0,0.5525024949410908,2.350119113922119,wet,1
2024-06-01,6,NL412,Midden-Noord-Brabant,Reservoir & Surface Water Shortage,0,0.5606344664972729,2.7400357723236084,wet,1
2024-07-01,7,NL412,Midden-Noord-Brabant,Reservoir & Surface Water Shortage,0,0.42614311285911144,3.3474960327148438,wet,1
2024-08-01,8,NL412,Midden-Noord-Brabant,Reservoir & Surface Water Shortage,0,0.36478266739567894,2.595762252807617,wet,1
2024-09-01,9,NL412,Midden-Noord-Brabant,Reservoir & Surface Water Shortage,0,0.2563217195039955,3.8588836193084717,wet,1
2024-10-01,10,NL412,Midden-Noord-Brabant,Reservoir & Surface Water Shortage,0,0.14563357884700104,2.767239809036255,wet,1
2024-11-01,11,NL412,Midden-Noord-Brabant,Reservoir & Surface Water Shortage,0,0.13727451923046718,2.2039122581481934,wet,1
2024-12-01,12,NL412,Midden-Noord-Brabant,Reservoir & Surface Water Shortage,0,0.11694882906866809,2.016164541244507,wet,1
2025-01-01,1,NL412,Midden-Noord-Brabant,Reservoir & Surface Water Shortage,0,0.18525657782820462,2.0861504077911377,wet,1
2025-02-01,2,NL412,Midden-Noord-Brabant,Reservoir & Surface Water Shortage,0,0.3003293949318066,1.595111608505249,wet,1
2025-03-01,3,NL412,Midden-Noord-Brabant,Reservoir & Surface Water Shortage,0,0.6627430189114731,1.174560785293579,wet,1
2025-04-01,4,NL412,Midden-Noord-Brabant,Reservoir & Surface Water Shortage,0,0.67509718450154,0.5439844131469727,near_normal,1
2025-05-01,5,NL412,Midden-Noord-Brabant,Reservoir & Surface Water Shortage,0,0.814072954421528,-0.45212289690971375,near_normal,1
2025-06-01,6,NL412,Midden-Noord-Brabant,Reservoir & Surface Water Shortage,0,0.8401012997902797,-0.7468729019165039,near_normal,1
2025-07-01,7,NL412,Midden-Noord-Brabant,Reservoir & Surface Water Shortage,0,0.7681250178522848,-1.0836814641952515,dry,1
2025-08-01,8,NL412,Midden-Noord-Brabant,Reservoir & Surface Water Shortage,0,0.8671248333712609,-1.6820485591888428,dry,1
2025-09-01,9,NL412,Midden-Noord-Brabant,Reservoir & Surface Water Shortage,0,0.5026568561194822,-1.6659215688705444,dry,1
2023-12-01,12,NL413,Noordoost-Noord-Brabant,Reservoir & Surface Water Shortage,0,0.14277111433070613,2.005632162094116,wet,1
2024-01-01,1,NL413,Noordoost-Noord-Brabant,Reservoir & Surface Water Shortage,0,0.2246029337968829,1.7263375918070476,wet,1
2024-02-01,2,NL413,Noordoost-Noord-Brabant,Reservoir & Surface Water Shortage,0,0.20010420682274396,2.301957845687866,wet,1
2024-03-01,3,NL413,Noordoost-Noord-Brabant,Reservoir & Surface Water Shortage,0,0.3276955446391733,1.7595105568567913,wet,1
2024-04-01,4,NL413,Noordoost-Noord-Brabant,Reservoir & Surface Water Shortage,0,0.4132000612319737,1.9506117502848308,wet,1
2024-05-01,5,NL413,Noordoost-Noord-Brabant,Reservoir & Surface Water Shortage,0,0.5872548016293899,2.5292108058929443,wet,1
2024-06-01,6,NL413,Noordoost-Noord-Brabant,Reservoir & Surface Water Shortage,0,0.6172782201445146,2.860475540161133,wet,1
2024-07-01,7,NL413,Noordoost-Noord-Brabant,Reservoir & Surface Water Shortage,0,0.44838508597210786,3.60351292292277,wet,1
2024-08-01,8,NL413,Noordoost-Noord-Brabant,Reservoir & Surface Water Shortage,0,0.4007724710892944,2.6137571334838867,wet,1
2024-09-01,9,NL413,Noordoost-Noord-Brabant,Reservoir & Surface Water Shortage,0,0.29071369412753134,3.99537460009257,wet,1
2024-10-01,10,NL413,Noordoost-Noord-Brabant,Reservoir & Surface Water Shortage,0,0.1498645278331436,2.824659744898478,wet,1
2024-11-01,11,NL413,Noordoost-Noord-Brabant,Reservoir & Surface Water Shortage,0,0.15420976043809814,2.297260840733846,wet,1
2024-12-01,12,NL413,Noordoost-Noord-Brabant,Reservoir & Surface Water Shortage,0,0.13009075118502908,2.027393857638041,wet,1
2025-01-01,1,NL413,Noordoost-Noord-Brabant,Reservoir & Surface Water Shortage,0,0.17882138843973788,2.1666224797566733,wet,1
2025-02-01,2,NL413,Noordoost-Noord-Brabant,Reservoir & Surface Water Shortage,0,0.3268639556297847,1.6576051712036133,wet,1
2025-03-01,3,NL413,Noordoost-Noord-Brabant,Reservoir & Surface Water Shortage,0,0.7211580078367069,1.1836046775182087,wet,1
2025-04-01,4,NL413,Noordoost-Noord-Brabant,Reservoir & Surface Water Shortage,1,0.6922460955305069,0.6166368325551351,near_normal,1
2025-05-01,5,NL413,Noordoost-Noord-Brabant,Reservoir & Surface Water Shortage,0,0.8264672224247542,-0.433600256840388,near_normal,1
2025-06-01,6,NL413,Noordoost-Noord-Brabant,Reservoir & Surface Water Shortage,0,0.8455518519325721,-0.6352093617121378,near_normal,1
2025-07-01,7,NL413,Noordoost-Noord-Brabant,Reservoir & Surface Water Shortage,0,0.809310102534323,-0.9555245041847229,near_normal,1
2025-08-01,8,NL413,Noordoost-Noord-Brabant,Reservoir & Surface Water Shortage,0,0.876196363022873,-1.5380258957544963,dry,1
2025-09-01,9,NL413,Noordoost-Noord-Brabant,Reservoir & Surface Water Shortage,0,0.5972148786430332,-1.4824391603469849,dry,1
2023-12-01,12,NL414,Zuidoost-Noord-Brabant,Reservoir & Surface Water Shortage,0,0.14745088167133363,1.9648097455501556,wet,1
2024-01-01,1,NL414,Zuidoost-Noord-Brabant,Reservoir & Surface Water Shortage,0,0.22892863393862956,1.6660036146640778,wet,1
2024-02-01,2,NL414,Zuidoost-Noord-Brabant,Reservoir & Surface Water Shortage,0,0.2133667216917292,2.2208192348480225,wet,1
2024-03-01,3,NL414,Zuidoost-Noord-Brabant,Reservoir & Surface Water Shortage,0,0.338681538410365,1.7530253231525421,wet,1
2024-04-01,4,NL414,Zuidoost-Noord-Brabant,Reservoir & Surface Water Shortage,0,0.4425163150990453,1.9222524464130402,wet,1
2024-05-01,5,NL414,Zuidoost-Noord-Brabant,Reservoir & Surface Water Shortage,0,0.5881125398412251,2.4804680943489075,wet,1
2024-06-01,6,NL414,Zuidoost-Noord-Brabant,Reservoir & Surface Water Shortage,0,0.6368869117972498,2.8313465118408203,wet,1
2024-07-01,7,NL414,Zuidoost-Noord-Brabant,Reservoir & Surface Water Shortage,1,0.46901956379738263,3.323698878288269,wet,1
2024-08-01,8,NL414,Zuidoost-Noord-Brabant,Reservoir & Surface Water Shortage,0,0.3961847402011017,2.4005433320999146,wet,1
2024-09-01,9,NL414,Zuidoost-Noord-Brabant,Reservoir & Surface Water Shortage,0,0.29236051610847114,3.6095246076583862,wet,1
2024-10-01,10,NL414,Zuidoost-Noord-Brabant,Reservoir & Surface Water Shortage,0,0.14767578229547215,2.8009841442108154,wet,1
2024-11-01,11,NL414,Zuidoost-Noord-Brabant,Reservoir & Surface Water Shortage,0,0.1556674341607934,2.219056189060211,wet,1
2024-12-01,12,NL414,Zuidoost-Noord-Brabant,Reservoir & Surface Water Shortage,0,0.13798501074133904,2.0562921166419983,wet,1
2025-01-01,1,NL414,Zuidoost-Noord-Brabant,Reservoir & Surface Water Shortage,0,0.19729504872198142,2.2320687770843506,wet,1
2025-02-01,2,NL414,Zuidoost-Noord-Brabant,Reservoir & Surface Water Shortage,0,0.3401109881431876,1.7058507800102234,wet,1
2025-03-01,3,NL414,Zuidoost-Noord-Brabant,Reservoir & Surface Water Shortage,0,0.6903045697166658,1.2108392715454102,wet,1
2025-04-01,4,NL414,Zuidoost-Noord-Brabant,Reservoir & Surface Water Shortage,0,0.7010274427547311,0.6923550665378571,near_normal,1
2025-05-01,5,NL414,Zuidoost-Noord-Brabant,Reservoir & Surface Water Shortage,0,0.8205598014087417,-0.4158538803458214,near_normal,1
2025-06-01,6,NL414,Zuidoost-Noord-Brabant,Reservoir & Surface Water Shortage,0,0.8340763298851711,-0.6612778455018997,near_normal,1
2025-07-01,7,NL414,Zuidoost-Noord-Brabant,Reservoir & Surface Water Shortage,0,0.8212245303141197,-1.0086569488048553,dry,1
2025-08-01,8,NL414,Zuidoost-Noord-Brabant,Reservoir & Surface Water Shortage,0,0.8976455797454296,-1.6495905816555023,dry,1
2025-09-01,9,NL414,Zuidoost-Noord-Brabant,Reservoir & Surface Water Shortage,0,0.629231186695565,-1.5304934084415436,dry,1
2023-12-01,12,NL421,Noord-Limburg,Reservoir & Surface Water Shortage,0,0.10485761133547289,2.145362138748169,wet,1
2024-01-01,1,NL421,Noord-Limburg,Reservoir & Surface Water Shortage,0,0.17737504694843878,1.8593108654022217,wet,1
2024-02-01,2,NL421,Noord-Limburg,Reservoir & Surface Water Shortage,0,0.16020497985409332,2.512042760848999,wet,1
2024-03-01,3,NL421,Noord-Limburg,Reservoir & Surface Water Shortage,0,0.26992294555224566,1.865483283996582,wet,1
2024-04-01,4,NL421,Noord-Limburg,Reservoir & Surface Water Shortage,0,0.36374553613677735,1.9734376668930054,wet,1
2024-05-01,5,NL421,Noord-Limburg,Reservoir & Surface Water Shortage,0,0.5088147921429507,2.605700731277466,wet,1
2024-06-01,6,NL421,Noord-Limburg,Reservoir & Surface Water Shortage,0,0.5372846709269284,2.8035495281219482,wet,1
2024-07-01,7,NL421,Noord-Limburg,Reservoir & Surface Water Shortage,0,0.3769094668481633,3.2032430171966553,wet,1
2024-08-01,8,NL421,Noord-Limburg,Reservoir & Surface Water Shortage,0,0.3025016677402661,2.251657724380493,wet,1
2024-09-01,9,NL421,Noord-Limburg,Reservoir & Surface Water Shortage,0,0.22840181764940007,3.5400261878967285,wet,1
2024-10-01,10,NL421,Noord-Limburg,Reservoir & Surface Water Shortage,0,0.11195967108996875,2.855512857437134,wet,1
2024-11-01,11,NL421,Noord-Limburg,Reservoir & Surface Water Shortage,0,0.12219454768437281,2.196915864944458,wet,1
2024-12-01,12,NL421,Noord-Limburg,Reservoir & Surface Water Shortage,0,0.109796369009713,2.03786039352417,wet,1
2025-01-01,1,NL421,Noord-Limburg,Reservoir & Surface Water Shortage,0,0.13944164844069018,2.306771755218506,wet,1
2025-02-01,2,NL421,Noord-Limburg,Reservoir & Surface Water Shortage,0,0.2709932034239361,1.68009352684021,wet,1
2025-03-01,3,NL421,Noord-Limburg,Reservoir & Surface Water Shortage,0,0.6469533803001304,1.0877587795257568,wet,1
2025-04-01,4,NL421,Noord-Limburg,Reservoir & Surface Water Shortage,0,0.585348565942684,0.6619554162025452,near_normal,1
2025-05-01,5,NL421,Noord-Limburg,Reservoir & Surface Water Shortage,0,0.73399591934612,-0.44544780254364014,near_normal,1
2025-06-01,6,NL421,Noord-Limburg,Reservoir & Surface Water Shortage,1,0.7486525699542415,-0.5798614025115967,near_normal,1
2025-07-01,7,NL421,Noord-Limburg,Reservoir & Surface Water Shortage,1,0.7641050914415423,-0.800941526889801,near_normal,1
2025-08-01,8,NL421,Noord-Limburg,Reservoir & Surface Water Shortage,0,0.8471198263763701,-1.2454304695129395,dry,1
2025-09-01,9,NL421,Noord-Limburg,Reservoir & Surface Water Shortage,0,0.5175024419177638,-1.325162410736084,dry,1
2023-12-01,12,NL422,Midden-Limburg,Reservoir & Surface Water Shortage,0,0.12215738897253929,1.8910537958145142,wet,1
2024-01-01,1,NL422,Midden-Limburg,Reservoir & Surface Water Shortage,1,0.20020066964611385,1.595084309577942,wet,1
2024-02-01,2,NL422,Midden-Limburg,Reservoir & Surface Water Shortage,0,0.188711280547867,2.1346378326416016,wet,1
2024-03-01,3,NL422,Midden-Limburg,Reservoir & Surface Water Shortage,0,0.30263743610310917,1.6730749607086182,wet,1
2024-04-01,4,NL422,Midden-Limburg,Reservoir & Surface Water Shortage,0,0.3962946024191723,1.7786504030227661,wet,1
2024-05-01,5,NL422,Midden-Limburg,Reservoir & Surface Water Shortage,0,0.5337396588071383,2.3970389366149902,wet,1
2024-06-01,6,NL422,Midden-Limburg,Reservoir & Surface Water Shortage,0,0.595836948681976,2.6647117137908936,wet,1
2024-07-01,7,NL422,Midden-Limburg,Reservoir & Surface Water Shortage,0,0.4749089506221297,2.893308162689209,wet,1
2024-08-01,8,NL422,Midden-Limburg,Reservoir & Surface Water Shortage,0,0.3484735798099604,2.179447650909424,wet,1
2024-09-01,9,NL422,Midden-Limburg,Reservoir & Surface Water Shortage,0,0.2604117047067887,3.121680974960327,wet,1
2024-10-01,10,NL422,Midden-Limburg,Reservoir & Surface Water Shortage,0,0.12678527629110362,2.612539768218994,wet,1
2024-11-01,11,NL422,Midden-Limburg,Reservoir & Surface Water Shortage,0,0.14049518925176624,2.029146194458008,wet,1
2024-12-01,12,NL422,Midden-Limburg,Reservoir & Surface Water Shortage,1,0.12540192225714056,1.9572449922561646,wet,1
2025-01-01,1,NL422,Midden-Limburg,Reservoir & Surface Water Shortage,0,0.1493496116124441,2.3007307052612305,wet,1
2025-02-01,2,NL422,Midden-Limburg,Reservoir & Surface Water Shortage,0,0.30859840003269334,1.6659852266311646,wet,1
2025-03-01,3,NL422,Midden-Limburg,Reservoir & Surface Water Shortage,0,0.6453778682521384,1.1294753551483154,wet,1
2025-04-01,4,NL422,Midden-Limburg,Reservoir & Surface Water Shortage,1,0.6277359064508831,0.6900760531425476,near_normal,1
2025-05-01,5,NL422,Midden-Limburg,Reservoir & Surface Water Shortage,0,0.7564924852574425,-0.4340934157371521,near_normal,1
2025-06-01,6,NL422,Midden-Limburg,Reservoir & Surface Water Shortage,0,0.7681388951020252,-0.5961017608642578,near_normal,1
2025-07-01,7,NL422,Midden-Limburg,Reservoir & Surface Water Shortage,1,0.7781901655755571,-0.7561391592025757,near_normal,1
2025-08-01,8,NL422,Midden-Limburg,Reservoir & Surface Water Shortage,0,0.8619786037937847,-1.2596315145492554,dry,1
2025-09-01,9,NL422,Midden-Limburg,Reservoir & Surface Water Shortage,0,0.5344502829898221,-1.256527304649353,dry,1
2023-12-01,12,NL423,Zuid-Limburg,Reservoir & Surface Water Shortage,0,0.09029445231121955,1.7045224905014038,wet,1
2024-01-01,1,NL423,Zuid-Limburg,Reservoir & Surface Water Shortage,0,0.14138671092363211,1.4646683931350708,wet,1
2024-02-01,2,NL423,Zuid-Limburg,Reservoir & Surface Water Shortage,0,0.13902925924177942,1.9057672023773193,wet,1
2024-03-01,3,NL423,Zuid-Limburg,Reservoir & Surface Water Shortage,0,0.20356150466413056,1.4721426963806152,wet,1
2024-04-01,4,NL423,Zuid-Limburg,Reservoir & Surface Water Shortage,0,0.3058960192114783,1.6109375953674316,wet,1
2024-05-01,5,NL423,Zuid-Limburg,Reservoir & Surface Water Shortage,0,0.42470118714050875,2.2602717876434326,wet,1
2024-06-01,6,NL423,Zuid-Limburg,Reservoir & Surface Water Shortage,0,0.494054171370928,2.4993674755096436,wet,1
2024-07-01,7,NL423,Zuid-Limburg,Reservoir & Surface Water Shortage,0,0.3985506873550343,2.575399398803711,wet,1
2024-08-01,8,NL423,Zuid-Limburg,Reservoir & Surface Water Shortage,0,0.28798682924729474,2.1789464950561523,wet,1
2024-09-01,9,NL423,Zuid-Limburg,Reservoir & Surface Water Shortage,0,0.1779944415782093,2.988447666168213,wet,1
2024-10-01,10,NL423,Zuid-Limburg,Reservoir & Surface Water Shortage,0,0.09439104580283254,2.581728458404541,wet,1
2024-11-01,11,NL423,Zuid-Limburg,Reservoir & Surface Water Shortage,0,0.09518591342522809,2.0978105068206787,wet,1
2024-12-01,12,NL423,Zuid-Limburg,Reservoir & Surface Water Shortage,0,0.0750098487761139,2.107192277908325,wet,1
2025-01-01,1,NL423,Zuid-Limburg,Reservoir & Surface Water Shortage,0,0.08395665837241696,2.49822735786438,wet,1
2025-02-01,2,NL423,Zuid-Limburg,Reservoir & Surface Water Shortage,0,0.22334954672873325,1.7681748867034912,wet,1
2025-03-01,3,NL423,Zuid-Limburg,Reservoir & Surface Water Shortage,1,0.5424534706943069,1.286401629447937,wet,1
2025-04-01,4,NL423,Zuid-Limburg,Reservoir & Surface Water Shortage,1,0.4781126106174803,0.8446741700172424,near_normal,1
2025-05-01,5,NL423,Zuid-Limburg,Reservoir & Surface Water Shortage,0,0.647203172364348,-0.30450639128685,near_normal,1
2025-06-01,6,NL423,Zuid-Limburg,Reservoir & Surface Water Shortage,0,0.677872770794428,-0.48462241888046265,near_normal,1
2025-07-01,7,NL423,Zuid-Limburg,Reservoir & Surface Water Shortage,1,0.7161458076906512,-0.5175946354866028,near_normal,1
2025-08-01,8,NL423,Zuid-Limburg,Reservoir & Surface Water Shortage,0,0.7836801817225124,-1.1383399963378906,dry,1
2025-09-01,9,NL423,Zuid-Limburg,Reservoir & Surface Water Shortage,0,0.38667994587073157,-1.2109681367874146,dry,1
2023-12-01,12,NL111,Oost-Groningen,Freshwater Ecosystem Degradation,0,0.12288015625897898,1.8038720488548279,wet,1
2024-01-01,1,NL111,Oost-Groningen,Freshwater Ecosystem Degradation,0,0.1293464603539855,1.811567783355713,wet,1
2024-02-01,2,NL111,Oost-Groningen,Freshwater Ecosystem Degradation,0,0.16450166934070437,1.99618661403656,wet,1
2024-03-01,3,NL111,Oost-Groningen,Freshwater Ecosystem Degradation,0,0.27082011146652,1.6847506165504456,wet,1
2024-04-01,4,NL111,Oost-Groningen,Freshwater Ecosystem Degradation,1,0.28432850882702254,1.9079570770263672,wet,1
2024-05-01,5,NL111,Oost-Groningen,Freshwater Ecosystem Degradation,0,0.4812843681922512,2.1447561979293823,wet,1
2024-06-01,6,NL111,Oost-Groningen,Freshwater Ecosystem Degradation,0,0.47254609555935395,2.7947285175323486,wet,1
2024-07-01,7,NL111,Oost-Groningen,Freshwater Ecosystem Degradation,0,0.4561298452653416,2.7147164344787598,wet,1
2024-08-01,8,NL111,Oost-Groningen,Freshwater Ecosystem Degradation,0,0.4288643493745826,2.659160852432251,wet,1
2024-09-01,9,NL111,Oost-Groningen,Freshwater Ecosystem Degradation,0,0.3599675544540918,2.968327760696411,wet,1
2024-10-01,10,NL111,Oost-Groningen,Freshwater Ecosystem Degradation,0,0.21934941248423703,1.971750020980835,wet,1
2024-11-01,11,NL111,Oost-Groningen,Freshwater Ecosystem Degradation,0,0.18607146751541534,1.6035258769989014,wet,1
2024-12-01,12,NL111,Oost-Groningen,Freshwater Ecosystem Degradation,0,0.13278096319574137,1.1509708762168884,wet,1
2025-01-01,1,NL111,Oost-Groningen,Freshwater Ecosystem Degradation,0,0.16029712899532736,1.0549432635307312,wet,1
2025-02-01,2,NL111,Oost-Groningen,Freshwater Ecosystem Degradation,1,0.18997220493010641,0.49514587223529816,near_normal,1
2025-03-01,3,NL111,Oost-Groningen,Freshwater Ecosystem Degradation,0,0.3092795696372036,0.1761770248413086,near_normal,1
2025-04-01,4,NL111,Oost-Groningen,Freshwater Ecosystem Degradation,1,0.3523259126952539,-0.4283472001552582,near_normal,1
2025-05-01,5,NL111,Oost-Groningen,Freshwater Ecosystem Degradation,0,0.49206153346039644,-0.9174109697341919,near_normal,1
2025-06-01,6,NL111,Oost-Groningen,Freshwater Ecosystem Degradation,1,0.42456046334111613,-0.9498004615306854,near_normal,1
2025-07-01,7,NL111,Oost-Groningen,Freshwater Ecosystem Degradation,0,0.38537372519492663,-1.1780112385749817,dry,1
2025-08-01,8,NL111,Oost-Groningen,Freshwater Ecosystem Degradation,0,0.45674689732538015,-1.31639963388443,dry,1
2025-09-01,9,NL111,Oost-Groningen,Freshwater Ecosystem Degradation,0,0.23379446773561846,-1.4372192025184631,dry,1
2023-12-01,12,NL112,Delfzijl en omgeving,Freshwater Ecosystem Degradation,0,0.143682069715516,1.5477043390274048,wet,1
2024-01-01,1,NL112,Delfzijl en omgeving,Freshwater Ecosystem Degradation,0,0.1579288910626896,1.5744563341140747,wet,1
2024-03-01,3,NL112,Delfzijl en omgeving,Freshwater Ecosystem Degradation,0,0.312816984387244,1.5986590385437012,wet,1
2024-04-01,4,NL112,Delfzijl en omgeving,Freshwater Ecosystem Degradation,0,0.3365116022414271,1.7463241815567017,wet,1
2024-05-01,5,NL112,Delfzijl en omgeving,Freshwater Ecosystem Degradation,0,0.5253711153135441,1.9306237697601318,wet,1
2024-06-01,6,NL112,Delfzijl en omgeving,Freshwater Ecosystem Degradation,0,0.5344295365961915,2.5208699703216553,wet,1
2024-07-01,7,NL112,Delfzijl en omgeving,Freshwater Ecosystem Degradation,0,0.5204474157363582,2.3603928089141846,wet,1
2024-08-01,8,NL112,Delfzijl en omgeving,Freshwater Ecosystem Degradation,0,0.5002298256741602,2.3377909660339355,wet,1
2024-09-01,9,NL112,Delfzijl en omgeving,Freshwater Ecosystem Degradation,0,0.4255354539113506,2.484579563140869,wet,1
2024-10-01,10,NL112,Delfzijl en omgeving,Freshwater Ecosystem Degradation,0,0.25369111519288523,1.6715155839920044,wet,1
2024-11-01,11,NL112,Delfzijl en omgeving,Freshwater Ecosystem Degradation,0,0.21679448449934471,1.3462355136871338,wet,1
2024-12-01,12,NL112,Delfzijl en omgeving,Freshwater Ecosystem Degradation,0,0.15248715129853702,0.9495850205421448,near_normal,1
2025-01-01,1,NL112,Delfzijl en omgeving,Freshwater Ecosystem Degradation,0,0.1879942994176704,0.815735936164856,near_normal,1
2025-02-01,2,NL112,Delfzijl en omgeving,Freshwater Ecosystem Degradation,0,0.23226466069294993,0.2707626223564148,near_normal,1
2025-03-01,3,NL112,Delfzijl en omgeving,Freshwater Ecosystem Degradation,0,0.31809676803471104,-0.011577821336686611,near_normal,1
2025-04-01,4,NL112,Delfzijl en omgeving,Freshwater Ecosystem Degradation,1,0.41502101846155787,-0.536076009273529,near_normal,1
2025-05-01,5,NL112,Delfzijl en omgeving,Freshwater Ecosystem Degradation,0,0.5509550785813057,-0.8959609270095825,near_normal,1
2025-06-01,6,NL112,Delfzijl en omgeving,Freshwater Ecosystem Degradation,1,0.4789980472414732,-0.9709566235542297,near_normal,1
2025-07-01,7,NL112,Delfzijl en omgeving,Freshwater Ecosystem Degradation,0,0.4644274130440159,-1.2213053703308105,dry,1
2025-08-01,8,NL112,Delfzijl en omgeving,Freshwater Ecosystem Degradation,0,0.4387899018238105,-1.3407152891159058,dry,1
2025-09-01,9,NL112,Delfzijl en omgeving,Freshwater Ecosystem Degradation,0,0.2952900485808677,-1.4633549451828003,dry,1
2023-12-01,12,NL113,Overig Groningen,Freshwater Ecosystem Degradation,0,0.14484149080677103,1.576159675916036,wet,1
2024-01-01,1,NL113,Overig Groningen,Freshwater Ecosystem Degradation,0,0.15309841350989115,1.553696870803833,wet,1
2024-02-01,2,NL113,Overig Groningen,Freshwater Ecosystem Degradation,0,0.18721164664391318,1.8252516984939575,wet,1
2024-03-01,3,NL113,Overig Groningen,Freshwater Ecosystem Degradation,0,0.31665195420401704,1.5759201447168987,wet,1
2024-04-01,4,NL113,Overig Groningen,Freshwater Ecosystem Degradation,0,0.33263065578987416,1.7591425975163777,wet,1
2024-05-01,5,NL113,Overig Groningen,Freshwater Ecosystem Degradation,0,0.5243743089974884,1.9804979960123699,wet,1
2024-06-01,6,NL113,Overig Groningen,Freshwater Ecosystem Degradation,0,0.5463344105760254,2.5567835172017417,wet,1
2024-07-01,7,NL113,Overig Groningen,Freshwater Ecosystem Degradation,0,0.5383317870994666,2.325056314468384,wet,1
2024-08-01,8,NL113,Overig Groningen,Freshwater Ecosystem Degradation,0,0.49853525952927347,2.289264678955078,wet,1
2024-09-01,9,NL113,Overig Groningen,Freshwater Ecosystem Degradation,0,0.4162268362690274,2.4607760111490884,wet,1
2024-10-01,10,NL113,Overig Groningen,Freshwater Ecosystem Degradation,0,0.26822410815417913,1.74251393477122,wet,1
2024-11-01,11,NL113,Overig Groningen,Freshwater Ecosystem Degradation,0,0.22558645364549385,1.3726389805475872,wet,1
2024-12-01,12,NL113,Overig Groningen,Freshwater Ecosystem Degradation,0,0.15453245246266664,0.9944103360176086,near_normal,1
2025-01-01,1,NL113,Overig Groningen,Freshwater Ecosystem Degradation,0,0.19265722761408804,0.8821484843889872,near_normal,1
2025-02-01,2,NL113,Overig Groningen,Freshwater Ecosystem Degradation,0,0.2426853870547296,0.31073737144470215,near_normal,1
2025-03-01,3,NL113,Overig Groningen,Freshwater Ecosystem Degradation,0,0.3347923707659803,0.035581901048620544,near_normal,1
2025-04-01,4,NL113,Overig Groningen,Freshwater Ecosystem Degradation,1,0.4124289511629073,-0.45748992760976154,near_normal,1
2025-05-01,5,NL113,Overig Groningen,Freshwater Ecosystem Degradation,0,0.564239825632696,-0.8022730549176534,near_normal,1
2025-06-01,6,NL113,Overig Groningen,Freshwater Ecosystem Degradation,1,0.49247627707636504,-0.9125909010569254,near_normal,1
2025-07-01,7,NL113,Overig Groningen,Freshwater Ecosystem Degradation,0,0.4759244916120453,-1.1193293333053589,dry,1
2025-08-01,8,NL113,Overig Groningen,Freshwater Ecosystem Degradation,0,0.5175861043794343,-1.2605481147766113,dry,1
2025-09-01,9,NL113,Overig Groningen,Freshwater Ecosystem Degradation,0,0.312157882080554,-1.4358088970184326,dry,1
2023-12-01,12,NL124,Noord-Friesland,Freshwater Ecosystem Degradation,0,0.1823340271679026,1.4863542318344116,wet,1
2024-01-01,1,NL124,Noord-Friesland,Freshwater Ecosystem Degradation,0,0.20802888491238933,1.3574422895908356,wet,1
2024-02-01,2,NL124,Noord-Friesland,Freshwater Ecosystem Degradation,0,0.2347731481354182,1.7159639298915863,wet,1
2024-03-01,3,NL124,Noord-Friesland,Freshwater Ecosystem Degradation,0,0.3918688254458572,1.4683093130588531,wet,1
2024-04-01,4,NL124,Noord-Friesland,Freshwater Ecosystem Degradation,0,0.39442103164473197,1.7018274664878845,wet,1
2024-05-01,5,NL124,Noord-Friesland,Freshwater Ecosystem Degradation,0,0.5985066750007064,1.886545330286026,wet,1
2024-06-01,6,NL124,Noord-Friesland,Freshwater Ecosystem Degradation,0,0.6098542248854718,2.4364304542541504,wet,1
2024-07-01,7,NL124,Noord-Friesland,Freshwater Ecosystem Degradation,0,0.6011415291871203,2.1045264899730682,wet,1
2024-08-01,8,NL124,Noord-Friesland,Freshwater Ecosystem Degradation,0,0.5715565127074704,2.0753729045391083,wet,1
2024-09-01,9,NL124,Noord-Friesland,Freshwater Ecosystem Degradation,0,0.47422637135901485,2.2301748991012573,wet,1
2024-10-01,10,NL124,Noord-Friesland,Freshwater Ecosystem Degradation,0,0.32003166694093405,1.551231563091278,wet,1
2024-11-01,11,NL124,Noord-Friesland,Freshwater Ecosystem Degradation,0,0.2856437503287641,1.0981620252132416,wet,1
2024-12-01,12,NL124,Noord-Friesland,Freshwater Ecosystem Degradation,0,0.19507060906342225,0.7735436260700226,near_normal,1
2025-01-01,1,NL124,Noord-Friesland,Freshwater Ecosystem Degradation,0,0.24954536000741878,0.6505173146724701,near_normal,1
2025-02-01,2,NL124,Noord-Friesland,Freshwater Ecosystem Degradation,0,0.3092342915453812,0.10699054750148207,near_normal,1
2025-03-01,3,NL124,Noord-Friesland,Freshwater Ecosystem Degradation,1,0.4456998821552136,-0.16945494152605534,near_normal,1
2025-04-01,4,NL124,Noord-Friesland,Freshwater Ecosystem Degradation,1,0.4906036412916302,-0.7064715921878815,near_normal,1
2025-05-01,5,NL124,Noord-Friesland,Freshwater Ecosystem Degradation,0,0.6521203613362453,-0.9263435304164886,near_normal,1
2025-06-01,6,NL124,Noord-Friesland,Freshwater Ecosystem Degradation,0,0.5614682237926991,-1.0629418939352036,dry,1
2025-07-01,7,NL124,Noord-Friesland,Freshwater Ecosystem Degradation,0,0.5503604355333628,-1.2299838960170746,dry,1
2025-08-01,8,NL124,Noord-Friesland,Freshwater Ecosystem Degradation,0,0.5934904588575091,-1.4811941981315613,dry,1
2025-09-01,9,NL124,Noord-Friesland,Freshwater Ecosystem Degradation,0,0.3743877848431982,-1.572517216205597,dry,1
2023-12-01,12,NL125,Zuidwest-Friesland,Freshwater Ecosystem Degradation,0,0.10948229897846347,1.63624769449234,wet,1
2024-01-01,1,NL125,Zuidwest-Friesland,Freshwater Ecosystem Degradation,0,0.1291430038959115,1.4139912724494934,wet,1
2024-02-01,2,NL125,Zuidwest-Friesland,Freshwater Ecosystem Degradation,0,0.1505763939263307,1.7786154747009277,wet,1
2024-03-01,3,NL125,Zuidwest-Friesland,Freshwater Ecosystem Degradation,1,0.2707274596542795,1.5638866424560547,wet,1
2024-04-01,4,NL125,Zuidwest-Friesland,Freshwater Ecosystem Degradation,0,0.27360606917408725,1.8326656818389893,wet,1
2024-05-01,5,NL125,Zuidwest-Friesland,Freshwater Ecosystem Degradation,0,0.43327140422831284,2.1068438291549683,wet,1
2024-06-01,6,NL125,Zuidwest-Friesland,Freshwater Ecosystem Degradation,0,0.4729489509090736,2.634555220603943,wet,1
2024-07-01,7,NL125,Zuidwest-Friesland,Freshwater Ecosystem Degradation,1,0.47022386450807213,2.177721381187439,wet,1
2024-08-01,8,NL125,Zuidwest-Friesland,Freshwater Ecosystem Degradation,0,0.43865292367394015,2.1380834579467773,wet,1
2024-09-01,9,NL125,Zuidwest-Friesland,Freshwater Ecosystem Degradation,0,0.34037406194399683,2.2827683687210083,wet,1
2024-10-01,10,NL125,Zuidwest-Friesland,Freshwater Ecosystem Degradation,0,0.20274026090054453,1.732323706150055,wet,1
2024-11-01,11,NL125,Zuidwest-Friesland,Freshwater Ecosystem Degradation,0,0.17889998784722233,1.1893419027328491,wet,1
2024-12-01,12,NL125,Zuidwest-Friesland,Freshwater Ecosystem Degradation,0,0.11765411094426234,0.9064917862415314,near_normal,1
2025-01-01,1,NL125,Zuidwest-Friesland,Freshwater Ecosystem Degradation,0,0.14530532865169835,0.7681446671485901,near_normal,1
2025-02-01,2,NL125,Zuidwest-Friesland,Freshwater Ecosystem Degradation,0,0.1933989727843225,0.15459422394633293,near_normal,1
2025-03-01,3,NL125,Zuidwest-Friesland,Freshwater Ecosystem Degradation,1,0.33437932732748227,-0.20276711881160736,near_normal,1
2025-04-01,4,NL125,Zuidwest-Friesland,Freshwater Ecosystem Degradation,0,0.3273827980049963,-0.842517763376236,near_normal,1
2025-05-01,5,NL125,Zuidwest-Friesland,Freshwater Ecosystem Degradation,0,0.4879354263596941,-1.0782914757728577,dry,1
2025-06-01,6,NL125,Zuidwest-Friesland,Freshwater Ecosystem Degradation,0,0.37190651043952394,-1.1937094926834106,dry,1
2025-07-01,7,NL125,Zuidwest-Friesland,Freshwater Ecosystem Degradation,0,0.38289189440588867,-1.2997994422912598,dry,1
2025-08-01,8,NL125,Zuidwest-Friesland,Freshwater Ecosystem Degradation,0,0.4181141408348028,-1.5020229816436768,dry,1
2025-09-01,9,NL125,Zuidwest-Friesland,Freshwater Ecosystem Degradation,0,0.2549688098540017,-1.550790548324585,dry,1
2023-12-01,12,NL126,Zuidoost-Friesland,Freshwater Ecosystem Degradation,0,0.12126429166914476,1.6415513753890991,wet,1
2024-01-01,1,NL126,Zuidoost-Friesland,Freshwater Ecosystem Degradation,0,0.1288558030317885,1.545999010403951,wet,1
2024-03-01,3,NL126,Zuidoost-Friesland,Freshwater Ecosystem Degradation,1,0.29348989949968046,1.5629839499791462,wet,1
2024-04-01,4,NL126,Zuidoost-Friesland,Freshwater Ecosystem Degradation,0,0.28740784558238497,1.7216502825419109,wet,1
2024-05-01,5,NL126,Zuidoost-Friesland,Freshwater Ecosystem Degradation,0,0.4716265322317342,2.123636484146118,wet,1
2024-06-01,6,NL126,Zuidoost-Friesland,Freshwater Ecosystem Degradation,0,0.5064093498250473,2.8139727115631104,wet,1
2024-07-01,7,NL126,Zuidoost-Friesland,Freshwater Ecosystem Degradation,0,0.4869567533161907,2.4634934266408286,wet,1
2024-08-01,8,NL126,Zuidoost-Friesland,Freshwater Ecosystem Degradation,0,0.4533475124203728,2.2954910596211753,wet,1
2024-09-01,9,NL126,Zuidoost-Friesland,Freshwater Ecosystem Degradation,0,0.35812604295583117,2.6972495714823403,wet,1
2024-10-01,10,NL126,Zuidoost-Friesland,Freshwater Ecosystem Degradation,0,0.22425856222284157,1.9253834088643391,wet,1
2024-11-01,11,NL126,Zuidoost-Friesland,Freshwater Ecosystem Degradation,0,0.20392306549033318,1.4363560279210408,wet,1
2024-12-01,12,NL126,Zuidoost-Friesland,Freshwater Ecosystem Degradation,0,0.1329570478788889,1.123047669728597,wet,1
2025-01-01,1,NL126,Zuidoost-Friesland,Freshwater Ecosystem Degradation,0,0.16054123747062202,1.0151313543319702,wet,1
2025-02-01,2,NL126,Zuidoost-Friesland,Freshwater Ecosystem Degradation,0,0.20743955842254014,0.39727561672528583,near_normal,1
2025-03-01,3,NL126,Zuidoost-Friesland,Freshwater Ecosystem Degradation,1,0.3188934024336201,0.04762745307137569,near_normal,1
2025-04-01,4,NL126,Zuidoost-Friesland,Freshwater Ecosystem Degradation,0,0.3596811055923166,-0.49264203508694965,near_normal,1
2025-05-01,5,NL126,Zuidoost-Friesland,Freshwater Ecosystem Degradation,1,0.5168972845864112,-0.9436053037643433,near_normal,1
2025-06-01,6,NL126,Zuidoost-Friesland,Freshwater Ecosystem Degradation,0,0.4343916394106474,-1.055333097775777,dry,1
2025-07-01,7,NL126,Zuidoost-Friesland,Freshwater Ecosystem Degradation,0,0.42559827410409273,-1.1487988233566284,dry,1
2025-08-01,8,NL126,Zuidoost-Friesland,Freshwater Ecosystem Degradation,0,0.5102537956290621,-1.3487204710642497,dry,1
2025-09-01,9,NL126,Zuidoost-Friesland,Freshwater Ecosystem Degradation,0,0.2792509345019407,-1.5328909953435261,dry,1
2023-12-01,12,NL131,Noord-Drenthe,Freshwater Ecosystem Degradation,0,0.17890729855839502,1.685130774974823,wet,1
2024-01-01,1,NL131,Noord-Drenthe,Freshwater Ecosystem Degradation,0,0.1913786496227634,1.625184416770935,wet,1
2024-02-01,2,NL131,Noord-Drenthe,Freshwater Ecosystem Degradation,0,0.232161081612703,1.908049762248993,wet,1
2024-03-01,3,NL131,Noord-Drenthe,Freshwater Ecosystem Degradation,0,0.3867961858269052,1.6074219346046448,wet,1
2024-04-01,4,NL131,Noord-Drenthe,Freshwater Ecosystem Degradation,1,0.3826005426172959,1.7808722257614136,wet,1
2024-05-01,5,NL131,Noord-Drenthe,Freshwater Ecosystem Degradation,0,0.5792433737563721,2.125525951385498,wet,1
2024-06-01,6,NL131,Noord-Drenthe,Freshwater Ecosystem Degradation,0,0.5727126599734251,2.8354954719543457,wet,1
2024-07-01,7,NL131,Noord-Drenthe,Freshwater Ecosystem Degradation,1,0.5751494402219496,2.568251371383667,wet,1
2024-08-01,8,NL131,Noord-Drenthe,Freshwater Ecosystem Degradation,1,0.5474932107415359,2.437190890312195,wet,1
2024-09-01,9,NL131,Noord-Drenthe,Freshwater Ecosystem Degradation,0,0.4705292664947963,2.765575647354126,wet,1
2024-10-01,10,NL131,Noord-Drenthe,Freshwater Ecosystem Degradation,0,0.3033141681564425,1.9603742957115173,wet,1
2024-11-01,11,NL131,Noord-Drenthe,Freshwater Ecosystem Degradation,0,0.27253371485762834,1.541092872619629,wet,1
2024-12-01,12,NL131,Noord-Drenthe,Freshwater Ecosystem Degradation,0,0.18998614090526253,1.1613088250160217,wet,1
2025-01-01,1,NL131,Noord-Drenthe,Freshwater Ecosystem Degradation,0,0.22983103122040102,1.0562910437583923,wet,1
2025-02-01,2,NL131,Noord-Drenthe,Freshwater Ecosystem Degradation,0,0.27545056901676473,0.4693644195795059,near_normal,1
2025-03-01,3,NL131,Noord-Drenthe,Freshwater Ecosystem Degradation,0,0.4028329193700666,0.14078162051737309,near_normal,1
2025-04-01,4,NL131,Noord-Drenthe,Freshwater Ecosystem Degradation,0,0.45923318098700094,-0.37382109463214874,near_normal,1
2025-05-01,5,NL131,Noord-Drenthe,Freshwater Ecosystem Degradation,0,0.6074486036631009,-0.8759167492389679,near_normal,1
2025-06-01,6,NL131,Noord-Drenthe,Freshwater Ecosystem Degradation,0,0.5415994333815511,-0.9764733612537384,near_normal,1
2025-07-01,7,NL131,Noord-Drenthe,Freshwater Ecosystem Degradation,0,0.5194000326727216,-1.0990380644798279,dry,1
2025-08-01,8,NL131,Noord-Drenthe,Freshwater Ecosystem Degradation,0,0.6000190186321674,-1.2489697933197021,dry,1
2025-09-01,9,NL131,Noord-Drenthe,Freshwater Ecosystem Degradation,0,0.36559268626600255,-1.4132501482963562,dry,1
2023-12-01,12,NL132,Zuidoost-Drenthe,Freshwater Ecosystem Degradation,0,0.09729073888822118,1.9405426979064941,wet,1
2024-01-01,1,NL132,Zuidoost-Drenthe,Freshwater Ecosystem Degradation,0,0.09777563404508538,1.862620234489441,wet,1
2024-02-01,2,NL132,Zuidoost-Drenthe,Freshwater Ecosystem Degradation,0,0.12853715317001727,2.074225902557373,wet,1
2024-03-01,3,NL132,Zuidoost-Drenthe,Freshwater Ecosystem Degradation,0,0.23867673415311902,1.7616868019104004,wet,1
2024-04-01,4,NL132,Zuidoost-Drenthe,Freshwater Ecosystem Degradation,0,0.22597458708438198,1.9577404260635376,wet,1
2024-05-01,5,NL132,Zuidoost-Drenthe,Freshwater Ecosystem Degradation,0,0.39605436365008806,2.271449089050293,wet,1
2024-06-01,6,NL132,Zuidoost-Drenthe,Freshwater Ecosystem Degradation,0,0.3734647966802567,2.8965072631835938,wet,1
2024-07-01,7,NL132,Zuidoost-Drenthe,Freshwater Ecosystem Degradation,0,0.3640016930673323,2.828998327255249,wet,1
2024-08-01,8,NL132,Zuidoost-Drenthe,Freshwater Ecosystem Degradation,0,0.34578529661098567,2.8166348934173584,wet,1
2024-09-01,9,NL132,Zuidoost-Drenthe,Freshwater Ecosystem Degradation,0,0.28962271455332794,3.1048576831817627,wet,1
2024-10-01,10,NL132,Zuidoost-Drenthe,Freshwater Ecosystem Degradation,0,0.1605301121208943,2.167729139328003,wet,1
2024-11-01,11,NL132,Zuidoost-Drenthe,Freshwater Ecosystem Degradation,0,0.14080186631893626,1.7443439960479736,wet,1
2024-12-01,12,NL132,Zuidoost-Drenthe,Freshwater Ecosystem Degradation,0,0.09306626435512824,1.2934812307357788,wet,1
2025-01-01,1,NL132,Zuidoost-Drenthe,Freshwater Ecosystem Degradation,0,0.11331193210856448,1.196232557296753,wet,1
2025-02-01,2,NL132,Zuidoost-Drenthe,Freshwater Ecosystem Degradation,0,0.14043415350609853,0.622021496295929,near_normal,1
2025-03-01,3,NL132,Zuidoost-Drenthe,Freshwater Ecosystem Degradation,0,0.28809615264184507,0.29568547010421753,near_normal,1
2025-04-01,4,NL132,Zuidoost-Drenthe,Freshwater Ecosystem Degradation,0,0.25964774658265116,-0.27435654401779175,near_normal,1
2025-05-01,5,NL132,Zuidoost-Drenthe,Freshwater Ecosystem Degradation,0,0.40622699734112006,-0.8413411974906921,near_normal,1
2025-06-01,6,NL132,Zuidoost-Drenthe,Freshwater Ecosystem Degradation,0,0.3463193298323801,-0.9112480282783508,near_normal,1
2025-07-01,7,NL132,Zuidoost-Drenthe,Freshwater Ecosystem Degradation,0,0.2982134263467671,-1.104096531867981,dry,1
2025-08-01,8,NL132,Zuidoost-Drenthe,Freshwater Ecosystem Degradation,0,0.39090240052222813,-1.2686371803283691,dry,1
2025-09-01,9,NL132,Zuidoost-Drenthe,Freshwater Ecosystem Degradation,0,0.1987422887154083,-1.3522844314575195,dry,1
2023-12-01,12,NL133,Zuidwest-Drenthe,Freshwater Ecosystem Degradation,0,0.13526036869684985,1.7844210863113403,wet,1
2024-01-01,1,NL133,Zuidwest-Drenthe,Freshwater Ecosystem Degradation,0,0.13189944521700744,1.72472482919693,wet,1
2024-02-01,2,NL133,Zuidwest-Drenthe,Freshwater Ecosystem Degradation,0,0.178093518000722,2.0366421341896057,wet,1
2024-03-01,3,NL133,Zuidwest-Drenthe,Freshwater Ecosystem Degradation,0,0.29768385785479334,1.7058511972427368,wet,1
2024-04-01,4,NL133,Zuidwest-Drenthe,Freshwater Ecosystem Degradation,0,0.3053231332846742,1.8357419967651367,wet,1
2024-05-01,5,NL133,Zuidwest-Drenthe,Freshwater Ecosystem Degradation,0,0.48310631970720064,2.266860604286194,wet,1
2024-06-01,6,NL133,Zuidwest-Drenthe,Freshwater Ecosystem Degradation,1,0.48159612803875834,2.907911777496338,wet,1
2024-07-01,7,NL133,Zuidwest-Drenthe,Freshwater Ecosystem Degradation,0,0.4828116918778647,2.7513095140457153,wet,1
2024-08-01,8,NL133,Zuidwest-Drenthe,Freshwater Ecosystem Degradation,0,0.4532834604610095,2.632028818130493,wet,1
2024-09-01,9,NL133,Zuidwest-Drenthe,Freshwater Ecosystem Degradation,0,0.36515229422983003,3.0397181510925293,wet,1
2024-10-01,10,NL133,Zuidwest-Drenthe,Freshwater Ecosystem Degradation,0,0.2286016384926407,2.1555556058883667,wet,1
2024-11-01,11,NL133,Zuidwest-Drenthe,Freshwater Ecosystem Degradation,0,0.20418180709592798,1.7173022627830505,wet,1
2024-12-01,12,NL133,Zuidwest-Drenthe,Freshwater Ecosystem Degradation,0,0.14166098142345654,1.3606191873550415,wet,1
2025-01-01,1,NL133,Zuidwest-Drenthe,Freshwater Ecosystem Degradation,0,0.14961887125885817,1.2867012023925781,wet,1
2025-02-01,2,NL133,Zuidwest-Drenthe,Freshwater Ecosystem Degradation,0,0.20195794840440576,0.6509714722633362,near_normal,1
2025-03-01,3,NL133,Zuidwest-Drenthe,Freshwater Ecosystem Degradation,0,0.35106928396578946,0.2719087675213814,near_normal,1
2025-04-01,4,NL133,Zuidwest-Drenthe,Freshwater Ecosystem Degradation,0,0.34353204076546556,-0.26466917246580124,near_normal,1
2025-05-01,5,NL133,Zuidwest-Drenthe,Freshwater Ecosystem Degradation,0,0.49955126337906386,-0.8783625960350037,near_normal,1
2025-06-01,6,NL133,Zuidwest-Drenthe,Freshwater Ecosystem Degradation,0,0.4462333107333778,-0.9638475477695465,near_normal,1
2025-07-01,7,NL133,Zuidwest-Drenthe,Freshwater Ecosystem Degradation,0,0.419713192856774,-1.0526711344718933,dry,1
2025-08-01,8,NL133,Zuidwest-Drenthe,Freshwater Ecosystem Degradation,0,0.5302252150502588,-1.2207630276679993,dry,1
2025-09-01,9,NL133,Zuidwest-Drenthe,Freshwater Ecosystem Degradation,0,0.28190844848834995,-1.363072395324707,dry,1
2023-12-01,12,NL211,Noord-Overijssel,Freshwater Ecosystem Degradation,0,0.21990707520288783,1.8763700723648071,wet,1
2024-01-01,1,NL211,Noord-Overijssel,Freshwater Ecosystem Degradation,0,0.21124397531365616,1.8030700087547302,wet,1
2024-02-01,2,NL211,Noord-Overijssel,Freshwater Ecosystem Degradation,0,0.28145779232458434,2.1056063175201416,wet,1
2024-03-01,3,NL211,Noord-Overijssel,Freshwater Ecosystem Degradation,0,0.3989284200263969,1.7778285145759583,wet,1
2024-04-01,4,NL211,Noord-Overijssel,Freshwater Ecosystem Degradation,0,0.4422640811656604,1.8979318737983704,wet,1
2024-05-01,5,NL211,Noord-Overijssel,Freshwater Ecosystem Degradation,0,0.61893144306517,2.330261468887329,wet,1
2024-06-01,6,NL211,Noord-Overijssel,Freshwater Ecosystem Degradation,0,0.6253194744463308,2.892736077308655,wet,1
2024-07-01,7,NL211,Noord-Overijssel,Freshwater Ecosystem Degradation,0,0.5974188484291185,2.926464080810547,wet,1
2024-08-01,8,NL211,Noord-Overijssel,Freshwater Ecosystem Degradation,0,0.5781332135627555,2.801928162574768,wet,1
2024-09-01,9,NL211,Noord-Overijssel,Freshwater Ecosystem Degradation,0,0.508000728890337,3.1640535593032837,wet,1
2024-10-01,10,NL211,Noord-Overijssel,Freshwater Ecosystem Degradation,0,0.3370395531282476,2.2690484523773193,wet,1
2024-11-01,11,NL211,Noord-Overijssel,Freshwater Ecosystem Degradation,1,0.3087614957788134,1.8291608691215515,wet,1
2024-12-01,12,NL211,Noord-Overijssel,Freshwater Ecosystem Degradation,0,0.22473382948952547,1.4506611824035645,wet,1
2025-01-01,1,NL211,Noord-Overijssel,Freshwater Ecosystem Degradation,0,0.2585603084035613,1.3931864500045776,wet,1
2025-02-01,2,NL211,Noord-Overijssel,Freshwater Ecosystem Degradation,0,0.29874329639728137,0.753440797328949,near_normal,1
2025-03-01,3,NL211,Noord-Overijssel,Freshwater Ecosystem Degradation,1,0.4678192637485366,0.3611278682947159,near_normal,1
2025-04-01,4,NL211,Noord-Overijssel,Freshwater Ecosystem Degradation,0,0.48105368302774293,-0.20052483677864075,near_normal,1
2025-05-01,5,NL211,Noord-Overijssel,Freshwater Ecosystem Degradation,0,0.6432088663179487,-0.8454030454158783,near_normal,1
2025-06-01,6,NL211,Noord-Overijssel,Freshwater Ecosystem Degradation,1,0.5930464651840717,-0.9478132128715515,near_normal,1
2025-07-01,7,NL211,Noord-Overijssel,Freshwater Ecosystem Degradation,1,0.5504710329379641,-1.0653294920921326,dry,1
2025-08-01,8,NL211,Noord-Overijssel,Freshwater Ecosystem Degradation,0,0.621270665867261,-1.2702912092208862,dry,1
2025-09-01,9,NL211,Noord-Overijssel,Freshwater Ecosystem Degradation,0,0.3999617263524379,-1.3825294971466064,dry,1
2023-12-01,12,NL212,Zuidwest-Overijssel,Freshwater Ecosystem Degradation,0,0.41096631544651685,1.9005659818649292,wet,1
2024-01-01,1,NL212,Zuidwest-Overijssel,Freshwater Ecosystem Degradation,0,0.392765580468233,1.8292285203933716,wet,1
2024-02-01,2,NL212,Zuidwest-Overijssel,Freshwater Ecosystem Degradation,0,0.4884971478528201,2.213228702545166,wet,1
2024-03-01,3,NL212,Zuidwest-Overijssel,Freshwater Ecosystem Degradation,1,0.6124215709997335,1.849002480506897,wet,1
2024-04-01,4,NL212,Zuidwest-Overijssel,Freshwater Ecosystem Degradation,0,0.6656556233065193,1.9571956396102905,wet,1
2024-05-01,5,NL212,Zuidwest-Overijssel,Freshwater Ecosystem Degradation,0,0.7973798310895873,2.3873307704925537,wet,1
2024-06-01,6,NL212,Zuidwest-Overijssel,Freshwater Ecosystem Degradation,0,0.8010588485835101,2.8320765495300293,wet,1
2024-07-01,7,NL212,Zuidwest-Overijssel,Freshwater Ecosystem Degradation,0,0.7860298278928632,3.2399985790252686,wet,1
2024-08-01,8,NL212,Zuidwest-Overijssel,Freshwater Ecosystem Degradation,0,0.7668652824832319,2.890531063079834,wet,1
2024-09-01,9,NL212,Zuidwest-Overijssel,Freshwater Ecosystem Degradation,0,0.705732412847761,3.281804084777832,wet,1
2024-10-01,10,NL212,Zuidwest-Overijssel,Freshwater Ecosystem Degradation,0,0.5543174550697926,2.341593027114868,wet,1
2024-11-01,11,NL212,Zuidwest-Overijssel,Freshwater Ecosystem Degradation,0,0.5117141527834181,1.9496963024139404,wet,1
2024-12-01,12,NL212,Zuidwest-Overijssel,Freshwater Ecosystem Degradation,0,0.39680980098703705,1.6000728607177734,wet,1
2025-01-01,1,NL212,Zuidwest-Overijssel,Freshwater Ecosystem Degradation,0,0.4346784099203516,1.6217764616012573,wet,1
2025-02-01,2,NL212,Zuidwest-Overijssel,Freshwater Ecosystem Degradation,0,0.49181089083928053,0.9912475943565369,near_normal,1
2025-03-01,3,NL212,Zuidwest-Overijssel,Freshwater Ecosystem Degradation,0,0.680061361968373,0.5870882868766785,near_normal,1
2025-04-01,4,NL212,Zuidwest-Overijssel,Freshwater Ecosystem Degradation,0,0.6844913416674747,-0.03741263225674629,near_normal,1
2025-05-01,5,NL212,Zuidwest-Overijssel,Freshwater Ecosystem Degradation,0,0.8176377184912904,-0.7523486614227295,near_normal,1
2025-06-01,6,NL212,Zuidwest-Overijssel,Freshwater Ecosystem Degradation,0,0.7652877902756594,-0.9098113179206848,near_normal,1
2025-07-01,7,NL212,Zuidwest-Overijssel,Freshwater Ecosystem Degradation,0,0.7338647116658591,-1.0562019348144531,dry,1
2025-08-01,8,NL212,Zuidwest-Overijssel,Freshwater Ecosystem Degradation,0,0.7825386883270168,-1.332362413406372,dry,1
2025-09-01,9,NL212,Zuidwest-Overijssel,Freshwater Ecosystem Degradation,0,0.627297495902312,-1.4136707782745361,dry,1
2023-12-01,12,NL213,Twente,Freshwater Ecosystem Degradation,1,0.4498257075284215,1.877382477124532,wet,1
2024-01-01,1,NL213,Twente,Freshwater Ecosystem Degradation,0,0.44436038223852253,1.7741056680679321,wet,1
2024-02-01,2,NL213,Twente,Freshwater Ecosystem Degradation,0,0.5343368197828631,2.1074114640553794,wet,1
2024-03-01,3,NL213,Twente,Freshwater Ecosystem Degradation,0,0.6865664898307432,1.7495448191960652,wet,1
2024-04-01,4,NL213,Twente,Freshwater Ecosystem Degradation,0,0.7092513143488199,1.8394211530685425,wet,1
2024-05-01,5,NL213,Twente,Freshwater Ecosystem Degradation,0,0.831058488643203,2.2049256960550943,wet,1
2024-06-01,6,NL213,Twente,Freshwater Ecosystem Degradation,0,0.8294824513707636,2.5858238538106284,wet,1
2024-07-01,7,NL213,Twente,Freshwater Ecosystem Degradation,0,0.7996033283925511,2.9343260129292807,wet,1
2024-08-01,8,NL213,Twente,Freshwater Ecosystem Degradation,0,0.7769700569047275,2.6960832277933755,wet,1
2024-09-01,9,NL213,Twente,Freshwater Ecosystem Degradation,0,0.7324434364669985,3.2426631450653076,wet,1
2024-10-01,10,NL213,Twente,Freshwater Ecosystem Degradation,0,0.5839140266495175,2.2757716178894043,wet,1
2024-11-01,11,NL213,Twente,Freshwater Ecosystem Degradation,1,0.5477200195084269,1.856828014055888,wet,1
2024-12-01,12,NL213,Twente,Freshwater Ecosystem Degradation,0,0.4394502225935679,1.449364145596822,wet,1
2025-01-01,1,NL213,Twente,Freshwater Ecosystem Degradation,0,0.483426387508515,1.4633930921554565,wet,1
2025-02-01,2,NL213,Twente,Freshwater Ecosystem Degradation,0,0.5519130972508305,0.8273681799570719,near_normal,1
2025-03-01,3,NL213,Twente,Freshwater Ecosystem Degradation,0,0.7819323521439915,0.45466773708661395,near_normal,1
2025-04-01,4,NL213,Twente,Freshwater Ecosystem Degradation,0,0.7161313831772532,-0.08532259364922841,near_normal,1
2025-05-01,5,NL213,Twente,Freshwater Ecosystem Degradation,0,0.8420663402754356,-0.7380898396174113,near_normal,1
2025-06-01,6,NL213,Twente,Freshwater Ecosystem Degradation,1,0.8097900071259394,-0.8258537650108337,near_normal,1
2025-07-01,7,NL213,Twente,Freshwater Ecosystem Degradation,0,0.7778655560727702,-0.9453806678454081,near_normal,1
2025-08-01,8,NL213,Twente,Freshwater Ecosystem Degradation,0,0.8468925780836912,-1.2185680468877156,dry,1
2025-09-01,9,NL213,Twente,Freshwater Ecosystem Degradation,0,0.6512326757756052,-1.2572739521662395,dry,1
2023-12-01,12,NL221,Veluwe,Freshwater Ecosystem Degradation,0,0.5181854366709528,1.9351237614949544,wet,1
2024-01-01,1,NL221,Veluwe,Freshwater Ecosystem Degradation,0,0.5030517923817394,1.8073323965072632,wet,1
2024-02-01,2,NL221,Veluwe,Freshwater Ecosystem Degradation,0,0.5622035830109282,2.2413116296132407,wet,1
2024-03-01,3,NL221,Veluwe,Freshwater Ecosystem Degradation,0,0.686346213781865,1.8151774009068806,wet,1
2024-04-01,4,NL221,Veluwe,Freshwater Ecosystem Degradation,0,0.7519489412585204,2.02529247601827,wet,1
2024-05-01,5,NL221,Veluwe,Freshwater Ecosystem Degradation,0,0.853187089757064,2.5431505044301352,wet,1
2024-06-01,6,NL221,Veluwe,Freshwater Ecosystem Degradation,0,0.8671077417645304,2.9275620778401694,wet,1
2024-07-01,7,NL221,Veluwe,Freshwater Ecosystem Degradation,0,0.8595333895746196,3.333141009012858,wet,1
2024-08-01,8,NL221,Veluwe,Freshwater Ecosystem Degradation,0,0.8458161687205639,2.8060739040374756,wet,1
2024-09-01,9,NL221,Veluwe,Freshwater Ecosystem Degradation,0,0.7936626732076953,3.3057305812835693,wet,1
2024-10-01,10,NL221,Veluwe,Freshwater Ecosystem Degradation,0,0.6564722036899534,2.3737645149230957,wet,1
2024-11-01,11,NL221,Veluwe,Freshwater Ecosystem Degradation,0,0.611364725314208,1.9296060800552368,wet,1
2024-12-01,12,NL221,Veluwe,Freshwater Ecosystem Degradation,0,0.49792676527085666,1.6137422720591228,wet,1
2025-01-01,1,NL221,Veluwe,Freshwater Ecosystem Degradation,0,0.5256548127384444,1.6722465356190999,wet,1
2025-02-01,2,NL221,Veluwe,Freshwater Ecosystem Degradation,0,0.5804996137842795,1.0694556037584941,wet,1
2025-03-01,3,NL221,Veluwe,Freshwater Ecosystem Degradation,0,0.7879616951372135,0.6522466341654459,near_normal,1
2025-04-01,4,NL221,Veluwe,Freshwater Ecosystem Degradation,1,0.7662043924237256,-0.03821267498036226,near_normal,1
2025-05-01,5,NL221,Veluwe,Freshwater Ecosystem Degradation,0,0.8641641991565033,-0.8415002226829529,near_normal,1
2025-06-01,6,NL221,Veluwe,Freshwater Ecosystem Degradation,0,0.8354410883890544,-0.9649274547894796,near_normal,1
2025-07-01,7,NL221,Veluwe,Freshwater Ecosystem Degradation,0,0.8066827931486223,-1.1212384700775146,dry,1
2025-08-01,8,NL221,Veluwe,Freshwater Ecosystem Degradation,0,0.843079646507038,-1.4766345818837483,dry,1
2025-09-01,9,NL221,Veluwe,Freshwater Ecosystem Degradation,0,0.6883639938502298,-1.5261424779891968,dry,1
2023-12-01,12,NL224,Zuidwest-Gelderland,Freshwater Ecosystem Degradation,0,0.1808488773606056,1.9365487098693848,wet,1
2024-01-01,1,NL224,Zuidwest-Gelderland,Freshwater Ecosystem Degradation,0,0.17730301370844387,1.685375452041626,wet,1
2024-02-01,2,NL224,Zuidwest-Gelderland,Freshwater Ecosystem Degradation,0,0.2049286351766802,2.1737860441207886,wet,1
2024-03-01,3,NL224,Zuidwest-Gelderland,Freshwater Ecosystem Degradation,0,0.31903917511959,1.7497069239616394,wet,1
2024-04-01,4,NL224,Zuidwest-Gelderland,Freshwater Ecosystem Degradation,0,0.3873682579416945,2.014431595802307,wet,1
2024-05-01,5,NL224,Zuidwest-Gelderland,Freshwater Ecosystem Degradation,0,0.5352563121758669,2.511814832687378,wet,1
2024-06-01,6,NL224,Zuidwest-Gelderland,Freshwater Ecosystem Degradation,0,0.5951030341017443,2.8723764419555664,wet,1
2024-07-01,7,NL224,Zuidwest-Gelderland,Freshwater Ecosystem Degradation,0,0.586056874918293,3.360319137573242,wet,1
2024-08-01,8,NL224,Zuidwest-Gelderland,Freshwater Ecosystem Degradation,0,0.550892477780891,2.7078782320022583,wet,1
2024-09-01,9,NL224,Zuidwest-Gelderland,Freshwater Ecosystem Degradation,0,0.4360154759614007,3.562034487724304,wet,1
2024-10-01,10,NL224,Zuidwest-Gelderland,Freshwater Ecosystem Degradation,0,0.3067537469487941,2.6191734075546265,wet,1
2024-11-01,11,NL224,Zuidwest-Gelderland,Freshwater Ecosystem Degradation,1,0.2501590758473326,2.088479518890381,wet,1
2024-12-01,12,NL224,Zuidwest-Gelderland,Freshwater Ecosystem Degradation,0,0.16758438035140394,1.848576307296753,wet,1
2025-01-01,1,NL224,Zuidwest-Gelderland,Freshwater Ecosystem Degradation,0,0.18804230748884615,1.9212733507156372,wet,1
2025-02-01,2,NL224,Zuidwest-Gelderland,Freshwater Ecosystem Degradation,0,0.2127165349275301,1.400187075138092,wet,1
2025-03-01,3,NL224,Zuidwest-Gelderland,Freshwater Ecosystem Degradation,0,0.488907006416573,0.972754567861557,near_normal,1
2025-04-01,4,NL224,Zuidwest-Gelderland,Freshwater Ecosystem Degradation,0,0.4042469656310417,0.29149629175662994,near_normal,1
2025-05-01,5,NL224,Zuidwest-Gelderland,Freshwater Ecosystem Degradation,0,0.5875058555053045,-0.6283363997936249,near_normal,1
2025-06-01,6,NL224,Zuidwest-Gelderland,Freshwater Ecosystem Degradation,0,0.5260276924026343,-0.8211278021335602,near_normal,1
2025-07-01,7,NL224,Zuidwest-Gelderland,Freshwater Ecosystem Degradation,0,0.4673402243663577,-1.0137033462524414,dry,1
2025-08-01,8,NL224,Zuidwest-Gelderland,Freshwater Ecosystem Degradation,0,0.48622544548829616,-1.4959520101547241,dry,1
2025-09-01,9,NL224,Zuidwest-Gelderland,Freshwater Ecosystem Degradation,0,0.295759631905863,-1.5776581168174744,dry,1
2023-12-01,12,NL225,Achterhoek,Freshwater Ecosystem Degradation,1,0.38071051690249647,1.9582886695861816,wet,1
2024-01-01,1,NL225,Achterhoek,Freshwater Ecosystem Degradation,0,0.3807867684212895,1.805512011051178,wet,1
2024-02-01,2,NL225,Achterhoek,Freshwater Ecosystem Degradation,0,0.4388210219448934,2.2859821915626526,wet,1
2024-03-01,3,NL225,Achterhoek,Freshwater Ecosystem Degradation,0,0.5655732674779974,1.7744671404361725,wet,1
2024-04-01,4,NL225,Achterhoek,Freshwater Ecosystem Degradation,0,0.6566156731858226,1.8754302561283112,wet,1
2024-05-01,5,NL225,Achterhoek,Freshwater Ecosystem Degradation,0,0.7868566120002376,2.249455988407135,wet,1
2024-06-01,6,NL225,Achterhoek,Freshwater Ecosystem Degradation,0,0.800000884327466,2.5028456449508667,wet,1
2024-07-01,7,NL225,Achterhoek,Freshwater Ecosystem Degradation,0,0.7628423544971699,2.9508511424064636,wet,1
2024-08-01,8,NL225,Achterhoek,Freshwater Ecosystem Degradation,0,0.7240077916368575,2.5167282819747925,wet,1
2024-09-01,9,NL225,Achterhoek,Freshwater Ecosystem Degradation,0,0.668441727214211,3.3198123574256897,wet,1
2024-10-01,10,NL225,Achterhoek,Freshwater Ecosystem Degradation,0,0.5180778629908598,2.387208878993988,wet,1
2024-11-01,11,NL225,Achterhoek,Freshwater Ecosystem Degradation,0,0.47208997238214323,1.9416667819023132,wet,1
2024-12-01,12,NL225,Achterhoek,Freshwater Ecosystem Degradation,0,0.3772831105459207,1.5921784937381744,wet,1
2025-01-01,1,NL225,Achterhoek,Freshwater Ecosystem Degradation,0,0.4083081581218902,1.7311365902423859,wet,1
2025-02-01,2,NL225,Achterhoek,Freshwater Ecosystem Degradation,0,0.46643955802146825,1.0746888369321823,wet,1
2025-03-01,3,NL225,Achterhoek,Freshwater Ecosystem Degradation,0,0.7176774356880035,0.6834009438753128,near_normal,1
2025-04-01,4,NL225,Achterhoek,Freshwater Ecosystem Degradation,1,0.6654928721468889,0.09695965144783258,near_normal,1
2025-05-01,5,NL225,Achterhoek,Freshwater Ecosystem Degradation,1,0.811879415799467,-0.612250030040741,near_normal,1
2025-06-01,6,NL225,Achterhoek,Freshwater Ecosystem Degradation,0,0.7560624600999803,-0.7061386853456497,near_normal,1
2025-07-01,7,NL225,Achterhoek,Freshwater Ecosystem Degradation,0,0.7234598362412962,-0.8033000975847244,near_normal,1
2025-08-01,8,NL225,Achterhoek,Freshwater Ecosystem Degradation,0,0.8056681852386862,-1.172307550907135,dry,1
2025-09-01,9,NL225,Achterhoek,Freshwater Ecosystem Degradation,0,0.5969068468363753,-1.218297392129898,dry,1
2023-12-01,12,NL226,Arnhem/Nijmegen,Freshwater Ecosystem Degradation,0,0.28624499926886454,2.0403103033701577,wet,1
2024-01-01,1,NL226,Arnhem/Nijmegen,Freshwater Ecosystem Degradation,0,0.29046257266104347,1.8382607301076253,wet,1
2024-02-01,2,NL226,Arnhem/Nijmegen,Freshwater Ecosystem Degradation,0,0.32504651694274417,2.3888396422068277,wet,1
2024-03-01,3,NL226,Arnhem/Nijmegen,Freshwater Ecosystem Degradation,0,0.4488593519827807,1.8225633303324382,wet,1
2024-04-01,4,NL226,Arnhem/Nijmegen,Freshwater Ecosystem Degradation,0,0.5567942384483415,2.003558794657389,wet,1
2024-05-01,5,NL226,Arnhem/Nijmegen,Freshwater Ecosystem Degradation,0,0.7033840050028938,2.5283732414245605,wet,1
2024-06-01,6,NL226,Arnhem/Nijmegen,Freshwater Ecosystem Degradation,0,0.7356863567283479,2.8170496622721353,wet,1
2024-07-01,7,NL226,Arnhem/Nijmegen,Freshwater Ecosystem Degradation,0,0.6994600769626377,3.480062961578369,wet,1
2024-08-01,8,NL226,Arnhem/Nijmegen,Freshwater Ecosystem Degradation,0,0.6579562451369587,2.6924848556518555,wet,1
2024-09-01,9,NL226,Arnhem/Nijmegen,Freshwater Ecosystem Degradation,0,0.5735321527527136,3.6542739868164062,wet,1
2024-10-01,10,NL226,Arnhem/Nijmegen,Freshwater Ecosystem Degradation,0,0.4350361409855657,2.6188717683156333,wet,1
2024-11-01,11,NL226,Arnhem/Nijmegen,Freshwater Ecosystem Degradation,0,0.37387444162039507,2.119877894719442,wet,1
2024-12-01,12,NL226,Arnhem/Nijmegen,Freshwater Ecosystem Degradation,0,0.27489062933384717,1.8100270827611287,wet,1
2025-01-01,1,NL226,Arnhem/Nijmegen,Freshwater Ecosystem Degradation,0,0.30068180614479945,1.9685104290644329,wet,1
2025-02-01,2,NL226,Arnhem/Nijmegen,Freshwater Ecosystem Degradation,0,0.33673392383867734,1.3947044213612874,wet,1
2025-03-01,3,NL226,Arnhem/Nijmegen,Freshwater Ecosystem Degradation,0,0.5927918524950424,0.9596504171689352,near_normal,1
2025-04-01,4,NL226,Arnhem/Nijmegen,Freshwater Ecosystem Degradation,1,0.5621884791988663,0.3398151993751526,near_normal,1
2025-05-01,5,NL226,Arnhem/Nijmegen,Freshwater Ecosystem Degradation,0,0.7155730888531088,-0.5684083700180054,near_normal,1
2025-06-01,6,NL226,Arnhem/Nijmegen,Freshwater Ecosystem Degradation,0,0.6715692326707098,-0.671301543712616,near_normal,1
2025-07-01,7,NL226,Arnhem/Nijmegen,Freshwater Ecosystem Degradation,1,0.6348633055538652,-0.846276581287384,near_normal,1
2025-08-01,8,NL226,Arnhem/Nijmegen,Freshwater Ecosystem Degradation,0,0.6552875765669615,-1.2885345220565796,dry,1
2025-09-01,9,NL226,Arnhem/Nijmegen,Freshwater Ecosystem Degradation,0,0.4781915414754388,-1.3259549935658772,dry,1
2023-12-01,12,NL230,Flevoland,Freshwater Ecosystem Degradation,1,0.1845023487381931,1.8151381413141887,wet,1
2024-01-01,1,NL230,Flevoland,Freshwater Ecosystem Degradation,0,0.18647602626682763,1.6810797452926636,wet,1
2024-02-01,2,NL230,Flevoland,Freshwater Ecosystem Degradation,0,0.23416033079527512,2.042652944723765,wet,1
2024-03-01,3,NL230,Flevoland,Freshwater Ecosystem Degradation,0,0.32704861291580145,1.7197583715120952,wet,1
2024-04-01,4,NL230,Flevoland,Freshwater Ecosystem Degradation,0,0.39302478615962894,1.9411502679189045,wet,1
2024-05-01,5,NL230,Flevoland,Freshwater Ecosystem Degradation,0,0.5547372291457038,2.439574877421061,wet,1
2024-06-01,6,NL230,Flevoland,Freshwater Ecosystem Degradation,0,0.5820264641469551,2.9559825658798218,wet,1
2024-07-01,7,NL230,Flevoland,Freshwater Ecosystem Degradation,0,0.6001384828642756,2.801535407702128,wet,1
2024-08-01,8,NL230,Flevoland,Freshwater Ecosystem Degradation,0,0.5562233222249823,2.583793560663859,wet,1
2024-09-01,9,NL230,Flevoland,Freshwater Ecosystem Degradation,0,0.4699064238279508,2.821715792020162,wet,1
2024-10-01,10,NL230,Flevoland,Freshwater Ecosystem Degradation,0,0.3092509898841171,2.08377875884374,wet,1
2024-11-01,11,NL230,Flevoland,Freshwater Ecosystem Degradation,0,0.2652913134986791,1.6295397281646729,wet,1
2024-12-01,12,NL230,Flevoland,Freshwater Ecosystem Degradation,0,0.18285706532115167,1.3571658531824748,wet,1
2025-01-01,1,NL230,Flevoland,Freshwater Ecosystem Degradation,0,0.2158444261721564,1.31018461783727,wet,1
2025-02-01,2,NL230,Flevoland,Freshwater Ecosystem Degradation,0,0.2623574654362111,0.681924487153689,near_normal,1
2025-03-01,3,NL230,Flevoland,Freshwater Ecosystem Degradation,0,0.486511405526959,0.25594955605144304,near_normal,1
2025-04-01,4,NL230,Flevoland,Freshwater Ecosystem Degradation,1,0.4405190431502319,-0.42615289986133575,near_normal,1
2025-05-01,5,NL230,Flevoland,Freshwater Ecosystem Degradation,0,0.5791390296394824,-1.02263805270195,dry,1
2025-06-01,6,NL230,Flevoland,Freshwater Ecosystem Degradation,0,0.529998266640952,-1.1407394806543987,dry,1
2025-07-01,7,NL230,Flevoland,Freshwater Ecosystem Degradation,0,0.49450058785543666,-1.2951755126317341,dry,1
2025-08-01,8,NL230,Flevoland,Freshwater Ecosystem Degradation,0,0.5293386183552788,-1.5772170821825664,dry,1
2025-09-01,9,NL230,Flevoland,Freshwater Ecosystem Degradation,0,0.3434779291681566,-1.6643696029980977,dry,1
2023-12-01,12,NL310,Utrecht,Freshwater Ecosystem Degradation,0,0.39376997109824,1.8131556908289592,wet,1
2024-01-01,1,NL310,Utrecht,Freshwater Ecosystem Degradation,1,0.3899593472300063,1.6331657965977986,wet,1
2024-02-01,2,NL310,Utrecht,Freshwater Ecosystem Degradation,0,0.438963580678699,2.060304045677185,wet,1
2024-03-01,3,NL310,Utrecht,Freshwater Ecosystem Degradation,0,0.5656460940778956,1.6860721111297607,wet,1
2024-04-01,4,NL310,Utrecht,Freshwater Ecosystem Degradation,0,0.6487705058211436,1.934793512026469,wet,1
2024-05-01,5,NL310,Utrecht,Freshwater Ecosystem Degradation,0,0.772782116801126,2.4599483807881675,wet,1
2024-06-01,6,NL310,Utrecht,Freshwater Ecosystem Degradation,0,0.8095526987844089,2.8643977642059326,wet,1
2024-07-01,7,NL310,Utrecht,Freshwater Ecosystem Degradation,0,0.8164201254917655,2.9952971935272217,wet,1
2024-08-01,8,NL310,Utrecht,Freshwater Ecosystem Degradation,1,0.797847724905851,2.573964277903239,wet,1
2024-09-01,9,NL310,Utrecht,Freshwater Ecosystem Degradation,0,0.7041985656453685,2.949850559234619,wet,1
2024-10-01,10,NL310,Utrecht,Freshwater Ecosystem Degradation,0,0.5646043619204163,2.2675256729125977,wet,1
2024-11-01,11,NL310,Utrecht,Freshwater Ecosystem Degradation,0,0.49842105105334333,1.8243724505106609,wet,1
2024-12-01,12,NL310,Utrecht,Freshwater Ecosystem Degradation,1,0.3726059171533644,1.599138617515564,wet,1
2025-01-01,1,NL310,Utrecht,Freshwater Ecosystem Degradation,0,0.4220466109407029,1.6418602069218953,wet,1
2025-02-01,2,NL310,Utrecht,Freshwater Ecosystem Degradation,0,0.4634802498058879,1.0959928433100383,wet,1
2025-03-01,3,NL310,Utrecht,Freshwater Ecosystem Degradation,1,0.7463655288407908,0.6640455524126688,near_normal,1
2025-04-01,4,NL310,Utrecht,Freshwater Ecosystem Degradation,1,0.6844643008257462,-0.07301297783851624,near_normal,1
2025-05-01,5,NL310,Utrecht,Freshwater Ecosystem Degradation,0,0.8026510965828227,-0.8883529901504517,near_normal,1
2025-06-01,6,NL310,Utrecht,Freshwater Ecosystem Degradation,1,0.7578803083742225,-1.0327074925104778,dry,1
2025-07-01,7,NL310,Utrecht,Freshwater Ecosystem Degradation,0,0.7284986086458672,-1.170036753018697,dry,1
2025-08-01,8,NL310,Utrecht,Freshwater Ecosystem Degradation,0,0.7334091710165871,-1.5849626461664836,dry,1
2025-09-01,9,NL310,Utrecht,Freshwater Ecosystem Degradation,0,0.5562628764259151,-1.695322314898173,dry,1
2023-12-01,12,NL321,Kop van Noord-Holland,Freshwater Ecosystem Degradation,0,0.18699618702716275,1.812544584274292,wet,1
2024-01-01,1,NL321,Kop van Noord-Holland,Freshwater Ecosystem Degradation,0,0.2147879597574631,1.6329838037490845,wet,1
2024-02-01,2,NL321,Kop van Noord-Holland,Freshwater Ecosystem Degradation,0,0.24265942946892477,1.9536860883235931,wet,1
2024-03-01,3,NL321,Kop van Noord-Holland,Freshwater Ecosystem Degradation,0,0.3695089111829028,1.7587225437164307,wet,1
2024-04-01,4,NL321,Kop van Noord-Holland,Freshwater Ecosystem Degradation,0,0.41109619818365545,2.091783583164215,wet,1
2024-05-01,5,NL321,Kop van Noord-Holland,Freshwater Ecosystem Degradation,1,0.580380780749052,2.2810864448547363,wet,1
2024-06-01,6,NL321,Kop van Noord-Holland,Freshwater Ecosystem Degradation,0,0.6314977833572137,2.7499186396598816,wet,1
2024-07-01,7,NL321,Kop van Noord-Holland,Freshwater Ecosystem Degradation,0,0.6286928643868704,2.32273006439209,wet,1
2024-08-01,8,NL321,Kop van Noord-Holland,Freshwater Ecosystem Degradation,0,0.6041250842250363,2.314435124397278,wet,1
2024-09-01,9,NL321,Kop van Noord-Holland,Freshwater Ecosystem Degradation,0,0.4658896720192305,2.3948420882225037,wet,1
2024-10-01,10,NL321,Kop van Noord-Holland,Freshwater Ecosystem Degradation,0,0.31178243022034097,1.7925672829151154,wet,1
2024-11-01,11,NL321,Kop van Noord-Holland,Freshwater Ecosystem Degradation,0,0.27648576498062044,1.154409036040306,wet,1
2024-12-01,12,NL321,Kop van Noord-Holland,Freshwater Ecosystem Degradation,0,0.19303102560895866,0.8799158334732056,near_normal,1
2025-01-01,1,NL321,Kop van Noord-Holland,Freshwater Ecosystem Degradation,0,0.24468509634520444,0.7503800988197327,near_normal,1
2025-02-01,2,NL321,Kop van Noord-Holland,Freshwater Ecosystem Degradation,0,0.2888827198937423,0.1837369699496776,near_normal,1
2025-03-01,3,NL321,Kop van Noord-Holland,Freshwater Ecosystem Degradation,0,0.4717334821656273,-0.19919294212013483,near_normal,1
2025-04-01,4,NL321,Kop van Noord-Holland,Freshwater Ecosystem Degradation,0,0.48798056737264933,-0.8529584109783173,near_normal,1
2025-05-01,5,NL321,Kop van Noord-Holland,Freshwater Ecosystem Degradation,0,0.6370210648961997,-1.0707411617040634,dry,1
2025-06-01,6,NL321,Kop van Noord-Holland,Freshwater Ecosystem Degradation,0,0.5219149321291404,-1.2265169620513916,dry,1
2025-07-01,7,NL321,Kop van Noord-Holland,Freshwater Ecosystem Degradation,1,0.5180991297081705,-1.3985914885997772,dry,1
2025-08-01,8,NL321,Kop van Noord-Holland,Freshwater Ecosystem Degradation,0,0.5242455842317818,-1.6699672937393188,dry,1
2025-09-01,9,NL321,Kop van Noord-Holland,Freshwater Ecosystem Degradation,0,0.35830984295070556,-1.6399725377559662,dry,1
2023-12-01,12,NL323,IJmond,Freshwater Ecosystem Degradation,0,0.14415765273395173,1.9724016189575195,wet,1
2024-01-01,1,NL323,IJmond,Freshwater Ecosystem Degradation,0,0.18081782753497824,1.7469192743301392,wet,1
2024-02-01,2,NL323,IJmond,Freshwater Ecosystem Degradation,0,0.19593397657745387,1.9654667377471924,wet,1
2024-03-01,3,NL323,IJmond,Freshwater Ecosystem Degradation,0,0.28795323026964503,1.801576018333435,wet,1
2024-04-01,4,NL323,IJmond,Freshwater Ecosystem Degradation,0,0.3717134765380326,2.1092770099639893,wet,1
2024-05-01,5,NL323,IJmond,Freshwater Ecosystem Degradation,0,0.5082499073998882,2.3961286544799805,wet,1
2024-06-01,6,NL323,IJmond,Freshwater Ecosystem Degradation,0,0.5678268239173021,2.795001268386841,wet,1
2024-07-01,7,NL323,IJmond,Freshwater Ecosystem Degradation,0,0.5853568630162171,2.374518632888794,wet,1
2024-08-01,8,NL323,IJmond,Freshwater Ecosystem Degradation,0,0.5019864188626464,2.4498143196105957,wet,1
2024-09-01,9,NL323,IJmond,Freshwater Ecosystem Degradation,0,0.40716316551795007,2.5644779205322266,wet,1
2024-10-01,10,NL323,IJmond,Freshwater Ecosystem Degradation,0,0.2784248024505928,2.1055748462677,wet,1
2024-11-01,11,NL323,IJmond,Freshwater Ecosystem Degradation,0,0.21988459622861056,1.2876315116882324,wet,1
2024-12-01,12,NL323,IJmond,Freshwater Ecosystem Degradation,0,0.1524884282540223,1.054290771484375,wet,1
2025-01-01,1,NL323,IJmond,Freshwater Ecosystem Degradation,0,0.19639271196742736,0.9302926659584045,near_normal,1
2025-02-01,2,NL323,IJmond,Freshwater Ecosystem Degradation,1,0.23252405682089392,0.3864094913005829,near_normal,1
2025-03-01,3,NL323,IJmond,Freshwater Ecosystem Degradation,0,0.5329846878896951,-0.0300010796636343,near_normal,1
2025-04-01,4,NL323,IJmond,Freshwater Ecosystem Degradation,0,0.4185215618640399,-0.679432213306427,near_normal,1
2025-05-01,5,NL323,IJmond,Freshwater Ecosystem Degradation,0,0.5811068937609056,-1.0121432542800903,dry,1
2025-06-01,6,NL323,IJmond,Freshwater Ecosystem Degradation,0,0.4949375745822466,-1.1519043445587158,dry,1
2025-07-01,7,NL323,IJmond,Freshwater Ecosystem Degradation,1,0.4522105685790435,-1.336739182472229,dry,1
2025-08-01,8,NL323,IJmond,Freshwater Ecosystem Degradation,0,0.472577504282826,-1.6172122955322266,dry,1
2025-09-01,9,NL323,IJmond,Freshwater Ecosystem Degradation,0,0.29846468311565794,-1.5776567459106445,dry,1
2023-12-01,12,NL324,Agglomeratie Haarlem,Freshwater Ecosystem Degradation,0,0.20686884707693937,1.8669588565826416,wet,1
2024-01-01,1,NL324,Agglomeratie Haarlem,Freshwater Ecosystem Degradation,0,0.2397982713419052,1.647356390953064,wet,1
2024-02-01,2,NL324,Agglomeratie Haarlem,Freshwater Ecosystem Degradation,0,0.2673745274192196,1.945382833480835,wet,1
2024-03-01,3,NL324,Agglomeratie Haarlem,Freshwater Ecosystem Degradation,0,0.4030496219710709,1.7071410417556763,wet,1
2024-04-01,4,NL324,Agglomeratie Haarlem,Freshwater Ecosystem Degradation,0,0.46606187612790495,1.988879919052124,wet,1
2024-05-01,5,NL324,Agglomeratie Haarlem,Freshwater Ecosystem Degradation,0,0.6098846133245702,2.4034242630004883,wet,1
2024-06-01,6,NL324,Agglomeratie Haarlem,Freshwater Ecosystem Degradation,0,0.6581715176665476,2.8238632678985596,wet,1
2024-07-01,7,NL324,Agglomeratie Haarlem,Freshwater Ecosystem Degradation,0,0.6937717117302216,2.4710593223571777,wet,1
2024-08-01,8,NL324,Agglomeratie Haarlem,Freshwater Ecosystem Degradation,0,0.6167341663111077,2.520214796066284,wet,1
2024-09-01,9,NL324,Agglomeratie Haarlem,Freshwater Ecosystem Degradation,0,0.523689893878115,2.598809242248535,wet,1
2024-10-01,10,NL324,Agglomeratie Haarlem,Freshwater Ecosystem Degradation,0,0.37186166530952575,2.1641006469726562,wet,1
2024-11-01,11,NL324,Agglomeratie Haarlem,Freshwater Ecosystem Degradation,0,0.3057995956923719,1.519848108291626,wet,1
2024-12-01,12,NL324,Agglomeratie Haarlem,Freshwater Ecosystem Degradation,0,0.21475709009730368,1.3313369750976562,wet,1
2025-01-01,1,NL324,Agglomeratie Haarlem,Freshwater Ecosystem Degradation,0,0.26968563801616086,1.2478913068771362,wet,1
2025-02-01,2,NL324,Agglomeratie Haarlem,Freshwater Ecosystem Degradation,0,0.3183871729262417,0.668552577495575,near_normal,1
2025-03-01,3,NL324,Agglomeratie Haarlem,Freshwater Ecosystem Degradation,1,0.6435062247423844,0.24341583251953125,near_normal,1
2025-04-01,4,NL324,Agglomeratie Haarlem,Freshwater Ecosystem Degradation,0,0.514371429441158,-0.45443814992904663,near_normal,1
2025-05-01,5,NL324,Agglomeratie Haarlem,Freshwater Ecosystem Degradation,0,0.6719185692796585,-0.9552810192108154,near_normal,1
2025-06-01,6,NL324,Agglomeratie Haarlem,Freshwater Ecosystem Degradation,0,0.6043984805354431,-1.0814781188964844,dry,1
2025-07-01,7,NL324,Agglomeratie Haarlem,Freshwater Ecosystem Degradation,1,0.5552774075002505,-1.2436511516571045,dry,1
2025-08-01,8,NL324,Agglomeratie Haarlem,Freshwater Ecosystem Degradation,0,0.5529995390766732,-1.534304141998291,dry,1
2025-09-01,9,NL324,Agglomeratie Haarlem,Freshwater Ecosystem Degradation,0,0.36551803241244274,-1.641973853111267,dry,1
2023-12-01,12,NL325,Zaanstreek,Freshwater Ecosystem Degradation,0,0.14168839192488455,1.7692939043045044,wet,1
2024-01-01,1,NL325,Zaanstreek,Freshwater Ecosystem Degradation,0,0.15824765353271958,1.6169030666351318,wet,1
2024-02-01,2,NL325,Zaanstreek,Freshwater Ecosystem Degradation,0,0.1777397177060901,1.957419753074646,wet,1
2024-03-01,3,NL325,Zaanstreek,Freshwater Ecosystem Degradation,0,0.25676350346211757,1.6453285217285156,wet,1
2024-04-01,4,NL325,Zaanstreek,Freshwater Ecosystem Degradation,0,0.33788921499416413,1.9042351245880127,wet,1
2024-05-01,5,NL325,Zaanstreek,Freshwater Ecosystem Degradation,0,0.46527732041340186,2.3876869678497314,wet,1
2024-06-01,6,NL325,Zaanstreek,Freshwater Ecosystem Degradation,0,0.53491240865899,2.875868558883667,wet,1
2024-07-01,7,NL325,Zaanstreek,Freshwater Ecosystem Degradation,0,0.5615778322252333,2.6098756790161133,wet,1
2024-08-01,8,NL325,Zaanstreek,Freshwater Ecosystem Degradation,0,0.5240190214297263,2.4586730003356934,wet,1
2024-09-01,9,NL325,Zaanstreek,Freshwater Ecosystem Degradation,0,0.3860504046929771,2.6439425945281982,wet,1
2024-10-01,10,NL325,Zaanstreek,Freshwater Ecosystem Degradation,0,0.24667627584400698,2.0523898601531982,wet,1
2024-11-01,11,NL325,Zaanstreek,Freshwater Ecosystem Degradation,0,0.21064908636879573,1.5562342405319214,wet,1
2024-12-01,12,NL325,Zaanstreek,Freshwater Ecosystem Degradation,0,0.14342533121360254,1.3256824016571045,wet,1
2025-01-01,1,NL325,Zaanstreek,Freshwater Ecosystem Degradation,0,0.17973872453033155,1.2905166149139404,wet,1
2025-02-01,2,NL325,Zaanstreek,Freshwater Ecosystem Degradation,1,0.2038183553458748,0.7351674437522888,near_normal,1
2025-03-01,3,NL325,Zaanstreek,Freshwater Ecosystem Degradation,0,0.46842863523344314,0.2895616590976715,near_normal,1
2025-04-01,4,NL325,Zaanstreek,Freshwater Ecosystem Degradation,0,0.39224944739905593,-0.44397521018981934,near_normal,1
2025-05-01,5,NL325,Zaanstreek,Freshwater Ecosystem Degradation,0,0.5300891544846865,-1.0350122451782227,dry,1
2025-06-01,6,NL325,Zaanstreek,Freshwater Ecosystem Degradation,0,0.42517215740641456,-1.1691848039627075,dry,1
2025-07-01,7,NL325,Zaanstreek,Freshwater Ecosystem Degradation,1,0.4215361982932261,-1.3288004398345947,dry,1
2025-08-01,8,NL325,Zaanstreek,Freshwater Ecosystem Degradation,0,0.41303795744989924,-1.6849058866500854,dry,1
2025-09-01,9,NL325,Zaanstreek,Freshwater Ecosystem Degradation,0,0.27999038288006955,-1.740875005722046,dry,1
2023-12-01,12,NL327,Het Gooi en Vechtstreek,Freshwater Ecosystem Degradation,0,0.23179657099271817,1.7685881853103638,wet,1
2024-01-01,1,NL327,Het Gooi en Vechtstreek,Freshwater Ecosystem Degradation,0,0.23913673331114452,1.636123776435852,wet,1
2024-03-01,3,NL327,Het Gooi en Vechtstreek,Freshwater Ecosystem Degradation,0,0.36949395916020067,1.6505409479141235,wet,1
2024-04-01,4,NL327,Het Gooi en Vechtstreek,Freshwater Ecosystem Degradation,0,0.4676490682496268,1.8591419458389282,wet,1
2024-05-01,5,NL327,Het Gooi en Vechtstreek,Freshwater Ecosystem Degradation,0,0.6133101276756903,2.378713369369507,wet,1
2024-06-01,6,NL327,Het Gooi en Vechtstreek,Freshwater Ecosystem Degradation,0,0.6500752689145269,2.898977279663086,wet,1
2024-07-01,7,NL327,Het Gooi en Vechtstreek,Freshwater Ecosystem Degradation,0,0.6866077437615081,2.7814443111419678,wet,1
2024-08-01,8,NL327,Het Gooi en Vechtstreek,Freshwater Ecosystem Degradation,0,0.6641679138033372,2.4918413162231445,wet,1
2024-09-01,9,NL327,Het Gooi en Vechtstreek,Freshwater Ecosystem Degradation,0,0.5412884860787215,2.7578084468841553,wet,1
2024-10-01,10,NL327,Het Gooi en Vechtstreek,Freshwater Ecosystem Degradation,0,0.37773445769321107,2.0412652492523193,wet,1
2024-11-01,11,NL327,Het Gooi en Vechtstreek,Freshwater Ecosystem Degradation,0,0.3233150032643324,1.6262489557266235,wet,1
2024-12-01,12,NL327,Het Gooi en Vechtstreek,Freshwater Ecosystem Degradation,0,0.2234450466216074,1.3761451244354248,wet,1
2025-01-01,1,NL327,Het Gooi en Vechtstreek,Freshwater Ecosystem Degradation,0,0.2699886151836936,1.3592329025268555,wet,1
2025-02-01,2,NL327,Het Gooi en Vechtstreek,Freshwater Ecosystem Degradation,0,0.31015181863443664,0.8063275814056396,near_normal,1
2025-03-01,3,NL327,Het Gooi en Vechtstreek,Freshwater Ecosystem Degradation,0,0.512055944185435,0.35810184478759766,near_normal,1
2025-04-01,4,NL327,Het Gooi en Vechtstreek,Freshwater Ecosystem Degradation,0,0.5214388108278242,-0.35341763496398926,near_normal,1
2025-05-01,5,NL327,Het Gooi en Vechtstreek,Freshwater Ecosystem Degradation,0,0.6746745019485166,-1.0387662649154663,dry,1
2025-06-01,6,NL327,Het Gooi en Vechtstreek,Freshwater Ecosystem Degradation,0,0.5938584328243056,-1.1725388765335083,dry,1
2025-07-01,7,NL327,Het Gooi en Vechtstreek,Freshwater Ecosystem Degradation,1,0.5640085780779349,-1.3508493900299072,dry,1
2025-08-01,8,NL327,Het Gooi en Vechtstreek,Freshwater Ecosystem Degradation,0,0.5800035520910515,-1.7118911743164062,dry,1
2025-09-01,9,NL327,Het Gooi en Vechtstreek,Freshwater Ecosystem Degradation,0,0.4047565980051332,-1.7690833806991577,dry,1
2023-12-01,12,NL328,Alkmaar en omgeving,Freshwater Ecosystem Degradation,0,0.1672398025972918,1.902960181236267,wet,1
2024-01-01,1,NL328,Alkmaar en omgeving,Freshwater Ecosystem Degradation,0,0.19499242522945612,1.7100821137428284,wet,1
2024-02-01,2,NL328,Alkmaar en omgeving,Freshwater Ecosystem Degradation,0,0.2263147105132263,1.9593284130096436,wet,1
2024-03-01,3,NL328,Alkmaar en omgeving,Freshwater Ecosystem Degradation,0,0.3106539123103364,1.739656686782837,wet,1
2024-04-01,4,NL328,Alkmaar en omgeving,Freshwater Ecosystem Degradation,0,0.3884527093063437,2.0186948776245117,wet,1
2024-05-01,5,NL328,Alkmaar en omgeving,Freshwater Ecosystem Degradation,0,0.5363410545254955,2.3344630002975464,wet,1
2024-06-01,6,NL328,Alkmaar en omgeving,Freshwater Ecosystem Degradation,0,0.5982093385579366,2.804568648338318,wet,1
2024-07-01,7,NL328,Alkmaar en omgeving,Freshwater Ecosystem Degradation,0,0.6209412745355481,2.428522229194641,wet,1
2024-08-01,8,NL328,Alkmaar en omgeving,Freshwater Ecosystem Degradation,0,0.5531732387153115,2.425881505012512,wet,1
2024-09-01,9,NL328,Alkmaar en omgeving,Freshwater Ecosystem Degradation,0,0.4411494613912822,2.5760817527770996,wet,1
2024-10-01,10,NL328,Alkmaar en omgeving,Freshwater Ecosystem Degradation,0,0.2888537565132214,2.0169880390167236,wet,1
2024-11-01,11,NL328,Alkmaar en omgeving,Freshwater Ecosystem Degradation,0,0.2464503418798533,1.3094255328178406,wet,1
2024-12-01,12,NL328,Alkmaar en omgeving,Freshwater Ecosystem Degradation,0,0.17140885862460425,1.0511134266853333,wet,1
2025-01-01,1,NL328,Alkmaar en omgeving,Freshwater Ecosystem Degradation,0,0.2132683521992561,0.9406598210334778,near_normal,1
2025-02-01,2,NL328,Alkmaar en omgeving,Freshwater Ecosystem Degradation,0,0.25310894309267823,0.40348732471466064,near_normal,1
2025-03-01,3,NL328,Alkmaar en omgeving,Freshwater Ecosystem Degradation,0,0.45973746376164076,-0.023991535417735577,near_normal,1
2025-04-01,4,NL328,Alkmaar en omgeving,Freshwater Ecosystem Degradation,0,0.4495056273303652,-0.6851816177368164,near_normal,1
2025-05-01,5,NL328,Alkmaar en omgeving,Freshwater Ecosystem Degradation,0,0.586939019293523,-1.0560193061828613,dry,1
2025-06-01,6,NL328,Alkmaar en omgeving,Freshwater Ecosystem Degradation,0,0.4796037004674646,-1.200132429599762,dry,1
2025-07-01,7,NL328,Alkmaar en omgeving,Freshwater Ecosystem Degradation,1,0.4806596411452703,-1.380033254623413,dry,1
2025-08-01,8,NL328,Alkmaar en omgeving,Freshwater Ecosystem Degradation,0,0.49721643280516364,-1.6897867918014526,dry,1
2025-09-01,9,NL328,Alkmaar en omgeving,Freshwater Ecosystem Degradation,0,0.3354826441026003,-1.6552176475524902,dry,1
2023-12-01,12,NL329,Groot-Amsterdam,Freshwater Ecosystem Degradation,0,0.2715758417407532,1.7692939043045044,wet,1
2024-01-01,1,NL329,Groot-Amsterdam,Freshwater Ecosystem Degradation,0,0.28672178778742907,1.6169030666351318,wet,1
2024-02-01,2,NL329,Groot-Amsterdam,Freshwater Ecosystem Degradation,0,0.33614218947254026,1.957419753074646,wet,1
2024-03-01,3,NL329,Groot-Amsterdam,Freshwater Ecosystem Degradation,0,0.44483076451528886,1.6453285217285156,wet,1
2024-04-01,4,NL329,Groot-Amsterdam,Freshwater Ecosystem Degradation,0,0.5304281672219633,1.9042351245880127,wet,1
2024-05-01,5,NL329,Groot-Amsterdam,Freshwater Ecosystem Degradation,0,0.664399025642183,2.3876869678497314,wet,1
2024-06-01,6,NL329,Groot-Amsterdam,Freshwater Ecosystem Degradation,0,0.7243222204076685,2.875868558883667,wet,1
2024-07-01,7,NL329,Groot-Amsterdam,Freshwater Ecosystem Degradation,0,0.7420594701042748,2.6098756790161133,wet,1
2024-08-01,8,NL329,Groot-Amsterdam,Freshwater Ecosystem Degradation,0,0.7215433040903375,2.4586730003356934,wet,1
2024-09-01,9,NL329,Groot-Amsterdam,Freshwater Ecosystem Degradation,0,0.6030299073413288,2.6439425945281982,wet,1
2024-10-01,10,NL329,Groot-Amsterdam,Freshwater Ecosystem Degradation,0,0.4326501342487975,2.0523898601531982,wet,1
2024-11-01,11,NL329,Groot-Amsterdam,Freshwater Ecosystem Degradation,0,0.3722225360667304,1.5562342405319214,wet,1
2024-12-01,12,NL329,Groot-Amsterdam,Freshwater Ecosystem Degradation,0,0.27047188201978883,1.3256824016571045,wet,1
2025-01-01,1,NL329,Groot-Amsterdam,Freshwater Ecosystem Degradation,0,0.32239176248384055,1.2905166149139404,wet,1
2025-02-01,2,NL329,Groot-Amsterdam,Freshwater Ecosystem Degradation,0,0.3702389217611553,0.7351674437522888,near_normal,1
2025-03-01,3,NL329,Groot-Amsterdam,Freshwater Ecosystem Degradation,0,0.6420969931736263,0.2895616590976715,near_normal,1
2025-04-01,4,NL329,Groot-Amsterdam,Freshwater Ecosystem Degradation,1,0.5889468033447308,-0.44397521018981934,near_normal,1
2025-05-01,5,NL329,Groot-Amsterdam,Freshwater Ecosystem Degradation,0,0.7193835308890816,-1.0350122451782227,dry,1
2025-06-01,6,NL329,Groot-Amsterdam,Freshwater Ecosystem Degradation,0,0.6474617211185281,-1.1691848039627075,dry,1
2025-07-01,7,NL329,Groot-Amsterdam,Freshwater Ecosystem Degradation,1,0.6176302803796215,-1.3288004398345947,dry,1
2025-08-01,8,NL329,Groot-Amsterdam,Freshwater Ecosystem Degradation,0,0.6401279860719511,-1.6849058866500854,dry,1
2025-09-01,9,NL329,Groot-Amsterdam,Freshwater Ecosystem Degradation,0,0.45298203835320217,-1.740875005722046,dry,1
2023-12-01,12,NL332,Agglomeratie ’s-Gravenhage,Freshwater Ecosystem Degradation,0,0.13986953804829183,1.7348324060440063,wet,1
2024-01-01,1,NL332,Agglomeratie ’s-Gravenhage,Freshwater Ecosystem Degradation,0,0.1583825247681289,1.5479464530944824,wet,1
2024-02-01,2,NL332,Agglomeratie ’s-Gravenhage,Freshwater Ecosystem Degradation,0,0.18544589645911355,1.9152671098709106,wet,1
2024-03-01,3,NL332,Agglomeratie ’s-Gravenhage,Freshwater Ecosystem Degradation,0,0.2953809466951245,1.6138807535171509,wet,1
2024-04-01,4,NL332,Agglomeratie ’s-Gravenhage,Freshwater Ecosystem Degradation,0,0.34364101583704887,1.7927536964416504,wet,1
2024-05-01,5,NL332,Agglomeratie ’s-Gravenhage,Freshwater Ecosystem Degradation,0,0.4788785161588357,2.222562551498413,wet,1
2024-06-01,6,NL332,Agglomeratie ’s-Gravenhage,Freshwater Ecosystem Degradation,0,0.5514799066453155,2.651139974594116,wet,1
2024-07-01,7,NL332,Agglomeratie ’s-Gravenhage,Freshwater Ecosystem Degradation,0,0.561666937264338,2.602553367614746,wet,1
2024-08-01,8,NL332,Agglomeratie ’s-Gravenhage,Freshwater Ecosystem Degradation,0,0.5136912685438787,2.614240884780884,wet,1
2024-09-01,9,NL332,Agglomeratie ’s-Gravenhage,Freshwater Ecosystem Degradation,0,0.39713928861386766,2.760681390762329,wet,1
2024-10-01,10,NL332,Agglomeratie ’s-Gravenhage,Freshwater Ecosystem Degradation,0,0.26354316253219046,2.217620849609375,wet,1
2024-11-01,11,NL332,Agglomeratie ’s-Gravenhage,Freshwater Ecosystem Degradation,1,0.2032036590333297,1.6578664779663086,wet,1
2024-12-01,12,NL332,Agglomeratie ’s-Gravenhage,Freshwater Ecosystem Degradation,0,0.14134367690289767,1.5298305749893188,wet,1
2025-01-01,1,NL332,Agglomeratie ’s-Gravenhage,Freshwater Ecosystem Degradation,0,0.16139013103891597,1.4456462860107422,wet,1
2025-02-01,2,NL332,Agglomeratie ’s-Gravenhage,Freshwater Ecosystem Degradation,0,0.20090167923625862,0.8826550841331482,near_normal,1
2025-03-01,3,NL332,Agglomeratie ’s-Gravenhage,Freshwater Ecosystem Degradation,0,0.335668964924789,0.4521176517009735,near_normal,1
2025-04-01,4,NL332,Agglomeratie ’s-Gravenhage,Freshwater Ecosystem Degradation,1,0.38432583422013017,-0.2299506515264511,near_normal,1
2025-05-01,5,NL332,Agglomeratie ’s-Gravenhage,Freshwater Ecosystem Degradation,0,0.571484469719945,-0.8712313175201416,near_normal,1
2025-06-01,6,NL332,Agglomeratie ’s-Gravenhage,Freshwater Ecosystem Degradation,0,0.48797631498511884,-1.0435134172439575,dry,1
2025-07-01,7,NL332,Agglomeratie ’s-Gravenhage,Freshwater Ecosystem Degradation,0,0.4249876709481285,-1.2248507738113403,dry,1
2025-08-01,8,NL332,Agglomeratie ’s-Gravenhage,Freshwater Ecosystem Degradation,0,0.4230280817945886,-1.4840713739395142,dry,1
2025-09-01,9,NL332,Agglomeratie ’s-Gravenhage,Freshwater Ecosystem Degradation,0,0.24493032430116116,-1.723048210144043,dry,1
2023-12-01,12,NL333,Delft en Westland,Freshwater Ecosystem Degradation,1,0.24533075559262005,1.6360796689987183,wet,1
2024-01-01,1,NL333,Delft en Westland,Freshwater Ecosystem Degradation,0,0.24494300973829558,1.4589471817016602,wet,1
2024-02-01,2,NL333,Delft en Westland,Freshwater Ecosystem Degradation,0,0.3080120358613393,1.889495611190796,wet,1
2024-03-01,3,NL333,Delft en Westland,Freshwater Ecosystem Degradation,0,0.3882074477976733,1.5272536277770996,wet,1
2024-04-01,4,NL333,Delft en Westland,Freshwater Ecosystem Degradation,0,0.4907430878482803,1.6712430715560913,wet,1
2024-05-01,5,NL333,Delft en Westland,Freshwater Ecosystem Degradation,0,0.6276934165368862,2.103944778442383,wet,1
2024-06-01,6,NL333,Delft en Westland,Freshwater Ecosystem Degradation,1,0.6976830865659939,2.5638675689697266,wet,1
2024-07-01,7,NL333,Delft en Westland,Freshwater Ecosystem Degradation,0,0.6936921444940065,2.8959829807281494,wet,1
2024-08-01,8,NL333,Delft en Westland,Freshwater Ecosystem Degradation,0,0.6699591931024506,2.653705358505249,wet,1
2024-09-01,9,NL333,Delft en Westland,Freshwater Ecosystem Degradation,0,0.5444895387004552,2.9503586292266846,wet,1
2024-10-01,10,NL333,Delft en Westland,Freshwater Ecosystem Degradation,0,0.39973073701397666,2.2567052841186523,wet,1
2024-11-01,11,NL333,Delft en Westland,Freshwater Ecosystem Degradation,0,0.33849951859028365,1.799555778503418,wet,1
2024-12-01,12,NL333,Delft en Westland,Freshwater Ecosystem Degradation,0,0.2352740390996432,1.66428804397583,wet,1
2025-01-01,1,NL333,Delft en Westland,Freshwater Ecosystem Degradation,0,0.2672595441692911,1.640883445739746,wet,1
2025-02-01,2,NL333,Delft en Westland,Freshwater Ecosystem Degradation,0,0.29882988773681435,1.163700819015503,wet,1
2025-03-01,3,NL333,Delft en Westland,Freshwater Ecosystem Degradation,0,0.5136449498439959,0.7183709144592285,near_normal,1
2025-04-01,4,NL333,Delft en Westland,Freshwater Ecosystem Degradation,0,0.5422850497333369,0.003728199517354369,near_normal,1
2025-05-01,5,NL333,Delft en Westland,Freshwater Ecosystem Degradation,0,0.7096896537424117,-0.8432844877243042,near_normal,1
2025-06-01,6,NL333,Delft en Westland,Freshwater Ecosystem Degradation,0,0.6076401166291332,-1.0905721187591553,dry,1
2025-07-01,7,NL333,Delft en Westland,Freshwater Ecosystem Degradation,0,0.575877689855409,-1.26656973361969,dry,1
2025-08-01,8,NL333,Delft en Westland,Freshwater Ecosystem Degradation,1,0.6179754753431483,-1.6068077087402344,dry,1
2025-09-01,9,NL333,Delft en Westland,Freshwater Ecosystem Degradation,0,0.38893444649629866,-1.8662478923797607,dry,1
2023-12-01,12,NL337,Agglomeratie Leiden en Bollenstreek,Freshwater Ecosystem Degradation,0,0.2913763435150003,1.7106456756591797,wet,1
2024-01-01,1,NL337,Agglomeratie Leiden en Bollenstreek,Freshwater Ecosystem Degradation,0,0.3160562240014123,1.5254942178726196,wet,1
2024-02-01,2,NL337,Agglomeratie Leiden en Bollenstreek,Freshwater Ecosystem Degradation,0,0.3629061737329098,1.930662751197815,wet,1
2024-03-01,3,NL337,Agglomeratie Leiden en Bollenstreek,Freshwater Ecosystem Degradation,0,0.4997999208573767,1.600808024406433,wet,1
2024-04-01,4,NL337,Agglomeratie Leiden en Bollenstreek,Freshwater Ecosystem Degradation,0,0.5586140797226495,1.8393596410751343,wet,1
2024-05-01,5,NL337,Agglomeratie Leiden en Bollenstreek,Freshwater Ecosystem Degradation,0,0.6938228660247664,2.308445453643799,wet,1
2024-06-01,6,NL337,Agglomeratie Leiden en Bollenstreek,Freshwater Ecosystem Degradation,0,0.7539364459405135,2.742405891418457,wet,1
2024-07-01,7,NL337,Agglomeratie Leiden en Bollenstreek,Freshwater Ecosystem Degradation,0,0.7584074305384615,2.7151103019714355,wet,1
2024-08-01,8,NL337,Agglomeratie Leiden en Bollenstreek,Freshwater Ecosystem Degradation,0,0.7527857530051948,2.554049253463745,wet,1
2024-09-01,9,NL337,Agglomeratie Leiden en Bollenstreek,Freshwater Ecosystem Degradation,0,0.6240174784248396,2.7597999572753906,wet,1
2024-10-01,10,NL337,Agglomeratie Leiden en Bollenstreek,Freshwater Ecosystem Degradation,0,0.4825687955263905,2.198561906814575,wet,1
2024-11-01,11,NL337,Agglomeratie Leiden en Bollenstreek,Freshwater Ecosystem Degradation,0,0.40169288690875454,1.7335660457611084,wet,1
2024-12-01,12,NL337,Agglomeratie Leiden en Bollenstreek,Freshwater Ecosystem Degradation,0,0.28928454057366426,1.5648200511932373,wet,1
2025-01-01,1,NL337,Agglomeratie Leiden en Bollenstreek,Freshwater Ecosystem Degradation,0,0.3372337037991804,1.5522692203521729,wet,1
2025-02-01,2,NL337,Agglomeratie Leiden en Bollenstreek,Freshwater Ecosystem Degradation,0,0.38233744972333455,1.016635775566101,wet,1
2025-03-01,3,NL337,Agglomeratie Leiden en Bollenstreek,Freshwater Ecosystem Degradation,1,0.5549877113077691,0.5903820991516113,near_normal,1
2025-04-01,4,NL337,Agglomeratie Leiden en Bollenstreek,Freshwater Ecosystem Degradation,0,0.6041710883137988,-0.16400562226772308,near_normal,1
2025-05-01,5,NL337,Agglomeratie Leiden en Bollenstreek,Freshwater Ecosystem Degradation,0,0.7582538845675032,-0.8812072277069092,near_normal,1
2025-06-01,6,NL337,Agglomeratie Leiden en Bollenstreek,Freshwater Ecosystem Degradation,0,0.6995326416727805,-1.0348807573318481,dry,1
2025-07-01,7,NL337,Agglomeratie Leiden en Bollenstreek,Freshwater Ecosystem Degradation,0,0.6525818405915336,-1.1747100353240967,dry,1
2025-08-01,8,NL337,Agglomeratie Leiden en Bollenstreek,Freshwater Ecosystem Degradation,0,0.6587519800988187,-1.5170913934707642,dry,1
2025-09-01,9,NL337,Agglomeratie Leiden en Bollenstreek,Freshwater Ecosystem Degradation,0,0.44931053841088753,-1.738526463508606,dry,1
2023-12-01,12,NL33A,Zuidoost-Zuid-Holland,Freshwater Ecosystem Degradation,0,0.27181672274245666,1.735690951347351,wet,1
2024-01-01,1,NL33A,Zuidoost-Zuid-Holland,Freshwater Ecosystem Degradation,0,0.2695167764171074,1.5022345781326294,wet,1
2024-02-01,2,NL33A,Zuidoost-Zuid-Holland,Freshwater Ecosystem Degradation,0,0.3035396061353604,1.9734735488891602,wet,1
2024-03-01,3,NL33A,Zuidoost-Zuid-Holland,Freshwater Ecosystem Degradation,1,0.41248896535404317,1.6091928482055664,wet,1
2024-04-01,4,NL33A,Zuidoost-Zuid-Holland,Freshwater Ecosystem Degradation,0,0.5153023117893667,1.869387149810791,wet,1
2024-05-01,5,NL33A,Zuidoost-Zuid-Holland,Freshwater Ecosystem Degradation,0,0.6532037880523304,2.296041488647461,wet,1
2024-06-01,6,NL33A,Zuidoost-Zuid-Holland,Freshwater Ecosystem Degradation,0,0.7065003395180269,2.7406914234161377,wet,1
2024-07-01,7,NL33A,Zuidoost-Zuid-Holland,Freshwater Ecosystem Degradation,0,0.7121908178949993,3.1620676517486572,wet,1
2024-08-01,8,NL33A,Zuidoost-Zuid-Holland,Freshwater Ecosystem Degradation,0,0.6752537296459767,2.5882296562194824,wet,1
2024-09-01,9,NL33A,Zuidoost-Zuid-Holland,Freshwater Ecosystem Degradation,0,0.5828515290936243,3.196017026901245,wet,1
2024-10-01,10,NL33A,Zuidoost-Zuid-Holland,Freshwater Ecosystem Degradation,0,0.44622588070778585,2.4383902549743652,wet,1
2024-11-01,11,NL33A,Zuidoost-Zuid-Holland,Freshwater Ecosystem Degradation,0,0.3588112631299078,1.9545094966888428,wet,1
2024-12-01,12,NL33A,Zuidoost-Zuid-Holland,Freshwater Ecosystem Degradation,0,0.2574929649618257,1.7752925157546997,wet,1
2025-01-01,1,NL33A,Zuidoost-Zuid-Holland,Freshwater Ecosystem Degradation,0,0.2873263987271536,1.8329216241836548,wet,1
2025-02-01,2,NL33A,Zuidoost-Zuid-Holland,Freshwater Ecosystem Degradation,0,0.32694423361863606,1.3434903621673584,wet,1
2025-03-01,3,NL33A,Zuidoost-Zuid-Holland,Freshwater Ecosystem Degradation,1,0.5761603686117354,0.9254148006439209,near_normal,1
2025-04-01,4,NL33A,Zuidoost-Zuid-Holland,Freshwater Ecosystem Degradation,0,0.5486171921316414,0.18472331762313843,near_normal,1
2025-05-01,5,NL33A,Zuidoost-Zuid-Holland,Freshwater Ecosystem Degradation,0,0.710774530994661,-0.6993400454521179,near_normal,1
2025-06-01,6,NL33A,Zuidoost-Zuid-Holland,Freshwater Ecosystem Degradation,0,0.6511957675756548,-0.928616464138031,near_normal,1
2025-07-01,7,NL33A,Zuidoost-Zuid-Holland,Freshwater Ecosystem Degradation,0,0.6113045358888797,-1.0900894403457642,dry,1
2025-08-01,8,NL33A,Zuidoost-Zuid-Holland,Freshwater Ecosystem Degradation,0,0.6173039650026689,-1.5483509302139282,dry,1
2025-09-01,9,NL33A,Zuidoost-Zuid-Holland,Freshwater Ecosystem Degradation,0,0.4339989883293915,-1.7110259532928467,dry,1
2023-12-01,12,NL33B,Oost-Zuid-Holland,Freshwater Ecosystem Degradation,0,0.1550869297321509,1.7106456756591797,wet,1
2024-01-01,1,NL33B,Oost-Zuid-Holland,Freshwater Ecosystem Degradation,0,0.1656449506544951,1.5254942178726196,wet,1
2024-02-01,2,NL33B,Oost-Zuid-Holland,Freshwater Ecosystem Degradation,0,0.1861287352540007,1.930662751197815,wet,1
2024-03-01,3,NL33B,Oost-Zuid-Holland,Freshwater Ecosystem Degradation,0,0.3010734967240661,1.600808024406433,wet,1
2024-04-01,4,NL33B,Oost-Zuid-Holland,Freshwater Ecosystem Degradation,0,0.35500030472402333,1.8393596410751343,wet,1
2024-05-01,5,NL33B,Oost-Zuid-Holland,Freshwater Ecosystem Degradation,0,0.4935204265863659,2.308445453643799,wet,1
2024-06-01,6,NL33B,Oost-Zuid-Holland,Freshwater Ecosystem Degradation,0,0.558958995984884,2.742405891418457,wet,1
2024-07-01,7,NL33B,Oost-Zuid-Holland,Freshwater Ecosystem Degradation,0,0.581633637774441,2.7151103019714355,wet,1
2024-08-01,8,NL33B,Oost-Zuid-Holland,Freshwater Ecosystem Degradation,0,0.5408216024240075,2.554049253463745,wet,1
2024-09-01,9,NL33B,Oost-Zuid-Holland,Freshwater Ecosystem Degradation,0,0.4258800417881607,2.7597999572753906,wet,1
2024-10-01,10,NL33B,Oost-Zuid-Holland,Freshwater Ecosystem Degradation,0,0.2785971956672975,2.198561906814575,wet,1
2024-11-01,11,NL33B,Oost-Zuid-Holland,Freshwater Ecosystem Degradation,0,0.22354255546935037,1.7335660457611084,wet,1
2024-12-01,12,NL33B,Oost-Zuid-Holland,Freshwater Ecosystem Degradation,0,0.1523969964437913,1.5648200511932373,wet,1
2025-01-01,1,NL33B,Oost-Zuid-Holland,Freshwater Ecosystem Degradation,0,0.18352769812861494,1.5522692203521729,wet,1
2025-02-01,2,NL33B,Oost-Zuid-Holland,Freshwater Ecosystem Degradation,0,0.21280372193631814,1.016635775566101,wet,1
2025-03-01,3,NL33B,Oost-Zuid-Holland,Freshwater Ecosystem Degradation,0,0.4004625954754077,0.5903820991516113,near_normal,1
2025-04-01,4,NL33B,Oost-Zuid-Holland,Freshwater Ecosystem Degradation,1,0.3991563234294899,-0.16400562226772308,near_normal,1
2025-05-01,5,NL33B,Oost-Zuid-Holland,Freshwater Ecosystem Degradation,0,0.5568712949646951,-0.8812072277069092,near_normal,1
2025-06-01,6,NL33B,Oost-Zuid-Holland,Freshwater Ecosystem Degradation,0,0.46214200101928676,-1.0348807573318481,dry,1
2025-07-01,7,NL33B,Oost-Zuid-Holland,Freshwater Ecosystem Degradation,0,0.44149305463469524,-1.1747100353240967,dry,1
2025-08-01,8,NL33B,Oost-Zuid-Holland,Freshwater Ecosystem Degradation,0,0.44928352790908144,-1.5170913934707642,dry,1
2025-09-01,9,NL33B,Oost-Zuid-Holland,Freshwater Ecosystem Degradation,0,0.2855407563603788,-1.738526463508606,dry,1
2023-12-01,12,NL33C,Groot-Rijnmond,Freshwater Ecosystem Degradation,0,0.36169430420074544,1.663238803545634,wet,1
2024-01-01,1,NL33C,Groot-Rijnmond,Freshwater Ecosystem Degradation,0,0.3666209554755851,1.481999437014262,wet,1
2024-02-01,2,NL33C,Groot-Rijnmond,Freshwater Ecosystem Degradation,0,0.42591790660049417,1.9045462608337402,wet,1
2024-03-01,3,NL33C,Groot-Rijnmond,Freshwater Ecosystem Degradation,0,0.529597551152245,1.55764905611674,wet,1
2024-04-01,4,NL33C,Groot-Rijnmond,Freshwater Ecosystem Degradation,0,0.6286550646624564,1.7358837127685547,wet,1
2024-05-01,5,NL33C,Groot-Rijnmond,Freshwater Ecosystem Degradation,0,0.7455507628335755,2.1709097226460776,wet,1
2024-06-01,6,NL33C,Groot-Rijnmond,Freshwater Ecosystem Degradation,0,0.7967297997287127,2.626691977183024,wet,1
2024-07-01,7,NL33C,Groot-Rijnmond,Freshwater Ecosystem Degradation,0,0.8014995911283452,2.903880516688029,wet,1
2024-08-01,8,NL33C,Groot-Rijnmond,Freshwater Ecosystem Degradation,0,0.7768969115350778,2.6491270065307617,wet,1
2024-09-01,9,NL33C,Groot-Rijnmond,Freshwater Ecosystem Degradation,0,0.6731809685513335,2.9472951889038086,wet,1
2024-10-01,10,NL33C,Groot-Rijnmond,Freshwater Ecosystem Degradation,0,0.5339378943914584,2.2849376996358237,wet,1
2024-11-01,11,NL33C,Groot-Rijnmond,Freshwater Ecosystem Degradation,0,0.45949211272046364,1.8019837141036987,wet,1
2024-12-01,12,NL33C,Groot-Rijnmond,Freshwater Ecosystem Degradation,0,0.3508774161330926,1.676819920539856,wet,1
2025-01-01,1,NL33C,Groot-Rijnmond,Freshwater Ecosystem Degradation,0,0.3896115268574149,1.6513664722442627,wet,1
2025-02-01,2,NL33C,Groot-Rijnmond,Freshwater Ecosystem Degradation,0,0.4331495940254919,1.1506803433100383,wet,1
2025-03-01,3,NL33C,Groot-Rijnmond,Freshwater Ecosystem Degradation,0,0.6434896794441478,0.7058199445406595,near_normal,1
2025-04-01,4,NL33C,Groot-Rijnmond,Freshwater Ecosystem Degradation,1,0.6605041306924937,-0.012301225292806825,near_normal,1
2025-05-01,5,NL33C,Groot-Rijnmond,Freshwater Ecosystem Degradation,0,0.8043990051889326,-0.8446452021598816,near_normal,1
2025-06-01,6,NL33C,Groot-Rijnmond,Freshwater Ecosystem Degradation,0,0.7308708574794225,-1.0734885931015015,dry,1
2025-07-01,7,NL33C,Groot-Rijnmond,Freshwater Ecosystem Degradation,0,0.696777461007525,-1.2388241688410442,dry,1
2025-08-01,8,NL33C,Groot-Rijnmond,Freshwater Ecosystem Degradation,0,0.732549237365093,-1.566239356994629,dry,1
2025-09-01,9,NL33C,Groot-Rijnmond,Freshwater Ecosystem Degradation,0,0.534483095609126,-1.825290282567342,dry,1
2023-12-01,12,NL341,Zeeuwsch-Vlaanderen,Freshwater Ecosystem Degradation,0,0.24417421622533395,1.332913875579834,wet,1
2024-01-01,1,NL341,Zeeuwsch-Vlaanderen,Freshwater Ecosystem Degradation,0,0.28294618614944345,1.0990768671035767,wet,1
2024-02-01,2,NL341,Zeeuwsch-Vlaanderen,Freshwater Ecosystem Degradation,0,0.3013182587598152,1.6654661893844604,wet,1
2024-03-01,3,NL341,Zeeuwsch-Vlaanderen,Freshwater Ecosystem Degradation,0,0.3855008259826527,1.4342957735061646,wet,1
2024-04-01,4,NL341,Zeeuwsch-Vlaanderen,Freshwater Ecosystem Degradation,0,0.5165050598770632,1.72164386510849,wet,1
2024-05-01,5,NL341,Zeeuwsch-Vlaanderen,Freshwater Ecosystem Degradation,0,0.6510291428082106,2.0468907356262207,wet,1
2024-06-01,6,NL341,Zeeuwsch-Vlaanderen,Freshwater Ecosystem Degradation,0,0.7065657012473641,2.511785864830017,wet,1
2024-07-01,7,NL341,Zeeuwsch-Vlaanderen,Freshwater Ecosystem Degradation,0,0.702470612708912,2.5947717428207397,wet,1
2024-08-01,8,NL341,Zeeuwsch-Vlaanderen,Freshwater Ecosystem Degradation,0,0.653754608697967,2.2865796089172363,wet,1
2024-09-01,9,NL341,Zeeuwsch-Vlaanderen,Freshwater Ecosystem Degradation,0,0.5517944187908566,2.4733811616897583,wet,1
2024-10-01,10,NL341,Zeeuwsch-Vlaanderen,Freshwater Ecosystem Degradation,0,0.4259712488374698,2.181926131248474,wet,1
2024-11-01,11,NL341,Zeeuwsch-Vlaanderen,Freshwater Ecosystem Degradation,0,0.32127305830054037,1.6795973777770996,wet,1
2024-12-01,12,NL341,Zeeuwsch-Vlaanderen,Freshwater Ecosystem Degradation,0,0.255594473225666,1.661611557006836,wet,1
2025-01-01,1,NL341,Zeeuwsch-Vlaanderen,Freshwater Ecosystem Degradation,0,0.283735222978612,1.6901467442512512,wet,1
2025-02-01,2,NL341,Zeeuwsch-Vlaanderen,Freshwater Ecosystem Degradation,0,0.3153329535902756,1.1577122211456299,wet,1
2025-03-01,3,NL341,Zeeuwsch-Vlaanderen,Freshwater Ecosystem Degradation,0,0.603758903697963,0.565402165055275,near_normal,1
2025-04-01,4,NL341,Zeeuwsch-Vlaanderen,Freshwater Ecosystem Degradation,0,0.5758146181622346,-0.27620716392993927,near_normal,1
2025-05-01,5,NL341,Zeeuwsch-Vlaanderen,Freshwater Ecosystem Degradation,0,0.7370450691218933,-1.0510993003845215,dry,1
2025-06-01,6,NL341,Zeeuwsch-Vlaanderen,Freshwater Ecosystem Degradation,0,0.6225120167396492,-1.2060883045196533,dry,1
2025-07-01,7,NL341,Zeeuwsch-Vlaanderen,Freshwater Ecosystem Degradation,0,0.6035072088937343,-1.3016448020935059,dry,1
2025-08-01,8,NL341,Zeeuwsch-Vlaanderen,Freshwater Ecosystem Degradation,0,0.6400021483147454,-1.7224125266075134,dry,1
2025-09-01,9,NL341,Zeeuwsch-Vlaanderen,Freshwater Ecosystem Degradation,0,0.41854802126951157,-2.1238150596618652,dry,1
2023-12-01,12,NL342,Overig Zeeland,Freshwater Ecosystem Degradation,0,0.246034766155125,1.5336954593658447,wet,1
2024-01-01,1,NL342,Overig Zeeland,Freshwater Ecosystem Degradation,0,0.2583334945370075,1.3286210298538208,wet,1
2024-02-01,2,NL342,Overig Zeeland,Freshwater Ecosystem Degradation,1,0.3025391036310253,1.7934848070144653,wet,1
2024-03-01,3,NL342,Overig Zeeland,Freshwater Ecosystem Degradation,0,0.3785991393071926,1.4659996032714844,wet,1
2024-04-01,4,NL342,Overig Zeeland,Freshwater Ecosystem Degradation,0,0.4986587589392662,1.6179192066192627,wet,1
2024-05-01,5,NL342,Overig Zeeland,Freshwater Ecosystem Degradation,0,0.6223192389327783,2.0807783603668213,wet,1
2024-06-01,6,NL342,Overig Zeeland,Freshwater Ecosystem Degradation,0,0.6873224470566847,2.572701930999756,wet,1
2024-07-01,7,NL342,Overig Zeeland,Freshwater Ecosystem Degradation,0,0.7004087048022198,2.9837281703948975,wet,1
2024-08-01,8,NL342,Overig Zeeland,Freshwater Ecosystem Degradation,0,0.645168796399643,2.67411470413208,wet,1
2024-09-01,9,NL342,Overig Zeeland,Freshwater Ecosystem Degradation,0,0.5496151391379359,2.8608145713806152,wet,1
2024-10-01,10,NL342,Overig Zeeland,Freshwater Ecosystem Degradation,0,0.42425645902165793,2.296290636062622,wet,1
2024-11-01,11,NL342,Overig Zeeland,Freshwater Ecosystem Degradation,0,0.3295970528898077,1.8551033735275269,wet,1
2024-12-01,12,NL342,Overig Zeeland,Freshwater Ecosystem Degradation,0,0.2507778047968564,1.8005717992782593,wet,1
2025-01-01,1,NL342,Overig Zeeland,Freshwater Ecosystem Degradation,0,0.2694004779061215,1.798425555229187,wet,1
2025-02-01,2,NL342,Overig Zeeland,Freshwater Ecosystem Degradation,0,0.29832071115594916,1.329056739807129,wet,1
2025-03-01,3,NL342,Overig Zeeland,Freshwater Ecosystem Degradation,0,0.5158989457061944,0.8654971122741699,near_normal,1
2025-04-01,4,NL342,Overig Zeeland,Freshwater Ecosystem Degradation,0,0.5510866177942257,0.127136692404747,near_normal,1
2025-05-01,5,NL342,Overig Zeeland,Freshwater Ecosystem Degradation,0,0.7160141184286624,-0.8692893981933594,near_normal,1
2025-06-01,6,NL342,Overig Zeeland,Freshwater Ecosystem Degradation,1,0.6091303141429503,-1.1390583515167236,dry,1
2025-07-01,7,NL342,Overig Zeeland,Freshwater Ecosystem Degradation,1,0.5593026640116814,-1.3374229669570923,dry,1
2025-08-01,8,NL342,Overig Zeeland,Freshwater Ecosystem Degradation,0,0.6160257204113081,-1.7264788150787354,dry,1
2025-09-01,9,NL342,Overig Zeeland,Freshwater Ecosystem Degradation,0,0.3736758710183072,-2.0268850326538086,dry,1
2023-12-01,12,NL411,West-Noord-Brabant,Freshwater Ecosystem Degradation,0,0.47197579802179285,1.6965256333351135,wet,1
2024-01-01,1,NL411,West-Noord-Brabant,Freshwater Ecosystem Degradation,0,0.4781566900609857,1.4279340207576752,wet,1
2024-02-01,2,NL411,West-Noord-Brabant,Freshwater Ecosystem Degradation,0,0.52256896848507,1.9115989208221436,wet,1
2024-03-01,3,NL411,West-Noord-Brabant,Freshwater Ecosystem Degradation,0,0.6305786076702284,1.5701760351657867,wet,1
2024-04-01,4,NL411,West-Noord-Brabant,Freshwater Ecosystem Degradation,0,0.7223845447720761,1.794410079717636,wet,1
2024-05-01,5,NL411,West-Noord-Brabant,Freshwater Ecosystem Degradation,0,0.8209389313307265,2.1759976744651794,wet,1
2024-06-01,6,NL411,West-Noord-Brabant,Freshwater Ecosystem Degradation,0,0.8533889776985407,2.6817938685417175,wet,1
2024-07-01,7,NL411,West-Noord-Brabant,Freshwater Ecosystem Degradation,0,0.8582315597416977,3.1869431138038635,wet,1
2024-08-01,8,NL411,West-Noord-Brabant,Freshwater Ecosystem Degradation,0,0.8341539088722473,2.5752928256988525,wet,1
2024-09-01,9,NL411,West-Noord-Brabant,Freshwater Ecosystem Degradation,1,0.7745721874644872,3.2261340022087097,wet,1
2024-10-01,10,NL411,West-Noord-Brabant,Freshwater Ecosystem Degradation,0,0.6704071100440588,2.4958202242851257,wet,1
2024-11-01,11,NL411,West-Noord-Brabant,Freshwater Ecosystem Degradation,0,0.5845139970194012,1.9934806823730469,wet,1
2024-12-01,12,NL411,West-Noord-Brabant,Freshwater Ecosystem Degradation,1,0.4712569480335054,1.8938453793525696,wet,1
2025-01-01,1,NL411,West-Noord-Brabant,Freshwater Ecosystem Degradation,0,0.5076457792129498,1.9489366114139557,wet,1
2025-02-01,2,NL411,West-Noord-Brabant,Freshwater Ecosystem Degradation,0,0.5375768971321994,1.4912947714328766,wet,1
2025-03-01,3,NL411,West-Noord-Brabant,Freshwater Ecosystem Degradation,0,0.7430033395011394,1.0794287621974945,wet,1
2025-04-01,4,NL411,West-Noord-Brabant,Freshwater Ecosystem Degradation,0,0.7525507106533021,0.3902544379234314,near_normal,1
2025-05-01,5,NL411,West-Noord-Brabant,Freshwater Ecosystem Degradation,0,0.8686383157900355,-0.6107541918754578,near_normal,1
2025-06-01,6,NL411,West-Noord-Brabant,Freshwater Ecosystem Degradation,1,0.8297284631222859,-0.9553556591272354,near_normal,1
2025-07-01,7,NL411,West-Noord-Brabant,Freshwater Ecosystem Degradation,1,0.7883373987515621,-1.197560876607895,dry,1
2025-08-01,8,NL411,West-Noord-Brabant,Freshwater Ecosystem Degradation,1,0.8243197243192996,-1.7818401753902435,dry,1
2025-09-01,9,NL411,West-Noord-Brabant,Freshwater Ecosystem Degradation,0,0.6391892015768091,-1.944325178861618,dry,1
2023-12-01,12,NL412,Midden-Noord-Brabant,Freshwater Ecosystem Degradation,1,0.4932861557479628,1.8568886518478394,wet,1
2024-01-01,1,NL412,Midden-Noord-Brabant,Freshwater Ecosystem Degradation,0,0.48426561224775666,1.5439085960388184,wet,1
2024-02-01,2,NL412,Midden-Noord-Brabant,Freshwater Ecosystem Degradation,0,0.5254324382709243,2.0561699867248535,wet,1
2024-03-01,3,NL412,Midden-Noord-Brabant,Freshwater Ecosystem Degradation,0,0.6577332286305485,1.6683708429336548,wet,1
2024-04-01,4,NL412,Midden-Noord-Brabant,Freshwater Ecosystem Degradation,0,0.7350228066841819,1.9227519035339355,wet,1
2024-05-01,5,NL412,Midden-Noord-Brabant,Freshwater Ecosystem Degradation,0,0.8328787882047932,2.350119113922119,wet,1
2024-06-01,6,NL412,Midden-Noord-Brabant,Freshwater Ecosystem Degradation,0,0.8702665430981794,2.7400357723236084,wet,1
2024-07-01,7,NL412,Midden-Noord-Brabant,Freshwater Ecosystem Degradation,0,0.8657502784841558,3.3474960327148438,wet,1
2024-08-01,8,NL412,Midden-Noord-Brabant,Freshwater Ecosystem Degradation,0,0.8449645213767634,2.595762252807617,wet,1
2024-09-01,9,NL412,Midden-Noord-Brabant,Freshwater Ecosystem Degradation,1,0.7666269595222254,3.8588836193084717,wet,1
2024-10-01,10,NL412,Midden-Noord-Brabant,Freshwater Ecosystem Degradation,0,0.6857530450067756,2.767239809036255,wet,1
2024-11-01,11,NL412,Midden-Noord-Brabant,Freshwater Ecosystem Degradation,0,0.6031385943689618,2.2039122581481934,wet,1
2024-12-01,12,NL412,Midden-Noord-Brabant,Freshwater Ecosystem Degradation,1,0.48419728987769944,2.016164541244507,wet,1
2025-01-01,1,NL412,Midden-Noord-Brabant,Freshwater Ecosystem Degradation,0,0.5193245760538631,2.0861504077911377,wet,1
2025-02-01,2,NL412,Midden-Noord-Brabant,Freshwater Ecosystem Degradation,0,0.54506085152713,1.595111608505249,wet,1
2025-03-01,3,NL412,Midden-Noord-Brabant,Freshwater Ecosystem Degradation,0,0.781518009535527,1.174560785293579,wet,1
2025-04-01,4,NL412,Midden-Noord-Brabant,Freshwater Ecosystem Degradation,0,0.7507216956838141,0.5439844131469727,near_normal,1
2025-05-01,5,NL412,Midden-Noord-Brabant,Freshwater Ecosystem Degradation,0,0.8733311333477948,-0.45212289690971375,near_normal,1
2025-06-01,6,NL412,Midden-Noord-Brabant,Freshwater Ecosystem Degradation,1,0.8415558025388656,-0.7468729019165039,near_normal,1
2025-07-01,7,NL412,Midden-Noord-Brabant,Freshwater Ecosystem Degradation,1,0.7995067330547229,-1.0836814641952515,dry,1
2025-08-01,8,NL412,Midden-Noord-Brabant,Freshwater Ecosystem Degradation,1,0.8289821359758581,-1.6820485591888428,dry,1
2025-09-01,9,NL412,Midden-Noord-Brabant,Freshwater Ecosystem Degradation,0,0.660926939460268,-1.6659215688705444,dry,1
2023-12-01,12,NL413,Noordoost-Noord-Brabant,Freshwater Ecosystem Degradation,0,0.5174744489146506,2.005632162094116,wet,1
2024-01-01,1,NL413,Noordoost-Noord-Brabant,Freshwater Ecosystem Degradation,0,0.5340996313325883,1.7263375918070476,wet,1
2024-02-01,2,NL413,Noordoost-Noord-Brabant,Freshwater Ecosystem Degradation,0,0.5678973280869124,2.301957845687866,wet,1
2024-03-01,3,NL413,Noordoost-Noord-Brabant,Freshwater Ecosystem Degradation,0,0.7190122828084688,1.7595105568567913,wet,1
2024-04-01,4,NL413,Noordoost-Noord-Brabant,Freshwater Ecosystem Degradation,0,0.7788764629617897,1.9506117502848308,wet,1
2024-05-01,5,NL413,Noordoost-Noord-Brabant,Freshwater Ecosystem Degradation,0,0.8644096657319803,2.5292108058929443,wet,1
2024-06-01,6,NL413,Noordoost-Noord-Brabant,Freshwater Ecosystem Degradation,0,0.8961038806538403,2.860475540161133,wet,1
2024-07-01,7,NL413,Noordoost-Noord-Brabant,Freshwater Ecosystem Degradation,0,0.8778611841289924,3.60351292292277,wet,1
2024-08-01,8,NL413,Noordoost-Noord-Brabant,Freshwater Ecosystem Degradation,0,0.8695650474386499,2.6137571334838867,wet,1
2024-09-01,9,NL413,Noordoost-Noord-Brabant,Freshwater Ecosystem Degradation,1,0.7928866515856478,3.99537460009257,wet,1
2024-10-01,10,NL413,Noordoost-Noord-Brabant,Freshwater Ecosystem Degradation,0,0.7089201944984567,2.824659744898478,wet,1
2024-11-01,11,NL413,Noordoost-Noord-Brabant,Freshwater Ecosystem Degradation,0,0.639279357282942,2.297260840733846,wet,1
2024-12-01,12,NL413,Noordoost-Noord-Brabant,Freshwater Ecosystem Degradation,1,0.5231256667435098,2.027393857638041,wet,1
2025-01-01,1,NL413,Noordoost-Noord-Brabant,Freshwater Ecosystem Degradation,0,0.5295131977704406,2.1666224797566733,wet,1
2025-02-01,2,NL413,Noordoost-Noord-Brabant,Freshwater Ecosystem Degradation,1,0.5832683053656631,1.6576051712036133,wet,1
2025-03-01,3,NL413,Noordoost-Noord-Brabant,Freshwater Ecosystem Degradation,0,0.8288090181776064,1.1836046775182087,wet,1
2025-04-01,4,NL413,Noordoost-Noord-Brabant,Freshwater Ecosystem Degradation,1,0.7723296419824017,0.6166368325551351,near_normal,1
2025-05-01,5,NL413,Noordoost-Noord-Brabant,Freshwater Ecosystem Degradation,0,0.8915515476791437,-0.433600256840388,near_normal,1
2025-06-01,6,NL413,Noordoost-Noord-Brabant,Freshwater Ecosystem Degradation,1,0.8561810956682616,-0.6352093617121378,near_normal,1
2025-07-01,7,NL413,Noordoost-Noord-Brabant,Freshwater Ecosystem Degradation,1,0.8192817959953251,-0.9555245041847229,near_normal,1
2025-08-01,8,NL413,Noordoost-Noord-Brabant,Freshwater Ecosystem Degradation,1,0.8448765862561303,-1.5380258957544963,dry,1
2025-09-01,9,NL413,Noordoost-Noord-Brabant,Freshwater Ecosystem Degradation,0,0.7235416464842184,-1.4824391603469849,dry,1
2023-12-01,12,NL414,Zuidoost-Noord-Brabant,Freshwater Ecosystem Degradation,1,0.5899935493794995,1.9648097455501556,wet,1
2024-01-01,1,NL414,Zuidoost-Noord-Brabant,Freshwater Ecosystem Degradation,0,0.6065120895476057,1.6660036146640778,wet,1
2024-02-01,2,NL414,Zuidoost-Noord-Brabant,Freshwater Ecosystem Degradation,0,0.6386483818483815,2.2208192348480225,wet,1
2024-03-01,3,NL414,Zuidoost-Noord-Brabant,Freshwater Ecosystem Degradation,0,0.7693413342291057,1.7530253231525421,wet,1
2024-04-01,4,NL414,Zuidoost-Noord-Brabant,Freshwater Ecosystem Degradation,0,0.8218026053035843,1.9222524464130402,wet,1
2024-05-01,5,NL414,Zuidoost-Noord-Brabant,Freshwater Ecosystem Degradation,0,0.8872636938049603,2.4804680943489075,wet,1
2024-06-01,6,NL414,Zuidoost-Noord-Brabant,Freshwater Ecosystem Degradation,0,0.9198495861022435,2.8313465118408203,wet,1
2024-07-01,7,NL414,Zuidoost-Noord-Brabant,Freshwater Ecosystem Degradation,0,0.9064341299411879,3.323698878288269,wet,1
2024-08-01,8,NL414,Zuidoost-Noord-Brabant,Freshwater Ecosystem Degradation,0,0.894326910820027,2.4005433320999146,wet,1
2024-09-01,9,NL414,Zuidoost-Noord-Brabant,Freshwater Ecosystem Degradation,1,0.8370112693837806,3.6095246076583862,wet,1
2024-10-01,10,NL414,Zuidoost-Noord-Brabant,Freshwater Ecosystem Degradation,0,0.7548692099652052,2.8009841442108154,wet,1
2024-11-01,11,NL414,Zuidoost-Noord-Brabant,Freshwater Ecosystem Degradation,0,0.6916766871883202,2.219056189060211,wet,1
2024-12-01,12,NL414,Zuidoost-Noord-Brabant,Freshwater Ecosystem Degradation,1,0.5913269934426708,2.0562921166419983,wet,1
2025-01-01,1,NL414,Zuidoost-Noord-Brabant,Freshwater Ecosystem Degradation,0,0.6220853615376922,2.2320687770843506,wet,1
2025-02-01,2,NL414,Zuidoost-Noord-Brabant,Freshwater Ecosystem Degradation,0,0.6503658769351456,1.7058507800102234,wet,1
2025-03-01,3,NL414,Zuidoost-Noord-Brabant,Freshwater Ecosystem Degradation,0,0.8541414059093363,1.2108392715454102,wet,1
2025-04-01,4,NL414,Zuidoost-Noord-Brabant,Freshwater Ecosystem Degradation,0,0.8233999759198539,0.6923550665378571,near_normal,1
2025-05-01,5,NL414,Zuidoost-Noord-Brabant,Freshwater Ecosystem Degradation,0,0.9189830295858212,-0.4158538803458214,near_normal,1
2025-06-01,6,NL414,Zuidoost-Noord-Brabant,Freshwater Ecosystem Degradation,1,0.8846787220898384,-0.6612778455018997,near_normal,1
2025-07-01,7,NL414,Zuidoost-Noord-Brabant,Freshwater Ecosystem Degradation,1,0.8666945289326905,-1.0086569488048553,dry,1
2025-08-01,8,NL414,Zuidoost-Noord-Brabant,Freshwater Ecosystem Degradation,1,0.8975154655207995,-1.6495905816555023,dry,1
2025-09-01,9,NL414,Zuidoost-Noord-Brabant,Freshwater Ecosystem Degradation,0,0.7846860533624785,-1.5304934084415436,dry,1
2023-12-01,12,NL421,Noord-Limburg,Freshwater Ecosystem Degradation,0,0.34727426104068004,2.145362138748169,wet,1
2024-01-01,1,NL421,Noord-Limburg,Freshwater Ecosystem Degradation,0,0.3740919509184083,1.8593108654022217,wet,1
2024-02-01,2,NL421,Noord-Limburg,Freshwater Ecosystem Degradation,0,0.3841699408116464,2.512042760848999,wet,1
2024-03-01,3,NL421,Noord-Limburg,Freshwater Ecosystem Degradation,0,0.5521942206797151,1.865483283996582,wet,1
2024-04-01,4,NL421,Noord-Limburg,Freshwater Ecosystem Degradation,0,0.6316734066498271,1.9734376668930054,wet,1
2024-05-01,5,NL421,Noord-Limburg,Freshwater Ecosystem Degradation,0,0.7591008908411438,2.605700731277466,wet,1
2024-06-01,6,NL421,Noord-Limburg,Freshwater Ecosystem Degradation,0,0.7972414675005001,2.8035495281219482,wet,1
2024-07-01,7,NL421,Noord-Limburg,Freshwater Ecosystem Degradation,1,0.7619393408837419,3.2032430171966553,wet,1
2024-08-01,8,NL421,Noord-Limburg,Freshwater Ecosystem Degradation,0,0.7257884539544863,2.251657724380493,wet,1
2024-09-01,9,NL421,Noord-Limburg,Freshwater Ecosystem Degradation,0,0.6384286113374611,3.5400261878967285,wet,1
2024-10-01,10,NL421,Noord-Limburg,Freshwater Ecosystem Degradation,0,0.530935938043251,2.855512857437134,wet,1
2024-11-01,11,NL421,Noord-Limburg,Freshwater Ecosystem Degradation,0,0.4544606393239569,2.196915864944458,wet,1
2024-12-01,12,NL421,Noord-Limburg,Freshwater Ecosystem Degradation,0,0.36011929600128334,2.03786039352417,wet,1
2025-01-01,1,NL421,Noord-Limburg,Freshwater Ecosystem Degradation,0,0.37434023174302383,2.306771755218506,wet,1
2025-02-01,2,NL421,Noord-Limburg,Freshwater Ecosystem Degradation,0,0.4167414154828233,1.68009352684021,wet,1
2025-03-01,3,NL421,Noord-Limburg,Freshwater Ecosystem Degradation,0,0.7225249103066737,1.0877587795257568,wet,1
2025-04-01,4,NL421,Noord-Limburg,Freshwater Ecosystem Degradation,1,0.6404443624320825,0.6619554162025452,near_normal,1
2025-05-01,5,NL421,Noord-Limburg,Freshwater Ecosystem Degradation,0,0.8059646975581688,-0.44544780254364014,near_normal,1
2025-06-01,6,NL421,Noord-Limburg,Freshwater Ecosystem Degradation,0,0.7342851233773846,-0.5798614025115967,near_normal,1
2025-07-01,7,NL421,Noord-Limburg,Freshwater Ecosystem Degradation,1,0.7105020681239442,-0.800941526889801,near_normal,1
2025-08-01,8,NL421,Noord-Limburg,Freshwater Ecosystem Degradation,0,0.7611243971840481,-1.2454304695129395,dry,1
2025-09-01,9,NL421,Noord-Limburg,Freshwater Ecosystem Degradation,0,0.5684093213319407,-1.325162410736084,dry,1
2023-12-01,12,NL422,Midden-Limburg,Freshwater Ecosystem Degradation,0,0.34834002382509305,1.8910537958145142,wet,1
2024-01-01,1,NL422,Midden-Limburg,Freshwater Ecosystem Degradation,1,0.37931463488752165,1.595084309577942,wet,1
2024-02-01,2,NL422,Midden-Limburg,Freshwater Ecosystem Degradation,0,0.3982641241867304,2.1346378326416016,wet,1
2024-03-01,3,NL422,Midden-Limburg,Freshwater Ecosystem Degradation,0,0.5634625917919647,1.6730749607086182,wet,1
2024-04-01,4,NL422,Midden-Limburg,Freshwater Ecosystem Degradation,0,0.6294342497892014,1.7786504030227661,wet,1
2024-05-01,5,NL422,Midden-Limburg,Freshwater Ecosystem Degradation,0,0.7595185442325992,2.3970389366149902,wet,1
2024-06-01,6,NL422,Midden-Limburg,Freshwater Ecosystem Degradation,0,0.8211368455735699,2.6647117137908936,wet,1
2024-07-01,7,NL422,Midden-Limburg,Freshwater Ecosystem Degradation,1,0.798660858376874,2.893308162689209,wet,1
2024-08-01,8,NL422,Midden-Limburg,Freshwater Ecosystem Degradation,0,0.7355644474867833,2.179447650909424,wet,1
2024-09-01,9,NL422,Midden-Limburg,Freshwater Ecosystem Degradation,0,0.6523271664889864,3.121680974960327,wet,1
2024-10-01,10,NL422,Midden-Limburg,Freshwater Ecosystem Degradation,0,0.5166500875095275,2.612539768218994,wet,1
2024-11-01,11,NL422,Midden-Limburg,Freshwater Ecosystem Degradation,0,0.4430830781965915,2.029146194458008,wet,1
2024-12-01,12,NL422,Midden-Limburg,Freshwater Ecosystem Degradation,0,0.3575516235627588,1.9572449922561646,wet,1
2025-01-01,1,NL422,Midden-Limburg,Freshwater Ecosystem Degradation,0,0.37542549917677576,2.3007307052612305,wet,1
2025-02-01,2,NL422,Midden-Limburg,Freshwater Ecosystem Degradation,0,0.43060390262053494,1.6659852266311646,wet,1
2025-03-01,3,NL422,Midden-Limburg,Freshwater Ecosystem Degradation,0,0.7097999370784706,1.1294753551483154,wet,1
2025-04-01,4,NL422,Midden-Limburg,Freshwater Ecosystem Degradation,1,0.6502046051818599,0.6900760531425476,near_normal,1
2025-05-01,5,NL422,Midden-Limburg,Freshwater Ecosystem Degradation,1,0.8075491458777233,-0.4340934157371521,near_normal,1
2025-06-01,6,NL422,Midden-Limburg,Freshwater Ecosystem Degradation,0,0.7481319300505762,-0.5961017608642578,near_normal,1
2025-07-01,7,NL422,Midden-Limburg,Freshwater Ecosystem Degradation,1,0.7286100982517322,-0.7561391592025757,near_normal,1
2025-08-01,8,NL422,Midden-Limburg,Freshwater Ecosystem Degradation,0,0.7930029904842989,-1.2596315145492554,dry,1
2025-09-01,9,NL422,Midden-Limburg,Freshwater Ecosystem Degradation,0,0.6013811048672378,-1.256527304649353,dry,1
2023-12-01,12,NL423,Zuid-Limburg,Freshwater Ecosystem Degradation,0,0.21842309774454205,1.7045224905014038,wet,1
2024-01-01,1,NL423,Zuid-Limburg,Freshwater Ecosystem Degradation,0,0.23869973163983885,1.4646683931350708,wet,1
2024-02-01,2,NL423,Zuid-Limburg,Freshwater Ecosystem Degradation,0,0.25996070450881636,1.9057672023773193,wet,1
2024-03-01,3,NL423,Zuid-Limburg,Freshwater Ecosystem Degradation,0,0.3857347538033393,1.4721426963806152,wet,1
2024-04-01,4,NL423,Zuid-Limburg,Freshwater Ecosystem Degradation,0,0.46168194428276593,1.6109375953674316,wet,1
2024-05-01,5,NL423,Zuid-Limburg,Freshwater Ecosystem Degradation,0,0.6131831279782757,2.2602717876434326,wet,1
2024-06-01,6,NL423,Zuid-Limburg,Freshwater Ecosystem Degradation,0,0.702115741463822,2.4993674755096436,wet,1
2024-07-01,7,NL423,Zuid-Limburg,Freshwater Ecosystem Degradation,1,0.6804614043393231,2.575399398803711,wet,1
2024-08-01,8,NL423,Zuid-Limburg,Freshwater Ecosystem Degradation,0,0.6184163359711407,2.1789464950561523,wet,1
2024-09-01,9,NL423,Zuid-Limburg,Freshwater Ecosystem Degradation,0,0.5132356438525465,2.988447666168213,wet,1
2024-10-01,10,NL423,Zuid-Limburg,Freshwater Ecosystem Degradation,0,0.3884905986465004,2.581728458404541,wet,1
2024-11-01,11,NL423,Zuid-Limburg,Freshwater Ecosystem Degradation,0,0.3090387717907787,2.0978105068206787,wet,1
2024-12-01,12,NL423,Zuid-Limburg,Freshwater Ecosystem Degradation,0,0.24055815594994504,2.107192277908325,wet,1
2025-01-01,1,NL423,Zuid-Limburg,Freshwater Ecosystem Degradation,0,0.24157675949270205,2.49822735786438,wet,1
2025-02-01,2,NL423,Zuid-Limburg,Freshwater Ecosystem Degradation,0,0.319861701015747,1.7681748867034912,wet,1
2025-03-01,3,NL423,Zuid-Limburg,Freshwater Ecosystem Degradation,1,0.5819494469839022,1.286401629447937,wet,1
2025-04-01,4,NL423,Zuid-Limburg,Freshwater Ecosystem Degradation,1,0.5029332024823417,0.8446741700172424,near_normal,1
2025-05-01,5,NL423,Zuid-Limburg,Freshwater Ecosystem Degradation,0,0.6595469298227147,-0.30450639128685,near_normal,1
2025-06-01,6,NL423,Zuid-Limburg,Freshwater Ecosystem Degradation,0,0.6268749649495964,-0.48462241888046265,near_normal,1
2025-07-01,7,NL423,Zuid-Limburg,Freshwater Ecosystem Degradation,1,0.6320137566125575,-0.5175946354866028,near_normal,1
2025-08-01,8,NL423,Zuid-Limburg,Freshwater Ecosystem Degradation,0,0.6878414134498673,-1.1383399963378906,dry,1
2025-09-01,9,NL423,Zuid-Limburg,Freshwater Ecosystem Degradation,0,0.4541421266707632,-1.2109681367874146,dry,1
2023-12-01,12,NL111,Oost-Groningen,Groundwater Depletion,0,0.10414904186347171,1.8038720488548279,wet,1
2024-01-01,1,NL111,Oost-Groningen,Groundwater Depletion,0,0.13406569302228058,1.811567783355713,wet,1
2024-02-01,2,NL111,Oost-Groningen,Groundwater Depletion,0,0.1837366571437049,1.99618661403656,wet,1
2024-03-01,3,NL111,Oost-Groningen,Groundwater Depletion,0,0.29269424003323574,1.6847506165504456,wet,1
2024-04-01,4,NL111,Oost-Groningen,Groundwater Depletion,0,0.3670561535701704,1.9079570770263672,wet,1
2024-05-01,5,NL111,Oost-Groningen,Groundwater Depletion,0,0.4246497245584993,2.1447561979293823,wet,1
2024-06-01,6,NL111,Oost-Groningen,Groundwater Depletion,0,0.35450770396104764,2.7947285175323486,wet,1
2024-07-01,7,NL111,Oost-Groningen,Groundwater Depletion,0,0.2944926137058552,2.7147164344787598,wet,1
2024-08-01,8,NL111,Oost-Groningen,Groundwater Depletion,0,0.24722357212384535,2.659160852432251,wet,1
2024-09-01,9,NL111,Oost-Groningen,Groundwater Depletion,0,0.1671897528620378,2.968327760696411,wet,1
2024-10-01,10,NL111,Oost-Groningen,Groundwater Depletion,0,0.18941625116535094,1.971750020980835,wet,1
2024-11-01,11,NL111,Oost-Groningen,Groundwater Depletion,0,0.1935821238802563,1.6035258769989014,wet,1
2024-12-01,12,NL111,Oost-Groningen,Groundwater Depletion,0,0.24233027421802542,1.1509708762168884,wet,1
2025-01-01,1,NL111,Oost-Groningen,Groundwater Depletion,0,0.3025728153965199,1.0549432635307312,wet,1
2025-02-01,2,NL111,Oost-Groningen,Groundwater Depletion,1,0.38721374589673935,0.49514587223529816,near_normal,1
2025-03-01,3,NL111,Oost-Groningen,Groundwater Depletion,0,0.5208740229073188,0.1761770248413086,near_normal,1
2025-04-01,4,NL111,Oost-Groningen,Groundwater Depletion,0,0.6508506231043022,-0.4283472001552582,near_normal,1
2025-05-01,5,NL111,Oost-Groningen,Groundwater Depletion,0,0.7642379995116818,-0.9174109697341919,near_normal,1
2025-06-01,6,NL111,Oost-Groningen,Groundwater Depletion,0,0.7473366701902882,-0.9498004615306854,near_normal,1
2025-07-01,7,NL111,Oost-Groningen,Groundwater Depletion,0,0.6701267704349874,-1.1780112385749817,dry,1
2025-08-01,8,NL111,Oost-Groningen,Groundwater Depletion,0,0.652771875874386,-1.31639963388443,dry,1
2025-09-01,9,NL111,Oost-Groningen,Groundwater Depletion,0,0.4790372518424743,-1.4372192025184631,dry,1
2023-12-01,12,NL112,Delfzijl en omgeving,Groundwater Depletion,0,0.11806462030367011,1.5477043390274048,wet,1
2024-01-01,1,NL112,Delfzijl en omgeving,Groundwater Depletion,0,0.1571817061003861,1.5744563341140747,wet,1
2024-03-01,3,NL112,Delfzijl en omgeving,Groundwater Depletion,0,0.3014184160742203,1.5986590385437012,wet,1
2024-04-01,4,NL112,Delfzijl en omgeving,Groundwater Depletion,0,0.3830578071299744,1.7463241815567017,wet,1
2024-05-01,5,NL112,Delfzijl en omgeving,Groundwater Depletion,0,0.4360648320588447,1.9306237697601318,wet,1
2024-06-01,6,NL112,Delfzijl en omgeving,Groundwater Depletion,0,0.37946282829781336,2.5208699703216553,wet,1
2024-07-01,7,NL112,Delfzijl en omgeving,Groundwater Depletion,0,0.3243706128858031,2.3603928089141846,wet,1
2024-08-01,8,NL112,Delfzijl en omgeving,Groundwater Depletion,0,0.2682097297862356,2.3377909660339355,wet,1
2024-09-01,9,NL112,Delfzijl en omgeving,Groundwater Depletion,0,0.1899232507120161,2.484579563140869,wet,1
2024-10-01,10,NL112,Delfzijl en omgeving,Groundwater Depletion,0,0.20114314882537537,1.6715155839920044,wet,1
2024-11-01,11,NL112,Delfzijl en omgeving,Groundwater Depletion,0,0.20678081886590968,1.3462355136871338,wet,1
2024-12-01,12,NL112,Delfzijl en omgeving,Groundwater Depletion,0,0.25085961760223363,0.9495850205421448,near_normal,1
2025-01-01,1,NL112,Delfzijl en omgeving,Groundwater Depletion,0,0.3168486770536033,0.815735936164856,near_normal,1
2025-02-01,2,NL112,Delfzijl en omgeving,Groundwater Depletion,0,0.41207905042275295,0.2707626223564148,near_normal,1
2025-03-01,3,NL112,Delfzijl en omgeving,Groundwater Depletion,0,0.5403214400518465,-0.011577821336686611,near_normal,1
2025-04-01,4,NL112,Delfzijl en omgeving,Groundwater Depletion,0,0.6615930718846984,-0.536076009273529,near_normal,1
2025-05-01,5,NL112,Delfzijl en omgeving,Groundwater Depletion,0,0.772814865994918,-0.8959609270095825,near_normal,1
2025-06-01,6,NL112,Delfzijl en omgeving,Groundwater Depletion,0,0.7451895495689645,-0.9709566235542297,near_normal,1
2025-07-01,7,NL112,Delfzijl en omgeving,Groundwater Depletion,0,0.6780917278790796,-1.2213053703308105,dry,1
2025-08-01,8,NL112,Delfzijl en omgeving,Groundwater Depletion,0,0.6049879813421983,-1.3407152891159058,dry,1
2025-09-01,9,NL112,Delfzijl en omgeving,Groundwater Depletion,0,0.47136351853878555,-1.4633549451828003,dry,1
2023-12-01,12,NL113,Overig Groningen,Groundwater Depletion,0,0.09897493322688636,1.576159675916036,wet,1
2024-01-01,1,NL113,Overig Groningen,Groundwater Depletion,0,0.12903648270475,1.553696870803833,wet,1
2024-02-01,2,NL113,Overig Groningen,Groundwater Depletion,0,0.16492532153411332,1.8252516984939575,wet,1
2024-03-01,3,NL113,Overig Groningen,Groundwater Depletion,0,0.26737844822742857,1.5759201447168987,wet,1
2024-04-01,4,NL113,Overig Groningen,Groundwater Depletion,0,0.33334658879532625,1.7591425975163777,wet,1
2024-05-01,5,NL113,Overig Groningen,Groundwater Depletion,0,0.38402294417394917,1.9804979960123699,wet,1
2024-06-01,6,NL113,Overig Groningen,Groundwater Depletion,0,0.3376217546334734,2.5567835172017417,wet,1
2024-07-01,7,NL113,Overig Groningen,Groundwater Depletion,0,0.29705296117547136,2.325056314468384,wet,1
2024-08-01,8,NL113,Overig Groningen,Groundwater Depletion,0,0.23424721989833608,2.289264678955078,wet,1
2024-09-01,9,NL113,Overig Groningen,Groundwater Depletion,0,0.16436702721035282,2.4607760111490884,wet,1
2024-10-01,10,NL113,Overig Groningen,Groundwater Depletion,0,0.1721244042190701,1.74251393477122,wet,1
2024-11-01,11,NL113,Overig Groningen,Groundwater Depletion,0,0.17475744771248428,1.3726389805475872,wet,1
2024-12-01,12,NL113,Overig Groningen,Groundwater Depletion,0,0.21544943890069512,0.9944103360176086,near_normal,1
2025-01-01,1,NL113,Overig Groningen,Groundwater Depletion,0,0.2721538458925645,0.8821484843889872,near_normal,1
2025-02-01,2,NL113,Overig Groningen,Groundwater Depletion,0,0.36446147308375204,0.31073737144470215,near_normal,1
2025-03-01,3,NL113,Overig Groningen,Groundwater Depletion,0,0.4936457550204754,0.035581901048620544,near_normal,1
2025-04-01,4,NL113,Overig Groningen,Groundwater Depletion,0,0.6071506921907739,-0.45748992760976154,near_normal,1
2025-05-01,5,NL113,Overig Groningen,Groundwater Depletion,0,0.7321325838482492,-0.8022730549176534,near_normal,1
2025-06-01,6,NL113,Overig Groningen,Groundwater Depletion,0,0.703587172122768,-0.9125909010569254,near_normal,1
2025-07-01,7,NL113,Overig Groningen,Groundwater Depletion,0,0.6338626624574789,-1.1193293333053589,dry,1
2025-08-01,8,NL113,Overig Groningen,Groundwater Depletion,0,0.59358800021559,-1.2605481147766113,dry,1
2025-09-01,9,NL113,Overig Groningen,Groundwater Depletion,0,0.42972521581301776,-1.4358088970184326,dry,1
2023-12-01,12,NL124,Noord-Friesland,Groundwater Depletion,0,0.11914193510940763,1.4863542318344116,wet,1
2024-01-01,1,NL124,Noord-Friesland,Groundwater Depletion,0,0.16528302365792427,1.3574422895908356,wet,1
2024-02-01,2,NL124,Noord-Friesland,Groundwater Depletion,0,0.19779896597481517,1.7159639298915863,wet,1
2024-03-01,3,NL124,Noord-Friesland,Groundwater Depletion,0,0.3150806742401415,1.4683093130588531,wet,1
2024-04-01,4,NL124,Noord-Friesland,Groundwater Depletion,1,0.3752150259353497,1.7018274664878845,wet,1
2024-05-01,5,NL124,Noord-Friesland,Groundwater Depletion,0,0.4322863041867926,1.886545330286026,wet,1
2024-06-01,6,NL124,Noord-Friesland,Groundwater Depletion,0,0.3848381589066957,2.4364304542541504,wet,1
2024-07-01,7,NL124,Noord-Friesland,Groundwater Depletion,0,0.34495694562189366,2.1045264899730682,wet,1
2024-08-01,8,NL124,Noord-Friesland,Groundwater Depletion,0,0.27755683331301645,2.0753729045391083,wet,1
2024-09-01,9,NL124,Noord-Friesland,Groundwater Depletion,0,0.19932064343043315,2.2301748991012573,wet,1
2024-10-01,10,NL124,Noord-Friesland,Groundwater Depletion,0,0.20560110969251044,1.551231563091278,wet,1
2024-11-01,11,NL124,Noord-Friesland,Groundwater Depletion,0,0.21561835704574336,1.0981620252132416,wet,1
2024-12-01,12,NL124,Noord-Friesland,Groundwater Depletion,0,0.2598096710225667,0.7735436260700226,near_normal,1
2025-01-01,1,NL124,Noord-Friesland,Groundwater Depletion,0,0.32233217218962285,0.6505173146724701,near_normal,1
2025-02-01,2,NL124,Noord-Friesland,Groundwater Depletion,0,0.43261694652402743,0.10699054750148207,near_normal,1
2025-03-01,3,NL124,Noord-Friesland,Groundwater Depletion,0,0.5746161188195971,-0.16945494152605534,near_normal,1
2025-04-01,4,NL124,Noord-Friesland,Groundwater Depletion,1,0.6640021962953486,-0.7064715921878815,near_normal,1
2025-05-01,5,NL124,Noord-Friesland,Groundwater Depletion,1,0.7604347812435173,-0.9263435304164886,near_normal,1
2025-06-01,6,NL124,Noord-Friesland,Groundwater Depletion,1,0.7341034221779722,-1.0629418939352036,dry,1
2025-07-01,7,NL124,Noord-Friesland,Groundwater Depletion,0,0.6667250024107749,-1.2299838960170746,dry,1
2025-08-01,8,NL124,Noord-Friesland,Groundwater Depletion,0,0.6307443687782357,-1.4811941981315613,dry,1
2025-09-01,9,NL124,Noord-Friesland,Groundwater Depletion,0,0.4563641730885307,-1.572517216205597,dry,1
2023-12-01,12,NL125,Zuidwest-Friesland,Groundwater Depletion,0,0.05610110780371021,1.63624769449234,wet,1
2024-01-01,1,NL125,Zuidwest-Friesland,Groundwater Depletion,0,0.08469711314856535,1.4139912724494934,wet,1
2024-02-01,2,NL125,Zuidwest-Friesland,Groundwater Depletion,0,0.10759364140205241,1.7786154747009277,wet,1
2024-03-01,3,NL125,Zuidwest-Friesland,Groundwater Depletion,0,0.18003808043637487,1.5638866424560547,wet,1
2024-04-01,4,NL125,Zuidwest-Friesland,Groundwater Depletion,1,0.2253057149817287,1.8326656818389893,wet,1
2024-05-01,5,NL125,Zuidwest-Friesland,Groundwater Depletion,0,0.25162034696259206,2.1068438291549683,wet,1
2024-06-01,6,NL125,Zuidwest-Friesland,Groundwater Depletion,0,0.22011615407613017,2.634555220603943,wet,1
2024-07-01,7,NL125,Zuidwest-Friesland,Groundwater Depletion,0,0.19701754906198768,2.177721381187439,wet,1
2024-08-01,8,NL125,Zuidwest-Friesland,Groundwater Depletion,0,0.15455892458975587,2.1380834579467773,wet,1
2024-09-01,9,NL125,Zuidwest-Friesland,Groundwater Depletion,0,0.10718817895229124,2.2827683687210083,wet,1
2024-10-01,10,NL125,Zuidwest-Friesland,Groundwater Depletion,0,0.11194137364297346,1.732323706150055,wet,1
2024-11-01,11,NL125,Zuidwest-Friesland,Groundwater Depletion,0,0.12282309474150445,1.1893419027328491,wet,1
2024-12-01,12,NL125,Zuidwest-Friesland,Groundwater Depletion,0,0.14622122775895904,0.9064917862415314,near_normal,1
2025-01-01,1,NL125,Zuidwest-Friesland,Groundwater Depletion,0,0.17892701783244547,0.7681446671485901,near_normal,1
2025-02-01,2,NL125,Zuidwest-Friesland,Groundwater Depletion,0,0.2691434610942805,0.15459422394633293,near_normal,1
2025-03-01,3,NL125,Zuidwest-Friesland,Groundwater Depletion,0,0.4141372769654434,-0.20276711881160736,near_normal,1
2025-04-01,4,NL125,Zuidwest-Friesland,Groundwater Depletion,0,0.4848575220904592,-0.842517763376236,near_normal,1
2025-05-01,5,NL125,Zuidwest-Friesland,Groundwater Depletion,0,0.6020344743924115,-1.0782914757728577,dry,1
2025-06-01,6,NL125,Zuidwest-Friesland,Groundwater Depletion,0,0.5797871137708871,-1.1937094926834106,dry,1
2025-07-01,7,NL125,Zuidwest-Friesland,Groundwater Depletion,0,0.4899247459869919,-1.2997994422912598,dry,1
2025-08-01,8,NL125,Zuidwest-Friesland,Groundwater Depletion,0,0.4467683381059297,-1.5020229816436768,dry,1
2025-09-01,9,NL125,Zuidwest-Friesland,Groundwater Depletion,0,0.2984952821856283,-1.550790548324585,dry,1
2023-12-01,12,NL126,Zuidoost-Friesland,Groundwater Depletion,0,0.09812936883695833,1.6415513753890991,wet,1
2024-01-01,1,NL126,Zuidoost-Friesland,Groundwater Depletion,0,0.13093560252973502,1.545999010403951,wet,1
2024-03-01,3,NL126,Zuidoost-Friesland,Groundwater Depletion,0,0.2899327544972796,1.5629839499791462,wet,1
2024-04-01,4,NL126,Zuidoost-Friesland,Groundwater Depletion,1,0.3522313447827272,1.7216502825419109,wet,1
2024-05-01,5,NL126,Zuidoost-Friesland,Groundwater Depletion,0,0.3899724642819298,2.123636484146118,wet,1
2024-06-01,6,NL126,Zuidoost-Friesland,Groundwater Depletion,0,0.33751886780903834,2.8139727115631104,wet,1
2024-07-01,7,NL126,Zuidoost-Friesland,Groundwater Depletion,0,0.29220729537730844,2.4634934266408286,wet,1
2024-08-01,8,NL126,Zuidoost-Friesland,Groundwater Depletion,0,0.244463413579747,2.2954910596211753,wet,1
2024-09-01,9,NL126,Zuidoost-Friesland,Groundwater Depletion,0,0.16681517363700715,2.6972495714823403,wet,1
2024-10-01,10,NL126,Zuidoost-Friesland,Groundwater Depletion,0,0.17594053459805686,1.9253834088643391,wet,1
2024-11-01,11,NL126,Zuidoost-Friesland,Groundwater Depletion,0,0.1888565223801198,1.4363560279210408,wet,1
2024-12-01,12,NL126,Zuidoost-Friesland,Groundwater Depletion,0,0.22569104196620907,1.123047669728597,wet,1
2025-01-01,1,NL126,Zuidoost-Friesland,Groundwater Depletion,0,0.2741783978391451,1.0151313543319702,wet,1
2025-02-01,2,NL126,Zuidoost-Friesland,Groundwater Depletion,0,0.3773296965486823,0.39727561672528583,near_normal,1
2025-03-01,3,NL126,Zuidoost-Friesland,Groundwater Depletion,0,0.5092055109293349,0.04762745307137569,near_normal,1
2025-04-01,4,NL126,Zuidoost-Friesland,Groundwater Depletion,0,0.6197510287569845,-0.49264203508694965,near_normal,1
2025-05-01,5,NL126,Zuidoost-Friesland,Groundwater Depletion,1,0.7521964351302239,-0.9436053037643433,near_normal,1
2025-06-01,6,NL126,Zuidoost-Friesland,Groundwater Depletion,0,0.7262524981859866,-1.055333097775777,dry,1
2025-07-01,7,NL126,Zuidoost-Friesland,Groundwater Depletion,0,0.6486041368234076,-1.1487988233566284,dry,1
2025-08-01,8,NL126,Zuidoost-Friesland,Groundwater Depletion,0,0.6347856678433688,-1.3487204710642497,dry,1
2025-09-01,9,NL126,Zuidoost-Friesland,Groundwater Depletion,0,0.46311158789963197,-1.5328909953435261,dry,1
2023-12-01,12,NL131,Noord-Drenthe,Groundwater Depletion,0,0.20597954703023522,1.685130774974823,wet,1
2024-01-01,1,NL131,Noord-Drenthe,Groundwater Depletion,0,0.26260865800340616,1.625184416770935,wet,1
2024-02-01,2,NL131,Noord-Drenthe,Groundwater Depletion,0,0.3315712374901337,1.908049762248993,wet,1
2024-03-01,3,NL131,Noord-Drenthe,Groundwater Depletion,0,0.49028309362225936,1.6074219346046448,wet,1
2024-04-01,4,NL131,Noord-Drenthe,Groundwater Depletion,0,0.5564415649553806,1.7808722257614136,wet,1
2024-05-01,5,NL131,Noord-Drenthe,Groundwater Depletion,0,0.6034139567461467,2.125525951385498,wet,1
2024-06-01,6,NL131,Noord-Drenthe,Groundwater Depletion,0,0.524172798448086,2.8354954719543457,wet,1
2024-07-01,7,NL131,Noord-Drenthe,Groundwater Depletion,1,0.4864431344211287,2.568251371383667,wet,1
2024-08-01,8,NL131,Noord-Drenthe,Groundwater Depletion,0,0.4296161827028655,2.437190890312195,wet,1
2024-09-01,9,NL131,Noord-Drenthe,Groundwater Depletion,0,0.32457935740169536,2.765575647354126,wet,1
2024-10-01,10,NL131,Noord-Drenthe,Groundwater Depletion,0,0.33276763692843236,1.9603742957115173,wet,1
2024-11-01,11,NL131,Noord-Drenthe,Groundwater Depletion,0,0.34600518110842005,1.541092872619629,wet,1
2024-12-01,12,NL131,Noord-Drenthe,Groundwater Depletion,0,0.40393329994244964,1.1613088250160217,wet,1
2025-01-01,1,NL131,Noord-Drenthe,Groundwater Depletion,0,0.4791367519965919,1.0562910437583923,wet,1
2025-02-01,2,NL131,Noord-Drenthe,Groundwater Depletion,0,0.5802159303602598,0.4693644195795059,near_normal,1
2025-03-01,3,NL131,Noord-Drenthe,Groundwater Depletion,0,0.686891932987608,0.14078162051737309,near_normal,1
2025-04-01,4,NL131,Noord-Drenthe,Groundwater Depletion,0,0.7975082611096571,-0.37382109463214874,near_normal,1
2025-05-01,5,NL131,Noord-Drenthe,Groundwater Depletion,0,0.8725319697754539,-0.8759167492389679,near_normal,1
2025-06-01,6,NL131,Noord-Drenthe,Groundwater Depletion,0,0.8661243782969752,-0.9764733612537384,near_normal,1
2025-07-01,7,NL131,Noord-Drenthe,Groundwater Depletion,0,0.8175737075253736,-1.0990380644798279,dry,1
2025-08-01,8,NL131,Noord-Drenthe,Groundwater Depletion,0,0.8093051379649713,-1.2489697933197021,dry,1
2025-09-01,9,NL131,Noord-Drenthe,Groundwater Depletion,0,0.6866703862599005,-1.4132501482963562,dry,1
2023-12-01,12,NL132,Zuidoost-Drenthe,Groundwater Depletion,0,0.06664381593504135,1.9405426979064941,wet,1
2024-01-01,1,NL132,Zuidoost-Drenthe,Groundwater Depletion,0,0.08711093448709634,1.862620234489441,wet,1
2024-02-01,2,NL132,Zuidoost-Drenthe,Groundwater Depletion,0,0.1224946172308663,2.074225902557373,wet,1
2024-03-01,3,NL132,Zuidoost-Drenthe,Groundwater Depletion,0,0.2141388974666678,1.7616868019104004,wet,1
2024-04-01,4,NL132,Zuidoost-Drenthe,Groundwater Depletion,0,0.25992485072179156,1.9577404260635376,wet,1
2024-05-01,5,NL132,Zuidoost-Drenthe,Groundwater Depletion,0,0.3039860773586549,2.271449089050293,wet,1
2024-06-01,6,NL132,Zuidoost-Drenthe,Groundwater Depletion,0,0.235798990983301,2.8965072631835938,wet,1
2024-07-01,7,NL132,Zuidoost-Drenthe,Groundwater Depletion,0,0.19694831979615132,2.828998327255249,wet,1
2024-08-01,8,NL132,Zuidoost-Drenthe,Groundwater Depletion,0,0.16456203169004915,2.8166348934173584,wet,1
2024-09-01,9,NL132,Zuidoost-Drenthe,Groundwater Depletion,0,0.10799552862355025,3.1048576831817627,wet,1
2024-10-01,10,NL132,Zuidoost-Drenthe,Groundwater Depletion,0,0.1186297988804678,2.167729139328003,wet,1
2024-11-01,11,NL132,Zuidoost-Drenthe,Groundwater Depletion,0,0.1256130090803492,1.7443439960479736,wet,1
2024-12-01,12,NL132,Zuidoost-Drenthe,Groundwater Depletion,0,0.15417855201500386,1.2934812307357788,wet,1
2025-01-01,1,NL132,Zuidoost-Drenthe,Groundwater Depletion,0,0.1987407532482475,1.196232557296753,wet,1
2025-02-01,2,NL132,Zuidoost-Drenthe,Groundwater Depletion,0,0.2737706594867485,0.622021496295929,near_normal,1
2025-03-01,3,NL132,Zuidoost-Drenthe,Groundwater Depletion,0,0.41450132853821015,0.29568547010421753,near_normal,1
2025-04-01,4,NL132,Zuidoost-Drenthe,Groundwater Depletion,0,0.5212763237633219,-0.27435654401779175,near_normal,1
2025-05-01,5,NL132,Zuidoost-Drenthe,Groundwater Depletion,0,0.6582854041698462,-0.8413411974906921,near_normal,1
2025-06-01,6,NL132,Zuidoost-Drenthe,Groundwater Depletion,0,0.6505342230419495,-0.9112480282783508,near_normal,1
2025-07-01,7,NL132,Zuidoost-Drenthe,Groundwater Depletion,0,0.5536683342463797,-1.104096531867981,dry,1
2025-08-01,8,NL132,Zuidoost-Drenthe,Groundwater Depletion,0,0.5517244699823706,-1.2686371803283691,dry,1
2025-09-01,9,NL132,Zuidoost-Drenthe,Groundwater Depletion,0,0.3777071575323594,-1.3522844314575195,dry,1
2023-12-01,12,NL133,Zuidwest-Drenthe,Groundwater Depletion,0,0.12617091528245392,1.7844210863113403,wet,1
2024-01-01,1,NL133,Zuidwest-Drenthe,Groundwater Depletion,0,0.15792296439036313,1.72472482919693,wet,1
2024-02-01,2,NL133,Zuidwest-Drenthe,Groundwater Depletion,0,0.21649497045061816,2.0366421341896057,wet,1
2024-03-01,3,NL133,Zuidwest-Drenthe,Groundwater Depletion,0,0.3432462939982194,1.7058511972427368,wet,1
2024-04-01,4,NL133,Zuidwest-Drenthe,Groundwater Depletion,0,0.4158209207797563,1.8357419967651367,wet,1
2024-05-01,5,NL133,Zuidwest-Drenthe,Groundwater Depletion,0,0.4488205243175724,2.266860604286194,wet,1
2024-06-01,6,NL133,Zuidwest-Drenthe,Groundwater Depletion,0,0.3781475141776477,2.907911777496338,wet,1
2024-07-01,7,NL133,Zuidwest-Drenthe,Groundwater Depletion,0,0.3357726091958534,2.7513095140457153,wet,1
2024-08-01,8,NL133,Zuidwest-Drenthe,Groundwater Depletion,0,0.291932445047092,2.632028818130493,wet,1
2024-09-01,9,NL133,Zuidwest-Drenthe,Groundwater Depletion,0,0.2013465181259779,3.0397181510925293,wet,1
2024-10-01,10,NL133,Zuidwest-Drenthe,Groundwater Depletion,0,0.21540015374463017,2.1555556058883667,wet,1
2024-11-01,11,NL133,Zuidwest-Drenthe,Groundwater Depletion,0,0.2249154326910913,1.7173022627830505,wet,1
2024-12-01,12,NL133,Zuidwest-Drenthe,Groundwater Depletion,0,0.2686465226530521,1.3606191873550415,wet,1
2025-01-01,1,NL133,Zuidwest-Drenthe,Groundwater Depletion,0,0.31142156831479634,1.2867012023925781,wet,1
2025-02-01,2,NL133,Zuidwest-Drenthe,Groundwater Depletion,0,0.4301729552030602,0.6509714722633362,near_normal,1
2025-03-01,3,NL133,Zuidwest-Drenthe,Groundwater Depletion,0,0.583189975361662,0.2719087675213814,near_normal,1
2025-04-01,4,NL133,Zuidwest-Drenthe,Groundwater Depletion,0,0.6821166404353146,-0.26466917246580124,near_normal,1
2025-05-01,5,NL133,Zuidwest-Drenthe,Groundwater Depletion,0,0.7925155414290923,-0.8783625960350037,near_normal,1
2025-06-01,6,NL133,Zuidwest-Drenthe,Groundwater Depletion,0,0.7874382750378571,-0.9638475477695465,near_normal,1
2025-07-01,7,NL133,Zuidwest-Drenthe,Groundwater Depletion,0,0.7114194079913142,-1.0526711344718933,dry,1
2025-08-01,8,NL133,Zuidwest-Drenthe,Groundwater Depletion,0,0.7156011044278463,-1.2207630276679993,dry,1
2025-09-01,9,NL133,Zuidwest-Drenthe,Groundwater Depletion,0,0.5519684697045084,-1.363072395324707,dry,1
2023-12-01,12,NL211,Noord-Overijssel,Groundwater Depletion,0,0.1054734652888385,1.8763700723648071,wet,1
2024-01-01,1,NL211,Noord-Overijssel,Groundwater Depletion,0,0.13178566908734413,1.8030700087547302,wet,1
2024-02-01,2,NL211,Noord-Overijssel,Groundwater Depletion,0,0.18306651964949952,2.1056063175201416,wet,1
2024-03-01,3,NL211,Noord-Overijssel,Groundwater Depletion,0,0.2793041235863794,1.7778285145759583,wet,1
2024-04-01,4,NL211,Noord-Overijssel,Groundwater Depletion,0,0.36922584275013015,1.8979318737983704,wet,1
2024-05-01,5,NL211,Noord-Overijssel,Groundwater Depletion,0,0.39671928384290717,2.330261468887329,wet,1
2024-06-01,6,NL211,Noord-Overijssel,Groundwater Depletion,0,0.33859477030818574,2.892736077308655,wet,1
2024-07-01,7,NL211,Noord-Overijssel,Groundwater Depletion,0,0.2723143124876745,2.926464080810547,wet,1
2024-08-01,8,NL211,Noord-Overijssel,Groundwater Depletion,0,0.2377745584885565,2.801928162574768,wet,1
2024-09-01,9,NL211,Noord-Overijssel,Groundwater Depletion,0,0.16366755722395948,3.1640535593032837,wet,1
2024-10-01,10,NL211,Noord-Overijssel,Groundwater Depletion,0,0.17881552092837638,2.2690484523773193,wet,1
2024-11-01,11,NL211,Noord-Overijssel,Groundwater Depletion,0,0.18775352467751094,1.8291608691215515,wet,1
2024-12-01,12,NL211,Noord-Overijssel,Groundwater Depletion,0,0.2262013013227805,1.4506611824035645,wet,1
2025-01-01,1,NL211,Noord-Overijssel,Groundwater Depletion,0,0.27679272362662055,1.3931864500045776,wet,1
2025-02-01,2,NL211,Noord-Overijssel,Groundwater Depletion,0,0.37571339007442656,0.753440797328949,near_normal,1
2025-03-01,3,NL211,Noord-Overijssel,Groundwater Depletion,0,0.5234020867789854,0.3611278682947159,near_normal,1
2025-04-01,4,NL211,Noord-Overijssel,Groundwater Depletion,1,0.624365313268396,-0.20052483677864075,near_normal,1
2025-05-01,5,NL211,Noord-Overijssel,Groundwater Depletion,0,0.7579884292964676,-0.8454030454158783,near_normal,1
2025-06-01,6,NL211,Noord-Overijssel,Groundwater Depletion,1,0.7499887069261576,-0.9478132128715515,near_normal,1
2025-07-01,7,NL211,Noord-Overijssel,Groundwater Depletion,1,0.6593878874320136,-1.0653294920921326,dry,1
2025-08-01,8,NL211,Noord-Overijssel,Groundwater Depletion,0,0.6435442934401511,-1.2702912092208862,dry,1
2025-09-01,9,NL211,Noord-Overijssel,Groundwater Depletion,0,0.4778199254523361,-1.3825294971466064,dry,1
2023-12-01,12,NL212,Zuidwest-Overijssel,Groundwater Depletion,0,0.33272980036537747,1.9005659818649292,wet,1
2024-01-01,1,NL212,Zuidwest-Overijssel,Groundwater Depletion,0,0.3839075013852214,1.8292285203933716,wet,1
2024-02-01,2,NL212,Zuidwest-Overijssel,Groundwater Depletion,0,0.4779379742570047,2.213228702545166,wet,1
2024-03-01,3,NL212,Zuidwest-Overijssel,Groundwater Depletion,0,0.6090484437336053,1.849002480506897,wet,1
2024-04-01,4,NL212,Zuidwest-Overijssel,Groundwater Depletion,0,0.7105220388344397,1.9571956396102905,wet,1
2024-05-01,5,NL212,Zuidwest-Overijssel,Groundwater Depletion,0,0.7297693669374712,2.3873307704925537,wet,1
2024-06-01,6,NL212,Zuidwest-Overijssel,Groundwater Depletion,0,0.6823705819338374,2.8320765495300293,wet,1
2024-07-01,7,NL212,Zuidwest-Overijssel,Groundwater Depletion,0,0.5853020277818948,3.2399985790252686,wet,1
2024-08-01,8,NL212,Zuidwest-Overijssel,Groundwater Depletion,0,0.5660998666775552,2.890531063079834,wet,1
2024-09-01,9,NL212,Zuidwest-Overijssel,Groundwater Depletion,0,0.4458401125979819,3.281804084777832,wet,1
2024-10-01,10,NL212,Zuidwest-Overijssel,Groundwater Depletion,0,0.4723557516900877,2.341593027114868,wet,1
2024-11-01,11,NL212,Zuidwest-Overijssel,Groundwater Depletion,0,0.4838565918205587,1.9496963024139404,wet,1
2024-12-01,12,NL212,Zuidwest-Overijssel,Groundwater Depletion,0,0.5317237544210531,1.6000728607177734,wet,1
2025-01-01,1,NL212,Zuidwest-Overijssel,Groundwater Depletion,0,0.5893182893337687,1.6217764616012573,wet,1
2025-02-01,2,NL212,Zuidwest-Overijssel,Groundwater Depletion,0,0.6988960381575023,0.9912475943565369,near_normal,1
2025-03-01,3,NL212,Zuidwest-Overijssel,Groundwater Depletion,0,0.8096547008510205,0.5870882868766785,near_normal,1
2025-04-01,4,NL212,Zuidwest-Overijssel,Groundwater Depletion,0,0.8720513631520759,-0.03741263225674629,near_normal,1
2025-05-01,5,NL212,Zuidwest-Overijssel,Groundwater Depletion,0,0.9247537892736996,-0.7523486614227295,near_normal,1
2025-06-01,6,NL212,Zuidwest-Overijssel,Groundwater Depletion,1,0.9229041873962261,-0.9098113179206848,near_normal,1
2025-07-01,7,NL212,Zuidwest-Overijssel,Groundwater Depletion,0,0.8888740344093936,-1.0562019348144531,dry,1
2025-08-01,8,NL212,Zuidwest-Overijssel,Groundwater Depletion,0,0.887598779002812,-1.332362413406372,dry,1
2025-09-01,9,NL212,Zuidwest-Overijssel,Groundwater Depletion,0,0.8071477015548971,-1.4136707782745361,dry,1
2023-12-01,12,NL213,Twente,Groundwater Depletion,0,0.4375766652193977,1.877382477124532,wet,1
2024-01-01,1,NL213,Twente,Groundwater Depletion,0,0.5031811710237986,1.7741056680679321,wet,1
2024-02-01,2,NL213,Twente,Groundwater Depletion,0,0.5923993860545895,2.1074114640553794,wet,1
2024-03-01,3,NL213,Twente,Groundwater Depletion,1,0.7251306861248636,1.7495448191960652,wet,1
2024-04-01,4,NL213,Twente,Groundwater Depletion,0,0.7928254727607337,1.8394211530685425,wet,1
2024-05-01,5,NL213,Twente,Groundwater Depletion,0,0.8104105328305186,2.2049256960550943,wet,1
2024-06-01,6,NL213,Twente,Groundwater Depletion,0,0.789017749806646,2.5858238538106284,wet,1
2024-07-01,7,NL213,Twente,Groundwater Depletion,0,0.6982943388174233,2.9343260129292807,wet,1
2024-08-01,8,NL213,Twente,Groundwater Depletion,0,0.6715821946664596,2.6960832277933755,wet,1
2024-09-01,9,NL213,Twente,Groundwater Depletion,0,0.541547366642593,3.2426631450653076,wet,1
2024-10-01,10,NL213,Twente,Groundwater Depletion,0,0.5724593970089384,2.2757716178894043,wet,1
2024-11-01,11,NL213,Twente,Groundwater Depletion,0,0.5830023617709525,1.856828014055888,wet,1
2024-12-01,12,NL213,Twente,Groundwater Depletion,0,0.6324829306292928,1.449364145596822,wet,1
2025-01-01,1,NL213,Twente,Groundwater Depletion,0,0.6950822929598913,1.4633930921554565,wet,1
2025-02-01,2,NL213,Twente,Groundwater Depletion,0,0.7912145632836493,0.8273681799570719,near_normal,1
2025-03-01,3,NL213,Twente,Groundwater Depletion,1,0.8863063149444498,0.45466773708661395,near_normal,1
2025-04-01,4,NL213,Twente,Groundwater Depletion,0,0.9176445329580589,-0.08532259364922841,near_normal,1
2025-05-01,5,NL213,Twente,Groundwater Depletion,0,0.9490141223750236,-0.7380898396174113,near_normal,1
2025-06-01,6,NL213,Twente,Groundwater Depletion,1,0.9500328953107922,-0.8258537650108337,near_normal,1
2025-07-01,7,NL213,Twente,Groundwater Depletion,0,0.9240808048752676,-0.9453806678454081,near_normal,1
2025-08-01,8,NL213,Twente,Groundwater Depletion,0,0.9286948069833735,-1.2185680468877156,dry,1
2025-09-01,9,NL213,Twente,Groundwater Depletion,0,0.8594397668236826,-1.2572739521662395,dry,1
2023-12-01,12,NL221,Veluwe,Groundwater Depletion,0,0.4537682067427766,1.9351237614949544,wet,1
2024-01-01,1,NL221,Veluwe,Groundwater Depletion,0,0.5188427847446181,1.8073323965072632,wet,1
2024-02-01,2,NL221,Veluwe,Groundwater Depletion,0,0.5905293799086943,2.2413116296132407,wet,1
2024-03-01,3,NL221,Veluwe,Groundwater Depletion,0,0.7225251801583986,1.8151774009068806,wet,1
2024-04-01,4,NL221,Veluwe,Groundwater Depletion,0,0.8027422572778588,2.02529247601827,wet,1
2024-05-01,5,NL221,Veluwe,Groundwater Depletion,0,0.8145388464213973,2.5431505044301352,wet,1
2024-06-01,6,NL221,Veluwe,Groundwater Depletion,0,0.790154469466269,2.9275620778401694,wet,1
2024-07-01,7,NL221,Veluwe,Groundwater Depletion,0,0.7084659065428991,3.333141009012858,wet,1
2024-08-01,8,NL221,Veluwe,Groundwater Depletion,0,0.6947772570604891,2.8060739040374756,wet,1
2024-09-01,9,NL221,Veluwe,Groundwater Depletion,0,0.5754923646851647,3.3057305812835693,wet,1
2024-10-01,10,NL221,Veluwe,Groundwater Depletion,0,0.5968937904235176,2.3737645149230957,wet,1
2024-11-01,11,NL221,Veluwe,Groundwater Depletion,0,0.6229043065668244,1.9296060800552368,wet,1
2024-12-01,12,NL221,Veluwe,Groundwater Depletion,0,0.6625299820606989,1.6137422720591228,wet,1
2025-01-01,1,NL221,Veluwe,Groundwater Depletion,0,0.6995539179239901,1.6722465356190999,wet,1
2025-02-01,2,NL221,Veluwe,Groundwater Depletion,0,0.7911577920435361,1.0694556037584941,wet,1
2025-03-01,3,NL221,Veluwe,Groundwater Depletion,0,0.884426940270231,0.6522466341654459,near_normal,1
2025-04-01,4,NL221,Veluwe,Groundwater Depletion,1,0.9189345345052181,-0.03821267498036226,near_normal,1
2025-05-01,5,NL221,Veluwe,Groundwater Depletion,0,0.9537780469466305,-0.8415002226829529,near_normal,1
2025-06-01,6,NL221,Veluwe,Groundwater Depletion,0,0.9553377777015117,-0.9649274547894796,near_normal,1
2025-07-01,7,NL221,Veluwe,Groundwater Depletion,1,0.933759427110548,-1.1212384700775146,dry,1
2025-08-01,8,NL221,Veluwe,Groundwater Depletion,0,0.9355383469158595,-1.4766345818837483,dry,1
2025-09-01,9,NL221,Veluwe,Groundwater Depletion,0,0.878397154254627,-1.5261424779891968,dry,1
2023-12-01,12,NL224,Zuidwest-Gelderland,Groundwater Depletion,0,0.1298599235417233,1.9365487098693848,wet,1
2024-01-01,1,NL224,Zuidwest-Gelderland,Groundwater Depletion,1,0.1721248524151556,1.685375452041626,wet,1
2024-02-01,2,NL224,Zuidwest-Gelderland,Groundwater Depletion,0,0.2061063337856492,2.1737860441207886,wet,1
2024-03-01,3,NL224,Zuidwest-Gelderland,Groundwater Depletion,0,0.3359900581898225,1.7497069239616394,wet,1
2024-04-01,4,NL224,Zuidwest-Gelderland,Groundwater Depletion,0,0.42516619519378374,2.014431595802307,wet,1
2024-05-01,5,NL224,Zuidwest-Gelderland,Groundwater Depletion,0,0.4549128093609766,2.511814832687378,wet,1
2024-06-01,6,NL224,Zuidwest-Gelderland,Groundwater Depletion,0,0.41148460386615054,2.8723764419555664,wet,1
2024-07-01,7,NL224,Zuidwest-Gelderland,Groundwater Depletion,0,0.31185845094177084,3.360319137573242,wet,1
2024-08-01,8,NL224,Zuidwest-Gelderland,Groundwater Depletion,0,0.3024548065281951,2.7078782320022583,wet,1
2024-09-01,9,NL224,Zuidwest-Gelderland,Groundwater Depletion,0,0.17897833763174853,3.562034487724304,wet,1
2024-10-01,10,NL224,Zuidwest-Gelderland,Groundwater Depletion,0,0.20735373117581746,2.6191734075546265,wet,1
2024-11-01,11,NL224,Zuidwest-Gelderland,Groundwater Depletion,0,0.23106253416545208,2.088479518890381,wet,1
2024-12-01,12,NL224,Zuidwest-Gelderland,Groundwater Depletion,0,0.24514731887132593,1.848576307296753,wet,1
2025-01-01,1,NL224,Zuidwest-Gelderland,Groundwater Depletion,1,0.2703523282493018,1.9212733507156372,wet,1
2025-02-01,2,NL224,Zuidwest-Gelderland,Groundwater Depletion,0,0.36844362999666624,1.400187075138092,wet,1
2025-03-01,3,NL224,Zuidwest-Gelderland,Groundwater Depletion,0,0.5870057031350557,0.972754567861557,near_normal,1
2025-04-01,4,NL224,Zuidwest-Gelderland,Groundwater Depletion,0,0.6324578659835618,0.29149629175662994,near_normal,1
2025-05-01,5,NL224,Zuidwest-Gelderland,Groundwater Depletion,1,0.7840923335938476,-0.6283363997936249,near_normal,1
2025-06-01,6,NL224,Zuidwest-Gelderland,Groundwater Depletion,0,0.7699277396201636,-0.8211278021335602,near_normal,1
2025-07-01,7,NL224,Zuidwest-Gelderland,Groundwater Depletion,0,0.7033991887644457,-1.0137033462524414,dry,1
2025-08-01,8,NL224,Zuidwest-Gelderland,Groundwater Depletion,0,0.6914239036178739,-1.4959520101547241,dry,1
2025-09-01,9,NL224,Zuidwest-Gelderland,Groundwater Depletion,0,0.5348187100076268,-1.5776581168174744,dry,1
2023-12-01,12,NL225,Achterhoek,Groundwater Depletion,0,0.32145480806231413,1.9582886695861816,wet,1
2024-01-01,1,NL225,Achterhoek,Groundwater Depletion,0,0.38069910546158336,1.805512011051178,wet,1
2024-02-01,2,NL225,Achterhoek,Groundwater Depletion,1,0.4427255111172629,2.2859821915626526,wet,1
2024-03-01,3,NL225,Achterhoek,Groundwater Depletion,0,0.5840767447056576,1.7744671404361725,wet,1
2024-04-01,4,NL225,Achterhoek,Groundwater Depletion,0,0.7052847011251835,1.8754302561283112,wet,1
2024-05-01,5,NL225,Achterhoek,Groundwater Depletion,0,0.7288527100495497,2.249455988407135,wet,1
2024-06-01,6,NL225,Achterhoek,Groundwater Depletion,0,0.7173000786603824,2.5028456449508667,wet,1
2024-07-01,7,NL225,Achterhoek,Groundwater Depletion,0,0.593234759173173,2.9508511424064636,wet,1
2024-08-01,8,NL225,Achterhoek,Groundwater Depletion,0,0.5759733236086043,2.5167282819747925,wet,1
2024-09-01,9,NL225,Achterhoek,Groundwater Depletion,0,0.4092931386841331,3.3198123574256897,wet,1
2024-10-01,10,NL225,Achterhoek,Groundwater Depletion,0,0.4444828120920597,2.387208878993988,wet,1
2024-11-01,11,NL225,Achterhoek,Groundwater Depletion,0,0.4622539289653464,1.9416667819023132,wet,1
2024-12-01,12,NL225,Achterhoek,Groundwater Depletion,0,0.5069966011790452,1.5921784937381744,wet,1
2025-01-01,1,NL225,Achterhoek,Groundwater Depletion,0,0.553678413364462,1.7311365902423859,wet,1
2025-02-01,2,NL225,Achterhoek,Groundwater Depletion,0,0.6828867649536727,1.0746888369321823,wet,1
2025-03-01,3,NL225,Achterhoek,Groundwater Depletion,1,0.8072165655290057,0.6834009438753128,near_normal,1
2025-04-01,4,NL225,Achterhoek,Groundwater Depletion,1,0.8643545002270818,0.09695965144783258,near_normal,1
2025-05-01,5,NL225,Achterhoek,Groundwater Depletion,1,0.9180394938036056,-0.612250030040741,near_normal,1
2025-06-01,6,NL225,Achterhoek,Groundwater Depletion,0,0.9132462087631628,-0.7061386853456497,near_normal,1
2025-07-01,7,NL225,Achterhoek,Groundwater Depletion,0,0.873215042717241,-0.8033000975847244,near_normal,1
2025-08-01,8,NL225,Achterhoek,Groundwater Depletion,0,0.8893982558787005,-1.172307550907135,dry,1
2025-09-01,9,NL225,Achterhoek,Groundwater Depletion,1,0.794473531697095,-1.218297392129898,dry,1
2023-12-01,12,NL226,Arnhem/Nijmegen,Groundwater Depletion,0,0.2096396034826206,2.0403103033701577,wet,1
2024-01-01,1,NL226,Arnhem/Nijmegen,Groundwater Depletion,1,0.26328238531721243,1.8382607301076253,wet,1
2024-02-01,2,NL226,Arnhem/Nijmegen,Groundwater Depletion,1,0.30305999072990886,2.3888396422068277,wet,1
2024-03-01,3,NL226,Arnhem/Nijmegen,Groundwater Depletion,0,0.45336863246732617,1.8225633303324382,wet,1
2024-04-01,4,NL226,Arnhem/Nijmegen,Groundwater Depletion,0,0.5717937833178373,2.003558794657389,wet,1
2024-05-01,5,NL226,Arnhem/Nijmegen,Groundwater Depletion,0,0.597705014438321,2.5283732414245605,wet,1
2024-06-01,6,NL226,Arnhem/Nijmegen,Groundwater Depletion,0,0.572070181433115,2.8170496622721353,wet,1
2024-07-01,7,NL226,Arnhem/Nijmegen,Groundwater Depletion,0,0.42172822054047565,3.480062961578369,wet,1
2024-08-01,8,NL226,Arnhem/Nijmegen,Groundwater Depletion,0,0.4325858569686751,2.6924848556518555,wet,1
2024-09-01,9,NL226,Arnhem/Nijmegen,Groundwater Depletion,0,0.26769544791628613,3.6542739868164062,wet,1
2024-10-01,10,NL226,Arnhem/Nijmegen,Groundwater Depletion,0,0.3083263620312459,2.6188717683156333,wet,1
2024-11-01,11,NL226,Arnhem/Nijmegen,Groundwater Depletion,0,0.3346620347222461,2.119877894719442,wet,1
2024-12-01,12,NL226,Arnhem/Nijmegen,Groundwater Depletion,0,0.3619904102056521,1.8100270827611287,wet,1
2025-01-01,1,NL226,Arnhem/Nijmegen,Groundwater Depletion,1,0.39509375734759045,1.9685104290644329,wet,1
2025-02-01,2,NL226,Arnhem/Nijmegen,Groundwater Depletion,0,0.5144793267054276,1.3947044213612874,wet,1
2025-03-01,3,NL226,Arnhem/Nijmegen,Groundwater Depletion,0,0.680675705064358,0.9596504171689352,near_normal,1
2025-04-01,4,NL226,Arnhem/Nijmegen,Groundwater Depletion,0,0.76168720532818,0.3398151993751526,near_normal,1
2025-05-01,5,NL226,Arnhem/Nijmegen,Groundwater Depletion,0,0.8619342416473598,-0.5684083700180054,near_normal,1
2025-06-01,6,NL226,Arnhem/Nijmegen,Groundwater Depletion,0,0.8545348888362773,-0.671301543712616,near_normal,1
2025-07-01,7,NL226,Arnhem/Nijmegen,Groundwater Depletion,0,0.8041764429797315,-0.846276581287384,near_normal,1
2025-08-01,8,NL226,Arnhem/Nijmegen,Groundwater Depletion,0,0.7976023344223288,-1.2885345220565796,dry,1
2025-09-01,9,NL226,Arnhem/Nijmegen,Groundwater Depletion,0,0.6878234490556034,-1.3259549935658772,dry,1
2023-12-01,12,NL230,Flevoland,Groundwater Depletion,1,0.11719615750674109,1.8151381413141887,wet,1
2024-01-01,1,NL230,Flevoland,Groundwater Depletion,0,0.15475112639043132,1.6810797452926636,wet,1
2024-02-01,2,NL230,Flevoland,Groundwater Depletion,0,0.20252862835710586,2.042652944723765,wet,1
2024-03-01,3,NL230,Flevoland,Groundwater Depletion,1,0.2977396042997338,1.7197583715120952,wet,1
2024-04-01,4,NL230,Flevoland,Groundwater Depletion,0,0.39800707653388256,1.9411502679189045,wet,1
2024-05-01,5,NL230,Flevoland,Groundwater Depletion,1,0.4255647122038342,2.439574877421061,wet,1
2024-06-01,6,NL230,Flevoland,Groundwater Depletion,0,0.3690413589667127,2.9559825658798218,wet,1
2024-07-01,7,NL230,Flevoland,Groundwater Depletion,0,0.3197757648672839,2.801535407702128,wet,1
2024-08-01,8,NL230,Flevoland,Groundwater Depletion,0,0.26993177627456505,2.583793560663859,wet,1
2024-09-01,9,NL230,Flevoland,Groundwater Depletion,0,0.19525126112687904,2.821715792020162,wet,1
2024-10-01,10,NL230,Flevoland,Groundwater Depletion,0,0.21200611736196076,2.08377875884374,wet,1
2024-11-01,11,NL230,Flevoland,Groundwater Depletion,0,0.22431248177770027,1.6295397281646729,wet,1
2024-12-01,12,NL230,Flevoland,Groundwater Depletion,0,0.2572191580238025,1.3571658531824748,wet,1
2025-01-01,1,NL230,Flevoland,Groundwater Depletion,0,0.29665852586710095,1.31018461783727,wet,1
2025-02-01,2,NL230,Flevoland,Groundwater Depletion,0,0.40732728507700994,0.681924487153689,near_normal,1
2025-03-01,3,NL230,Flevoland,Groundwater Depletion,1,0.5999615617826648,0.25594955605144304,near_normal,1
2025-04-01,4,NL230,Flevoland,Groundwater Depletion,0,0.6547693796955766,-0.42615289986133575,near_normal,1
2025-05-01,5,NL230,Flevoland,Groundwater Depletion,0,0.77127228936267,-1.02263805270195,dry,1
2025-06-01,6,NL230,Flevoland,Groundwater Depletion,0,0.7759232049630189,-1.1407394806543987,dry,1
2025-07-01,7,NL230,Flevoland,Groundwater Depletion,0,0.6963410628111439,-1.2951755126317341,dry,1
2025-08-01,8,NL230,Flevoland,Groundwater Depletion,0,0.6697017390775035,-1.5772170821825664,dry,1
2025-09-01,9,NL230,Flevoland,Groundwater Depletion,0,0.5153478723558023,-1.6643696029980977,dry,1
2023-12-01,12,NL310,Utrecht,Groundwater Depletion,0,0.20737014583079624,1.8131556908289592,wet,1
2024-01-01,1,NL310,Utrecht,Groundwater Depletion,0,0.2653705061327571,1.6331657965977986,wet,1
2024-02-01,2,NL310,Utrecht,Groundwater Depletion,0,0.3235975289142204,2.060304045677185,wet,1
2024-03-01,3,NL310,Utrecht,Groundwater Depletion,0,0.46351588891302153,1.6860721111297607,wet,1
2024-04-01,4,NL310,Utrecht,Groundwater Depletion,0,0.5730137321431558,1.934793512026469,wet,1
2024-05-01,5,NL310,Utrecht,Groundwater Depletion,0,0.6000407091445558,2.4599483807881675,wet,1
2024-06-01,6,NL310,Utrecht,Groundwater Depletion,0,0.5548141529970423,2.8643977642059326,wet,1
2024-07-01,7,NL310,Utrecht,Groundwater Depletion,0,0.4860922953688539,2.9952971935272217,wet,1
2024-08-01,8,NL310,Utrecht,Groundwater Depletion,0,0.4525406504550246,2.573964277903239,wet,1
2024-09-01,9,NL310,Utrecht,Groundwater Depletion,0,0.32589991341644314,2.949850559234619,wet,1
2024-10-01,10,NL310,Utrecht,Groundwater Depletion,0,0.3415218062033991,2.2675256729125977,wet,1
2024-11-01,11,NL310,Utrecht,Groundwater Depletion,0,0.36126881600755206,1.8243724505106609,wet,1
2024-12-01,12,NL310,Utrecht,Groundwater Depletion,0,0.3854246997633608,1.599138617515564,wet,1
2025-01-01,1,NL310,Utrecht,Groundwater Depletion,0,0.4292718786712445,1.6418602069218953,wet,1
2025-02-01,2,NL310,Utrecht,Groundwater Depletion,0,0.5422959870314892,1.0959928433100383,wet,1
2025-03-01,3,NL310,Utrecht,Groundwater Depletion,0,0.742280052261139,0.6640455524126688,near_normal,1
2025-04-01,4,NL310,Utrecht,Groundwater Depletion,0,0.7745995132888784,-0.07301297783851624,near_normal,1
2025-05-01,5,NL310,Utrecht,Groundwater Depletion,0,0.8713661446743673,-0.8883529901504517,near_normal,1
2025-06-01,6,NL310,Utrecht,Groundwater Depletion,1,0.8642753915121318,-1.0327074925104778,dry,1
2025-07-01,7,NL310,Utrecht,Groundwater Depletion,0,0.8173037674820156,-1.170036753018697,dry,1
2025-08-01,8,NL310,Utrecht,Groundwater Depletion,0,0.8046223247285219,-1.5849626461664836,dry,1
2025-09-01,9,NL310,Utrecht,Groundwater Depletion,0,0.6730186622320763,-1.695322314898173,dry,1
2023-12-01,12,NL321,Kop van Noord-Holland,Groundwater Depletion,0,0.07686172882435865,1.812544584274292,wet,1
2024-01-01,1,NL321,Kop van Noord-Holland,Groundwater Depletion,0,0.1109369282999243,1.6329838037490845,wet,1
2024-02-01,2,NL321,Kop van Noord-Holland,Groundwater Depletion,0,0.14465619255026058,1.9536860883235931,wet,1
2024-03-01,3,NL321,Kop van Noord-Holland,Groundwater Depletion,0,0.22643802255674003,1.7587225437164307,wet,1
2024-04-01,4,NL321,Kop van Noord-Holland,Groundwater Depletion,0,0.2818256530978225,2.091783583164215,wet,1
2024-05-01,5,NL321,Kop van Noord-Holland,Groundwater Depletion,0,0.3202440299844694,2.2810864448547363,wet,1
2024-06-01,6,NL321,Kop van Noord-Holland,Groundwater Depletion,0,0.29779295020989066,2.7499186396598816,wet,1
2024-07-01,7,NL321,Kop van Noord-Holland,Groundwater Depletion,0,0.26904578319103445,2.32273006439209,wet,1
2024-08-01,8,NL321,Kop van Noord-Holland,Groundwater Depletion,0,0.21196601725992484,2.314435124397278,wet,1
2024-09-01,9,NL321,Kop van Noord-Holland,Groundwater Depletion,0,0.14216129560878613,2.3948420882225037,wet,1
2024-10-01,10,NL321,Kop van Noord-Holland,Groundwater Depletion,0,0.15560510577270364,1.7925672829151154,wet,1
2024-11-01,11,NL321,Kop van Noord-Holland,Groundwater Depletion,1,0.16958925177234963,1.154409036040306,wet,1
2024-12-01,12,NL321,Kop van Noord-Holland,Groundwater Depletion,0,0.19886631091672016,0.8799158334732056,near_normal,1
2025-01-01,1,NL321,Kop van Noord-Holland,Groundwater Depletion,0,0.24664648536418723,0.7503800988197327,near_normal,1
2025-02-01,2,NL321,Kop van Noord-Holland,Groundwater Depletion,0,0.3436751093998268,0.1837369699496776,near_normal,1
2025-03-01,3,NL321,Kop van Noord-Holland,Groundwater Depletion,0,0.49430484836193805,-0.19919294212013483,near_normal,1
2025-04-01,4,NL321,Kop van Noord-Holland,Groundwater Depletion,0,0.5907916499347836,-0.8529584109783173,near_normal,1
2025-05-01,5,NL321,Kop van Noord-Holland,Groundwater Depletion,0,0.6814097049999666,-1.0707411617040634,dry,1
2025-06-01,6,NL321,Kop van Noord-Holland,Groundwater Depletion,0,0.6600506799576531,-1.2265169620513916,dry,1
2025-07-01,7,NL321,Kop van Noord-Holland,Groundwater Depletion,0,0.5744056085247492,-1.3985914885997772,dry,1
2025-08-01,8,NL321,Kop van Noord-Holland,Groundwater Depletion,0,0.5285499295034102,-1.6699672937393188,dry,1
2025-09-01,9,NL321,Kop van Noord-Holland,Groundwater Depletion,0,0.3719504194717313,-1.6399725377559662,dry,1
2023-12-01,12,NL323,IJmond,Groundwater Depletion,0,0.052350141638105044,1.9724016189575195,wet,1
2024-01-01,1,NL323,IJmond,Groundwater Depletion,0,0.07964985775474649,1.7469192743301392,wet,1
2024-02-01,2,NL323,IJmond,Groundwater Depletion,0,0.10960913827103662,1.9654667377471924,wet,1
2024-03-01,3,NL323,IJmond,Groundwater Depletion,0,0.1679391002397882,1.801576018333435,wet,1
2024-04-01,4,NL323,IJmond,Groundwater Depletion,0,0.22552684148990784,2.1092770099639893,wet,1
2024-05-01,5,NL323,IJmond,Groundwater Depletion,0,0.24901147779366853,2.3961286544799805,wet,1
2024-06-01,6,NL323,IJmond,Groundwater Depletion,0,0.23167653810665395,2.795001268386841,wet,1
2024-07-01,7,NL323,IJmond,Groundwater Depletion,0,0.2149292080788087,2.374518632888794,wet,1
2024-08-01,8,NL323,IJmond,Groundwater Depletion,0,0.14753210366631023,2.4498143196105957,wet,1
2024-09-01,9,NL323,IJmond,Groundwater Depletion,0,0.10203804514240893,2.5644779205322266,wet,1
2024-10-01,10,NL323,IJmond,Groundwater Depletion,0,0.11423808869686501,2.1055748462677,wet,1
2024-11-01,11,NL323,IJmond,Groundwater Depletion,0,0.12542278379678465,1.2876315116882324,wet,1
2024-12-01,12,NL323,IJmond,Groundwater Depletion,0,0.1456541981128245,1.054290771484375,wet,1
2025-01-01,1,NL323,IJmond,Groundwater Depletion,0,0.18158207124641512,0.9302926659584045,near_normal,1
2025-02-01,2,NL323,IJmond,Groundwater Depletion,0,0.2569995754096109,0.3864094913005829,near_normal,1
2025-03-01,3,NL323,IJmond,Groundwater Depletion,0,0.46005294682611414,-0.0300010796636343,near_normal,1
2025-04-01,4,NL323,IJmond,Groundwater Depletion,0,0.49009455628687487,-0.679432213306427,near_normal,1
2025-05-01,5,NL323,IJmond,Groundwater Depletion,0,0.5967283282991803,-1.0121432542800903,dry,1
2025-06-01,6,NL323,IJmond,Groundwater Depletion,0,0.5939221942440132,-1.1519043445587158,dry,1
2025-07-01,7,NL323,IJmond,Groundwater Depletion,0,0.4869235738527923,-1.336739182472229,dry,1
2025-08-01,8,NL323,IJmond,Groundwater Depletion,0,0.45289210100832084,-1.6172122955322266,dry,1
2025-09-01,9,NL323,IJmond,Groundwater Depletion,0,0.2962424988986197,-1.5776567459106445,dry,1
2023-12-01,12,NL324,Agglomeratie Haarlem,Groundwater Depletion,1,0.057669514778264395,1.8669588565826416,wet,1
2024-01-01,1,NL324,Agglomeratie Haarlem,Groundwater Depletion,0,0.08214272363797376,1.647356390953064,wet,1
2024-02-01,2,NL324,Agglomeratie Haarlem,Groundwater Depletion,0,0.11396704935785751,1.945382833480835,wet,1
2024-03-01,3,NL324,Agglomeratie Haarlem,Groundwater Depletion,0,0.18621662793207067,1.7071410417556763,wet,1
2024-04-01,4,NL324,Agglomeratie Haarlem,Groundwater Depletion,0,0.237897391668624,1.988879919052124,wet,1
2024-05-01,5,NL324,Agglomeratie Haarlem,Groundwater Depletion,0,0.2564737456707934,2.4034242630004883,wet,1
2024-06-01,6,NL324,Agglomeratie Haarlem,Groundwater Depletion,0,0.23196844164980085,2.8238632678985596,wet,1
2024-07-01,7,NL324,Agglomeratie Haarlem,Groundwater Depletion,0,0.22078762356521806,2.4710593223571777,wet,1
2024-08-01,8,NL324,Agglomeratie Haarlem,Groundwater Depletion,0,0.15755078145955403,2.520214796066284,wet,1
2024-09-01,9,NL324,Agglomeratie Haarlem,Groundwater Depletion,0,0.11063980106236641,2.598809242248535,wet,1
2024-10-01,10,NL324,Agglomeratie Haarlem,Groundwater Depletion,0,0.11502785600544001,2.1641006469726562,wet,1
2024-11-01,11,NL324,Agglomeratie Haarlem,Groundwater Depletion,0,0.12679756721159144,1.519848108291626,wet,1
2024-12-01,12,NL324,Agglomeratie Haarlem,Groundwater Depletion,0,0.14593435266378516,1.3313369750976562,wet,1
2025-01-01,1,NL324,Agglomeratie Haarlem,Groundwater Depletion,0,0.17567292555812022,1.2478913068771362,wet,1
2025-02-01,2,NL324,Agglomeratie Haarlem,Groundwater Depletion,0,0.2523002710961692,0.668552577495575,near_normal,1
2025-03-01,3,NL324,Agglomeratie Haarlem,Groundwater Depletion,0,0.4463491117116656,0.24341583251953125,near_normal,1
2025-04-01,4,NL324,Agglomeratie Haarlem,Groundwater Depletion,0,0.49891738466678276,-0.45443814992904663,near_normal,1
2025-05-01,5,NL324,Agglomeratie Haarlem,Groundwater Depletion,0,0.6183795759669946,-0.9552810192108154,near_normal,1
2025-06-01,6,NL324,Agglomeratie Haarlem,Groundwater Depletion,0,0.6245196949790609,-1.0814781188964844,dry,1
2025-07-01,7,NL324,Agglomeratie Haarlem,Groundwater Depletion,0,0.5129325726036094,-1.2436511516571045,dry,1
2025-08-01,8,NL324,Agglomeratie Haarlem,Groundwater Depletion,0,0.4718199418004988,-1.534304141998291,dry,1
2025-09-01,9,NL324,Agglomeratie Haarlem,Groundwater Depletion,0,0.31847056905356885,-1.641973853111267,dry,1
2023-12-01,12,NL325,Zaanstreek,Groundwater Depletion,1,0.03159568936949146,1.7692939043045044,wet,1
2024-01-01,1,NL325,Zaanstreek,Groundwater Depletion,0,0.045421688704545264,1.6169030666351318,wet,1
2024-02-01,2,NL325,Zaanstreek,Groundwater Depletion,0,0.05895860686422275,1.957419753074646,wet,1
2024-03-01,3,NL325,Zaanstreek,Groundwater Depletion,0,0.09892077885757519,1.6453285217285156,wet,1
2024-04-01,4,NL325,Zaanstreek,Groundwater Depletion,0,0.14457988300502558,1.9042351245880127,wet,1
2024-05-01,5,NL325,Zaanstreek,Groundwater Depletion,0,0.15800185601799077,2.3876869678497314,wet,1
2024-06-01,6,NL325,Zaanstreek,Groundwater Depletion,0,0.14231286274210106,2.875868558883667,wet,1
2024-07-01,7,NL325,Zaanstreek,Groundwater Depletion,0,0.12482736248985182,2.6098756790161133,wet,1
2024-08-01,8,NL325,Zaanstreek,Groundwater Depletion,0,0.09254342075910742,2.4586730003356934,wet,1
2024-09-01,9,NL325,Zaanstreek,Groundwater Depletion,0,0.05763050169543422,2.6439425945281982,wet,1
2024-10-01,10,NL325,Zaanstreek,Groundwater Depletion,0,0.0627416617983653,2.0523898601531982,wet,1
2024-11-01,11,NL325,Zaanstreek,Groundwater Depletion,0,0.0692619840564106,1.5562342405319214,wet,1
2024-12-01,12,NL325,Zaanstreek,Groundwater Depletion,0,0.0794900260927874,1.3256824016571045,wet,1
2025-01-01,1,NL325,Zaanstreek,Groundwater Depletion,0,0.09877066629653874,1.2905166149139404,wet,1
2025-02-01,2,NL325,Zaanstreek,Groundwater Depletion,0,0.14433182663842833,0.7351674437522888,near_normal,1
2025-03-01,3,NL325,Zaanstreek,Groundwater Depletion,0,0.28830381279293393,0.2895616590976715,near_normal,1
2025-04-01,4,NL325,Zaanstreek,Groundwater Depletion,0,0.3070130975243353,-0.44397521018981934,near_normal,1
2025-05-01,5,NL325,Zaanstreek,Groundwater Depletion,0,0.46855827326065375,-1.0350122451782227,dry,1
2025-06-01,6,NL325,Zaanstreek,Groundwater Depletion,0,0.44164323041180176,-1.1691848039627075,dry,1
2025-07-01,7,NL325,Zaanstreek,Groundwater Depletion,0,0.37212168144092367,-1.3288004398345947,dry,1
2025-08-01,8,NL325,Zaanstreek,Groundwater Depletion,0,0.32443622216158213,-1.6849058866500854,dry,1
2025-09-01,9,NL325,Zaanstreek,Groundwater Depletion,0,0.21897551189832662,-1.740875005722046,dry,1
2023-12-01,12,NL327,Het Gooi en Vechtstreek,Groundwater Depletion,0,0.11043880352631191,1.7685881853103638,wet,1
2024-01-01,1,NL327,Het Gooi en Vechtstreek,Groundwater Depletion,0,0.1492356737638076,1.636123776435852,wet,1
2024-03-01,3,NL327,Het Gooi en Vechtstreek,Groundwater Depletion,0,0.2876027344785738,1.6505409479141235,wet,1
2024-04-01,4,NL327,Het Gooi en Vechtstreek,Groundwater Depletion,0,0.3943618307822679,1.8591419458389282,wet,1
2024-05-01,5,NL327,Het Gooi en Vechtstreek,Groundwater Depletion,0,0.4194876429108147,2.378713369369507,wet,1
2024-06-01,6,NL327,Het Gooi en Vechtstreek,Groundwater Depletion,0,0.36171505432264006,2.898977279663086,wet,1
2024-07-01,7,NL327,Het Gooi en Vechtstreek,Groundwater Depletion,0,0.32701180824931075,2.7814443111419678,wet,1
2024-08-01,8,NL327,Het Gooi en Vechtstreek,Groundwater Depletion,0,0.2837638834130844,2.4918413162231445,wet,1
2024-09-01,9,NL327,Het Gooi en Vechtstreek,Groundwater Depletion,0,0.19422512309420564,2.7578084468841553,wet,1
2024-10-01,10,NL327,Het Gooi en Vechtstreek,Groundwater Depletion,0,0.2064953409146869,2.0412652492523193,wet,1
2024-11-01,11,NL327,Het Gooi en Vechtstreek,Groundwater Depletion,0,0.21689227023944121,1.6262489557266235,wet,1
2024-12-01,12,NL327,Het Gooi en Vechtstreek,Groundwater Depletion,0,0.24109479601425213,1.3761451244354248,wet,1
2025-01-01,1,NL327,Het Gooi en Vechtstreek,Groundwater Depletion,0,0.28669616980489376,1.3592329025268555,wet,1
2025-02-01,2,NL327,Het Gooi en Vechtstreek,Groundwater Depletion,0,0.3868431326610161,0.8063275814056396,near_normal,1
2025-03-01,3,NL327,Het Gooi en Vechtstreek,Groundwater Depletion,0,0.5526448313142417,0.35810184478759766,near_normal,1
2025-04-01,4,NL327,Het Gooi en Vechtstreek,Groundwater Depletion,0,0.6266454560402244,-0.35341763496398926,near_normal,1
2025-05-01,5,NL327,Het Gooi en Vechtstreek,Groundwater Depletion,0,0.7703154144867658,-1.0387662649154663,dry,1
2025-06-01,6,NL327,Het Gooi en Vechtstreek,Groundwater Depletion,0,0.7526050107337232,-1.1725388765335083,dry,1
2025-07-01,7,NL327,Het Gooi en Vechtstreek,Groundwater Depletion,0,0.6823312896332303,-1.3508493900299072,dry,1
2025-08-01,8,NL327,Het Gooi en Vechtstreek,Groundwater Depletion,0,0.6582358479889562,-1.7118911743164062,dry,1
2025-09-01,9,NL327,Het Gooi en Vechtstreek,Groundwater Depletion,0,0.49644100169604066,-1.7690833806991577,dry,1
2023-12-01,12,NL328,Alkmaar en omgeving,Groundwater Depletion,0,0.0905688222886037,1.902960181236267,wet,1
2024-01-01,1,NL328,Alkmaar en omgeving,Groundwater Depletion,0,0.13109804194541186,1.7100821137428284,wet,1
2024-02-01,2,NL328,Alkmaar en omgeving,Groundwater Depletion,0,0.17739364759446227,1.9593284130096436,wet,1
2024-03-01,3,NL328,Alkmaar en omgeving,Groundwater Depletion,0,0.2604657333133632,1.739656686782837,wet,1
2024-04-01,4,NL328,Alkmaar en omgeving,Groundwater Depletion,0,0.3414564690403972,2.0186948776245117,wet,1
2024-05-01,5,NL328,Alkmaar en omgeving,Groundwater Depletion,0,0.37250534537602015,2.3344630002975464,wet,1
2024-06-01,6,NL328,Alkmaar en omgeving,Groundwater Depletion,0,0.3465116826479504,2.804568648338318,wet,1
2024-07-01,7,NL328,Alkmaar en omgeving,Groundwater Depletion,0,0.32365544388473266,2.428522229194641,wet,1
2024-08-01,8,NL328,Alkmaar en omgeving,Groundwater Depletion,0,0.2376992891499328,2.425881505012512,wet,1
2024-09-01,9,NL328,Alkmaar en omgeving,Groundwater Depletion,0,0.16383363797841324,2.5760817527770996,wet,1
2024-10-01,10,NL328,Alkmaar en omgeving,Groundwater Depletion,0,0.1782546557152018,2.0169880390167236,wet,1
2024-11-01,11,NL328,Alkmaar en omgeving,Groundwater Depletion,0,0.19759661742677964,1.3094255328178406,wet,1
2024-12-01,12,NL328,Alkmaar en omgeving,Groundwater Depletion,0,0.22760342418620763,1.0511134266853333,wet,1
2025-01-01,1,NL328,Alkmaar en omgeving,Groundwater Depletion,0,0.2773951694662084,0.9406598210334778,near_normal,1
2025-02-01,2,NL328,Alkmaar en omgeving,Groundwater Depletion,0,0.3769893335572419,0.40348732471466064,near_normal,1
2025-03-01,3,NL328,Alkmaar en omgeving,Groundwater Depletion,0,0.5471361467772907,-0.023991535417735577,near_normal,1
2025-04-01,4,NL328,Alkmaar en omgeving,Groundwater Depletion,0,0.6178268208542129,-0.6851816177368164,near_normal,1
2025-05-01,5,NL328,Alkmaar en omgeving,Groundwater Depletion,0,0.7207799253904578,-1.0560193061828613,dry,1
2025-06-01,6,NL328,Alkmaar en omgeving,Groundwater Depletion,0,0.6950611860013861,-1.200132429599762,dry,1
2025-07-01,7,NL328,Alkmaar en omgeving,Groundwater Depletion,0,0.6281547480357405,-1.380033254623413,dry,1
2025-08-01,8,NL328,Alkmaar en omgeving,Groundwater Depletion,0,0.5907292146599252,-1.6897867918014526,dry,1
2025-09-01,9,NL328,Alkmaar en omgeving,Groundwater Depletion,0,0.4406876813245771,-1.6552176475524902,dry,1
2023-12-01,12,NL329,Groot-Amsterdam,Groundwater Depletion,1,0.08787515898172689,1.7692939043045044,wet,1
2024-01-01,1,NL329,Groot-Amsterdam,Groundwater Depletion,0,0.12095417940834839,1.6169030666351318,wet,1
2024-02-01,2,NL329,Groot-Amsterdam,Groundwater Depletion,0,0.1599144245825531,1.957419753074646,wet,1
2024-03-01,3,NL329,Groot-Amsterdam,Groundwater Depletion,0,0.25028831398835644,1.6453285217285156,wet,1
2024-04-01,4,NL329,Groot-Amsterdam,Groundwater Depletion,1,0.3331832756905599,1.9042351245880127,wet,1
2024-05-01,5,NL329,Groot-Amsterdam,Groundwater Depletion,0,0.35744469140599205,2.3876869678497314,wet,1
2024-06-01,6,NL329,Groot-Amsterdam,Groundwater Depletion,0,0.3245288010982285,2.875868558883667,wet,1
2024-07-01,7,NL329,Groot-Amsterdam,Groundwater Depletion,0,0.2952379199019231,2.6098756790161133,wet,1
2024-08-01,8,NL329,Groot-Amsterdam,Groundwater Depletion,0,0.24267475915727396,2.4586730003356934,wet,1
2024-09-01,9,NL329,Groot-Amsterdam,Groundwater Depletion,0,0.16264401889342375,2.6439425945281982,wet,1
2024-10-01,10,NL329,Groot-Amsterdam,Groundwater Depletion,0,0.16825492570758,2.0523898601531982,wet,1
2024-11-01,11,NL329,Groot-Amsterdam,Groundwater Depletion,0,0.1805984716591207,1.5562342405319214,wet,1
2024-12-01,12,NL329,Groot-Amsterdam,Groundwater Depletion,0,0.2032598858792904,1.3256824016571045,wet,1
2025-01-01,1,NL329,Groot-Amsterdam,Groundwater Depletion,0,0.24276616542294308,1.2905166149139404,wet,1
2025-02-01,2,NL329,Groot-Amsterdam,Groundwater Depletion,0,0.3354930775323621,0.7351674437522888,near_normal,1
2025-03-01,3,NL329,Groot-Amsterdam,Groundwater Depletion,0,0.5312293006688462,0.2895616590976715,near_normal,1
2025-04-01,4,NL329,Groot-Amsterdam,Groundwater Depletion,0,0.5752069570423427,-0.44397521018981934,near_normal,1
2025-05-01,5,NL329,Groot-Amsterdam,Groundwater Depletion,0,0.7193094600503045,-1.0350122451782227,dry,1
2025-06-01,6,NL329,Groot-Amsterdam,Groundwater Depletion,0,0.7051994880906499,-1.1691848039627075,dry,1
2025-07-01,7,NL329,Groot-Amsterdam,Groundwater Depletion,0,0.6267457744138176,-1.3288004398345947,dry,1
2025-08-01,8,NL329,Groot-Amsterdam,Groundwater Depletion,0,0.5996650565529733,-1.6849058866500854,dry,1
2025-09-01,9,NL329,Groot-Amsterdam,Groundwater Depletion,0,0.43588982944938026,-1.740875005722046,dry,1
2023-12-01,12,NL332,Agglomeratie ’s-Gravenhage,Groundwater Depletion,0,0.04758851832678277,1.7348324060440063,wet,1
2024-01-01,1,NL332,Agglomeratie ’s-Gravenhage,Groundwater Depletion,0,0.0695432652442975,1.5479464530944824,wet,1
2024-02-01,2,NL332,Agglomeratie ’s-Gravenhage,Groundwater Depletion,0,0.09381383046419024,1.9152671098709106,wet,1
2024-03-01,3,NL332,Agglomeratie ’s-Gravenhage,Groundwater Depletion,0,0.1604288506538021,1.6138807535171509,wet,1
2024-04-01,4,NL332,Agglomeratie ’s-Gravenhage,Groundwater Depletion,0,0.21353273027849623,1.7927536964416504,wet,1
2024-05-01,5,NL332,Agglomeratie ’s-Gravenhage,Groundwater Depletion,0,0.2328278854613775,2.222562551498413,wet,1
2024-06-01,6,NL332,Agglomeratie ’s-Gravenhage,Groundwater Depletion,0,0.20359818920601153,2.651139974594116,wet,1
2024-07-01,7,NL332,Agglomeratie ’s-Gravenhage,Groundwater Depletion,0,0.17203339942405121,2.602553367614746,wet,1
2024-08-01,8,NL332,Agglomeratie ’s-Gravenhage,Groundwater Depletion,0,0.1380338158548046,2.614240884780884,wet,1
2024-09-01,9,NL332,Agglomeratie ’s-Gravenhage,Groundwater Depletion,0,0.09133420207007995,2.760681390762329,wet,1
2024-10-01,10,NL332,Agglomeratie ’s-Gravenhage,Groundwater Depletion,0,0.0912062915661353,2.217620849609375,wet,1
2024-11-01,11,NL332,Agglomeratie ’s-Gravenhage,Groundwater Depletion,0,0.09822345067166881,1.6578664779663086,wet,1
2024-12-01,12,NL332,Agglomeratie ’s-Gravenhage,Groundwater Depletion,0,0.10751940921439297,1.5298305749893188,wet,1
2025-01-01,1,NL332,Agglomeratie ’s-Gravenhage,Groundwater Depletion,0,0.12890778809532066,1.4456462860107422,wet,1
2025-02-01,2,NL332,Agglomeratie ’s-Gravenhage,Groundwater Depletion,0,0.1964802575256559,0.8826550841331482,near_normal,1
2025-03-01,3,NL332,Agglomeratie ’s-Gravenhage,Groundwater Depletion,0,0.2960679448469951,0.4521176517009735,near_normal,1
2025-04-01,4,NL332,Agglomeratie ’s-Gravenhage,Groundwater Depletion,0,0.411820228725202,-0.2299506515264511,near_normal,1
2025-05-01,5,NL332,Agglomeratie ’s-Gravenhage,Groundwater Depletion,0,0.5456153473162243,-0.8712313175201416,near_normal,1
2025-06-01,6,NL332,Agglomeratie ’s-Gravenhage,Groundwater Depletion,1,0.548527287216125,-1.0435134172439575,dry,1
2025-07-01,7,NL332,Agglomeratie ’s-Gravenhage,Groundwater Depletion,0,0.44374884810406,-1.2248507738113403,dry,1
2025-08-01,8,NL332,Agglomeratie ’s-Gravenhage,Groundwater Depletion,0,0.4039463684579143,-1.4840713739395142,dry,1
2025-09-01,9,NL332,Agglomeratie ’s-Gravenhage,Groundwater Depletion,0,0.2529258352898088,-1.723048210144043,dry,1
2023-12-01,12,NL333,Delft en Westland,Groundwater Depletion,0,0.04607411036798024,1.6360796689987183,wet,1
2024-01-01,1,NL333,Delft en Westland,Groundwater Depletion,0,0.06259556168285989,1.4589471817016602,wet,1
2024-02-01,2,NL333,Delft en Westland,Groundwater Depletion,0,0.08709645207737661,1.889495611190796,wet,1
2024-03-01,3,NL333,Delft en Westland,Groundwater Depletion,0,0.13923886184093343,1.5272536277770996,wet,1
2024-04-01,4,NL333,Delft en Westland,Groundwater Depletion,0,0.20830494696445312,1.6712430715560913,wet,1
2024-05-01,5,NL333,Delft en Westland,Groundwater Depletion,0,0.2249838857994066,2.103944778442383,wet,1
2024-06-01,6,NL333,Delft en Westland,Groundwater Depletion,0,0.19324677458821402,2.5638675689697266,wet,1
2024-07-01,7,NL333,Delft en Westland,Groundwater Depletion,0,0.14187442239775883,2.8959829807281494,wet,1
2024-08-01,8,NL333,Delft en Westland,Groundwater Depletion,0,0.12499180801072357,2.653705358505249,wet,1
2024-09-01,9,NL333,Delft en Westland,Groundwater Depletion,0,0.07571874191520048,2.9503586292266846,wet,1
2024-10-01,10,NL333,Delft en Westland,Groundwater Depletion,0,0.08145096582533234,2.2567052841186523,wet,1
2024-11-01,11,NL333,Delft en Westland,Groundwater Depletion,0,0.08851578586070803,1.799555778503418,wet,1
2024-12-01,12,NL333,Delft en Westland,Groundwater Depletion,0,0.09149060462373199,1.66428804397583,wet,1
2025-01-01,1,NL333,Delft en Westland,Groundwater Depletion,0,0.10923944483553899,1.640883445739746,wet,1
2025-02-01,2,NL333,Delft en Westland,Groundwater Depletion,0,0.15520787536284456,1.163700819015503,wet,1
2025-03-01,3,NL333,Delft en Westland,Groundwater Depletion,0,0.2633794980814859,0.7183709144592285,near_normal,1
2025-04-01,4,NL333,Delft en Westland,Groundwater Depletion,1,0.3675633622422601,0.003728199517354369,near_normal,1
2025-05-01,5,NL333,Delft en Westland,Groundwater Depletion,0,0.5246240743972089,-0.8432844877243042,near_normal,1
2025-06-01,6,NL333,Delft en Westland,Groundwater Depletion,1,0.49567899617991673,-1.0905721187591553,dry,1
2025-07-01,7,NL333,Delft en Westland,Groundwater Depletion,0,0.4234388522884623,-1.26656973361969,dry,1
2025-08-01,8,NL333,Delft en Westland,Groundwater Depletion,1,0.41561635924775586,-1.6068077087402344,dry,1
2025-09-01,9,NL333,Delft en Westland,Groundwater Depletion,0,0.2540813066527743,-1.8662478923797607,dry,1
2023-12-01,12,NL337,Agglomeratie Leiden en Bollenstreek,Groundwater Depletion,0,0.08954811861874044,1.7106456756591797,wet,1
2024-01-01,1,NL337,Agglomeratie Leiden en Bollenstreek,Groundwater Depletion,0,0.12553643228394734,1.5254942178726196,wet,1
2024-02-01,2,NL337,Agglomeratie Leiden en Bollenstreek,Groundwater Depletion,0,0.16564986557026187,1.930662751197815,wet,1
2024-03-01,3,NL337,Agglomeratie Leiden en Bollenstreek,Groundwater Depletion,0,0.26796751288156134,1.600808024406433,wet,1
2024-04-01,4,NL337,Agglomeratie Leiden en Bollenstreek,Groundwater Depletion,0,0.3415586911596598,1.8393596410751343,wet,1
2024-05-01,5,NL337,Agglomeratie Leiden en Bollenstreek,Groundwater Depletion,0,0.36568446569431184,2.308445453643799,wet,1
2024-06-01,6,NL337,Agglomeratie Leiden en Bollenstreek,Groundwater Depletion,0,0.33296263971815215,2.742405891418457,wet,1
2024-07-01,7,NL337,Agglomeratie Leiden en Bollenstreek,Groundwater Depletion,0,0.2848064765267598,2.7151103019714355,wet,1
2024-08-01,8,NL337,Agglomeratie Leiden en Bollenstreek,Groundwater Depletion,0,0.2561633590203178,2.554049253463745,wet,1
2024-09-01,9,NL337,Agglomeratie Leiden en Bollenstreek,Groundwater Depletion,0,0.16474796224202848,2.7597999572753906,wet,1
2024-10-01,10,NL337,Agglomeratie Leiden en Bollenstreek,Groundwater Depletion,0,0.17040251067432355,2.198561906814575,wet,1
2024-11-01,11,NL337,Agglomeratie Leiden en Bollenstreek,Groundwater Depletion,0,0.1773149283905523,1.7335660457611084,wet,1
2024-12-01,12,NL337,Agglomeratie Leiden en Bollenstreek,Groundwater Depletion,0,0.19209948844617608,1.5648200511932373,wet,1
2025-01-01,1,NL337,Agglomeratie Leiden en Bollenstreek,Groundwater Depletion,0,0.22346727757919435,1.5522692203521729,wet,1
2025-02-01,2,NL337,Agglomeratie Leiden en Bollenstreek,Groundwater Depletion,0,0.3090076114480222,1.016635775566101,wet,1
2025-03-01,3,NL337,Agglomeratie Leiden en Bollenstreek,Groundwater Depletion,0,0.4351888776117893,0.5903820991516113,near_normal,1
2025-04-01,4,NL337,Agglomeratie Leiden en Bollenstreek,Groundwater Depletion,0,0.5683798594530137,-0.16400562226772308,near_normal,1
2025-05-01,5,NL337,Agglomeratie Leiden en Bollenstreek,Groundwater Depletion,0,0.7074108265844314,-0.8812072277069092,near_normal,1
2025-06-01,6,NL337,Agglomeratie Leiden en Bollenstreek,Groundwater Depletion,0,0.7066819034087507,-1.0348807573318481,dry,1
2025-07-01,7,NL337,Agglomeratie Leiden en Bollenstreek,Groundwater Depletion,0,0.6157869024419292,-1.1747100353240967,dry,1
2025-08-01,8,NL337,Agglomeratie Leiden en Bollenstreek,Groundwater Depletion,0,0.5866718966598375,-1.5170913934707642,dry,1
2025-09-01,9,NL337,Agglomeratie Leiden en Bollenstreek,Groundwater Depletion,0,0.41165364609772653,-1.738526463508606,dry,1
2023-12-01,12,NL33A,Zuidoost-Zuid-Holland,Groundwater Depletion,0,0.07373250629448992,1.735690951347351,wet,1
2024-01-01,1,NL33A,Zuidoost-Zuid-Holland,Groundwater Depletion,0,0.10051996313024777,1.5022345781326294,wet,1
2024-02-01,2,NL33A,Zuidoost-Zuid-Holland,Groundwater Depletion,0,0.12294585478085766,1.9734735488891602,wet,1
2024-03-01,3,NL33A,Zuidoost-Zuid-Holland,Groundwater Depletion,0,0.20113503511499445,1.6091928482055664,wet,1
2024-04-01,4,NL33A,Zuidoost-Zuid-Holland,Groundwater Depletion,0,0.2817054504496441,1.869387149810791,wet,1
2024-05-01,5,NL33A,Zuidoost-Zuid-Holland,Groundwater Depletion,0,0.30693140860666207,2.296041488647461,wet,1
2024-06-01,6,NL33A,Zuidoost-Zuid-Holland,Groundwater Depletion,0,0.2658569840990957,2.7406914234161377,wet,1
2024-07-01,7,NL33A,Zuidoost-Zuid-Holland,Groundwater Depletion,0,0.19949502986281228,3.1620676517486572,wet,1
2024-08-01,8,NL33A,Zuidoost-Zuid-Holland,Groundwater Depletion,0,0.18417201147552767,2.5882296562194824,wet,1
2024-09-01,9,NL33A,Zuidoost-Zuid-Holland,Groundwater Depletion,0,0.11412721571674735,3.196017026901245,wet,1
2024-10-01,10,NL33A,Zuidoost-Zuid-Holland,Groundwater Depletion,0,0.12746595033746683,2.4383902549743652,wet,1
2024-11-01,11,NL33A,Zuidoost-Zuid-Holland,Groundwater Depletion,0,0.13390867131399375,1.9545094966888428,wet,1
2024-12-01,12,NL33A,Zuidoost-Zuid-Holland,Groundwater Depletion,0,0.14332915678991243,1.7752925157546997,wet,1
2025-01-01,1,NL33A,Zuidoost-Zuid-Holland,Groundwater Depletion,0,0.1606071735263071,1.8329216241836548,wet,1
2025-02-01,2,NL33A,Zuidoost-Zuid-Holland,Groundwater Depletion,0,0.23298978459891326,1.3434903621673584,wet,1
2025-03-01,3,NL33A,Zuidoost-Zuid-Holland,Groundwater Depletion,1,0.3983954966111608,0.9254148006439209,near_normal,1
2025-04-01,4,NL33A,Zuidoost-Zuid-Holland,Groundwater Depletion,0,0.47750766040140913,0.18472331762313843,near_normal,1
2025-05-01,5,NL33A,Zuidoost-Zuid-Holland,Groundwater Depletion,0,0.6505316077063298,-0.6993400454521179,near_normal,1
2025-06-01,6,NL33A,Zuidoost-Zuid-Holland,Groundwater Depletion,0,0.627609584780303,-0.928616464138031,near_normal,1
2025-07-01,7,NL33A,Zuidoost-Zuid-Holland,Groundwater Depletion,0,0.5513595631694687,-1.0900894403457642,dry,1
2025-08-01,8,NL33A,Zuidoost-Zuid-Holland,Groundwater Depletion,0,0.5320693939414501,-1.5483509302139282,dry,1
2025-09-01,9,NL33A,Zuidoost-Zuid-Holland,Groundwater Depletion,0,0.3682913788051496,-1.7110259532928467,dry,1
2023-12-01,12,NL33B,Oost-Zuid-Holland,Groundwater Depletion,0,0.04157218767202589,1.7106456756591797,wet,1
2024-01-01,1,NL33B,Oost-Zuid-Holland,Groundwater Depletion,0,0.059165433900821435,1.5254942178726196,wet,1
2024-02-01,2,NL33B,Oost-Zuid-Holland,Groundwater Depletion,1,0.07555128087311758,1.930662751197815,wet,1
2024-03-01,3,NL33B,Oost-Zuid-Holland,Groundwater Depletion,0,0.13731008241350515,1.600808024406433,wet,1
2024-04-01,4,NL33B,Oost-Zuid-Holland,Groundwater Depletion,0,0.1845699404963538,1.8393596410751343,wet,1
2024-05-01,5,NL33B,Oost-Zuid-Holland,Groundwater Depletion,0,0.2037107108967417,2.308445453643799,wet,1
2024-06-01,6,NL33B,Oost-Zuid-Holland,Groundwater Depletion,0,0.17669300776738525,2.742405891418457,wet,1
2024-07-01,7,NL33B,Oost-Zuid-Holland,Groundwater Depletion,0,0.14872616035546618,2.7151103019714355,wet,1
2024-08-01,8,NL33B,Oost-Zuid-Holland,Groundwater Depletion,0,0.12080887714638087,2.554049253463745,wet,1
2024-09-01,9,NL33B,Oost-Zuid-Holland,Groundwater Depletion,0,0.07901840059025839,2.7597999572753906,wet,1
2024-10-01,10,NL33B,Oost-Zuid-Holland,Groundwater Depletion,0,0.08069437642798054,2.198561906814575,wet,1
2024-11-01,11,NL33B,Oost-Zuid-Holland,Groundwater Depletion,0,0.08571030232794781,1.7335660457611084,wet,1
2024-12-01,12,NL33B,Oost-Zuid-Holland,Groundwater Depletion,0,0.09367178035365215,1.5648200511932373,wet,1
2025-01-01,1,NL33B,Oost-Zuid-Holland,Groundwater Depletion,0,0.11412590752012217,1.5522692203521729,wet,1
2025-02-01,2,NL33B,Oost-Zuid-Holland,Groundwater Depletion,0,0.16973427990342335,1.016635775566101,wet,1
2025-03-01,3,NL33B,Oost-Zuid-Holland,Groundwater Depletion,0,0.2975952493290343,0.5903820991516113,near_normal,1
2025-04-01,4,NL33B,Oost-Zuid-Holland,Groundwater Depletion,0,0.3679535332543191,-0.16400562226772308,near_normal,1
2025-05-01,5,NL33B,Oost-Zuid-Holland,Groundwater Depletion,0,0.5276887159587663,-0.8812072277069092,near_normal,1
2025-06-01,6,NL33B,Oost-Zuid-Holland,Groundwater Depletion,0,0.4958515026515674,-1.0348807573318481,dry,1
2025-07-01,7,NL33B,Oost-Zuid-Holland,Groundwater Depletion,0,0.4169457035679146,-1.1747100353240967,dry,1
2025-08-01,8,NL33B,Oost-Zuid-Holland,Groundwater Depletion,0,0.38648049509711285,-1.5170913934707642,dry,1
2025-09-01,9,NL33B,Oost-Zuid-Holland,Groundwater Depletion,0,0.25027849278658687,-1.738526463508606,dry,1
2023-12-01,12,NL33C,Groot-Rijnmond,Groundwater Depletion,0,0.15494089441144804,1.663238803545634,wet,1
2024-01-01,1,NL33C,Groot-Rijnmond,Groundwater Depletion,0,0.20440896049873114,1.481999437014262,wet,1
2024-02-01,2,NL33C,Groot-Rijnmond,Groundwater Depletion,0,0.25987345763503883,1.9045462608337402,wet,1
2024-03-01,3,NL33C,Groot-Rijnmond,Groundwater Depletion,0,0.38140744438505725,1.55764905611674,wet,1
2024-04-01,4,NL33C,Groot-Rijnmond,Groundwater Depletion,0,0.4894150313398456,1.7358837127685547,wet,1
2024-05-01,5,NL33C,Groot-Rijnmond,Groundwater Depletion,0,0.5148073226111826,2.1709097226460776,wet,1
2024-06-01,6,NL33C,Groot-Rijnmond,Groundwater Depletion,0,0.46593321753911904,2.626691977183024,wet,1
2024-07-01,7,NL33C,Groot-Rijnmond,Groundwater Depletion,0,0.3858861028340586,2.903880516688029,wet,1
2024-08-01,8,NL33C,Groot-Rijnmond,Groundwater Depletion,0,0.34858623458954935,2.6491270065307617,wet,1
2024-09-01,9,NL33C,Groot-Rijnmond,Groundwater Depletion,0,0.23586105701764365,2.9472951889038086,wet,1
2024-10-01,10,NL33C,Groot-Rijnmond,Groundwater Depletion,1,0.24955378557738148,2.2849376996358237,wet,1
2024-11-01,11,NL33C,Groot-Rijnmond,Groundwater Depletion,0,0.26365069245853484,1.8019837141036987,wet,1
2024-12-01,12,NL33C,Groot-Rijnmond,Groundwater Depletion,0,0.27638279288985546,1.676819920539856,wet,1
2025-01-01,1,NL33C,Groot-Rijnmond,Groundwater Depletion,0,0.31681069656657873,1.6513664722442627,wet,1
2025-02-01,2,NL33C,Groot-Rijnmond,Groundwater Depletion,1,0.4170062094730389,1.1506803433100383,wet,1
2025-03-01,3,NL33C,Groot-Rijnmond,Groundwater Depletion,0,0.5814575904464214,0.7058199445406595,near_normal,1
2025-04-01,4,NL33C,Groot-Rijnmond,Groundwater Depletion,1,0.6856630476440665,-0.012301225292806825,near_normal,1
2025-05-01,5,NL33C,Groot-Rijnmond,Groundwater Depletion,1,0.8069589176091178,-0.8446452021598816,near_normal,1
2025-06-01,6,NL33C,Groot-Rijnmond,Groundwater Depletion,0,0.7914440772354356,-1.0734885931015015,dry,1
2025-07-01,7,NL33C,Groot-Rijnmond,Groundwater Depletion,0,0.7341351261029718,-1.2388241688410442,dry,1
2025-08-01,8,NL33C,Groot-Rijnmond,Groundwater Depletion,0,0.725059817762696,-1.566239356994629,dry,1
2025-09-01,9,NL33C,Groot-Rijnmond,Groundwater Depletion,0,0.558361182868225,-1.825290282567342,dry,1
2023-12-01,12,NL341,Zeeuwsch-Vlaanderen,Groundwater Depletion,0,0.13583619008794515,1.332913875579834,wet,1
2024-01-01,1,NL341,Zeeuwsch-Vlaanderen,Groundwater Depletion,0,0.18881502724700047,1.0990768671035767,wet,1
2024-02-01,2,NL341,Zeeuwsch-Vlaanderen,Groundwater Depletion,0,0.22497884971534926,1.6654661893844604,wet,1
2024-03-01,3,NL341,Zeeuwsch-Vlaanderen,Groundwater Depletion,0,0.34175337581598525,1.4342957735061646,wet,1
2024-04-01,4,NL341,Zeeuwsch-Vlaanderen,Groundwater Depletion,0,0.4133714342847039,1.72164386510849,wet,1
2024-05-01,5,NL341,Zeeuwsch-Vlaanderen,Groundwater Depletion,0,0.4469860798884079,2.0468907356262207,wet,1
2024-06-01,6,NL341,Zeeuwsch-Vlaanderen,Groundwater Depletion,0,0.3964392362605684,2.511785864830017,wet,1
2024-07-01,7,NL341,Zeeuwsch-Vlaanderen,Groundwater Depletion,0,0.3425238546831664,2.5947717428207397,wet,1
2024-08-01,8,NL341,Zeeuwsch-Vlaanderen,Groundwater Depletion,0,0.3199756953056239,2.2865796089172363,wet,1
2024-09-01,9,NL341,Zeeuwsch-Vlaanderen,Groundwater Depletion,0,0.21443029135218916,2.4733811616897583,wet,1
2024-10-01,10,NL341,Zeeuwsch-Vlaanderen,Groundwater Depletion,0,0.20245397254773512,2.181926131248474,wet,1
2024-11-01,11,NL341,Zeeuwsch-Vlaanderen,Groundwater Depletion,0,0.19928051868268512,1.6795973777770996,wet,1
2024-12-01,12,NL341,Zeeuwsch-Vlaanderen,Groundwater Depletion,1,0.2058748675241817,1.661611557006836,wet,1
2025-01-01,1,NL341,Zeeuwsch-Vlaanderen,Groundwater Depletion,0,0.24199957841315697,1.6901467442512512,wet,1
2025-02-01,2,NL341,Zeeuwsch-Vlaanderen,Groundwater Depletion,0,0.338561301631376,1.1577122211456299,wet,1
2025-03-01,3,NL341,Zeeuwsch-Vlaanderen,Groundwater Depletion,1,0.5506422390721827,0.565402165055275,near_normal,1
2025-04-01,4,NL341,Zeeuwsch-Vlaanderen,Groundwater Depletion,0,0.6571720627089352,-0.27620716392993927,near_normal,1
2025-05-01,5,NL341,Zeeuwsch-Vlaanderen,Groundwater Depletion,0,0.7610726920469354,-1.0510993003845215,dry,1
2025-06-01,6,NL341,Zeeuwsch-Vlaanderen,Groundwater Depletion,0,0.726705960624271,-1.2060883045196533,dry,1
2025-07-01,7,NL341,Zeeuwsch-Vlaanderen,Groundwater Depletion,0,0.655587833891437,-1.3016448020935059,dry,1
2025-08-01,8,NL341,Zeeuwsch-Vlaanderen,Groundwater Depletion,0,0.661933609448689,-1.7224125266075134,dry,1
2025-09-01,9,NL341,Zeeuwsch-Vlaanderen,Groundwater Depletion,0,0.4831071019624778,-2.1238150596618652,dry,1
2023-12-01,12,NL342,Overig Zeeland,Groundwater Depletion,0,0.10349351128144539,1.5336954593658447,wet,1
2024-01-01,1,NL342,Overig Zeeland,Groundwater Depletion,0,0.14225840046440338,1.3286210298538208,wet,1
2024-02-01,2,NL342,Overig Zeeland,Groundwater Depletion,0,0.1799140585351529,1.7934848070144653,wet,1
2024-03-01,3,NL342,Overig Zeeland,Groundwater Depletion,0,0.2792773991276305,1.4659996032714844,wet,1
2024-04-01,4,NL342,Overig Zeeland,Groundwater Depletion,0,0.3731417897831669,1.6179192066192627,wet,1
2024-05-01,5,NL342,Overig Zeeland,Groundwater Depletion,0,0.3892228300394023,2.0807783603668213,wet,1
2024-06-01,6,NL342,Overig Zeeland,Groundwater Depletion,0,0.3371377560190929,2.572701930999756,wet,1
2024-07-01,7,NL342,Overig Zeeland,Groundwater Depletion,0,0.2654782264819923,2.9837281703948975,wet,1
2024-08-01,8,NL342,Overig Zeeland,Groundwater Depletion,0,0.23210388246246832,2.67411470413208,wet,1
2024-09-01,9,NL342,Overig Zeeland,Groundwater Depletion,0,0.15491233359803083,2.8608145713806152,wet,1
2024-10-01,10,NL342,Overig Zeeland,Groundwater Depletion,0,0.16483047752858285,2.296290636062622,wet,1
2024-11-01,11,NL342,Overig Zeeland,Groundwater Depletion,0,0.16862154720469805,1.8551033735275269,wet,1
2024-12-01,12,NL342,Overig Zeeland,Groundwater Depletion,1,0.17309662727697836,1.8005717992782593,wet,1
2025-01-01,1,NL342,Overig Zeeland,Groundwater Depletion,0,0.20023152125488916,1.798425555229187,wet,1
2025-02-01,2,NL342,Overig Zeeland,Groundwater Depletion,0,0.27025172964468014,1.329056739807129,wet,1
2025-03-01,3,NL342,Overig Zeeland,Groundwater Depletion,1,0.42246591969284814,0.8654971122741699,near_normal,1
2025-04-01,4,NL342,Overig Zeeland,Groundwater Depletion,0,0.5484088656138812,0.127136692404747,near_normal,1
2025-05-01,5,NL342,Overig Zeeland,Groundwater Depletion,0,0.7034048674770222,-0.8692893981933594,near_normal,1
2025-06-01,6,NL342,Overig Zeeland,Groundwater Depletion,0,0.6740488542236641,-1.1390583515167236,dry,1
2025-07-01,7,NL342,Overig Zeeland,Groundwater Depletion,0,0.6092249234222367,-1.3374229669570923,dry,1
2025-08-01,8,NL342,Overig Zeeland,Groundwater Depletion,0,0.6204105516418787,-1.7264788150787354,dry,1
2025-09-01,9,NL342,Overig Zeeland,Groundwater Depletion,0,0.43193406844942417,-2.0268850326538086,dry,1
2023-12-01,12,NL411,West-Noord-Brabant,Groundwater Depletion,0,0.3064916054136238,1.6965256333351135,wet,1
2024-01-01,1,NL411,West-Noord-Brabant,Groundwater Depletion,0,0.39027162938013227,1.4279340207576752,wet,1
2024-02-01,2,NL411,West-Noord-Brabant,Groundwater Depletion,0,0.44599802414677764,1.9115989208221436,wet,1
2024-03-01,3,NL411,West-Noord-Brabant,Groundwater Depletion,1,0.5927525995612923,1.5701760351657867,wet,1
2024-04-01,4,NL411,West-Noord-Brabant,Groundwater Depletion,0,0.6815127042036081,1.794410079717636,wet,1
2024-05-01,5,NL411,West-Noord-Brabant,Groundwater Depletion,0,0.7123461275904247,2.1759976744651794,wet,1
2024-06-01,6,NL411,West-Noord-Brabant,Groundwater Depletion,1,0.6531244237048472,2.6817938685417175,wet,1
2024-07-01,7,NL411,West-Noord-Brabant,Groundwater Depletion,0,0.5682714775360294,3.1869431138038635,wet,1
2024-08-01,8,NL411,West-Noord-Brabant,Groundwater Depletion,0,0.5502362018890498,2.5752928256988525,wet,1
2024-09-01,9,NL411,West-Noord-Brabant,Groundwater Depletion,1,0.3966368510056838,3.2261340022087097,wet,1
2024-10-01,10,NL411,West-Noord-Brabant,Groundwater Depletion,0,0.4237115965701043,2.4958202242851257,wet,1
2024-11-01,11,NL411,West-Noord-Brabant,Groundwater Depletion,0,0.45195788087177396,1.9934806823730469,wet,1
2024-12-01,12,NL411,West-Noord-Brabant,Groundwater Depletion,1,0.4557397996841405,1.8938453793525696,wet,1
2025-01-01,1,NL411,West-Noord-Brabant,Groundwater Depletion,0,0.49229030034840093,1.9489366114139557,wet,1
2025-02-01,2,NL411,West-Noord-Brabant,Groundwater Depletion,0,0.5930994530223407,1.4912947714328766,wet,1
2025-03-01,3,NL411,West-Noord-Brabant,Groundwater Depletion,1,0.73363857027519,1.0794287621974945,wet,1
2025-04-01,4,NL411,West-Noord-Brabant,Groundwater Depletion,1,0.816425584220811,0.3902544379234314,near_normal,1
2025-05-01,5,NL411,West-Noord-Brabant,Groundwater Depletion,0,0.902805039668859,-0.6107541918754578,near_normal,1
2025-06-01,6,NL411,West-Noord-Brabant,Groundwater Depletion,1,0.8989129098426852,-0.9553556591272354,near_normal,1
2025-07-01,7,NL411,West-Noord-Brabant,Groundwater Depletion,1,0.8521117573766775,-1.197560876607895,dry,1
2025-08-01,8,NL411,West-Noord-Brabant,Groundwater Depletion,1,0.8655878451161906,-1.7818401753902435,dry,1
2025-09-01,9,NL411,West-Noord-Brabant,Groundwater Depletion,0,0.7195801930933639,-1.944325178861618,dry,1
2023-12-01,12,NL412,Midden-Noord-Brabant,Groundwater Depletion,0,0.3305655470000486,1.8568886518478394,wet,1
2024-01-01,1,NL412,Midden-Noord-Brabant,Groundwater Depletion,0,0.40732463073493197,1.5439085960388184,wet,1
2024-02-01,2,NL412,Midden-Noord-Brabant,Groundwater Depletion,0,0.458252018058316,2.0561699867248535,wet,1
2024-03-01,3,NL412,Midden-Noord-Brabant,Groundwater Depletion,1,0.6153959439219525,1.6683708429336548,wet,1
2024-04-01,4,NL412,Midden-Noord-Brabant,Groundwater Depletion,0,0.6975874247847629,1.9227519035339355,wet,1
2024-05-01,5,NL412,Midden-Noord-Brabant,Groundwater Depletion,0,0.7220377631513722,2.350119113922119,wet,1
2024-06-01,6,NL412,Midden-Noord-Brabant,Groundwater Depletion,1,0.6883876822283733,2.7400357723236084,wet,1
2024-07-01,7,NL412,Midden-Noord-Brabant,Groundwater Depletion,0,0.5836181630434464,3.3474960327148438,wet,1
2024-08-01,8,NL412,Midden-Noord-Brabant,Groundwater Depletion,0,0.5782609576207745,2.595762252807617,wet,1
2024-09-01,9,NL412,Midden-Noord-Brabant,Groundwater Depletion,1,0.3629087281703938,3.8588836193084717,wet,1
2024-10-01,10,NL412,Midden-Noord-Brabant,Groundwater Depletion,0,0.43687722583528643,2.767239809036255,wet,1
2024-11-01,11,NL412,Midden-Noord-Brabant,Groundwater Depletion,0,0.4757241147673621,2.2039122581481934,wet,1
2024-12-01,12,NL412,Midden-Noord-Brabant,Groundwater Depletion,1,0.48485963366507007,2.016164541244507,wet,1
2025-01-01,1,NL412,Midden-Noord-Brabant,Groundwater Depletion,0,0.5180853441326079,2.0861504077911377,wet,1
2025-02-01,2,NL412,Midden-Noord-Brabant,Groundwater Depletion,0,0.6240853678148918,1.595111608505249,wet,1
2025-03-01,3,NL412,Midden-Noord-Brabant,Groundwater Depletion,1,0.7673962457500826,1.174560785293579,wet,1
2025-04-01,4,NL412,Midden-Noord-Brabant,Groundwater Depletion,1,0.8295061510717242,0.5439844131469727,near_normal,1
2025-05-01,5,NL412,Midden-Noord-Brabant,Groundwater Depletion,0,0.9067120075033297,-0.45212289690971375,near_normal,1
2025-06-01,6,NL412,Midden-Noord-Brabant,Groundwater Depletion,1,0.9086365404916316,-0.7468729019165039,near_normal,1
2025-07-01,7,NL412,Midden-Noord-Brabant,Groundwater Depletion,1,0.8675639729794578,-1.0836814641952515,dry,1
2025-08-01,8,NL412,Midden-Noord-Brabant,Groundwater Depletion,1,0.8757798383754859,-1.6820485591888428,dry,1
2025-09-01,9,NL412,Midden-Noord-Brabant,Groundwater Depletion,0,0.7388676359520668,-1.6659215688705444,dry,1
2023-12-01,12,NL413,Noordoost-Noord-Brabant,Groundwater Depletion,0,0.38158297626475873,2.005632162094116,wet,1
2024-01-01,1,NL413,Noordoost-Noord-Brabant,Groundwater Depletion,0,0.4648676960001943,1.7263375918070476,wet,1
2024-02-01,2,NL413,Noordoost-Noord-Brabant,Groundwater Depletion,0,0.5092455147518196,2.301957845687866,wet,1
2024-03-01,3,NL413,Noordoost-Noord-Brabant,Groundwater Depletion,1,0.6838629797794923,1.7595105568567913,wet,1
2024-04-01,4,NL413,Noordoost-Noord-Brabant,Groundwater Depletion,0,0.7566889972173024,1.9506117502848308,wet,1
2024-05-01,5,NL413,Noordoost-Noord-Brabant,Groundwater Depletion,0,0.769533827183549,2.5292108058929443,wet,1
2024-06-01,6,NL413,Noordoost-Noord-Brabant,Groundwater Depletion,1,0.7522217685778322,2.860475540161133,wet,1
2024-07-01,7,NL413,Noordoost-Noord-Brabant,Groundwater Depletion,0,0.6224688742693203,3.60351292292277,wet,1
2024-08-01,8,NL413,Noordoost-Noord-Brabant,Groundwater Depletion,0,0.665403529426738,2.6137571334838867,wet,1
2024-09-01,9,NL413,Noordoost-Noord-Brabant,Groundwater Depletion,1,0.4274414319238824,3.99537460009257,wet,1
2024-10-01,10,NL413,Noordoost-Noord-Brabant,Groundwater Depletion,0,0.5009729777994342,2.824659744898478,wet,1
2024-11-01,11,NL413,Noordoost-Noord-Brabant,Groundwater Depletion,0,0.5388627181686337,2.297260840733846,wet,1
2024-12-01,12,NL413,Noordoost-Noord-Brabant,Groundwater Depletion,1,0.5544333860298641,2.027393857638041,wet,1
2025-01-01,1,NL413,Noordoost-Noord-Brabant,Groundwater Depletion,0,0.5736193202797605,2.1666224797566733,wet,1
2025-02-01,2,NL413,Noordoost-Noord-Brabant,Groundwater Depletion,0,0.6854282178963106,1.6576051712036133,wet,1
2025-03-01,3,NL413,Noordoost-Noord-Brabant,Groundwater Depletion,1,0.8224790279870452,1.1836046775182087,wet,1
2025-04-01,4,NL413,Noordoost-Noord-Brabant,Groundwater Depletion,1,0.866946894861551,0.6166368325551351,near_normal,1
2025-05-01,5,NL413,Noordoost-Noord-Brabant,Groundwater Depletion,0,0.9302822157837087,-0.433600256840388,near_normal,1
2025-06-01,6,NL413,Noordoost-Noord-Brabant,Groundwater Depletion,1,0.9305327883785365,-0.6352093617121378,near_normal,1
2025-07-01,7,NL413,Noordoost-Noord-Brabant,Groundwater Depletion,1,0.9015509419756064,-0.9555245041847229,near_normal,1
2025-08-01,8,NL413,Noordoost-Noord-Brabant,Groundwater Depletion,1,0.9063618378928952,-1.5380258957544963,dry,1
2025-09-01,9,NL413,Noordoost-Noord-Brabant,Groundwater Depletion,0,0.8323836113428001,-1.4824391603469849,dry,1
2023-12-01,12,NL414,Zuidoost-Noord-Brabant,Groundwater Depletion,1,0.45645997285279705,1.9648097455501556,wet,1
2024-01-01,1,NL414,Zuidoost-Noord-Brabant,Groundwater Depletion,0,0.5440131103287702,1.6660036146640778,wet,1
2024-02-01,2,NL414,Zuidoost-Noord-Brabant,Groundwater Depletion,0,0.5903713908458633,2.2208192348480225,wet,1
2024-03-01,3,NL414,Zuidoost-Noord-Brabant,Groundwater Depletion,1,0.7458026281889345,1.7530253231525421,wet,1
2024-04-01,4,NL414,Zuidoost-Noord-Brabant,Groundwater Depletion,0,0.8060742235969877,1.9222524464130402,wet,1
2024-05-01,5,NL414,Zuidoost-Noord-Brabant,Groundwater Depletion,0,0.8152122519368026,2.4804680943489075,wet,1
2024-06-01,6,NL414,Zuidoost-Noord-Brabant,Groundwater Depletion,1,0.7999523252484491,2.8313465118408203,wet,1
2024-07-01,7,NL414,Zuidoost-Noord-Brabant,Groundwater Depletion,0,0.714683569449474,3.323698878288269,wet,1
2024-08-01,8,NL414,Zuidoost-Noord-Brabant,Groundwater Depletion,0,0.7346762791533834,2.4005433320999146,wet,1
2024-09-01,9,NL414,Zuidoost-Noord-Brabant,Groundwater Depletion,1,0.5228836678013031,3.6095246076583862,wet,1
2024-10-01,10,NL414,Zuidoost-Noord-Brabant,Groundwater Depletion,0,0.5591272412434809,2.8009841442108154,wet,1
2024-11-01,11,NL414,Zuidoost-Noord-Brabant,Groundwater Depletion,0,0.6066827165216968,2.219056189060211,wet,1
2024-12-01,12,NL414,Zuidoost-Noord-Brabant,Groundwater Depletion,1,0.6131647621493738,2.0562921166419983,wet,1
2025-01-01,1,NL414,Zuidoost-Noord-Brabant,Groundwater Depletion,0,0.6469455924791372,2.2320687770843506,wet,1
2025-02-01,2,NL414,Zuidoost-Noord-Brabant,Groundwater Depletion,0,0.736361495392916,1.7058507800102234,wet,1
2025-03-01,3,NL414,Zuidoost-Noord-Brabant,Groundwater Depletion,1,0.8432599265924426,1.2108392715454102,wet,1
2025-04-01,4,NL414,Zuidoost-Noord-Brabant,Groundwater Depletion,1,0.8947868822643297,0.6923550665378571,near_normal,1
2025-05-01,5,NL414,Zuidoost-Noord-Brabant,Groundwater Depletion,0,0.9440836830052366,-0.4158538803458214,near_normal,1
2025-06-01,6,NL414,Zuidoost-Noord-Brabant,Groundwater Depletion,1,0.9461656321398066,-0.6612778455018997,near_normal,1
2025-07-01,7,NL414,Zuidoost-Noord-Brabant,Groundwater Depletion,1,0.9240690342783031,-1.0086569488048553,dry,1
2025-08-01,8,NL414,Zuidoost-Noord-Brabant,Groundwater Depletion,1,0.9332619092760983,-1.6495905816555023,dry,1
2025-09-01,9,NL414,Zuidoost-Noord-Brabant,Groundwater Depletion,0,0.8680548870819054,-1.5304934084415436,dry,1
2023-12-01,12,NL421,Noord-Limburg,Groundwater Depletion,0,0.24066924270150175,2.145362138748169,wet,1
2024-01-01,1,NL421,Noord-Limburg,Groundwater Depletion,0,0.3035246601663699,1.8593108654022217,wet,1
2024-02-01,2,NL421,Noord-Limburg,Groundwater Depletion,0,0.3302140243704144,2.512042760848999,wet,1
2024-03-01,3,NL421,Noord-Limburg,Groundwater Depletion,0,0.5132938711274896,1.865483283996582,wet,1
2024-04-01,4,NL421,Noord-Limburg,Groundwater Depletion,0,0.6045495925208977,1.9734376668930054,wet,1
2024-05-01,5,NL421,Noord-Limburg,Groundwater Depletion,0,0.6167132732842037,2.605700731277466,wet,1
2024-06-01,6,NL421,Noord-Limburg,Groundwater Depletion,0,0.6122897754766334,2.8035495281219482,wet,1
2024-07-01,7,NL421,Noord-Limburg,Groundwater Depletion,0,0.49055618586838107,3.2032430171966553,wet,1
2024-08-01,8,NL421,Noord-Limburg,Groundwater Depletion,0,0.5239610401111583,2.251657724380493,wet,1
2024-09-01,9,NL421,Noord-Limburg,Groundwater Depletion,0,0.3109220682972145,3.5400261878967285,wet,1
2024-10-01,10,NL421,Noord-Limburg,Groundwater Depletion,0,0.32969180034651296,2.855512857437134,wet,1
2024-11-01,11,NL421,Noord-Limburg,Groundwater Depletion,0,0.3673632284571541,2.196915864944458,wet,1
2024-12-01,12,NL421,Noord-Limburg,Groundwater Depletion,1,0.3818918338872439,2.03786039352417,wet,1
2025-01-01,1,NL421,Noord-Limburg,Groundwater Depletion,0,0.4037356239957623,2.306771755218506,wet,1
2025-02-01,2,NL421,Noord-Limburg,Groundwater Depletion,0,0.5185679707928513,1.68009352684021,wet,1
2025-03-01,3,NL421,Noord-Limburg,Groundwater Depletion,0,0.6983439544767872,1.0877587795257568,wet,1
2025-04-01,4,NL421,Noord-Limburg,Groundwater Depletion,0,0.7698420728085095,0.6619554162025452,near_normal,1
2025-05-01,5,NL421,Noord-Limburg,Groundwater Depletion,1,0.8726546291298937,-0.44544780254364014,near_normal,1
2025-06-01,6,NL421,Noord-Limburg,Groundwater Depletion,0,0.8683157226431137,-0.5798614025115967,near_normal,1
2025-07-01,7,NL421,Noord-Limburg,Groundwater Depletion,0,0.8214671041630329,-0.800941526889801,near_normal,1
2025-08-01,8,NL421,Noord-Limburg,Groundwater Depletion,0,0.8302423734846968,-1.2454304695129395,dry,1
2025-09-01,9,NL421,Noord-Limburg,Groundwater Depletion,0,0.7218485852954838,-1.325162410736084,dry,1
2023-12-01,12,NL422,Midden-Limburg,Groundwater Depletion,0,0.21472354253263715,1.8910537958145142,wet,1
2024-01-01,1,NL422,Midden-Limburg,Groundwater Depletion,0,0.27609169688673785,1.595084309577942,wet,1
2024-02-01,2,NL422,Midden-Limburg,Groundwater Depletion,0,0.3183681628763441,2.1346378326416016,wet,1
2024-03-01,3,NL422,Midden-Limburg,Groundwater Depletion,0,0.4832568696469693,1.6730749607086182,wet,1
2024-04-01,4,NL422,Midden-Limburg,Groundwater Depletion,0,0.5745294081682989,1.7786504030227661,wet,1
2024-05-01,5,NL422,Midden-Limburg,Groundwater Depletion,0,0.5963394091454667,2.3970389366149902,wet,1
2024-06-01,6,NL422,Midden-Limburg,Groundwater Depletion,0,0.5802137695840769,2.6647117137908936,wet,1
2024-07-01,7,NL422,Midden-Limburg,Groundwater Depletion,0,0.4816235607243233,2.893308162689209,wet,1
2024-08-01,8,NL422,Midden-Limburg,Groundwater Depletion,0,0.469834008186,2.179447650909424,wet,1
2024-09-01,9,NL422,Midden-Limburg,Groundwater Depletion,0,0.29226298468917017,3.121680974960327,wet,1
2024-10-01,10,NL422,Midden-Limburg,Groundwater Depletion,0,0.29309641521944174,2.612539768218994,wet,1
2024-11-01,11,NL422,Midden-Limburg,Groundwater Depletion,0,0.323253369105952,2.029146194458008,wet,1
2024-12-01,12,NL422,Midden-Limburg,Groundwater Depletion,1,0.33078942972016817,1.9572449922561646,wet,1
2025-01-01,1,NL422,Midden-Limburg,Groundwater Depletion,0,0.35277354930457505,2.3007307052612305,wet,1
2025-02-01,2,NL422,Midden-Limburg,Groundwater Depletion,0,0.46784194068793683,1.6659852266311646,wet,1
2025-03-01,3,NL422,Midden-Limburg,Groundwater Depletion,0,0.6240110614157612,1.1294753551483154,wet,1
2025-04-01,4,NL422,Midden-Limburg,Groundwater Depletion,0,0.7327053569483095,0.6900760531425476,near_normal,1
2025-05-01,5,NL422,Midden-Limburg,Groundwater Depletion,1,0.8491614545068323,-0.4340934157371521,near_normal,1
2025-06-01,6,NL422,Midden-Limburg,Groundwater Depletion,0,0.8458675772759611,-0.5961017608642578,near_normal,1
2025-07-01,7,NL422,Midden-Limburg,Groundwater Depletion,0,0.7894753991817441,-0.7561391592025757,near_normal,1
2025-08-01,8,NL422,Midden-Limburg,Groundwater Depletion,0,0.8101858415667046,-1.2596315145492554,dry,1
2025-09-01,9,NL422,Midden-Limburg,Groundwater Depletion,0,0.6777151948648944,-1.256527304649353,dry,1
2023-12-01,12,NL423,Zuid-Limburg,Groundwater Depletion,0,0.12275915287633898,1.7045224905014038,wet,1
2024-01-01,1,NL423,Zuid-Limburg,Groundwater Depletion,0,0.15718065718194746,1.4646683931350708,wet,1
2024-02-01,2,NL423,Zuid-Limburg,Groundwater Depletion,0,0.1924839747619536,1.9057672023773193,wet,1
2024-03-01,3,NL423,Zuid-Limburg,Groundwater Depletion,0,0.29850836464064684,1.4721426963806152,wet,1
2024-04-01,4,NL423,Zuid-Limburg,Groundwater Depletion,0,0.4134490668647582,1.6109375953674316,wet,1
2024-05-01,5,NL423,Zuid-Limburg,Groundwater Depletion,0,0.4485872058564041,2.2602717876434326,wet,1
2024-06-01,6,NL423,Zuid-Limburg,Groundwater Depletion,0,0.40621406370898266,2.4993674755096436,wet,1
2024-07-01,7,NL423,Zuid-Limburg,Groundwater Depletion,0,0.33316453569617316,2.575399398803711,wet,1
2024-08-01,8,NL423,Zuid-Limburg,Groundwater Depletion,0,0.3137493947585605,2.1789464950561523,wet,1
2024-09-01,9,NL423,Zuid-Limburg,Groundwater Depletion,0,0.17085901153758942,2.988447666168213,wet,1
2024-10-01,10,NL423,Zuid-Limburg,Groundwater Depletion,0,0.17378518744133672,2.581728458404541,wet,1
2024-11-01,11,NL423,Zuid-Limburg,Groundwater Depletion,0,0.18367651332066906,2.0978105068206787,wet,1
2024-12-01,12,NL423,Zuid-Limburg,Groundwater Depletion,1,0.19037764786039602,2.107192277908325,wet,1
2025-01-01,1,NL423,Zuid-Limburg,Groundwater Depletion,0,0.202350223663817,2.49822735786438,wet,1
2025-02-01,2,NL423,Zuid-Limburg,Groundwater Depletion,0,0.30152077432072805,1.7681748867034912,wet,1
2025-03-01,3,NL423,Zuid-Limburg,Groundwater Depletion,0,0.44784954585988607,1.286401629447937,wet,1
2025-04-01,4,NL423,Zuid-Limburg,Groundwater Depletion,0,0.5463617266611788,0.8446741700172424,near_normal,1
2025-05-01,5,NL423,Zuid-Limburg,Groundwater Depletion,1,0.737286059788682,-0.30450639128685,near_normal,1
2025-06-01,6,NL423,Zuid-Limburg,Groundwater Depletion,0,0.7146316102027886,-0.48462241888046265,near_normal,1
2025-07-01,7,NL423,Zuid-Limburg,Groundwater Depletion,0,0.6458858966434238,-0.5175946354866028,near_normal,1
2025-08-01,8,NL423,Zuid-Limburg,Groundwater Depletion,0,0.6693221907867302,-1.1383399963378906,dry,1
2025-09-01,9,NL423,Zuid-Limburg,Groundwater Depletion,0,0.5035814436697219,-1.2109681367874146,dry,1
2023-12-01,12,NL111,Oost-Groningen,Water Use Restrictions,0,0.020156453959957996,1.8038720488548279,wet,1
2024-01-01,1,NL111,Oost-Groningen,Water Use Restrictions,0,0.03720090022915538,1.811567783355713,wet,1
2024-02-01,2,NL111,Oost-Groningen,Water Use Restrictions,0,0.0818586801771168,1.99618661403656,wet,1
2024-03-01,3,NL111,Oost-Groningen,Water Use Restrictions,0,0.1431932846556347,1.6847506165504456,wet,1
2024-04-01,4,NL111,Oost-Groningen,Water Use Restrictions,0,0.22366844736101665,1.9079570770263672,wet,1
2024-05-01,5,NL111,Oost-Groningen,Water Use Restrictions,0,0.39117216388468273,2.1447561979293823,wet,1
2024-06-01,6,NL111,Oost-Groningen,Water Use Restrictions,0,0.3574603685100413,2.7947285175323486,wet,1
2024-07-01,7,NL111,Oost-Groningen,Water Use Restrictions,1,0.2855695959075088,2.7147164344787598,wet,1
2024-08-01,8,NL111,Oost-Groningen,Water Use Restrictions,0,0.258145844308718,2.659160852432251,wet,1
2024-09-01,9,NL111,Oost-Groningen,Water Use Restrictions,0,0.16372569077489624,2.968327760696411,wet,1
2024-10-01,10,NL111,Oost-Groningen,Water Use Restrictions,0,0.06162801687239428,1.971750020980835,wet,1
2024-11-01,11,NL111,Oost-Groningen,Water Use Restrictions,0,0.05219212603848145,1.6035258769989014,wet,1
2024-12-01,12,NL111,Oost-Groningen,Water Use Restrictions,0,0.0417312579061388,1.1509708762168884,wet,1
2025-01-01,1,NL111,Oost-Groningen,Water Use Restrictions,0,0.11026678069220797,1.0549432635307312,wet,1
2025-02-01,2,NL111,Oost-Groningen,Water Use Restrictions,0,0.17238004016265374,0.49514587223529816,near_normal,1
2025-03-01,3,NL111,Oost-Groningen,Water Use Restrictions,0,0.3830796074243857,0.1761770248413086,near_normal,1
2025-04-01,4,NL111,Oost-Groningen,Water Use Restrictions,0,0.5765808929884992,-0.4283472001552582,near_normal,1
2025-05-01,5,NL111,Oost-Groningen,Water Use Restrictions,0,0.6770694623537749,-0.9174109697341919,near_normal,1
2025-06-01,6,NL111,Oost-Groningen,Water Use Restrictions,0,0.6799475941477725,-0.9498004615306854,near_normal,1
2025-07-01,7,NL111,Oost-Groningen,Water Use Restrictions,0,0.5139459241757115,-1.1780112385749817,dry,1
2025-08-01,8,NL111,Oost-Groningen,Water Use Restrictions,0,0.5185917502433368,-1.31639963388443,dry,1
2025-09-01,9,NL111,Oost-Groningen,Water Use Restrictions,0,0.14784636253544373,-1.4372192025184631,dry,1
2023-12-01,12,NL112,Delfzijl en omgeving,Water Use Restrictions,0,0.02473084848127786,1.5477043390274048,wet,1
2024-01-01,1,NL112,Delfzijl en omgeving,Water Use Restrictions,0,0.046105885898364556,1.5744563341140747,wet,1
2024-03-01,3,NL112,Delfzijl en omgeving,Water Use Restrictions,0,0.15449654158822018,1.5986590385437012,wet,1
2024-04-01,4,NL112,Delfzijl en omgeving,Water Use Restrictions,0,0.24615979280243444,1.7463241815567017,wet,1
2024-05-01,5,NL112,Delfzijl en omgeving,Water Use Restrictions,0,0.39285077798343304,1.9306237697601318,wet,1
2024-06-01,6,NL112,Delfzijl en omgeving,Water Use Restrictions,0,0.3798854285146329,2.5208699703216553,wet,1
2024-07-01,7,NL112,Delfzijl en omgeving,Water Use Restrictions,1,0.294233095772927,2.3603928089141846,wet,1
2024-08-01,8,NL112,Delfzijl en omgeving,Water Use Restrictions,0,0.2694113838732551,2.3377909660339355,wet,1
2024-09-01,9,NL112,Delfzijl en omgeving,Water Use Restrictions,0,0.16240523206346386,2.484579563140869,wet,1
2024-10-01,10,NL112,Delfzijl en omgeving,Water Use Restrictions,0,0.07319822270494267,1.6715155839920044,wet,1
2024-11-01,11,NL112,Delfzijl en omgeving,Water Use Restrictions,0,0.058191740946277326,1.3462355136871338,wet,1
2024-12-01,12,NL112,Delfzijl en omgeving,Water Use Restrictions,0,0.047355189229063364,0.9495850205421448,near_normal,1
2025-01-01,1,NL112,Delfzijl en omgeving,Water Use Restrictions,0,0.11645901151604691,0.815735936164856,near_normal,1
2025-02-01,2,NL112,Delfzijl en omgeving,Water Use Restrictions,0,0.18937326141416333,0.2707626223564148,near_normal,1
2025-03-01,3,NL112,Delfzijl en omgeving,Water Use Restrictions,0,0.40725000173948966,-0.011577821336686611,near_normal,1
2025-04-01,4,NL112,Delfzijl en omgeving,Water Use Restrictions,0,0.5878462139722821,-0.536076009273529,near_normal,1
2025-05-01,5,NL112,Delfzijl en omgeving,Water Use Restrictions,0,0.711073709792114,-0.8959609270095825,near_normal,1
2025-06-01,6,NL112,Delfzijl en omgeving,Water Use Restrictions,0,0.6752487154251166,-0.9709566235542297,near_normal,1
2025-07-01,7,NL112,Delfzijl en omgeving,Water Use Restrictions,0,0.5066582151553151,-1.2213053703308105,dry,1
2025-08-01,8,NL112,Delfzijl en omgeving,Water Use Restrictions,0,0.4290121835859825,-1.3407152891159058,dry,1
2025-09-01,9,NL112,Delfzijl en omgeving,Water Use Restrictions,0,0.14141159350676114,-1.4633549451828003,dry,1
2023-12-01,12,NL113,Overig Groningen,Water Use Restrictions,0,0.023154653709057654,1.576159675916036,wet,1
2024-01-01,1,NL113,Overig Groningen,Water Use Restrictions,0,0.041893425028747835,1.553696870803833,wet,1
2024-02-01,2,NL113,Overig Groningen,Water Use Restrictions,0,0.07972803760888546,1.8252516984939575,wet,1
2024-03-01,3,NL113,Overig Groningen,Water Use Restrictions,0,0.14892463008199897,1.5759201447168987,wet,1
2024-04-01,4,NL113,Overig Groningen,Water Use Restrictions,0,0.23152088056816938,1.7591425975163777,wet,1
2024-05-01,5,NL113,Overig Groningen,Water Use Restrictions,0,0.397755086783559,1.9804979960123699,wet,1
2024-06-01,6,NL113,Overig Groningen,Water Use Restrictions,0,0.3751666256446485,2.5567835172017417,wet,1
2024-07-01,7,NL113,Overig Groningen,Water Use Restrictions,1,0.2925230934800612,2.325056314468384,wet,1
2024-08-01,8,NL113,Overig Groningen,Water Use Restrictions,0,0.2630742682361051,2.289264678955078,wet,1
2024-09-01,9,NL113,Overig Groningen,Water Use Restrictions,0,0.14838693294888183,2.4607760111490884,wet,1
2024-10-01,10,NL113,Overig Groningen,Water Use Restrictions,0,0.07066348090687143,1.74251393477122,wet,1
2024-11-01,11,NL113,Overig Groningen,Water Use Restrictions,0,0.05515501926623189,1.3726389805475872,wet,1
2024-12-01,12,NL113,Overig Groningen,Water Use Restrictions,0,0.044316492347467505,0.9944103360176086,near_normal,1
2025-01-01,1,NL113,Overig Groningen,Water Use Restrictions,0,0.11181689131523859,0.8821484843889872,near_normal,1
2025-02-01,2,NL113,Overig Groningen,Water Use Restrictions,0,0.17738197444155446,0.31073737144470215,near_normal,1
2025-03-01,3,NL113,Overig Groningen,Water Use Restrictions,0,0.39384514689496647,0.035581901048620544,near_normal,1
2025-04-01,4,NL113,Overig Groningen,Water Use Restrictions,0,0.5508652806988882,-0.45748992760976154,near_normal,1
2025-05-01,5,NL113,Overig Groningen,Water Use Restrictions,0,0.6947750836590736,-0.8022730549176534,near_normal,1
2025-06-01,6,NL113,Overig Groningen,Water Use Restrictions,0,0.6782805075942225,-0.9125909010569254,near_normal,1
2025-07-01,7,NL113,Overig Groningen,Water Use Restrictions,0,0.5120104309683189,-1.1193293333053589,dry,1
2025-08-01,8,NL113,Overig Groningen,Water Use Restrictions,0,0.47998635853206073,-1.2605481147766113,dry,1
2025-09-01,9,NL113,Overig Groningen,Water Use Restrictions,0,0.13946888641424302,-1.4358088970184326,dry,1
2023-12-01,12,NL124,Noord-Friesland,Water Use Restrictions,0,0.037135346707452256,1.4863542318344116,wet,1
2024-01-01,1,NL124,Noord-Friesland,Water Use Restrictions,0,0.06878114145210086,1.3574422895908356,wet,1
2024-02-01,2,NL124,Noord-Friesland,Water Use Restrictions,0,0.11587699149422526,1.7159639298915863,wet,1
2024-03-01,3,NL124,Noord-Friesland,Water Use Restrictions,0,0.21306657210461438,1.4683093130588531,wet,1
2024-04-01,4,NL124,Noord-Friesland,Water Use Restrictions,0,0.3366964574001334,1.7018274664878845,wet,1
2024-05-01,5,NL124,Noord-Friesland,Water Use Restrictions,0,0.5533400091600443,1.886545330286026,wet,1
2024-06-01,6,NL124,Noord-Friesland,Water Use Restrictions,0,0.5155909026790045,2.4364304542541504,wet,1
2024-07-01,7,NL124,Noord-Friesland,Water Use Restrictions,0,0.3779906520362252,2.1045264899730682,wet,1
2024-08-01,8,NL124,Noord-Friesland,Water Use Restrictions,0,0.36319113822157606,2.0753729045391083,wet,1
2024-09-01,9,NL124,Noord-Friesland,Water Use Restrictions,0,0.19866828236561113,2.2301748991012573,wet,1
2024-10-01,10,NL124,Noord-Friesland,Water Use Restrictions,0,0.10590180776622367,1.551231563091278,wet,1
2024-11-01,11,NL124,Noord-Friesland,Water Use Restrictions,0,0.08203848078451742,1.0981620252132416,wet,1
2024-12-01,12,NL124,Noord-Friesland,Water Use Restrictions,0,0.067508513972984,0.7735436260700226,near_normal,1
2025-01-01,1,NL124,Noord-Friesland,Water Use Restrictions,0,0.1657254147962805,0.6505173146724701,near_normal,1
2025-02-01,2,NL124,Noord-Friesland,Water Use Restrictions,0,0.2579297863889989,0.10699054750148207,near_normal,1
2025-03-01,3,NL124,Noord-Friesland,Water Use Restrictions,0,0.5165373578481749,-0.16945494152605534,near_normal,1
2025-04-01,4,NL124,Noord-Friesland,Water Use Restrictions,0,0.6328551217053925,-0.7064715921878815,near_normal,1
2025-05-01,5,NL124,Noord-Friesland,Water Use Restrictions,0,0.7619365279889299,-0.9263435304164886,near_normal,1
2025-06-01,6,NL124,Noord-Friesland,Water Use Restrictions,0,0.7474546859007537,-1.0629418939352036,dry,1
2025-07-01,7,NL124,Noord-Friesland,Water Use Restrictions,0,0.6103807088615746,-1.2299838960170746,dry,1
2025-08-01,8,NL124,Noord-Friesland,Water Use Restrictions,0,0.5444329827453306,-1.4811941981315613,dry,1
2025-09-01,9,NL124,Noord-Friesland,Water Use Restrictions,0,0.1800053764585443,-1.572517216205597,dry,1
2023-12-01,12,NL125,Zuidwest-Friesland,Water Use Restrictions,0,0.017688344877527826,1.63624769449234,wet,1
2024-01-01,1,NL125,Zuidwest-Friesland,Water Use Restrictions,0,0.03386808212484039,1.4139912724494934,wet,1
2024-02-01,2,NL125,Zuidwest-Friesland,Water Use Restrictions,0,0.05914921261673942,1.7786154747009277,wet,1
2024-03-01,3,NL125,Zuidwest-Friesland,Water Use Restrictions,0,0.10867567928026485,1.5638866424560547,wet,1
2024-04-01,4,NL125,Zuidwest-Friesland,Water Use Restrictions,0,0.19888341777482377,1.8326656818389893,wet,1
2024-05-01,5,NL125,Zuidwest-Friesland,Water Use Restrictions,0,0.33969189832868685,2.1068438291549683,wet,1
2024-06-01,6,NL125,Zuidwest-Friesland,Water Use Restrictions,0,0.33128753322463966,2.634555220603943,wet,1
2024-07-01,7,NL125,Zuidwest-Friesland,Water Use Restrictions,0,0.1987620508214112,2.177721381187439,wet,1
2024-08-01,8,NL125,Zuidwest-Friesland,Water Use Restrictions,0,0.16786606670159787,2.1380834579467773,wet,1
2024-09-01,9,NL125,Zuidwest-Friesland,Water Use Restrictions,0,0.08118779493785969,2.2827683687210083,wet,1
2024-10-01,10,NL125,Zuidwest-Friesland,Water Use Restrictions,0,0.0441629432084228,1.732323706150055,wet,1
2024-11-01,11,NL125,Zuidwest-Friesland,Water Use Restrictions,0,0.039708759616010135,1.1893419027328491,wet,1
2024-12-01,12,NL125,Zuidwest-Friesland,Water Use Restrictions,0,0.03420875139417751,0.9064917862415314,near_normal,1
2025-01-01,1,NL125,Zuidwest-Friesland,Water Use Restrictions,0,0.08399572038462234,0.7681446671485901,near_normal,1
2025-02-01,2,NL125,Zuidwest-Friesland,Water Use Restrictions,0,0.15018615684413925,0.15459422394633293,near_normal,1
2025-03-01,3,NL125,Zuidwest-Friesland,Water Use Restrictions,0,0.3743777632093064,-0.20276711881160736,near_normal,1
2025-04-01,4,NL125,Zuidwest-Friesland,Water Use Restrictions,0,0.4286578738621454,-0.842517763376236,near_normal,1
2025-05-01,5,NL125,Zuidwest-Friesland,Water Use Restrictions,1,0.5359001470114136,-1.0782914757728577,dry,1
2025-06-01,6,NL125,Zuidwest-Friesland,Water Use Restrictions,0,0.5270178708349805,-1.1937094926834106,dry,1
2025-07-01,7,NL125,Zuidwest-Friesland,Water Use Restrictions,0,0.3859408649127142,-1.2997994422912598,dry,1
2025-08-01,8,NL125,Zuidwest-Friesland,Water Use Restrictions,0,0.32610272985886785,-1.5020229816436768,dry,1
2025-09-01,9,NL125,Zuidwest-Friesland,Water Use Restrictions,0,0.09170041348506322,-1.550790548324585,dry,1
2023-12-01,12,NL126,Zuidoost-Friesland,Water Use Restrictions,0,0.020861674877104382,1.6415513753890991,wet,1
2024-01-01,1,NL126,Zuidoost-Friesland,Water Use Restrictions,0,0.04020111368099293,1.545999010403951,wet,1
2024-03-01,3,NL126,Zuidoost-Friesland,Water Use Restrictions,0,0.14242495395535168,1.5629839499791462,wet,1
2024-04-01,4,NL126,Zuidoost-Friesland,Water Use Restrictions,0,0.22198654731950412,1.7216502825419109,wet,1
2024-05-01,5,NL126,Zuidoost-Friesland,Water Use Restrictions,0,0.40284250083536405,2.123636484146118,wet,1
2024-06-01,6,NL126,Zuidoost-Friesland,Water Use Restrictions,0,0.3762873563203232,2.8139727115631104,wet,1
2024-07-01,7,NL126,Zuidoost-Friesland,Water Use Restrictions,0,0.28354334280630533,2.4634934266408286,wet,1
2024-08-01,8,NL126,Zuidoost-Friesland,Water Use Restrictions,0,0.24771650413828075,2.2954910596211753,wet,1
2024-09-01,9,NL126,Zuidoost-Friesland,Water Use Restrictions,0,0.13332110687657192,2.6972495714823403,wet,1
2024-10-01,10,NL126,Zuidoost-Friesland,Water Use Restrictions,0,0.05647327883806978,1.9253834088643391,wet,1
2024-11-01,11,NL126,Zuidoost-Friesland,Water Use Restrictions,0,0.05283817836155628,1.4363560279210408,wet,1
2024-12-01,12,NL126,Zuidoost-Friesland,Water Use Restrictions,0,0.041592236549086156,1.123047669728597,wet,1
2025-01-01,1,NL126,Zuidoost-Friesland,Water Use Restrictions,0,0.10501653988646821,1.0151313543319702,wet,1
2025-02-01,2,NL126,Zuidoost-Friesland,Water Use Restrictions,0,0.17716748081217093,0.39727561672528583,near_normal,1
2025-03-01,3,NL126,Zuidoost-Friesland,Water Use Restrictions,0,0.38915352116332685,0.04762745307137569,near_normal,1
2025-04-01,4,NL126,Zuidoost-Friesland,Water Use Restrictions,0,0.5232647062393699,-0.49264203508694965,near_normal,1
2025-05-01,5,NL126,Zuidoost-Friesland,Water Use Restrictions,0,0.669689198451385,-0.9436053037643433,near_normal,1
2025-06-01,6,NL126,Zuidoost-Friesland,Water Use Restrictions,0,0.6530883109236626,-1.055333097775777,dry,1
2025-07-01,7,NL126,Zuidoost-Friesland,Water Use Restrictions,0,0.5138609808110371,-1.1487988233566284,dry,1
2025-08-01,8,NL126,Zuidoost-Friesland,Water Use Restrictions,0,0.5104548076923456,-1.3487204710642497,dry,1
2025-09-01,9,NL126,Zuidoost-Friesland,Water Use Restrictions,0,0.1462898975479665,-1.5328909953435261,dry,1
2023-12-01,12,NL131,Noord-Drenthe,Water Use Restrictions,0,0.030868159991726842,1.685130774974823,wet,1
2024-01-01,1,NL131,Noord-Drenthe,Water Use Restrictions,0,0.05779757453991094,1.625184416770935,wet,1
2024-02-01,2,NL131,Noord-Drenthe,Water Use Restrictions,0,0.11748716314312894,1.908049762248993,wet,1
2024-03-01,3,NL131,Noord-Drenthe,Water Use Restrictions,0,0.21203163686823948,1.6074219346046448,wet,1
2024-04-01,4,NL131,Noord-Drenthe,Water Use Restrictions,0,0.2927446247032951,1.7808722257614136,wet,1
2024-05-01,5,NL131,Noord-Drenthe,Water Use Restrictions,0,0.48851762638913004,2.125525951385498,wet,1
2024-06-01,6,NL131,Noord-Drenthe,Water Use Restrictions,0,0.43391018737391746,2.8354954719543457,wet,1
2024-07-01,7,NL131,Noord-Drenthe,Water Use Restrictions,0,0.3692886164085344,2.568251371383667,wet,1
2024-08-01,8,NL131,Noord-Drenthe,Water Use Restrictions,0,0.3453683930815312,2.437190890312195,wet,1
2024-09-01,9,NL131,Noord-Drenthe,Water Use Restrictions,0,0.22018591044861976,2.765575647354126,wet,1
2024-10-01,10,NL131,Noord-Drenthe,Water Use Restrictions,0,0.08636028285738662,1.9603742957115173,wet,1
2024-11-01,11,NL131,Noord-Drenthe,Water Use Restrictions,0,0.07987197658995825,1.541092872619629,wet,1
2024-12-01,12,NL131,Noord-Drenthe,Water Use Restrictions,0,0.06193563198031307,1.1613088250160217,wet,1
2025-01-01,1,NL131,Noord-Drenthe,Water Use Restrictions,0,0.15923241975275226,1.0562910437583923,wet,1
2025-02-01,2,NL131,Noord-Drenthe,Water Use Restrictions,0,0.2446537376798138,0.4693644195795059,near_normal,1
2025-03-01,3,NL131,Noord-Drenthe,Water Use Restrictions,0,0.45172418530560515,0.14078162051737309,near_normal,1
2025-04-01,4,NL131,Noord-Drenthe,Water Use Restrictions,0,0.6606650397333919,-0.37382109463214874,near_normal,1
2025-05-01,5,NL131,Noord-Drenthe,Water Use Restrictions,0,0.7494800979878834,-0.8759167492389679,near_normal,1
2025-06-01,6,NL131,Noord-Drenthe,Water Use Restrictions,0,0.7644438553088823,-0.9764733612537384,near_normal,1
2025-07-01,7,NL131,Noord-Drenthe,Water Use Restrictions,0,0.6319313036812095,-1.0990380644798279,dry,1
2025-08-01,8,NL131,Noord-Drenthe,Water Use Restrictions,1,0.6439383602232142,-1.2489697933197021,dry,1
2025-09-01,9,NL131,Noord-Drenthe,Water Use Restrictions,0,0.24563875227632234,-1.4132501482963562,dry,1
2023-12-01,12,NL132,Zuidoost-Drenthe,Water Use Restrictions,0,0.016260991640717613,1.9405426979064941,wet,1
2024-01-01,1,NL132,Zuidoost-Drenthe,Water Use Restrictions,0,0.028705431899043794,1.862620234489441,wet,1
2024-02-01,2,NL132,Zuidoost-Drenthe,Water Use Restrictions,0,0.06427070889680433,2.074225902557373,wet,1
2024-03-01,3,NL132,Zuidoost-Drenthe,Water Use Restrictions,0,0.12853081369142028,1.7616868019104004,wet,1
2024-04-01,4,NL132,Zuidoost-Drenthe,Water Use Restrictions,0,0.18056879578694104,1.9577404260635376,wet,1
2024-05-01,5,NL132,Zuidoost-Drenthe,Water Use Restrictions,0,0.3280587247154208,2.271449089050293,wet,1
2024-06-01,6,NL132,Zuidoost-Drenthe,Water Use Restrictions,0,0.26168797533579247,2.8965072631835938,wet,1
2024-07-01,7,NL132,Zuidoost-Drenthe,Water Use Restrictions,0,0.2082677743356637,2.828998327255249,wet,1
2024-08-01,8,NL132,Zuidoost-Drenthe,Water Use Restrictions,0,0.2000762711846289,2.8166348934173584,wet,1
2024-09-01,9,NL132,Zuidoost-Drenthe,Water Use Restrictions,0,0.13507821603985343,3.1048576831817627,wet,1
2024-10-01,10,NL132,Zuidoost-Drenthe,Water Use Restrictions,0,0.043058245036939426,2.167729139328003,wet,1
2024-11-01,11,NL132,Zuidoost-Drenthe,Water Use Restrictions,0,0.039999651963471806,1.7443439960479736,wet,1
2024-12-01,12,NL132,Zuidoost-Drenthe,Water Use Restrictions,0,0.029123366929475623,1.2934812307357788,wet,1
2025-01-01,1,NL132,Zuidoost-Drenthe,Water Use Restrictions,0,0.0778230602978483,1.196232557296753,wet,1
2025-02-01,2,NL132,Zuidoost-Drenthe,Water Use Restrictions,0,0.1324660287856377,0.622021496295929,near_normal,1
2025-03-01,3,NL132,Zuidoost-Drenthe,Water Use Restrictions,0,0.3396188510817897,0.29568547010421753,near_normal,1
2025-04-01,4,NL132,Zuidoost-Drenthe,Water Use Restrictions,0,0.4960527279705807,-0.27435654401779175,near_normal,1
2025-05-01,5,NL132,Zuidoost-Drenthe,Water Use Restrictions,0,0.5930050648731165,-0.8413411974906921,near_normal,1
2025-06-01,6,NL132,Zuidoost-Drenthe,Water Use Restrictions,0,0.6235524623984472,-0.9112480282783508,near_normal,1
2025-07-01,7,NL132,Zuidoost-Drenthe,Water Use Restrictions,0,0.458623596986399,-1.104096531867981,dry,1
2025-08-01,8,NL132,Zuidoost-Drenthe,Water Use Restrictions,0,0.4833352823429053,-1.2686371803283691,dry,1
2025-09-01,9,NL132,Zuidoost-Drenthe,Water Use Restrictions,0,0.13795974685910126,-1.3522844314575195,dry,1
2023-12-01,12,NL133,Zuidwest-Drenthe,Water Use Restrictions,0,0.025093174784383037,1.7844210863113403,wet,1
2024-01-01,1,NL133,Zuidwest-Drenthe,Water Use Restrictions,0,0.04425057126662814,1.72472482919693,wet,1
2024-02-01,2,NL133,Zuidwest-Drenthe,Water Use Restrictions,0,0.09403066360301515,2.0366421341896057,wet,1
2024-03-01,3,NL133,Zuidwest-Drenthe,Water Use Restrictions,0,0.16591448518919658,1.7058511972427368,wet,1
2024-04-01,4,NL133,Zuidwest-Drenthe,Water Use Restrictions,0,0.24845718085080853,1.8357419967651367,wet,1
2024-05-01,5,NL133,Zuidwest-Drenthe,Water Use Restrictions,0,0.4013226745657217,2.266860604286194,wet,1
2024-06-01,6,NL133,Zuidwest-Drenthe,Water Use Restrictions,0,0.35235931502544793,2.907911777496338,wet,1
2024-07-01,7,NL133,Zuidwest-Drenthe,Water Use Restrictions,0,0.30162105637836645,2.7513095140457153,wet,1
2024-08-01,8,NL133,Zuidwest-Drenthe,Water Use Restrictions,0,0.27621896489566694,2.632028818130493,wet,1
2024-09-01,9,NL133,Zuidwest-Drenthe,Water Use Restrictions,0,0.16660926056505335,3.0397181510925293,wet,1
2024-10-01,10,NL133,Zuidwest-Drenthe,Water Use Restrictions,0,0.05856969166728228,2.1555556058883667,wet,1
2024-11-01,11,NL133,Zuidwest-Drenthe,Water Use Restrictions,0,0.05887688471208142,1.7173022627830505,wet,1
2024-12-01,12,NL133,Zuidwest-Drenthe,Water Use Restrictions,0,0.046994703023129074,1.3606191873550415,wet,1
2025-01-01,1,NL133,Zuidwest-Drenthe,Water Use Restrictions,0,0.10706636913770447,1.2867012023925781,wet,1
2025-02-01,2,NL133,Zuidwest-Drenthe,Water Use Restrictions,0,0.19818809341659133,0.6509714722633362,near_normal,1
2025-03-01,3,NL133,Zuidwest-Drenthe,Water Use Restrictions,0,0.451055574598015,0.2719087675213814,near_normal,1
2025-04-01,4,NL133,Zuidwest-Drenthe,Water Use Restrictions,0,0.5898366267542944,-0.26466917246580124,near_normal,1
2025-05-01,5,NL133,Zuidwest-Drenthe,Water Use Restrictions,0,0.665102807140256,-0.8783625960350037,near_normal,1
2025-06-01,6,NL133,Zuidwest-Drenthe,Water Use Restrictions,0,0.6930742236425361,-0.9638475477695465,near_normal,1
2025-07-01,7,NL133,Zuidwest-Drenthe,Water Use Restrictions,0,0.5565834771679417,-1.0526711344718933,dry,1
2025-08-01,8,NL133,Zuidwest-Drenthe,Water Use Restrictions,0,0.591756747599515,-1.2207630276679993,dry,1
2025-09-01,9,NL133,Zuidwest-Drenthe,Water Use Restrictions,0,0.19379671616777142,-1.363072395324707,dry,1
2023-12-01,12,NL211,Noord-Overijssel,Water Use Restrictions,0,0.033593305278896146,1.8763700723648071,wet,1
2024-01-01,1,NL211,Noord-Overijssel,Water Use Restrictions,0,0.05726167470069812,1.8030700087547302,wet,1
2024-02-01,2,NL211,Noord-Overijssel,Water Use Restrictions,0,0.11820404147117405,2.1056063175201416,wet,1
2024-03-01,3,NL211,Noord-Overijssel,Water Use Restrictions,0,0.18796749201049778,1.7778285145759583,wet,1
2024-04-01,4,NL211,Noord-Overijssel,Water Use Restrictions,0,0.30848894721535297,1.8979318737983704,wet,1
2024-05-01,5,NL211,Noord-Overijssel,Water Use Restrictions,0,0.4617360019825584,2.330261468887329,wet,1
2024-06-01,6,NL211,Noord-Overijssel,Water Use Restrictions,0,0.41407663126633487,2.892736077308655,wet,1
2024-07-01,7,NL211,Noord-Overijssel,Water Use Restrictions,0,0.3305603394432116,2.926464080810547,wet,1
2024-08-01,8,NL211,Noord-Overijssel,Water Use Restrictions,0,0.3019624434269292,2.801928162574768,wet,1
2024-09-01,9,NL211,Noord-Overijssel,Water Use Restrictions,0,0.2013709827415176,3.1640535593032837,wet,1
2024-10-01,10,NL211,Noord-Overijssel,Water Use Restrictions,0,0.07143010028172825,2.2690484523773193,wet,1
2024-11-01,11,NL211,Noord-Overijssel,Water Use Restrictions,0,0.07316266257889635,1.8291608691215515,wet,1
2024-12-01,12,NL211,Noord-Overijssel,Water Use Restrictions,0,0.05911770270990003,1.4506611824035645,wet,1
2025-01-01,1,NL211,Noord-Overijssel,Water Use Restrictions,0,0.1417599506207312,1.3931864500045776,wet,1
2025-02-01,2,NL211,Noord-Overijssel,Water Use Restrictions,0,0.23810781849931442,0.753440797328949,near_normal,1
2025-03-01,3,NL211,Noord-Overijssel,Water Use Restrictions,0,0.5109699169681416,0.3611278682947159,near_normal,1
2025-04-01,4,NL211,Noord-Overijssel,Water Use Restrictions,1,0.6313403291110967,-0.20052483677864075,near_normal,1
2025-05-01,5,NL211,Noord-Overijssel,Water Use Restrictions,0,0.722256917232451,-0.8454030454158783,near_normal,1
2025-06-01,6,NL211,Noord-Overijssel,Water Use Restrictions,1,0.7416095605380105,-0.9478132128715515,near_normal,1
2025-07-01,7,NL211,Noord-Overijssel,Water Use Restrictions,0,0.6002952921255946,-1.0653294920921326,dry,1
2025-08-01,8,NL211,Noord-Overijssel,Water Use Restrictions,0,0.5966987784937189,-1.2702912092208862,dry,1
2025-09-01,9,NL211,Noord-Overijssel,Water Use Restrictions,0,0.20384550071789365,-1.3825294971466064,dry,1
2023-12-01,12,NL212,Zuidwest-Overijssel,Water Use Restrictions,0,0.08634055294136772,1.9005659818649292,wet,1
2024-01-01,1,NL212,Zuidwest-Overijssel,Water Use Restrictions,0,0.13699219249103947,1.8292285203933716,wet,1
2024-02-01,2,NL212,Zuidwest-Overijssel,Water Use Restrictions,0,0.25998559584399517,2.213228702545166,wet,1
2024-03-01,3,NL212,Zuidwest-Overijssel,Water Use Restrictions,0,0.3744282106392558,1.849002480506897,wet,1
2024-04-01,4,NL212,Zuidwest-Overijssel,Water Use Restrictions,0,0.5323122021219167,1.9571956396102905,wet,1
2024-05-01,5,NL212,Zuidwest-Overijssel,Water Use Restrictions,0,0.6702528004558551,2.3873307704925537,wet,1
2024-06-01,6,NL212,Zuidwest-Overijssel,Water Use Restrictions,0,0.6257541375905098,2.8320765495300293,wet,1
2024-07-01,7,NL212,Zuidwest-Overijssel,Water Use Restrictions,0,0.5696535850281332,3.2399985790252686,wet,1
2024-08-01,8,NL212,Zuidwest-Overijssel,Water Use Restrictions,0,0.5219564299752242,2.890531063079834,wet,1
2024-09-01,9,NL212,Zuidwest-Overijssel,Water Use Restrictions,0,0.39465440620419245,3.281804084777832,wet,1
2024-10-01,10,NL212,Zuidwest-Overijssel,Water Use Restrictions,0,0.16157605413423853,2.341593027114868,wet,1
2024-11-01,11,NL212,Zuidwest-Overijssel,Water Use Restrictions,0,0.1633878440697071,1.9496963024139404,wet,1
2024-12-01,12,NL212,Zuidwest-Overijssel,Water Use Restrictions,0,0.13431936277803772,1.6000728607177734,wet,1
2025-01-01,1,NL212,Zuidwest-Overijssel,Water Use Restrictions,0,0.2842518706273221,1.6217764616012573,wet,1
2025-02-01,2,NL212,Zuidwest-Overijssel,Water Use Restrictions,0,0.4421181287541599,0.9912475943565369,near_normal,1
2025-03-01,3,NL212,Zuidwest-Overijssel,Water Use Restrictions,0,0.7428455178900002,0.5870882868766785,near_normal,1
2025-04-01,4,NL212,Zuidwest-Overijssel,Water Use Restrictions,0,0.8373648316618696,-0.03741263225674629,near_normal,1
2025-05-01,5,NL212,Zuidwest-Overijssel,Water Use Restrictions,0,0.86572756699165,-0.7523486614227295,near_normal,1
2025-06-01,6,NL212,Zuidwest-Overijssel,Water Use Restrictions,1,0.8879310133869825,-0.9098113179206848,near_normal,1
2025-07-01,7,NL212,Zuidwest-Overijssel,Water Use Restrictions,0,0.7932724262499657,-1.0562019348144531,dry,1
2025-08-01,8,NL212,Zuidwest-Overijssel,Water Use Restrictions,0,0.8000671111653594,-1.332362413406372,dry,1
2025-09-01,9,NL212,Zuidwest-Overijssel,Water Use Restrictions,0,0.4141194083275008,-1.4136707782745361,dry,1
2023-12-01,12,NL213,Twente,Water Use Restrictions,0,0.08541570757217623,1.877382477124532,wet,1
2024-01-01,1,NL213,Twente,Water Use Restrictions,0,0.13805459892271188,1.7741056680679321,wet,1
2024-02-01,2,NL213,Twente,Water Use Restrictions,0,0.25622850208659226,2.1074114640553794,wet,1
2024-03-01,3,NL213,Twente,Water Use Restrictions,0,0.4097545107603351,1.7495448191960652,wet,1
2024-04-01,4,NL213,Twente,Water Use Restrictions,0,0.5391347454401272,1.8394211530685425,wet,1
2024-05-01,5,NL213,Twente,Water Use Restrictions,0,0.6731650276806256,2.2049256960550943,wet,1
2024-06-01,6,NL213,Twente,Water Use Restrictions,0,0.6396117498408906,2.5858238538106284,wet,1
2024-07-01,7,NL213,Twente,Water Use Restrictions,0,0.5197408284392477,2.9343260129292807,wet,1
2024-08-01,8,NL213,Twente,Water Use Restrictions,0,0.4646825838798306,2.6960832277933755,wet,1
2024-09-01,9,NL213,Twente,Water Use Restrictions,0,0.39409654805523137,3.2426631450653076,wet,1
2024-10-01,10,NL213,Twente,Water Use Restrictions,0,0.15137386465145228,2.2757716178894043,wet,1
2024-11-01,11,NL213,Twente,Water Use Restrictions,0,0.1579553222481598,1.856828014055888,wet,1
2024-12-01,12,NL213,Twente,Water Use Restrictions,0,0.12375134475008731,1.449364145596822,wet,1
2025-01-01,1,NL213,Twente,Water Use Restrictions,0,0.25851045728865135,1.4633930921554565,wet,1
2025-02-01,2,NL213,Twente,Water Use Restrictions,0,0.41697748242997884,0.8273681799570719,near_normal,1
2025-03-01,3,NL213,Twente,Water Use Restrictions,1,0.749207965342125,0.45466773708661395,near_normal,1
2025-04-01,4,NL213,Twente,Water Use Restrictions,0,0.8300858318649266,-0.08532259364922841,near_normal,1
2025-05-01,5,NL213,Twente,Water Use Restrictions,0,0.8571404605657764,-0.7380898396174113,near_normal,1
2025-06-01,6,NL213,Twente,Water Use Restrictions,1,0.886426381801047,-0.8258537650108337,near_normal,1
2025-07-01,7,NL213,Twente,Water Use Restrictions,0,0.8096128079648979,-0.9453806678454081,near_normal,1
2025-08-01,8,NL213,Twente,Water Use Restrictions,0,0.8262965858532811,-1.2185680468877156,dry,1
2025-09-01,9,NL213,Twente,Water Use Restrictions,0,0.4290918114338056,-1.2572739521662395,dry,1
2023-12-01,12,NL221,Veluwe,Water Use Restrictions,0,0.13466842425148617,1.9351237614949544,wet,1
2024-01-01,1,NL221,Veluwe,Water Use Restrictions,0,0.2038572406116159,1.8073323965072632,wet,1
2024-02-01,2,NL221,Veluwe,Water Use Restrictions,0,0.3355220411259739,2.2413116296132407,wet,1
2024-03-01,3,NL221,Veluwe,Water Use Restrictions,0,0.4580951425314703,1.8151774009068806,wet,1
2024-04-01,4,NL221,Veluwe,Water Use Restrictions,0,0.6278105698748103,2.02529247601827,wet,1
2024-05-01,5,NL221,Veluwe,Water Use Restrictions,0,0.7542762063558929,2.5431505044301352,wet,1
2024-06-01,6,NL221,Veluwe,Water Use Restrictions,0,0.7538147984370054,2.9275620778401694,wet,1
2024-07-01,7,NL221,Veluwe,Water Use Restrictions,0,0.696597798394701,3.333141009012858,wet,1
2024-08-01,8,NL221,Veluwe,Water Use Restrictions,0,0.6310943040068817,2.8060739040374756,wet,1
2024-09-01,9,NL221,Veluwe,Water Use Restrictions,0,0.5028154414938039,3.3057305812835693,wet,1
2024-10-01,10,NL221,Veluwe,Water Use Restrictions,0,0.2349897773592085,2.3737645149230957,wet,1
2024-11-01,11,NL221,Veluwe,Water Use Restrictions,0,0.23638320507137683,1.9296060800552368,wet,1
2024-12-01,12,NL221,Veluwe,Water Use Restrictions,0,0.20538716740890425,1.6137422720591228,wet,1
2025-01-01,1,NL221,Veluwe,Water Use Restrictions,0,0.3792593546793967,1.6722465356190999,wet,1
2025-02-01,2,NL221,Veluwe,Water Use Restrictions,0,0.5791514959101348,1.0694556037584941,wet,1
2025-03-01,3,NL221,Veluwe,Water Use Restrictions,0,0.8558259014720673,0.6522466341654459,near_normal,1
2025-04-01,4,NL221,Veluwe,Water Use Restrictions,1,0.8962246052302663,-0.03821267498036226,near_normal,1
2025-05-01,5,NL221,Veluwe,Water Use Restrictions,0,0.9069548201971597,-0.8415002226829529,near_normal,1
2025-06-01,6,NL221,Veluwe,Water Use Restrictions,1,0.9315995112768402,-0.9649274547894796,near_normal,1
2025-07-01,7,NL221,Veluwe,Water Use Restrictions,0,0.865707363450298,-1.1212384700775146,dry,1
2025-08-01,8,NL221,Veluwe,Water Use Restrictions,0,0.8698336402807996,-1.4766345818837483,dry,1
2025-09-01,9,NL221,Veluwe,Water Use Restrictions,0,0.5218976020123678,-1.5261424779891968,dry,1
2023-12-01,12,NL224,Zuidwest-Gelderland,Water Use Restrictions,0,0.05092173680399023,1.9365487098693848,wet,1
2024-01-01,1,NL224,Zuidwest-Gelderland,Water Use Restrictions,0,0.0763372488705208,1.685375452041626,wet,1
2024-02-01,2,NL224,Zuidwest-Gelderland,Water Use Restrictions,0,0.12375251779458936,2.1737860441207886,wet,1
2024-03-01,3,NL224,Zuidwest-Gelderland,Water Use Restrictions,0,0.191278363430738,1.7497069239616394,wet,1
2024-04-01,4,NL224,Zuidwest-Gelderland,Water Use Restrictions,0,0.3271811455625779,2.014431595802307,wet,1
2024-05-01,5,NL224,Zuidwest-Gelderland,Water Use Restrictions,0,0.48271370339627645,2.511814832687378,wet,1
2024-06-01,6,NL224,Zuidwest-Gelderland,Water Use Restrictions,0,0.482445657835979,2.8723764419555664,wet,1
2024-07-01,7,NL224,Zuidwest-Gelderland,Water Use Restrictions,0,0.37734528295585296,3.360319137573242,wet,1
2024-08-01,8,NL224,Zuidwest-Gelderland,Water Use Restrictions,0,0.296710814477901,2.7078782320022583,wet,1
2024-09-01,9,NL224,Zuidwest-Gelderland,Water Use Restrictions,0,0.1884253391386969,3.562034487724304,wet,1
2024-10-01,10,NL224,Zuidwest-Gelderland,Water Use Restrictions,0,0.08421300903935797,2.6191734075546265,wet,1
2024-11-01,11,NL224,Zuidwest-Gelderland,Water Use Restrictions,0,0.07488617885637196,2.088479518890381,wet,1
2024-12-01,12,NL224,Zuidwest-Gelderland,Water Use Restrictions,0,0.06744795124478495,1.848576307296753,wet,1
2025-01-01,1,NL224,Zuidwest-Gelderland,Water Use Restrictions,0,0.13554864716681453,1.9212733507156372,wet,1
2025-02-01,2,NL224,Zuidwest-Gelderland,Water Use Restrictions,0,0.27221887671535067,1.400187075138092,wet,1
2025-03-01,3,NL224,Zuidwest-Gelderland,Water Use Restrictions,0,0.6910879693534007,0.972754567861557,near_normal,1
2025-04-01,4,NL224,Zuidwest-Gelderland,Water Use Restrictions,0,0.6974349512631792,0.29149629175662994,near_normal,1
2025-05-01,5,NL224,Zuidwest-Gelderland,Water Use Restrictions,1,0.7477771151278535,-0.6283363997936249,near_normal,1
2025-06-01,6,NL224,Zuidwest-Gelderland,Water Use Restrictions,1,0.7755476722888992,-0.8211278021335602,near_normal,1
2025-07-01,7,NL224,Zuidwest-Gelderland,Water Use Restrictions,0,0.629301519925322,-1.0137033462524414,dry,1
2025-08-01,8,NL224,Zuidwest-Gelderland,Water Use Restrictions,0,0.5891577506019751,-1.4959520101547241,dry,1
2025-09-01,9,NL224,Zuidwest-Gelderland,Water Use Restrictions,0,0.19452868642614435,-1.5776581168174744,dry,1
2023-12-01,12,NL225,Achterhoek,Water Use Restrictions,0,0.10725931641313423,1.9582886695861816,wet,1
2024-01-01,1,NL225,Achterhoek,Water Use Restrictions,0,0.17332321252064178,1.805512011051178,wet,1
2024-02-01,2,NL225,Achterhoek,Water Use Restrictions,0,0.2837664918506626,2.2859821915626526,wet,1
2024-03-01,3,NL225,Achterhoek,Water Use Restrictions,0,0.4174524707594944,1.7744671404361725,wet,1
2024-04-01,4,NL225,Achterhoek,Water Use Restrictions,0,0.5923658928957926,1.8754302561283112,wet,1
2024-05-01,5,NL225,Achterhoek,Water Use Restrictions,0,0.7223388919684994,2.249455988407135,wet,1
2024-06-01,6,NL225,Achterhoek,Water Use Restrictions,0,0.7074056740167914,2.5028456449508667,wet,1
2024-07-01,7,NL225,Achterhoek,Water Use Restrictions,0,0.5738694628292187,2.9508511424064636,wet,1
2024-08-01,8,NL225,Achterhoek,Water Use Restrictions,0,0.4859177354133709,2.5167282819747925,wet,1
2024-09-01,9,NL225,Achterhoek,Water Use Restrictions,0,0.4210041577475272,3.3198123574256897,wet,1
2024-10-01,10,NL225,Achterhoek,Water Use Restrictions,0,0.17286896385745618,2.387208878993988,wet,1
2024-11-01,11,NL225,Achterhoek,Water Use Restrictions,0,0.1757537620268383,1.9416667819023132,wet,1
2024-12-01,12,NL225,Achterhoek,Water Use Restrictions,0,0.14480530427599345,1.5921784937381744,wet,1
2025-01-01,1,NL225,Achterhoek,Water Use Restrictions,0,0.27363940337100423,1.7311365902423859,wet,1
2025-02-01,2,NL225,Achterhoek,Water Use Restrictions,0,0.45858182991677976,1.0746888369321823,wet,1
2025-03-01,3,NL225,Achterhoek,Water Use Restrictions,0,0.7747512949469819,0.6834009438753128,near_normal,1
2025-04-01,4,NL225,Achterhoek,Water Use Restrictions,0,0.8431690496389423,0.09695965144783258,near_normal,1
2025-05-01,5,NL225,Achterhoek,Water Use Restrictions,1,0.8719025679406527,-0.612250030040741,near_normal,1
2025-06-01,6,NL225,Achterhoek,Water Use Restrictions,1,0.8976755610702901,-0.7061386853456497,near_normal,1
2025-07-01,7,NL225,Achterhoek,Water Use Restrictions,1,0.8309657026512474,-0.8033000975847244,near_normal,1
2025-08-01,8,NL225,Achterhoek,Water Use Restrictions,0,0.8574351670751387,-1.172307550907135,dry,1
2025-09-01,9,NL225,Achterhoek,Water Use Restrictions,0,0.4806250700455289,-1.218297392129898,dry,1
2023-12-01,12,NL226,Arnhem/Nijmegen,Water Use Restrictions,0,0.07300127729018943,2.0403103033701577,wet,1
2024-01-01,1,NL226,Arnhem/Nijmegen,Water Use Restrictions,0,0.12073843624420608,1.8382607301076253,wet,1
2024-02-01,2,NL226,Arnhem/Nijmegen,Water Use Restrictions,0,0.1932291850637404,2.3888396422068277,wet,1
2024-03-01,3,NL226,Arnhem/Nijmegen,Water Use Restrictions,0,0.29669191492829866,1.8225633303324382,wet,1
2024-04-01,4,NL226,Arnhem/Nijmegen,Water Use Restrictions,0,0.45880448878693325,2.003558794657389,wet,1
2024-05-01,5,NL226,Arnhem/Nijmegen,Water Use Restrictions,0,0.6328976448936343,2.5283732414245605,wet,1
2024-06-01,6,NL226,Arnhem/Nijmegen,Water Use Restrictions,0,0.6334084597392181,2.8170496622721353,wet,1
2024-07-01,7,NL226,Arnhem/Nijmegen,Water Use Restrictions,0,0.4910070252888478,3.480062961578369,wet,1
2024-08-01,8,NL226,Arnhem/Nijmegen,Water Use Restrictions,1,0.38156864759951836,2.6924848556518555,wet,1
2024-09-01,9,NL226,Arnhem/Nijmegen,Water Use Restrictions,0,0.30018240244601174,3.6542739868164062,wet,1
2024-10-01,10,NL226,Arnhem/Nijmegen,Water Use Restrictions,0,0.1193109657060352,2.6188717683156333,wet,1
2024-11-01,11,NL226,Arnhem/Nijmegen,Water Use Restrictions,0,0.11347144379915367,2.119877894719442,wet,1
2024-12-01,12,NL226,Arnhem/Nijmegen,Water Use Restrictions,0,0.09879748529958864,1.8100270827611287,wet,1
2025-01-01,1,NL226,Arnhem/Nijmegen,Water Use Restrictions,0,0.18992756423048546,1.9685104290644329,wet,1
2025-02-01,2,NL226,Arnhem/Nijmegen,Water Use Restrictions,0,0.35906935954888436,1.3947044213612874,wet,1
2025-03-01,3,NL226,Arnhem/Nijmegen,Water Use Restrictions,0,0.7134729546981835,0.9596504171689352,near_normal,1
2025-04-01,4,NL226,Arnhem/Nijmegen,Water Use Restrictions,0,0.7793494787852802,0.3398151993751526,near_normal,1
2025-05-01,5,NL226,Arnhem/Nijmegen,Water Use Restrictions,0,0.8109596100343552,-0.5684083700180054,near_normal,1
2025-06-01,6,NL226,Arnhem/Nijmegen,Water Use Restrictions,1,0.8471832386272975,-0.671301543712616,near_normal,1
2025-07-01,7,NL226,Arnhem/Nijmegen,Water Use Restrictions,0,0.7655391225893541,-0.846276581287384,near_normal,1
2025-08-01,8,NL226,Arnhem/Nijmegen,Water Use Restrictions,0,0.7395322638689054,-1.2885345220565796,dry,1
2025-09-01,9,NL226,Arnhem/Nijmegen,Water Use Restrictions,0,0.3353106461257526,-1.3259549935658772,dry,1
2023-12-01,12,NL230,Flevoland,Water Use Restrictions,0,0.026907155694384975,1.8151381413141887,wet,1
2024-01-01,1,NL230,Flevoland,Water Use Restrictions,0,0.04526868973268548,1.6810797452926636,wet,1
2024-02-01,2,NL230,Flevoland,Water Use Restrictions,0,0.08538758656551833,2.042652944723765,wet,1
2024-03-01,3,NL230,Flevoland,Water Use Restrictions,0,0.12163467634720455,1.7197583715120952,wet,1
2024-04-01,4,NL230,Flevoland,Water Use Restrictions,0,0.25197032425865934,1.9411502679189045,wet,1
2024-05-01,5,NL230,Flevoland,Water Use Restrictions,1,0.3917488953546479,2.439574877421061,wet,1
2024-06-01,6,NL230,Flevoland,Water Use Restrictions,0,0.3769504035265861,2.9559825658798218,wet,1
2024-07-01,7,NL230,Flevoland,Water Use Restrictions,0,0.2888900883348909,2.801535407702128,wet,1
2024-08-01,8,NL230,Flevoland,Water Use Restrictions,0,0.23428765943744106,2.583793560663859,wet,1
2024-09-01,9,NL230,Flevoland,Water Use Restrictions,0,0.12849620448274726,2.821715792020162,wet,1
2024-10-01,10,NL230,Flevoland,Water Use Restrictions,0,0.05894922574628657,2.08377875884374,wet,1
2024-11-01,11,NL230,Flevoland,Water Use Restrictions,0,0.0556590868415596,1.6295397281646729,wet,1
2024-12-01,12,NL230,Flevoland,Water Use Restrictions,0,0.04705472921499687,1.3571658531824748,wet,1
2025-01-01,1,NL230,Flevoland,Water Use Restrictions,0,0.10845228840138017,1.31018461783727,wet,1
2025-02-01,2,NL230,Flevoland,Water Use Restrictions,0,0.20763043712682075,0.681924487153689,near_normal,1
2025-03-01,3,NL230,Flevoland,Water Use Restrictions,0,0.5373746804576602,0.25594955605144304,near_normal,1
2025-04-01,4,NL230,Flevoland,Water Use Restrictions,0,0.5582501209420785,-0.42615289986133575,near_normal,1
2025-05-01,5,NL230,Flevoland,Water Use Restrictions,0,0.623695182616749,-1.02263805270195,dry,1
2025-06-01,6,NL230,Flevoland,Water Use Restrictions,1,0.6733353713747632,-1.1407394806543987,dry,1
2025-07-01,7,NL230,Flevoland,Water Use Restrictions,0,0.5099179885151118,-1.2951755126317341,dry,1
2025-08-01,8,NL230,Flevoland,Water Use Restrictions,0,0.46204192212228307,-1.5772170821825664,dry,1
2025-09-01,9,NL230,Flevoland,Water Use Restrictions,0,0.14186269339670932,-1.6643696029980977,dry,1
2023-12-01,12,NL310,Utrecht,Water Use Restrictions,0,0.07171546125572348,1.8131556908289592,wet,1
2024-01-01,1,NL310,Utrecht,Water Use Restrictions,0,0.10879923129384882,1.6331657965977986,wet,1
2024-02-01,2,NL310,Utrecht,Water Use Restrictions,0,0.17901639589197246,2.060304045677185,wet,1
2024-03-01,3,NL310,Utrecht,Water Use Restrictions,0,0.2474010320776405,1.6860721111297607,wet,1
2024-04-01,4,NL310,Utrecht,Water Use Restrictions,0,0.4438045918087719,1.934793512026469,wet,1
2024-05-01,5,NL310,Utrecht,Water Use Restrictions,0,0.5962768809237194,2.4599483807881675,wet,1
2024-06-01,6,NL310,Utrecht,Water Use Restrictions,0,0.6035583438254938,2.8643977642059326,wet,1
2024-07-01,7,NL310,Utrecht,Water Use Restrictions,0,0.5180763011551903,2.9952971935272217,wet,1
2024-08-01,8,NL310,Utrecht,Water Use Restrictions,0,0.4588567075814659,2.573964277903239,wet,1
2024-09-01,9,NL310,Utrecht,Water Use Restrictions,0,0.26996121553642255,2.949850559234619,wet,1
2024-10-01,10,NL310,Utrecht,Water Use Restrictions,0,0.13570320835170985,2.2675256729125977,wet,1
2024-11-01,11,NL310,Utrecht,Water Use Restrictions,0,0.12251869851144151,1.8243724505106609,wet,1
2024-12-01,12,NL310,Utrecht,Water Use Restrictions,1,0.10413380031473704,1.599138617515564,wet,1
2025-01-01,1,NL310,Utrecht,Water Use Restrictions,0,0.21966967683452243,1.6418602069218953,wet,1
2025-02-01,2,NL310,Utrecht,Water Use Restrictions,0,0.40198651648536315,1.0959928433100383,wet,1
2025-03-01,3,NL310,Utrecht,Water Use Restrictions,0,0.7836970529913663,0.6640455524126688,near_normal,1
2025-04-01,4,NL310,Utrecht,Water Use Restrictions,0,0.7775421798575458,-0.07301297783851624,near_normal,1
2025-05-01,5,NL310,Utrecht,Water Use Restrictions,0,0.8122234635435979,-0.8883529901504517,near_normal,1
2025-06-01,6,NL310,Utrecht,Water Use Restrictions,1,0.8381533203256819,-1.0327074925104778,dry,1
2025-07-01,7,NL310,Utrecht,Water Use Restrictions,0,0.7213168342650705,-1.170036753018697,dry,1
2025-08-01,8,NL310,Utrecht,Water Use Restrictions,0,0.6866412412064254,-1.5849626461664836,dry,1
2025-09-01,9,NL310,Utrecht,Water Use Restrictions,0,0.2726125596614475,-1.695322314898173,dry,1
2023-12-01,12,NL321,Kop van Noord-Holland,Water Use Restrictions,0,0.03300418569803529,1.812544584274292,wet,1
2024-01-01,1,NL321,Kop van Noord-Holland,Water Use Restrictions,0,0.058604409151511466,1.6329838037490845,wet,1
2024-02-01,2,NL321,Kop van Noord-Holland,Water Use Restrictions,0,0.10346921404080021,1.9536860883235931,wet,1
2024-03-01,3,NL321,Kop van Noord-Holland,Water Use Restrictions,0,0.17947579777766376,1.7587225437164307,wet,1
2024-04-01,4,NL321,Kop van Noord-Holland,Water Use Restrictions,0,0.33394949069196034,2.091783583164215,wet,1
2024-05-01,5,NL321,Kop van Noord-Holland,Water Use Restrictions,0,0.5040658035386745,2.2810864448547363,wet,1
2024-06-01,6,NL321,Kop van Noord-Holland,Water Use Restrictions,0,0.5146441125399862,2.7499186396598816,wet,1
2024-07-01,7,NL321,Kop van Noord-Holland,Water Use Restrictions,0,0.32450054291951264,2.32273006439209,wet,1
2024-08-01,8,NL321,Kop van Noord-Holland,Water Use Restrictions,1,0.3383552027433315,2.314435124397278,wet,1
2024-09-01,9,NL321,Kop van Noord-Holland,Water Use Restrictions,0,0.15709328417541957,2.3948420882225037,wet,1
2024-10-01,10,NL321,Kop van Noord-Holland,Water Use Restrictions,0,0.09544813265298387,1.7925672829151154,wet,1
2024-11-01,11,NL321,Kop van Noord-Holland,Water Use Restrictions,1,0.07744511229223629,1.154409036040306,wet,1
2024-12-01,12,NL321,Kop van Noord-Holland,Water Use Restrictions,0,0.06885410637656732,0.8799158334732056,near_normal,1
2025-01-01,1,NL321,Kop van Noord-Holland,Water Use Restrictions,0,0.1618155577755794,0.7503800988197327,near_normal,1
2025-02-01,2,NL321,Kop van Noord-Holland,Water Use Restrictions,0,0.2515256621610156,0.1837369699496776,near_normal,1
2025-03-01,3,NL321,Kop van Noord-Holland,Water Use Restrictions,0,0.5233265491650579,-0.19919294212013483,near_normal,1
2025-04-01,4,NL321,Kop van Noord-Holland,Water Use Restrictions,0,0.6218857951178747,-0.8529584109783173,near_normal,1
2025-05-01,5,NL321,Kop van Noord-Holland,Water Use Restrictions,1,0.6915576279950093,-1.0707411617040634,dry,1
2025-06-01,6,NL321,Kop van Noord-Holland,Water Use Restrictions,0,0.6838324686718114,-1.2265169620513916,dry,1
2025-07-01,7,NL321,Kop van Noord-Holland,Water Use Restrictions,0,0.5517374212812599,-1.3985914885997772,dry,1
2025-08-01,8,NL321,Kop van Noord-Holland,Water Use Restrictions,0,0.45620040461570954,-1.6699672937393188,dry,1
2025-09-01,9,NL321,Kop van Noord-Holland,Water Use Restrictions,0,0.15329019556077894,-1.6399725377559662,dry,1
2023-12-01,12,NL323,IJmond,Water Use Restrictions,0,0.021128418785152012,1.9724016189575195,wet,1
2024-01-01,1,NL323,IJmond,Water Use Restrictions,0,0.04043280799224967,1.7469192743301392,wet,1
2024-02-01,2,NL323,IJmond,Water Use Restrictions,0,0.06996184219054098,1.9654667377471924,wet,1
2024-03-01,3,NL323,IJmond,Water Use Restrictions,0,0.1194925127101905,1.801576018333435,wet,1
2024-04-01,4,NL323,IJmond,Water Use Restrictions,0,0.2604967316678706,2.1092770099639893,wet,1
2024-05-01,5,NL323,IJmond,Water Use Restrictions,0,0.3901473333244958,2.3961286544799805,wet,1
2024-06-01,6,NL323,IJmond,Water Use Restrictions,0,0.38871711756008376,2.795001268386841,wet,1
2024-07-01,7,NL323,IJmond,Water Use Restrictions,0,0.20766638437494975,2.374518632888794,wet,1
2024-08-01,8,NL323,IJmond,Water Use Restrictions,0,0.2201084756767745,2.4498143196105957,wet,1
2024-09-01,9,NL323,IJmond,Water Use Restrictions,0,0.10676944662162943,2.5644779205322266,wet,1
2024-10-01,10,NL323,IJmond,Water Use Restrictions,0,0.07767173128410726,2.1055748462677,wet,1
2024-11-01,11,NL323,IJmond,Water Use Restrictions,0,0.05158405078579093,1.2876315116882324,wet,1
2024-12-01,12,NL323,IJmond,Water Use Restrictions,0,0.04744471967091739,1.054290771484375,wet,1
2025-01-01,1,NL323,IJmond,Water Use Restrictions,0,0.10867288686092777,0.9302926659584045,near_normal,1
2025-02-01,2,NL323,IJmond,Water Use Restrictions,0,0.18125000326756735,0.3864094913005829,near_normal,1
2025-03-01,3,NL323,IJmond,Water Use Restrictions,0,0.508742115986401,-0.0300010796636343,near_normal,1
2025-04-01,4,NL323,IJmond,Water Use Restrictions,0,0.5139732952211176,-0.679432213306427,near_normal,1
2025-05-01,5,NL323,IJmond,Water Use Restrictions,0,0.5659149706368375,-1.0121432542800903,dry,1
2025-06-01,6,NL323,IJmond,Water Use Restrictions,0,0.6003962829456301,-1.1519043445587158,dry,1
2025-07-01,7,NL323,IJmond,Water Use Restrictions,0,0.4401073114340432,-1.336739182472229,dry,1
2025-08-01,8,NL323,IJmond,Water Use Restrictions,0,0.3849396654557945,-1.6172122955322266,dry,1
2025-09-01,9,NL323,IJmond,Water Use Restrictions,0,0.10385483285754872,-1.5776567459106445,dry,1
2023-12-01,12,NL324,Agglomeratie Haarlem,Water Use Restrictions,0,0.03128017663758504,1.8669588565826416,wet,1
2024-01-01,1,NL324,Agglomeratie Haarlem,Water Use Restrictions,0,0.05290298524016862,1.647356390953064,wet,1
2024-02-01,2,NL324,Agglomeratie Haarlem,Water Use Restrictions,0,0.0912821418528373,1.945382833480835,wet,1
2024-03-01,3,NL324,Agglomeratie Haarlem,Water Use Restrictions,0,0.1540822728684295,1.7071410417556763,wet,1
2024-04-01,4,NL324,Agglomeratie Haarlem,Water Use Restrictions,0,0.2928961859808756,1.988879919052124,wet,1
2024-05-01,5,NL324,Agglomeratie Haarlem,Water Use Restrictions,0,0.4166696849193031,2.4034242630004883,wet,1
2024-06-01,6,NL324,Agglomeratie Haarlem,Water Use Restrictions,0,0.4296654546132018,2.8238632678985596,wet,1
2024-07-01,7,NL324,Agglomeratie Haarlem,Water Use Restrictions,0,0.27173107919813166,2.4710593223571777,wet,1
2024-08-01,8,NL324,Agglomeratie Haarlem,Water Use Restrictions,0,0.2622489380954122,2.520214796066284,wet,1
2024-09-01,9,NL324,Agglomeratie Haarlem,Water Use Restrictions,0,0.13070872085561788,2.598809242248535,wet,1
2024-10-01,10,NL324,Agglomeratie Haarlem,Water Use Restrictions,0,0.08051509619622266,2.1641006469726562,wet,1
2024-11-01,11,NL324,Agglomeratie Haarlem,Water Use Restrictions,0,0.06107152154516916,1.519848108291626,wet,1
2024-12-01,12,NL324,Agglomeratie Haarlem,Water Use Restrictions,0,0.057849669893331866,1.3313369750976562,wet,1
2025-01-01,1,NL324,Agglomeratie Haarlem,Water Use Restrictions,0,0.12474537103288334,1.2478913068771362,wet,1
2025-02-01,2,NL324,Agglomeratie Haarlem,Water Use Restrictions,0,0.22862446655451096,0.668552577495575,near_normal,1
2025-03-01,3,NL324,Agglomeratie Haarlem,Water Use Restrictions,0,0.5638707529337232,0.24341583251953125,near_normal,1
2025-04-01,4,NL324,Agglomeratie Haarlem,Water Use Restrictions,0,0.6095611700904824,-0.45443814992904663,near_normal,1
2025-05-01,5,NL324,Agglomeratie Haarlem,Water Use Restrictions,0,0.6399187268180325,-0.9552810192108154,near_normal,1
2025-06-01,6,NL324,Agglomeratie Haarlem,Water Use Restrictions,0,0.7010774660311228,-1.0814781188964844,dry,1
2025-07-01,7,NL324,Agglomeratie Haarlem,Water Use Restrictions,0,0.5192371008644404,-1.2436511516571045,dry,1
2025-08-01,8,NL324,Agglomeratie Haarlem,Water Use Restrictions,0,0.4569998644177053,-1.534304141998291,dry,1
2025-09-01,9,NL324,Agglomeratie Haarlem,Water Use Restrictions,0,0.13652310427813852,-1.641973853111267,dry,1
2023-12-01,12,NL325,Zaanstreek,Water Use Restrictions,0,0.014964573441803554,1.7692939043045044,wet,1
2024-01-01,1,NL325,Zaanstreek,Water Use Restrictions,0,0.026715747644158662,1.6169030666351318,wet,1
2024-02-01,2,NL325,Zaanstreek,Water Use Restrictions,0,0.044241150477816245,1.957419753074646,wet,1
2024-03-01,3,NL325,Zaanstreek,Water Use Restrictions,0,0.06620131900338856,1.6453285217285156,wet,1
2024-04-01,4,NL325,Zaanstreek,Water Use Restrictions,0,0.15636268762615035,1.9042351245880127,wet,1
2024-05-01,5,NL325,Zaanstreek,Water Use Restrictions,0,0.25094733984976014,2.3876869678497314,wet,1
2024-06-01,6,NL325,Zaanstreek,Water Use Restrictions,0,0.28376578135195935,2.875868558883667,wet,1
2024-07-01,7,NL325,Zaanstreek,Water Use Restrictions,0,0.18047106660388978,2.6098756790161133,wet,1
2024-08-01,8,NL325,Zaanstreek,Water Use Restrictions,0,0.15036276095573817,2.4586730003356934,wet,1
2024-09-01,9,NL325,Zaanstreek,Water Use Restrictions,0,0.06336680447981585,2.6439425945281982,wet,1
2024-10-01,10,NL325,Zaanstreek,Water Use Restrictions,0,0.033953946325499286,2.0523898601531982,wet,1
2024-11-01,11,NL325,Zaanstreek,Water Use Restrictions,0,0.029086206506266307,1.5562342405319214,wet,1
2024-12-01,12,NL325,Zaanstreek,Water Use Restrictions,0,0.025418807708468917,1.3256824016571045,wet,1
2025-01-01,1,NL325,Zaanstreek,Water Use Restrictions,0,0.06296293277172213,1.2905166149139404,wet,1
2025-02-01,2,NL325,Zaanstreek,Water Use Restrictions,0,0.1271221735765123,0.7351674437522888,near_normal,1
2025-03-01,3,NL325,Zaanstreek,Water Use Restrictions,0,0.41470585674732635,0.2895616590976715,near_normal,1
2025-04-01,4,NL325,Zaanstreek,Water Use Restrictions,0,0.3659558386667434,-0.44397521018981934,near_normal,1
2025-05-01,5,NL325,Zaanstreek,Water Use Restrictions,0,0.4837882030947273,-1.0350122451782227,dry,1
2025-06-01,6,NL325,Zaanstreek,Water Use Restrictions,0,0.4889709513372743,-1.1691848039627075,dry,1
2025-07-01,7,NL325,Zaanstreek,Water Use Restrictions,1,0.36174614981454045,-1.3288004398345947,dry,1
2025-08-01,8,NL325,Zaanstreek,Water Use Restrictions,0,0.27666005565440605,-1.6849058866500854,dry,1
2025-09-01,9,NL325,Zaanstreek,Water Use Restrictions,0,0.08113874051901483,-1.740875005722046,dry,1
2023-12-01,12,NL327,Het Gooi en Vechtstreek,Water Use Restrictions,0,0.03867308452127748,1.7685881853103638,wet,1
2024-01-01,1,NL327,Het Gooi en Vechtstreek,Water Use Restrictions,0,0.06562415095606766,1.636123776435852,wet,1
2024-03-01,3,NL327,Het Gooi en Vechtstreek,Water Use Restrictions,0,0.15487503131660327,1.6505409479141235,wet,1
2024-04-01,4,NL327,Het Gooi en Vechtstreek,Water Use Restrictions,0,0.32747314754460105,1.8591419458389282,wet,1
2024-05-01,5,NL327,Het Gooi en Vechtstreek,Water Use Restrictions,0,0.4630514830066538,2.378713369369507,wet,1
2024-06-01,6,NL327,Het Gooi en Vechtstreek,Water Use Restrictions,0,0.46186192204629833,2.898977279663086,wet,1
2024-07-01,7,NL327,Het Gooi en Vechtstreek,Water Use Restrictions,0,0.38315780961054363,2.7814443111419678,wet,1
2024-08-01,8,NL327,Het Gooi en Vechtstreek,Water Use Restrictions,0,0.3391788362355053,2.4918413162231445,wet,1
2024-09-01,9,NL327,Het Gooi en Vechtstreek,Water Use Restrictions,0,0.17561475988106495,2.7578084468841553,wet,1
2024-10-01,10,NL327,Het Gooi en Vechtstreek,Water Use Restrictions,0,0.0846548438203304,2.0412652492523193,wet,1
2024-11-01,11,NL327,Het Gooi en Vechtstreek,Water Use Restrictions,0,0.07644823332963571,1.6262489557266235,wet,1
2024-12-01,12,NL327,Het Gooi en Vechtstreek,Water Use Restrictions,0,0.06365764116902761,1.3761451244354248,wet,1
2025-01-01,1,NL327,Het Gooi en Vechtstreek,Water Use Restrictions,0,0.1500469418641929,1.3592329025268555,wet,1
2025-02-01,2,NL327,Het Gooi en Vechtstreek,Water Use Restrictions,0,0.2910255614036543,0.8063275814056396,near_normal,1
2025-03-01,3,NL327,Het Gooi en Vechtstreek,Water Use Restrictions,0,0.6053952936070924,0.35810184478759766,near_normal,1
2025-04-01,4,NL327,Het Gooi en Vechtstreek,Water Use Restrictions,0,0.6397307443710765,-0.35341763496398926,near_normal,1
2025-05-01,5,NL327,Het Gooi en Vechtstreek,Water Use Restrictions,0,0.720502561817861,-1.0387662649154663,dry,1
2025-06-01,6,NL327,Het Gooi en Vechtstreek,Water Use Restrictions,0,0.7298367960381259,-1.1725388765335083,dry,1
2025-07-01,7,NL327,Het Gooi en Vechtstreek,Water Use Restrictions,0,0.5940199373284138,-1.3508493900299072,dry,1
2025-08-01,8,NL327,Het Gooi en Vechtstreek,Water Use Restrictions,0,0.538956701368019,-1.7118911743164062,dry,1
2025-09-01,9,NL327,Het Gooi en Vechtstreek,Water Use Restrictions,0,0.1764665510189993,-1.7690833806991577,dry,1
2023-12-01,12,NL328,Alkmaar en omgeving,Water Use Restrictions,0,0.029863626686490518,1.902960181236267,wet,1
2024-01-01,1,NL328,Alkmaar en omgeving,Water Use Restrictions,0,0.05523687377433975,1.7100821137428284,wet,1
2024-02-01,2,NL328,Alkmaar en omgeving,Water Use Restrictions,0,0.09923549176985447,1.9593284130096436,wet,1
2024-03-01,3,NL328,Alkmaar en omgeving,Water Use Restrictions,0,0.15268764834463852,1.739656686782837,wet,1
2024-04-01,4,NL328,Alkmaar en omgeving,Water Use Restrictions,0,0.3202120169632568,2.0186948776245117,wet,1
2024-05-01,5,NL328,Alkmaar en omgeving,Water Use Restrictions,0,0.46230156064689293,2.3344630002975464,wet,1
2024-06-01,6,NL328,Alkmaar en omgeving,Water Use Restrictions,0,0.4720593729362855,2.804568648338318,wet,1
2024-07-01,7,NL328,Alkmaar en omgeving,Water Use Restrictions,0,0.2962088298590486,2.428522229194641,wet,1
2024-08-01,8,NL328,Alkmaar en omgeving,Water Use Restrictions,0,0.28801786422387576,2.425881505012512,wet,1
2024-09-01,9,NL328,Alkmaar en omgeving,Water Use Restrictions,0,0.13974253866534053,2.5760817527770996,wet,1
2024-10-01,10,NL328,Alkmaar en omgeving,Water Use Restrictions,0,0.08839326663635522,2.0169880390167236,wet,1
2024-11-01,11,NL328,Alkmaar en omgeving,Water Use Restrictions,0,0.06757261784861945,1.3094255328178406,wet,1
2024-12-01,12,NL328,Alkmaar en omgeving,Water Use Restrictions,0,0.06110878402495309,1.0511134266853333,wet,1
2025-01-01,1,NL328,Alkmaar en omgeving,Water Use Restrictions,0,0.1411708079702992,0.9406598210334778,near_normal,1
2025-02-01,2,NL328,Alkmaar en omgeving,Water Use Restrictions,0,0.24000729692025657,0.40348732471466064,near_normal,1
2025-03-01,3,NL328,Alkmaar en omgeving,Water Use Restrictions,0,0.5322558168873925,-0.023991535417735577,near_normal,1
2025-04-01,4,NL328,Alkmaar en omgeving,Water Use Restrictions,0,0.5852408439009585,-0.6851816177368164,near_normal,1
2025-05-01,5,NL328,Alkmaar en omgeving,Water Use Restrictions,0,0.6527111850404711,-1.0560193061828613,dry,1
2025-06-01,6,NL328,Alkmaar en omgeving,Water Use Restrictions,0,0.6349657491351836,-1.200132429599762,dry,1
2025-07-01,7,NL328,Alkmaar en omgeving,Water Use Restrictions,0,0.5268981006946546,-1.380033254623413,dry,1
2025-08-01,8,NL328,Alkmaar en omgeving,Water Use Restrictions,0,0.4514636165930544,-1.6897867918014526,dry,1
2025-09-01,9,NL328,Alkmaar en omgeving,Water Use Restrictions,0,0.14881938310833376,-1.6552176475524902,dry,1
2023-12-01,12,NL329,Groot-Amsterdam,Water Use Restrictions,0,0.030514875263256743,1.7692939043045044,wet,1
2024-01-01,1,NL329,Groot-Amsterdam,Water Use Restrictions,0,0.052476500306719395,1.6169030666351318,wet,1
2024-02-01,2,NL329,Groot-Amsterdam,Water Use Restrictions,0,0.09137300880589021,1.957419753074646,wet,1
2024-03-01,3,NL329,Groot-Amsterdam,Water Use Restrictions,0,0.13401751862002675,1.6453285217285156,wet,1
2024-04-01,4,NL329,Groot-Amsterdam,Water Use Restrictions,0,0.27913415851211937,1.9042351245880127,wet,1
2024-05-01,5,NL329,Groot-Amsterdam,Water Use Restrictions,0,0.4111324702041534,2.3876869678497314,wet,1
2024-06-01,6,NL329,Groot-Amsterdam,Water Use Restrictions,0,0.44008587471360366,2.875868558883667,wet,1
2024-07-01,7,NL329,Groot-Amsterdam,Water Use Restrictions,0,0.31130754042397246,2.6098756790161133,wet,1
2024-08-01,8,NL329,Groot-Amsterdam,Water Use Restrictions,0,0.2913837934185375,2.4586730003356934,wet,1
2024-09-01,9,NL329,Groot-Amsterdam,Water Use Restrictions,0,0.1375243271778473,2.6439425945281982,wet,1
2024-10-01,10,NL329,Groot-Amsterdam,Water Use Restrictions,0,0.07032947647178185,2.0523898601531982,wet,1
2024-11-01,11,NL329,Groot-Amsterdam,Water Use Restrictions,0,0.05904864450604024,1.5562342405319214,wet,1
2024-12-01,12,NL329,Groot-Amsterdam,Water Use Restrictions,0,0.051601324135106555,1.3256824016571045,wet,1
2025-01-01,1,NL329,Groot-Amsterdam,Water Use Restrictions,0,0.12140005701439802,1.2905166149139404,wet,1
2025-02-01,2,NL329,Groot-Amsterdam,Water Use Restrictions,0,0.23586680270144852,0.7351674437522888,near_normal,1
2025-03-01,3,NL329,Groot-Amsterdam,Water Use Restrictions,0,0.5754784993746388,0.2895616590976715,near_normal,1
2025-04-01,4,NL329,Groot-Amsterdam,Water Use Restrictions,0,0.5632445930281654,-0.44397521018981934,near_normal,1
2025-05-01,5,NL329,Groot-Amsterdam,Water Use Restrictions,0,0.6523701835216106,-1.0350122451782227,dry,1
2025-06-01,6,NL329,Groot-Amsterdam,Water Use Restrictions,0,0.6693124357375733,-1.1691848039627075,dry,1
2025-07-01,7,NL329,Groot-Amsterdam,Water Use Restrictions,0,0.5204202707283881,-1.3288004398345947,dry,1
2025-08-01,8,NL329,Groot-Amsterdam,Water Use Restrictions,0,0.46153127387233983,-1.6849058866500854,dry,1
2025-09-01,9,NL329,Groot-Amsterdam,Water Use Restrictions,0,0.13919572083880555,-1.740875005722046,dry,1
2023-12-01,12,NL332,Agglomeratie ’s-Gravenhage,Water Use Restrictions,0,0.02451976193075527,1.7348324060440063,wet,1
2024-01-01,1,NL332,Agglomeratie ’s-Gravenhage,Water Use Restrictions,0,0.041221999122319046,1.5479464530944824,wet,1
2024-02-01,2,NL332,Agglomeratie ’s-Gravenhage,Water Use Restrictions,0,0.06946802444148847,1.9152671098709106,wet,1
2024-03-01,3,NL332,Agglomeratie ’s-Gravenhage,Water Use Restrictions,0,0.11653861824275727,1.6138807535171509,wet,1
2024-04-01,4,NL332,Agglomeratie ’s-Gravenhage,Water Use Restrictions,0,0.2263332209316796,1.7927536964416504,wet,1
2024-05-01,5,NL332,Agglomeratie ’s-Gravenhage,Water Use Restrictions,0,0.3367096956956933,2.222562551498413,wet,1
2024-06-01,6,NL332,Agglomeratie ’s-Gravenhage,Water Use Restrictions,0,0.3332995511159052,2.651139974594116,wet,1
2024-07-01,7,NL332,Agglomeratie ’s-Gravenhage,Water Use Restrictions,0,0.21082568308206928,2.602553367614746,wet,1
2024-08-01,8,NL332,Agglomeratie ’s-Gravenhage,Water Use Restrictions,0,0.22047003008316512,2.614240884780884,wet,1
2024-09-01,9,NL332,Agglomeratie ’s-Gravenhage,Water Use Restrictions,0,0.10357881744115176,2.760681390762329,wet,1
2024-10-01,10,NL332,Agglomeratie ’s-Gravenhage,Water Use Restrictions,0,0.051914737088914,2.217620849609375,wet,1
2024-11-01,11,NL332,Agglomeratie ’s-Gravenhage,Water Use Restrictions,0,0.04345148970177365,1.6578664779663086,wet,1
2024-12-01,12,NL332,Agglomeratie ’s-Gravenhage,Water Use Restrictions,0,0.039493868521310226,1.5298305749893188,wet,1
2025-01-01,1,NL332,Agglomeratie ’s-Gravenhage,Water Use Restrictions,0,0.07889100189036723,1.4456462860107422,wet,1
2025-02-01,2,NL332,Agglomeratie ’s-Gravenhage,Water Use Restrictions,0,0.17341388860874932,0.8826550841331482,near_normal,1
2025-03-01,3,NL332,Agglomeratie ’s-Gravenhage,Water Use Restrictions,0,0.3647034968685097,0.4521176517009735,near_normal,1
2025-04-01,4,NL332,Agglomeratie ’s-Gravenhage,Water Use Restrictions,0,0.5131174895705242,-0.2299506515264511,near_normal,1
2025-05-01,5,NL332,Agglomeratie ’s-Gravenhage,Water Use Restrictions,0,0.5221091191001129,-0.8712313175201416,near_normal,1
2025-06-01,6,NL332,Agglomeratie ’s-Gravenhage,Water Use Restrictions,0,0.6062808939839187,-1.0435134172439575,dry,1
2025-07-01,7,NL332,Agglomeratie ’s-Gravenhage,Water Use Restrictions,0,0.4198260111378182,-1.2248507738113403,dry,1
2025-08-01,8,NL332,Agglomeratie ’s-Gravenhage,Water Use Restrictions,0,0.35808028599649244,-1.4840713739395142,dry,1
2025-09-01,9,NL332,Agglomeratie ’s-Gravenhage,Water Use Restrictions,0,0.09133659775924934,-1.723048210144043,dry,1
2023-12-01,12,NL333,Delft en Westland,Water Use Restrictions,0,0.03869472652754198,1.6360796689987183,wet,1
2024-01-01,1,NL333,Delft en Westland,Water Use Restrictions,0,0.05453286936977118,1.4589471817016602,wet,1
2024-02-01,2,NL333,Delft en Westland,Water Use Restrictions,0,0.10403452029377233,1.889495611190796,wet,1
2024-03-01,3,NL333,Delft en Westland,Water Use Restrictions,0,0.12991659444694292,1.5272536277770996,wet,1
2024-04-01,4,NL333,Delft en Westland,Water Use Restrictions,0,0.26863533574814064,1.6712430715560913,wet,1
2024-05-01,5,NL333,Delft en Westland,Water Use Restrictions,0,0.38096455113705013,2.103944778442383,wet,1
2024-06-01,6,NL333,Delft en Westland,Water Use Restrictions,0,0.3859844646152068,2.5638675689697266,wet,1
2024-07-01,7,NL333,Delft en Westland,Water Use Restrictions,0,0.2789757926066741,2.8959829807281494,wet,1
2024-08-01,8,NL333,Delft en Westland,Water Use Restrictions,0,0.2537072350825268,2.653705358505249,wet,1
2024-09-01,9,NL333,Delft en Westland,Water Use Restrictions,0,0.12115829353702778,2.9503586292266846,wet,1
2024-10-01,10,NL333,Delft en Westland,Water Use Restrictions,0,0.06034851450885328,2.2567052841186523,wet,1
2024-11-01,11,NL333,Delft en Westland,Water Use Restrictions,0,0.05607563818140255,1.799555778503418,wet,1
2024-12-01,12,NL333,Delft en Westland,Water Use Restrictions,0,0.05084289812851993,1.66428804397583,wet,1
2025-01-01,1,NL333,Delft en Westland,Water Use Restrictions,0,0.09681387641907435,1.640883445739746,wet,1
2025-02-01,2,NL333,Delft en Westland,Water Use Restrictions,0,0.20257301746175088,1.163700819015503,wet,1
2025-03-01,3,NL333,Delft en Westland,Water Use Restrictions,0,0.48172763491365067,0.7183709144592285,near_normal,1
2025-04-01,4,NL333,Delft en Westland,Water Use Restrictions,0,0.606778907341176,0.003728199517354369,near_normal,1
2025-05-01,5,NL333,Delft en Westland,Water Use Restrictions,0,0.6232189171088309,-0.8432844877243042,near_normal,1
2025-06-01,6,NL333,Delft en Westland,Water Use Restrictions,0,0.6481335010586428,-1.0905721187591553,dry,1
2025-07-01,7,NL333,Delft en Westland,Water Use Restrictions,0,0.5047894788280202,-1.26656973361969,dry,1
2025-08-01,8,NL333,Delft en Westland,Water Use Restrictions,0,0.4776598698650714,-1.6068077087402344,dry,1
2025-09-01,9,NL333,Delft en Westland,Water Use Restrictions,0,0.13806315217228157,-1.8662478923797607,dry,1
2023-12-01,12,NL337,Agglomeratie Leiden en Bollenstreek,Water Use Restrictions,0,0.04300762555983344,1.7106456756591797,wet,1
2024-01-01,1,NL337,Agglomeratie Leiden en Bollenstreek,Water Use Restrictions,0,0.06927880620864553,1.5254942178726196,wet,1
2024-02-01,2,NL337,Agglomeratie Leiden en Bollenstreek,Water Use Restrictions,0,0.11657797385202537,1.930662751197815,wet,1
2024-03-01,3,NL337,Agglomeratie Leiden en Bollenstreek,Water Use Restrictions,0,0.1759471262444578,1.600808024406433,wet,1
2024-04-01,4,NL337,Agglomeratie Leiden en Bollenstreek,Water Use Restrictions,0,0.31571885541447325,1.8393596410751343,wet,1
2024-05-01,5,NL337,Agglomeratie Leiden en Bollenstreek,Water Use Restrictions,0,0.4487752748864823,2.308445453643799,wet,1
2024-06-01,6,NL337,Agglomeratie Leiden en Bollenstreek,Water Use Restrictions,0,0.4753284609872402,2.742405891418457,wet,1
2024-07-01,7,NL337,Agglomeratie Leiden en Bollenstreek,Water Use Restrictions,0,0.34760451751753485,2.7151103019714355,wet,1
2024-08-01,8,NL337,Agglomeratie Leiden en Bollenstreek,Water Use Restrictions,0,0.3530687271503687,2.554049253463745,wet,1
2024-09-01,9,NL337,Agglomeratie Leiden en Bollenstreek,Water Use Restrictions,0,0.1633982548746803,2.7597999572753906,wet,1
2024-10-01,10,NL337,Agglomeratie Leiden en Bollenstreek,Water Use Restrictions,0,0.08446874559784284,2.198561906814575,wet,1
2024-11-01,11,NL337,Agglomeratie Leiden en Bollenstreek,Water Use Restrictions,0,0.07049745472717685,1.7335660457611084,wet,1
2024-12-01,12,NL337,Agglomeratie Leiden en Bollenstreek,Water Use Restrictions,0,0.06269180107311799,1.5648200511932373,wet,1
2025-01-01,1,NL337,Agglomeratie Leiden en Bollenstreek,Water Use Restrictions,0,0.1322888163385255,1.5522692203521729,wet,1
2025-02-01,2,NL337,Agglomeratie Leiden en Bollenstreek,Water Use Restrictions,0,0.2606932986614818,1.016635775566101,wet,1
2025-03-01,3,NL337,Agglomeratie Leiden en Bollenstreek,Water Use Restrictions,0,0.5031161137178717,0.5903820991516113,near_normal,1
2025-04-01,4,NL337,Agglomeratie Leiden en Bollenstreek,Water Use Restrictions,0,0.6411166869935893,-0.16400562226772308,near_normal,1
2025-05-01,5,NL337,Agglomeratie Leiden en Bollenstreek,Water Use Restrictions,0,0.6718232103890247,-0.8812072277069092,near_normal,1
2025-06-01,6,NL337,Agglomeratie Leiden en Bollenstreek,Water Use Restrictions,0,0.7322626550122312,-1.0348807573318481,dry,1
2025-07-01,7,NL337,Agglomeratie Leiden en Bollenstreek,Water Use Restrictions,0,0.5552391624441271,-1.1747100353240967,dry,1
2025-08-01,8,NL337,Agglomeratie Leiden en Bollenstreek,Water Use Restrictions,0,0.5019830627181873,-1.5170913934707642,dry,1
2025-09-01,9,NL337,Agglomeratie Leiden en Bollenstreek,Water Use Restrictions,0,0.1475930823637253,-1.738526463508606,dry,1
2023-12-01,12,NL33A,Zuidoost-Zuid-Holland,Water Use Restrictions,0,0.042565483708579516,1.735690951347351,wet,1
2024-01-01,1,NL33A,Zuidoost-Zuid-Holland,Water Use Restrictions,0,0.061656345545438834,1.5022345781326294,wet,1
2024-02-01,2,NL33A,Zuidoost-Zuid-Holland,Water Use Restrictions,0,0.10041291859544385,1.9734735488891602,wet,1
2024-03-01,3,NL33A,Zuidoost-Zuid-Holland,Water Use Restrictions,0,0.13440154611837332,1.6091928482055664,wet,1
2024-04-01,4,NL33A,Zuidoost-Zuid-Holland,Water Use Restrictions,0,0.26767031568247013,1.869387149810791,wet,1
2024-05-01,5,NL33A,Zuidoost-Zuid-Holland,Water Use Restrictions,0,0.39365292571177496,2.296041488647461,wet,1
2024-06-01,6,NL33A,Zuidoost-Zuid-Holland,Water Use Restrictions,0,0.3968355213549603,2.7406914234161377,wet,1
2024-07-01,7,NL33A,Zuidoost-Zuid-Holland,Water Use Restrictions,0,0.31320257715569,3.1620676517486572,wet,1
2024-08-01,8,NL33A,Zuidoost-Zuid-Holland,Water Use Restrictions,0,0.24091190820512745,2.5882296562194824,wet,1
2024-09-01,9,NL33A,Zuidoost-Zuid-Holland,Water Use Restrictions,0,0.1369868505912921,3.196017026901245,wet,1
2024-10-01,10,NL33A,Zuidoost-Zuid-Holland,Water Use Restrictions,0,0.06751324707656885,2.4383902549743652,wet,1
2024-11-01,11,NL33A,Zuidoost-Zuid-Holland,Water Use Restrictions,0,0.055244273881862614,1.9545094966888428,wet,1
2024-12-01,12,NL33A,Zuidoost-Zuid-Holland,Water Use Restrictions,0,0.051693970494671296,1.7752925157546997,wet,1
2025-01-01,1,NL33A,Zuidoost-Zuid-Holland,Water Use Restrictions,0,0.10476431109226136,1.8329216241836548,wet,1
2025-02-01,2,NL33A,Zuidoost-Zuid-Holland,Water Use Restrictions,0,0.2243777060775872,1.3434903621673584,wet,1
2025-03-01,3,NL33A,Zuidoost-Zuid-Holland,Water Use Restrictions,0,0.583127684895226,0.9254148006439209,near_normal,1
2025-04-01,4,NL33A,Zuidoost-Zuid-Holland,Water Use Restrictions,0,0.6316995530624516,0.18472331762313843,near_normal,1
2025-05-01,5,NL33A,Zuidoost-Zuid-Holland,Water Use Restrictions,0,0.6816898757115081,-0.6993400454521179,near_normal,1
2025-06-01,6,NL33A,Zuidoost-Zuid-Holland,Water Use Restrictions,0,0.7023777749032574,-0.928616464138031,near_normal,1
2025-07-01,7,NL33A,Zuidoost-Zuid-Holland,Water Use Restrictions,0,0.5399162137885483,-1.0900894403457642,dry,1
2025-08-01,8,NL33A,Zuidoost-Zuid-Holland,Water Use Restrictions,0,0.49831386625001706,-1.5483509302139282,dry,1
2025-09-01,9,NL33A,Zuidoost-Zuid-Holland,Water Use Restrictions,0,0.1478235802138588,-1.7110259532928467,dry,1
2023-12-01,12,NL33B,Oost-Zuid-Holland,Water Use Restrictions,0,0.019859428827868612,1.7106456756591797,wet,1
2024-01-01,1,NL33B,Oost-Zuid-Holland,Water Use Restrictions,0,0.03239587764551279,1.5254942178726196,wet,1
2024-02-01,2,NL33B,Oost-Zuid-Holland,Water Use Restrictions,0,0.05063441408997926,1.930662751197815,wet,1
2024-03-01,3,NL33B,Oost-Zuid-Holland,Water Use Restrictions,0,0.08633414344300852,1.600808024406433,wet,1
2024-04-01,4,NL33B,Oost-Zuid-Holland,Water Use Restrictions,0,0.17021661181092973,1.8393596410751343,wet,1
2024-05-01,5,NL33B,Oost-Zuid-Holland,Water Use Restrictions,0,0.27319924471771895,2.308445453643799,wet,1
2024-06-01,6,NL33B,Oost-Zuid-Holland,Water Use Restrictions,0,0.2840085770629427,2.742405891418457,wet,1
2024-07-01,7,NL33B,Oost-Zuid-Holland,Water Use Restrictions,0,0.1924106148336191,2.7151103019714355,wet,1
2024-08-01,8,NL33B,Oost-Zuid-Holland,Water Use Restrictions,0,0.17305566144332593,2.554049253463745,wet,1
2024-09-01,9,NL33B,Oost-Zuid-Holland,Water Use Restrictions,0,0.07884197174959673,2.7597999572753906,wet,1
2024-10-01,10,NL33B,Oost-Zuid-Holland,Water Use Restrictions,0,0.038355465440834,2.198561906814575,wet,1
2024-11-01,11,NL33B,Oost-Zuid-Holland,Water Use Restrictions,0,0.03254589310751548,1.7335660457611084,wet,1
2024-12-01,12,NL33B,Oost-Zuid-Holland,Water Use Restrictions,0,0.0285305014061378,1.5648200511932373,wet,1
2025-01-01,1,NL33B,Oost-Zuid-Holland,Water Use Restrictions,0,0.06637528991475469,1.5522692203521729,wet,1
2025-02-01,2,NL33B,Oost-Zuid-Holland,Water Use Restrictions,0,0.14690757039439303,1.016635775566101,wet,1
2025-03-01,3,NL33B,Oost-Zuid-Holland,Water Use Restrictions,0,0.40431415337839116,0.5903820991516113,near_normal,1
2025-04-01,4,NL33B,Oost-Zuid-Holland,Water Use Restrictions,0,0.44920318084630934,-0.16400562226772308,near_normal,1
2025-05-01,5,NL33B,Oost-Zuid-Holland,Water Use Restrictions,0,0.511814795731828,-0.8812072277069092,near_normal,1
2025-06-01,6,NL33B,Oost-Zuid-Holland,Water Use Restrictions,0,0.5270182387860101,-1.0348807573318481,dry,1
2025-07-01,7,NL33B,Oost-Zuid-Holland,Water Use Restrictions,0,0.3697136506023719,-1.1747100353240967,dry,1
2025-08-01,8,NL33B,Oost-Zuid-Holland,Water Use Restrictions,0,0.3187550590579641,-1.5170913934707642,dry,1
2025-09-01,9,NL33B,Oost-Zuid-Holland,Water Use Restrictions,0,0.08188711011330005,-1.738526463508606,dry,1
2023-12-01,12,NL33C,Groot-Rijnmond,Water Use Restrictions,0,0.07358935741903543,1.663238803545634,wet,1
2024-01-01,1,NL33C,Groot-Rijnmond,Water Use Restrictions,0,0.10411917547564449,1.481999437014262,wet,1
2024-02-01,2,NL33C,Groot-Rijnmond,Water Use Restrictions,0,0.17667235666458647,1.9045462608337402,wet,1
2024-03-01,3,NL33C,Groot-Rijnmond,Water Use Restrictions,0,0.23073980188204005,1.55764905611674,wet,1
2024-04-01,4,NL33C,Groot-Rijnmond,Water Use Restrictions,0,0.4133741338390442,1.7358837127685547,wet,1
2024-05-01,5,NL33C,Groot-Rijnmond,Water Use Restrictions,0,0.5462177770848793,2.1709097226460776,wet,1
2024-06-01,6,NL33C,Groot-Rijnmond,Water Use Restrictions,0,0.5490080200994931,2.626691977183024,wet,1
2024-07-01,7,NL33C,Groot-Rijnmond,Water Use Restrictions,0,0.4305200646699377,2.903880516688029,wet,1
2024-08-01,8,NL33C,Groot-Rijnmond,Water Use Restrictions,0,0.39348054806490634,2.6491270065307617,wet,1
2024-09-01,9,NL33C,Groot-Rijnmond,Water Use Restrictions,0,0.2094056971284894,2.9472951889038086,wet,1
2024-10-01,10,NL33C,Groot-Rijnmond,Water Use Restrictions,0,0.11358483111142122,2.2849376996358237,wet,1
2024-11-01,11,NL33C,Groot-Rijnmond,Water Use Restrictions,0,0.1023073738224294,1.8019837141036987,wet,1
2024-12-01,12,NL33C,Groot-Rijnmond,Water Use Restrictions,0,0.09685475026506775,1.676819920539856,wet,1
2025-01-01,1,NL33C,Groot-Rijnmond,Water Use Restrictions,0,0.17732455248772777,1.6513664722442627,wet,1
2025-02-01,2,NL33C,Groot-Rijnmond,Water Use Restrictions,0,0.3437448521477246,1.1506803433100383,wet,1
2025-03-01,3,NL33C,Groot-Rijnmond,Water Use Restrictions,0,0.6544091713793987,0.7058199445406595,near_normal,1
2025-04-01,4,NL33C,Groot-Rijnmond,Water Use Restrictions,0,0.746871119563816,-0.012301225292806825,near_normal,1
2025-05-01,5,NL33C,Groot-Rijnmond,Water Use Restrictions,0,0.7626899545494003,-0.8446452021598816,near_normal,1
2025-06-01,6,NL33C,Groot-Rijnmond,Water Use Restrictions,0,0.7879751852180564,-1.0734885931015015,dry,1
2025-07-01,7,NL33C,Groot-Rijnmond,Water Use Restrictions,0,0.6670838298876494,-1.2388241688410442,dry,1
2025-08-01,8,NL33C,Groot-Rijnmond,Water Use Restrictions,0,0.6411221622431844,-1.566239356994629,dry,1
2025-09-01,9,NL33C,Groot-Rijnmond,Water Use Restrictions,0,0.23400875530202359,-1.825290282567342,dry,1
2023-12-01,12,NL341,Zeeuwsch-Vlaanderen,Water Use Restrictions,0,0.0710447951131842,1.332913875579834,wet,1
2024-01-01,1,NL341,Zeeuwsch-Vlaanderen,Water Use Restrictions,0,0.10458927254059291,1.0990768671035767,wet,1
2024-02-01,2,NL341,Zeeuwsch-Vlaanderen,Water Use Restrictions,0,0.15345007679020167,1.6654661893844604,wet,1
2024-03-01,3,NL341,Zeeuwsch-Vlaanderen,Water Use Restrictions,0,0.21195125937889098,1.4342957735061646,wet,1
2024-04-01,4,NL341,Zeeuwsch-Vlaanderen,Water Use Restrictions,0,0.3835399703507467,1.72164386510849,wet,1
2024-05-01,5,NL341,Zeeuwsch-Vlaanderen,Water Use Restrictions,0,0.5375436080761117,2.0468907356262207,wet,1
2024-06-01,6,NL341,Zeeuwsch-Vlaanderen,Water Use Restrictions,0,0.5145599416774869,2.511785864830017,wet,1
2024-07-01,7,NL341,Zeeuwsch-Vlaanderen,Water Use Restrictions,0,0.3781038770643699,2.5947717428207397,wet,1
2024-08-01,8,NL341,Zeeuwsch-Vlaanderen,Water Use Restrictions,0,0.3381112690559712,2.2865796089172363,wet,1
2024-09-01,9,NL341,Zeeuwsch-Vlaanderen,Water Use Restrictions,0,0.1771906618942435,2.4733811616897583,wet,1
2024-10-01,10,NL341,Zeeuwsch-Vlaanderen,Water Use Restrictions,0,0.1033246176645681,2.181926131248474,wet,1
2024-11-01,11,NL341,Zeeuwsch-Vlaanderen,Water Use Restrictions,0,0.09027390582226626,1.6795973777770996,wet,1
2024-12-01,12,NL341,Zeeuwsch-Vlaanderen,Water Use Restrictions,0,0.10332105641659454,1.661611557006836,wet,1
2025-01-01,1,NL341,Zeeuwsch-Vlaanderen,Water Use Restrictions,0,0.17517372097091874,1.6901467442512512,wet,1
2025-02-01,2,NL341,Zeeuwsch-Vlaanderen,Water Use Restrictions,0,0.3212925221766059,1.1577122211456299,wet,1
2025-03-01,3,NL341,Zeeuwsch-Vlaanderen,Water Use Restrictions,0,0.6590413817180693,0.565402165055275,near_normal,1
2025-04-01,4,NL341,Zeeuwsch-Vlaanderen,Water Use Restrictions,0,0.7287524135444547,-0.27620716392993927,near_normal,1
2025-05-01,5,NL341,Zeeuwsch-Vlaanderen,Water Use Restrictions,0,0.6963712838418199,-1.0510993003845215,dry,1
2025-06-01,6,NL341,Zeeuwsch-Vlaanderen,Water Use Restrictions,0,0.7470816888912782,-1.2060883045196533,dry,1
2025-07-01,7,NL341,Zeeuwsch-Vlaanderen,Water Use Restrictions,0,0.6533445234731606,-1.3016448020935059,dry,1
2025-08-01,8,NL341,Zeeuwsch-Vlaanderen,Water Use Restrictions,0,0.6126447919742793,-1.7224125266075134,dry,1
2025-09-01,9,NL341,Zeeuwsch-Vlaanderen,Water Use Restrictions,0,0.19487575966228105,-2.1238150596618652,dry,1
2023-12-01,12,NL342,Overig Zeeland,Water Use Restrictions,0,0.0555119510437261,1.5336954593658447,wet,1
2024-01-01,1,NL342,Overig Zeeland,Water Use Restrictions,0,0.08029257775944092,1.3286210298538208,wet,1
2024-02-01,2,NL342,Overig Zeeland,Water Use Restrictions,0,0.13869583526897605,1.7934848070144653,wet,1
2024-03-01,3,NL342,Overig Zeeland,Water Use Restrictions,0,0.17987836795826798,1.4659996032714844,wet,1
2024-04-01,4,NL342,Overig Zeeland,Water Use Restrictions,0,0.336946668168588,1.6179192066192627,wet,1
2024-05-01,5,NL342,Overig Zeeland,Water Use Restrictions,0,0.4485966912906114,2.0807783603668213,wet,1
2024-06-01,6,NL342,Overig Zeeland,Water Use Restrictions,0,0.43982824093616296,2.572701930999756,wet,1
2024-07-01,7,NL342,Overig Zeeland,Water Use Restrictions,0,0.3390680492484298,2.9837281703948975,wet,1
2024-08-01,8,NL342,Overig Zeeland,Water Use Restrictions,0,0.26394330149699846,2.67411470413208,wet,1
2024-09-01,9,NL342,Overig Zeeland,Water Use Restrictions,0,0.1356369176350751,2.8608145713806152,wet,1
2024-10-01,10,NL342,Overig Zeeland,Water Use Restrictions,0,0.07683969745881335,2.296290636062622,wet,1
2024-11-01,11,NL342,Overig Zeeland,Water Use Restrictions,0,0.06867275749780888,1.8551033735275269,wet,1
2024-12-01,12,NL342,Overig Zeeland,Water Use Restrictions,0,0.07160098962219982,1.8005717992782593,wet,1
2025-01-01,1,NL342,Overig Zeeland,Water Use Restrictions,0,0.12311608901320917,1.798425555229187,wet,1
2025-02-01,2,NL342,Overig Zeeland,Water Use Restrictions,0,0.2565634927829186,1.329056739807129,wet,1
2025-03-01,3,NL342,Overig Zeeland,Water Use Restrictions,0,0.5631161718637572,0.8654971122741699,near_normal,1
2025-04-01,4,NL342,Overig Zeeland,Water Use Restrictions,1,0.6860272237195969,0.127136692404747,near_normal,1
2025-05-01,5,NL342,Overig Zeeland,Water Use Restrictions,0,0.6792076502036695,-0.8692893981933594,near_normal,1
2025-06-01,6,NL342,Overig Zeeland,Water Use Restrictions,0,0.6995722559597666,-1.1390583515167236,dry,1
2025-07-01,7,NL342,Overig Zeeland,Water Use Restrictions,0,0.5901514108671955,-1.3374229669570923,dry,1
2025-08-01,8,NL342,Overig Zeeland,Water Use Restrictions,0,0.5728209556790382,-1.7264788150787354,dry,1
2025-09-01,9,NL342,Overig Zeeland,Water Use Restrictions,0,0.1843070401272422,-2.0268850326538086,dry,1
2023-12-01,12,NL411,West-Noord-Brabant,Water Use Restrictions,0,0.11918917167103903,1.6965256333351135,wet,1
2024-01-01,1,NL411,West-Noord-Brabant,Water Use Restrictions,0,0.17133607512353874,1.4279340207576752,wet,1
2024-02-01,2,NL411,West-Noord-Brabant,Water Use Restrictions,0,0.2694763537984226,1.9115989208221436,wet,1
2024-03-01,3,NL411,West-Noord-Brabant,Water Use Restrictions,0,0.343026441497117,1.5701760351657867,wet,1
2024-04-01,4,NL411,West-Noord-Brabant,Water Use Restrictions,0,0.5310658722393945,1.794410079717636,wet,1
2024-05-01,5,NL411,West-Noord-Brabant,Water Use Restrictions,0,0.6604174136455861,2.1759976744651794,wet,1
2024-06-01,6,NL411,West-Noord-Brabant,Water Use Restrictions,0,0.6319905683046904,2.6817938685417175,wet,1
2024-07-01,7,NL411,West-Noord-Brabant,Water Use Restrictions,0,0.5451580262992289,3.1869431138038635,wet,1
2024-08-01,8,NL411,West-Noord-Brabant,Water Use Restrictions,0,0.4300899402967242,2.5752928256988525,wet,1
2024-09-01,9,NL411,West-Noord-Brabant,Water Use Restrictions,0,0.28559943389862,3.2261340022087097,wet,1
2024-10-01,10,NL411,West-Noord-Brabant,Water Use Restrictions,0,0.15638159739368596,2.4958202242851257,wet,1
2024-11-01,11,NL411,West-Noord-Brabant,Water Use Restrictions,0,0.1383296544777863,1.9934806823730469,wet,1
2024-12-01,12,NL411,West-Noord-Brabant,Water Use Restrictions,1,0.14293825568246024,1.8938453793525696,wet,1
2025-01-01,1,NL411,West-Noord-Brabant,Water Use Restrictions,0,0.2409070379446189,1.9489366114139557,wet,1
2025-02-01,2,NL411,West-Noord-Brabant,Water Use Restrictions,0,0.4333984498587681,1.4912947714328766,wet,1
2025-03-01,3,NL411,West-Noord-Brabant,Water Use Restrictions,1,0.7509191905042881,1.0794287621974945,wet,1
2025-04-01,4,NL411,West-Noord-Brabant,Water Use Restrictions,1,0.8316095185160142,0.3902544379234314,near_normal,1
2025-05-01,5,NL411,West-Noord-Brabant,Water Use Restrictions,0,0.8560526651781571,-0.6107541918754578,near_normal,1
2025-06-01,6,NL411,West-Noord-Brabant,Water Use Restrictions,1,0.8765883634575178,-0.9553556591272354,near_normal,1
2025-07-01,7,NL411,West-Noord-Brabant,Water Use Restrictions,0,0.7565123869400778,-1.197560876607895,dry,1
2025-08-01,8,NL411,West-Noord-Brabant,Water Use Restrictions,0,0.7524775982692407,-1.7818401753902435,dry,1
2025-09-01,9,NL411,West-Noord-Brabant,Water Use Restrictions,0,0.26033296033703257,-1.944325178861618,dry,1
2023-12-01,12,NL412,Midden-Noord-Brabant,Water Use Restrictions,0,0.12545780184315647,1.8568886518478394,wet,1
2024-01-01,1,NL412,Midden-Noord-Brabant,Water Use Restrictions,0,0.1750938016821404,1.5439085960388184,wet,1
2024-02-01,2,NL412,Midden-Noord-Brabant,Water Use Restrictions,0,0.2737515908577172,2.0561699867248535,wet,1
2024-03-01,3,NL412,Midden-Noord-Brabant,Water Use Restrictions,0,0.3727072675198114,1.6683708429336548,wet,1
2024-04-01,4,NL412,Midden-Noord-Brabant,Water Use Restrictions,0,0.5489570383316975,1.9227519035339355,wet,1
2024-05-01,5,NL412,Midden-Noord-Brabant,Water Use Restrictions,0,0.6785624410114809,2.350119113922119,wet,1
2024-06-01,6,NL412,Midden-Noord-Brabant,Water Use Restrictions,0,0.6782813040605968,2.7400357723236084,wet,1
2024-07-01,7,NL412,Midden-Noord-Brabant,Water Use Restrictions,0,0.5507762073055177,3.3474960327148438,wet,1
2024-08-01,8,NL412,Midden-Noord-Brabant,Water Use Restrictions,0,0.42855057258210977,2.595762252807617,wet,1
2024-09-01,9,NL412,Midden-Noord-Brabant,Water Use Restrictions,0,0.3219752862127532,3.8588836193084717,wet,1
2024-10-01,10,NL412,Midden-Noord-Brabant,Water Use Restrictions,0,0.1688738811542341,2.767239809036255,wet,1
2024-11-01,11,NL412,Midden-Noord-Brabant,Water Use Restrictions,0,0.14930233401350304,2.2039122581481934,wet,1
2024-12-01,12,NL412,Midden-Noord-Brabant,Water Use Restrictions,1,0.1501207493231562,2.016164541244507,wet,1
2025-01-01,1,NL412,Midden-Noord-Brabant,Water Use Restrictions,0,0.2605038586587218,2.0861504077911377,wet,1
2025-02-01,2,NL412,Midden-Noord-Brabant,Water Use Restrictions,0,0.45678094261890695,1.595111608505249,wet,1
2025-03-01,3,NL412,Midden-Noord-Brabant,Water Use Restrictions,1,0.787344140052987,1.174560785293579,wet,1
2025-04-01,4,NL412,Midden-Noord-Brabant,Water Use Restrictions,1,0.8508932726144326,0.5439844131469727,near_normal,1
2025-05-01,5,NL412,Midden-Noord-Brabant,Water Use Restrictions,0,0.8639861756369426,-0.45212289690971375,near_normal,1
2025-06-01,6,NL412,Midden-Noord-Brabant,Water Use Restrictions,1,0.8939356750184381,-0.7468729019165039,near_normal,1
2025-07-01,7,NL412,Midden-Noord-Brabant,Water Use Restrictions,0,0.7720196468375354,-1.0836814641952515,dry,1
2025-08-01,8,NL412,Midden-Noord-Brabant,Water Use Restrictions,0,0.7617208964166644,-1.6820485591888428,dry,1
2025-09-01,9,NL412,Midden-Noord-Brabant,Water Use Restrictions,0,0.2683904246113753,-1.6659215688705444,dry,1
2023-12-01,12,NL413,Noordoost-Noord-Brabant,Water Use Restrictions,0,0.145462396420389,2.005632162094116,wet,1
2024-01-01,1,NL413,Noordoost-Noord-Brabant,Water Use Restrictions,0,0.2306125673949857,1.7263375918070476,wet,1
2024-02-01,2,NL413,Noordoost-Noord-Brabant,Water Use Restrictions,0,0.337327512895709,2.301957845687866,wet,1
2024-03-01,3,NL413,Noordoost-Noord-Brabant,Water Use Restrictions,0,0.47799102820943573,1.7595105568567913,wet,1
2024-04-01,4,NL413,Noordoost-Noord-Brabant,Water Use Restrictions,0,0.627466532103446,1.9506117502848308,wet,1
2024-05-01,5,NL413,Noordoost-Noord-Brabant,Water Use Restrictions,0,0.757653329894976,2.5292108058929443,wet,1
2024-06-01,6,NL413,Noordoost-Noord-Brabant,Water Use Restrictions,0,0.7700321325161094,2.860475540161133,wet,1
2024-07-01,7,NL413,Noordoost-Noord-Brabant,Water Use Restrictions,0,0.6023154373910927,3.60351292292277,wet,1
2024-08-01,8,NL413,Noordoost-Noord-Brabant,Water Use Restrictions,0,0.5128939203550527,2.6137571334838867,wet,1
2024-09-01,9,NL413,Noordoost-Noord-Brabant,Water Use Restrictions,0,0.42256609598169137,3.99537460009257,wet,1
2024-10-01,10,NL413,Noordoost-Noord-Brabant,Water Use Restrictions,0,0.20329087577862784,2.824659744898478,wet,1
2024-11-01,11,NL413,Noordoost-Noord-Brabant,Water Use Restrictions,0,0.1915237668108625,2.297260840733846,wet,1
2024-12-01,12,NL413,Noordoost-Noord-Brabant,Water Use Restrictions,1,0.18426136263469353,2.027393857638041,wet,1
2025-01-01,1,NL413,Noordoost-Noord-Brabant,Water Use Restrictions,0,0.29520132969530544,2.1666224797566733,wet,1
2025-02-01,2,NL413,Noordoost-Noord-Brabant,Water Use Restrictions,0,0.5311698468446745,1.6576051712036133,wet,1
2025-03-01,3,NL413,Noordoost-Noord-Brabant,Water Use Restrictions,1,0.8407590251391598,1.1836046775182087,wet,1
2025-04-01,4,NL413,Noordoost-Noord-Brabant,Water Use Restrictions,1,0.8811922314973608,0.6166368325551351,near_normal,1
2025-05-01,5,NL413,Noordoost-Noord-Brabant,Water Use Restrictions,0,0.8903453086748123,-0.433600256840388,near_normal,1
2025-06-01,6,NL413,Noordoost-Noord-Brabant,Water Use Restrictions,1,0.918702547387403,-0.6352093617121378,near_normal,1
2025-07-01,7,NL413,Noordoost-Noord-Brabant,Water Use Restrictions,0,0.8559623467496107,-0.9555245041847229,near_normal,1
2025-08-01,8,NL413,Noordoost-Noord-Brabant,Water Use Restrictions,0,0.842998004924724,-1.5380258957544963,dry,1
2025-09-01,9,NL413,Noordoost-Noord-Brabant,Water Use Restrictions,0,0.46211440766944195,-1.4824391603469849,dry,1
2023-12-01,12,NL414,Zuidoost-Noord-Brabant,Water Use Restrictions,0,0.16535778650478683,1.9648097455501556,wet,1
2024-01-01,1,NL414,Zuidoost-Noord-Brabant,Water Use Restrictions,0,0.2611544122608547,1.6660036146640778,wet,1
2024-02-01,2,NL414,Zuidoost-Noord-Brabant,Water Use Restrictions,0,0.3826692614638018,2.2208192348480225,wet,1
2024-03-01,3,NL414,Zuidoost-Noord-Brabant,Water Use Restrictions,0,0.5226834567271652,1.7530253231525421,wet,1
2024-04-01,4,NL414,Zuidoost-Noord-Brabant,Water Use Restrictions,0,0.6828416636346314,1.9222524464130402,wet,1
2024-05-01,5,NL414,Zuidoost-Noord-Brabant,Water Use Restrictions,0,0.7857127364780221,2.4804680943489075,wet,1
2024-06-01,6,NL414,Zuidoost-Noord-Brabant,Water Use Restrictions,0,0.7996185668216935,2.8313465118408203,wet,1
2024-07-01,7,NL414,Zuidoost-Noord-Brabant,Water Use Restrictions,0,0.6443509098384165,3.323698878288269,wet,1
2024-08-01,8,NL414,Zuidoost-Noord-Brabant,Water Use Restrictions,0,0.5310394794151285,2.4005433320999146,wet,1
2024-09-01,9,NL414,Zuidoost-Noord-Brabant,Water Use Restrictions,0,0.4303628044198666,3.6095246076583862,wet,1
2024-10-01,10,NL414,Zuidoost-Noord-Brabant,Water Use Restrictions,0,0.21401007998038898,2.8009841442108154,wet,1
2024-11-01,11,NL414,Zuidoost-Noord-Brabant,Water Use Restrictions,0,0.20814883847225873,2.219056189060211,wet,1
2024-12-01,12,NL414,Zuidoost-Noord-Brabant,Water Use Restrictions,1,0.2143048227237572,2.0562921166419983,wet,1
2025-01-01,1,NL414,Zuidoost-Noord-Brabant,Water Use Restrictions,0,0.33217652358923466,2.2320687770843506,wet,1
2025-02-01,2,NL414,Zuidoost-Noord-Brabant,Water Use Restrictions,0,0.5699114889714225,1.7058507800102234,wet,1
2025-03-01,3,NL414,Zuidoost-Noord-Brabant,Water Use Restrictions,1,0.8329212433578269,1.2108392715454102,wet,1
2025-04-01,4,NL414,Zuidoost-Noord-Brabant,Water Use Restrictions,1,0.8959998644513656,0.6923550665378571,near_normal,1
2025-05-01,5,NL414,Zuidoost-Noord-Brabant,Water Use Restrictions,1,0.8923708909173607,-0.4158538803458214,near_normal,1
2025-06-01,6,NL414,Zuidoost-Noord-Brabant,Water Use Restrictions,1,0.9223026260803224,-0.6612778455018997,near_normal,1
2025-07-01,7,NL414,Zuidoost-Noord-Brabant,Water Use Restrictions,0,0.8709117370146171,-1.0086569488048553,dry,1
2025-08-01,8,NL414,Zuidoost-Noord-Brabant,Water Use Restrictions,0,0.8655746412179024,-1.6495905816555023,dry,1
2025-09-01,9,NL414,Zuidoost-Noord-Brabant,Water Use Restrictions,0,0.5007729824345923,-1.5304934084415436,dry,1
2023-12-01,12,NL421,Noord-Limburg,Water Use Restrictions,0,0.11136649589574052,2.145362138748169,wet,1
2024-01-01,1,NL421,Noord-Limburg,Water Use Restrictions,0,0.19484784184625553,1.8593108654022217,wet,1
2024-02-01,2,NL421,Noord-Limburg,Water Use Restrictions,0,0.28827433764957283,2.512042760848999,wet,1
2024-03-01,3,NL421,Noord-Limburg,Water Use Restrictions,0,0.4412992607268353,1.865483283996582,wet,1
2024-04-01,4,NL421,Noord-Limburg,Water Use Restrictions,0,0.5902368856692499,1.9734376668930054,wet,1
2024-05-01,5,NL421,Noord-Limburg,Water Use Restrictions,0,0.7169816519065253,2.605700731277466,wet,1
2024-06-01,6,NL421,Noord-Limburg,Water Use Restrictions,0,0.7031958901693902,2.8035495281219482,wet,1
2024-07-01,7,NL421,Noord-Limburg,Water Use Restrictions,0,0.516506239787692,3.2032430171966553,wet,1
2024-08-01,8,NL421,Noord-Limburg,Water Use Restrictions,0,0.4087864501343037,2.251657724380493,wet,1
2024-09-01,9,NL421,Noord-Limburg,Water Use Restrictions,0,0.3397332745152158,3.5400261878967285,wet,1
2024-10-01,10,NL421,Noord-Limburg,Water Use Restrictions,0,0.14778789446745064,2.855512857437134,wet,1
2024-11-01,11,NL421,Noord-Limburg,Water Use Restrictions,0,0.1511348087626479,2.196915864944458,wet,1
2024-12-01,12,NL421,Noord-Limburg,Water Use Restrictions,0,0.14871189298519216,2.03786039352417,wet,1
2025-01-01,1,NL421,Noord-Limburg,Water Use Restrictions,0,0.22676485795117401,2.306771755218506,wet,1
2025-02-01,2,NL421,Noord-Limburg,Water Use Restrictions,0,0.45901368784143154,1.68009352684021,wet,1
2025-03-01,3,NL421,Noord-Limburg,Water Use Restrictions,0,0.7688646104987483,1.0877587795257568,wet,1
2025-04-01,4,NL421,Noord-Limburg,Water Use Restrictions,0,0.8113959464122097,0.6619554162025452,near_normal,1
2025-05-01,5,NL421,Noord-Limburg,Water Use Restrictions,0,0.8148983246371925,-0.44544780254364014,near_normal,1
2025-06-01,6,NL421,Noord-Limburg,Water Use Restrictions,1,0.8653075113153267,-0.5798614025115967,near_normal,1
2025-07-01,7,NL421,Noord-Limburg,Water Use Restrictions,1,0.8361188104656718,-0.800941526889801,near_normal,1
2025-08-01,8,NL421,Noord-Limburg,Water Use Restrictions,0,0.8360306956686182,-1.2454304695129395,dry,1
2025-09-01,9,NL421,Noord-Limburg,Water Use Restrictions,0,0.4585968902447716,-1.325162410736084,dry,1
2023-12-01,12,NL422,Midden-Limburg,Water Use Restrictions,0,0.10695400699084408,1.8910537958145142,wet,1
2024-01-01,1,NL422,Midden-Limburg,Water Use Restrictions,0,0.18791179667890542,1.595084309577942,wet,1
2024-02-01,2,NL422,Midden-Limburg,Water Use Restrictions,0,0.29133618379514464,2.1346378326416016,wet,1
2024-03-01,3,NL422,Midden-Limburg,Water Use Restrictions,0,0.4254020686706337,1.6730749607086182,wet,1
2024-04-01,4,NL422,Midden-Limburg,Water Use Restrictions,0,0.570879139141536,1.7786504030227661,wet,1
2024-05-01,5,NL422,Midden-Limburg,Water Use Restrictions,0,0.6900135898422195,2.3970389366149902,wet,1
2024-06-01,6,NL422,Midden-Limburg,Water Use Restrictions,0,0.7128113599249024,2.6647117137908936,wet,1
2024-07-01,7,NL422,Midden-Limburg,Water Use Restrictions,0,0.5707496006271503,2.893308162689209,wet,1
2024-08-01,8,NL422,Midden-Limburg,Water Use Restrictions,0,0.42839736544483414,2.179447650909424,wet,1
2024-09-01,9,NL422,Midden-Limburg,Water Use Restrictions,0,0.3361387592523992,3.121680974960327,wet,1
2024-10-01,10,NL422,Midden-Limburg,Water Use Restrictions,0,0.13489990655830889,2.612539768218994,wet,1
2024-11-01,11,NL422,Midden-Limburg,Water Use Restrictions,0,0.14024638940173917,2.029146194458008,wet,1
2024-12-01,12,NL422,Midden-Limburg,Water Use Restrictions,0,0.14463980555383718,1.9572449922561646,wet,1
2025-01-01,1,NL422,Midden-Limburg,Water Use Restrictions,0,0.21060468118565995,2.3007307052612305,wet,1
2025-02-01,2,NL422,Midden-Limburg,Water Use Restrictions,0,0.4617675058020772,1.6659852266311646,wet,1
2025-03-01,3,NL422,Midden-Limburg,Water Use Restrictions,0,0.7351089720064413,1.1294753551483154,wet,1
2025-04-01,4,NL422,Midden-Limburg,Water Use Restrictions,0,0.8129195888779329,0.6900760531425476,near_normal,1
2025-05-01,5,NL422,Midden-Limburg,Water Use Restrictions,0,0.8094336087801245,-0.4340934157371521,near_normal,1
2025-06-01,6,NL422,Midden-Limburg,Water Use Restrictions,0,0.8544525000761115,-0.5961017608642578,near_normal,1
2025-07-01,7,NL422,Midden-Limburg,Water Use Restrictions,1,0.8189452275568662,-0.7561391592025757,near_normal,1
2025-08-01,8,NL422,Midden-Limburg,Water Use Restrictions,0,0.8141679158841009,-1.2596315145492554,dry,1
2025-09-01,9,NL422,Midden-Limburg,Water Use Restrictions,0,0.41248802154939157,-1.256527304649353,dry,1
2023-12-01,12,NL423,Zuid-Limburg,Water Use Restrictions,0,0.09217288178497514,1.7045224905014038,wet,1
2024-01-01,1,NL423,Zuid-Limburg,Water Use Restrictions,0,0.15299098078492537,1.4646683931350708,wet,1
2024-02-01,2,NL423,Zuid-Limburg,Water Use Restrictions,0,0.252257577246577,1.9057672023773193,wet,1
2024-03-01,3,NL423,Zuid-Limburg,Water Use Restrictions,0,0.3360240574808264,1.4721426963806152,wet,1
2024-04-01,4,NL423,Zuid-Limburg,Water Use Restrictions,0,0.5146920757505699,1.6109375953674316,wet,1
2024-05-01,5,NL423,Zuid-Limburg,Water Use Restrictions,0,0.631177183218619,2.2602717876434326,wet,1
2024-06-01,6,NL423,Zuid-Limburg,Water Use Restrictions,0,0.6452667434439276,2.4993674755096436,wet,1
2024-07-01,7,NL423,Zuid-Limburg,Water Use Restrictions,0,0.5525947491733956,2.575399398803711,wet,1
2024-08-01,8,NL423,Zuid-Limburg,Water Use Restrictions,0,0.408823766333934,2.1789464950561523,wet,1
2024-09-01,9,NL423,Zuid-Limburg,Water Use Restrictions,0,0.2698033288789843,2.988447666168213,wet,1
2024-10-01,10,NL423,Zuid-Limburg,Water Use Restrictions,0,0.11130966217461043,2.581728458404541,wet,1
2024-11-01,11,NL423,Zuid-Limburg,Water Use Restrictions,0,0.10936655220102855,2.0978105068206787,wet,1
2024-12-01,12,NL423,Zuid-Limburg,Water Use Restrictions,0,0.10374621141483863,2.107192277908325,wet,1
2025-01-01,1,NL423,Zuid-Limburg,Water Use Restrictions,0,0.15318901059683201,2.49822735786438,wet,1
2025-02-01,2,NL423,Zuid-Limburg,Water Use Restrictions,0,0.39403383149739546,1.7681748867034912,wet,1
2025-03-01,3,NL423,Zuid-Limburg,Water Use Restrictions,0,0.6995962954522896,1.286401629447937,wet,1
2025-04-01,4,NL423,Zuid-Limburg,Water Use Restrictions,0,0.7312628502478871,0.8446741700172424,near_normal,1
2025-05-01,5,NL423,Zuid-Limburg,Water Use Restrictions,0,0.7823457416944003,-0.30450639128685,near_normal,1
2025-06-01,6,NL423,Zuid-Limburg,Water Use Restrictions,0,0.8188347974482084,-0.48462241888046265,near_normal,1
2025-07-01,7,NL423,Zuid-Limburg,Water Use Restrictions,1,0.7946554339721522,-0.5175946354866028,near_normal,1
2025-08-01,8,NL423,Zuid-Limburg,Water Use Restrictions,0,0.7501892071669541,-1.1383399963378906,dry,1
2025-09-01,9,NL423,Zuid-Limburg,Water Use Restrictions,0,0.31444974064401915,-1.2109681367874146,dry,1
2023-12-01,12,NL111,Oost-Groningen,Forest Dieback & Vegetation Stress,0,0.07270589902509295,1.8038720488548279,wet,1
2024-01-01,1,NL111,Oost-Groningen,Forest Dieback & Vegetation Stress,0,0.09190027680649507,1.811567783355713,wet,1
2024-02-01,2,NL111,Oost-Groningen,Forest Dieback & Vegetation Stress,0,0.1070877593964597,1.99618661403656,wet,1
2024-03-01,3,NL111,Oost-Groningen,Forest Dieback & Vegetation Stress,0,0.1533188706338244,1.6847506165504456,wet,1
2024-04-01,4,NL111,Oost-Groningen,Forest Dieback & Vegetation Stress,0,0.17282732282150232,1.9079570770263672,wet,1
2024-05-01,5,NL111,Oost-Groningen,Forest Dieback & Vegetation Stress,0,0.3444012522506667,2.1447561979293823,wet,1
2024-06-01,6,NL111,Oost-Groningen,Forest Dieback & Vegetation Stress,0,0.45517820660685526,2.7947285175323486,wet,1
2024-07-01,7,NL111,Oost-Groningen,Forest Dieback & Vegetation Stress,0,0.3362762516269361,2.7147164344787598,wet,1
2024-08-01,8,NL111,Oost-Groningen,Forest Dieback & Vegetation Stress,0,0.2963159322809067,2.659160852432251,wet,1
2024-09-01,9,NL111,Oost-Groningen,Forest Dieback & Vegetation Stress,0,0.19749264699085298,2.968327760696411,wet,1
2024-10-01,10,NL111,Oost-Groningen,Forest Dieback & Vegetation Stress,0,0.11823330796376459,1.971750020980835,wet,1
2024-11-01,11,NL111,Oost-Groningen,Forest Dieback & Vegetation Stress,0,0.10657386959511533,1.6035258769989014,wet,1
2024-12-01,12,NL111,Oost-Groningen,Forest Dieback & Vegetation Stress,0,0.08381073064735485,1.1509708762168884,wet,1
2025-01-01,1,NL111,Oost-Groningen,Forest Dieback & Vegetation Stress,0,0.11524099878551705,1.0549432635307312,wet,1
2025-02-01,2,NL111,Oost-Groningen,Forest Dieback & Vegetation Stress,0,0.11664461280278744,0.49514587223529816,near_normal,1
2025-03-01,3,NL111,Oost-Groningen,Forest Dieback & Vegetation Stress,0,0.20158919616194365,0.1761770248413086,near_normal,1
2025-04-01,4,NL111,Oost-Groningen,Forest Dieback & Vegetation Stress,1,0.22722864165737755,-0.4283472001552582,near_normal,1
2025-05-01,5,NL111,Oost-Groningen,Forest Dieback & Vegetation Stress,0,0.3641009560918882,-0.9174109697341919,near_normal,1
2025-06-01,6,NL111,Oost-Groningen,Forest Dieback & Vegetation Stress,0,0.37347340476699675,-0.9498004615306854,near_normal,1
2025-07-01,7,NL111,Oost-Groningen,Forest Dieback & Vegetation Stress,0,0.3444064601776325,-1.1780112385749817,dry,1
2025-08-01,8,NL111,Oost-Groningen,Forest Dieback & Vegetation Stress,0,0.4655843174101583,-1.31639963388443,dry,1
2025-09-01,9,NL111,Oost-Groningen,Forest Dieback & Vegetation Stress,0,0.1552915848323461,-1.4372192025184631,dry,1
2023-12-01,12,NL112,Delfzijl en omgeving,Forest Dieback & Vegetation Stress,0,0.0788078170763072,1.5477043390274048,wet,1
2024-01-01,1,NL112,Delfzijl en omgeving,Forest Dieback & Vegetation Stress,0,0.09600174129772324,1.5744563341140747,wet,1
2024-03-01,3,NL112,Delfzijl en omgeving,Forest Dieback & Vegetation Stress,0,0.15165478392577267,1.5986590385437012,wet,1
2024-04-01,4,NL112,Delfzijl en omgeving,Forest Dieback & Vegetation Stress,0,0.18045721893258668,1.7463241815567017,wet,1
2024-05-01,5,NL112,Delfzijl en omgeving,Forest Dieback & Vegetation Stress,0,0.34874104966829284,1.9306237697601318,wet,1
2024-06-01,6,NL112,Delfzijl en omgeving,Forest Dieback & Vegetation Stress,0,0.4493333532987009,2.5208699703216553,wet,1
2024-07-01,7,NL112,Delfzijl en omgeving,Forest Dieback & Vegetation Stress,0,0.3439371421648696,2.3603928089141846,wet,1
2024-08-01,8,NL112,Delfzijl en omgeving,Forest Dieback & Vegetation Stress,0,0.31158710099189457,2.3377909660339355,wet,1
2024-09-01,9,NL112,Delfzijl en omgeving,Forest Dieback & Vegetation Stress,0,0.20268274995974916,2.484579563140869,wet,1
2024-10-01,10,NL112,Delfzijl en omgeving,Forest Dieback & Vegetation Stress,0,0.11727377510084987,1.6715155839920044,wet,1
2024-11-01,11,NL112,Delfzijl en omgeving,Forest Dieback & Vegetation Stress,0,0.10105028754674375,1.3462355136871338,wet,1
2024-12-01,12,NL112,Delfzijl en omgeving,Forest Dieback & Vegetation Stress,0,0.07861966460695133,0.9495850205421448,near_normal,1
2025-01-01,1,NL112,Delfzijl en omgeving,Forest Dieback & Vegetation Stress,0,0.11677520217959202,0.815735936164856,near_normal,1
2025-02-01,2,NL112,Delfzijl en omgeving,Forest Dieback & Vegetation Stress,0,0.1261315277505849,0.2707626223564148,near_normal,1
2025-03-01,3,NL112,Delfzijl en omgeving,Forest Dieback & Vegetation Stress,0,0.18774465649836147,-0.011577821336686611,near_normal,1
2025-04-01,4,NL112,Delfzijl en omgeving,Forest Dieback & Vegetation Stress,1,0.22067718274549672,-0.536076009273529,near_normal,1
2025-05-01,5,NL112,Delfzijl en omgeving,Forest Dieback & Vegetation Stress,0,0.36641636903255215,-0.8959609270095825,near_normal,1
2025-06-01,6,NL112,Delfzijl en omgeving,Forest Dieback & Vegetation Stress,0,0.36335101079766796,-0.9709566235542297,near_normal,1
2025-07-01,7,NL112,Delfzijl en omgeving,Forest Dieback & Vegetation Stress,0,0.36553279057165233,-1.2213053703308105,dry,1
2025-08-01,8,NL112,Delfzijl en omgeving,Forest Dieback & Vegetation Stress,0,0.37369462784203694,-1.3407152891159058,dry,1
2025-09-01,9,NL112,Delfzijl en omgeving,Forest Dieback & Vegetation Stress,0,0.157136598374449,-1.4633549451828003,dry,1
2023-12-01,12,NL113,Overig Groningen,Forest Dieback & Vegetation Stress,0,0.08104016546842849,1.576159675916036,wet,1
2024-01-01,1,NL113,Overig Groningen,Forest Dieback & Vegetation Stress,0,0.09821213133483662,1.553696870803833,wet,1
2024-02-01,2,NL113,Overig Groningen,Forest Dieback & Vegetation Stress,0,0.10704876721012281,1.8252516984939575,wet,1
2024-03-01,3,NL113,Overig Groningen,Forest Dieback & Vegetation Stress,0,0.1655029805068271,1.5759201447168987,wet,1
2024-04-01,4,NL113,Overig Groningen,Forest Dieback & Vegetation Stress,0,0.18753980249858543,1.7591425975163777,wet,1
2024-05-01,5,NL113,Overig Groningen,Forest Dieback & Vegetation Stress,0,0.3751287502493984,1.9804979960123699,wet,1
2024-06-01,6,NL113,Overig Groningen,Forest Dieback & Vegetation Stress,0,0.47913918256304844,2.5567835172017417,wet,1
2024-07-01,7,NL113,Overig Groningen,Forest Dieback & Vegetation Stress,0,0.3721108693018837,2.325056314468384,wet,1
2024-08-01,8,NL113,Overig Groningen,Forest Dieback & Vegetation Stress,0,0.3241015009123433,2.289264678955078,wet,1
2024-09-01,9,NL113,Overig Groningen,Forest Dieback & Vegetation Stress,0,0.20872139242070292,2.4607760111490884,wet,1
2024-10-01,10,NL113,Overig Groningen,Forest Dieback & Vegetation Stress,0,0.13450398399297747,1.74251393477122,wet,1
2024-11-01,11,NL113,Overig Groningen,Forest Dieback & Vegetation Stress,0,0.11225116019411846,1.3726389805475872,wet,1
2024-12-01,12,NL113,Overig Groningen,Forest Dieback & Vegetation Stress,0,0.08358349327989306,0.9944103360176086,near_normal,1
2025-01-01,1,NL113,Overig Groningen,Forest Dieback & Vegetation Stress,0,0.1216931662550017,0.8821484843889872,near_normal,1
2025-02-01,2,NL113,Overig Groningen,Forest Dieback & Vegetation Stress,0,0.1343637035424783,0.31073737144470215,near_normal,1
2025-03-01,3,NL113,Overig Groningen,Forest Dieback & Vegetation Stress,0,0.20454948855376553,0.035581901048620544,near_normal,1
2025-04-01,4,NL113,Overig Groningen,Forest Dieback & Vegetation Stress,1,0.22887167948212966,-0.45748992760976154,near_normal,1
2025-05-01,5,NL113,Overig Groningen,Forest Dieback & Vegetation Stress,0,0.39818705440840685,-0.8022730549176534,near_normal,1
2025-06-01,6,NL113,Overig Groningen,Forest Dieback & Vegetation Stress,0,0.3949449994689073,-0.9125909010569254,near_normal,1
2025-07-01,7,NL113,Overig Groningen,Forest Dieback & Vegetation Stress,0,0.38813497987332674,-1.1193293333053589,dry,1
2025-08-01,8,NL113,Overig Groningen,Forest Dieback & Vegetation Stress,0,0.4651867660207755,-1.2605481147766113,dry,1
2025-09-01,9,NL113,Overig Groningen,Forest Dieback & Vegetation Stress,0,0.1750727436260908,-1.4358088970184326,dry,1
2023-12-01,12,NL124,Noord-Friesland,Forest Dieback & Vegetation Stress,0,0.10591172833813894,1.4863542318344116,wet,1
2024-01-01,1,NL124,Noord-Friesland,Forest Dieback & Vegetation Stress,0,0.13913341432532356,1.3574422895908356,wet,1
2024-02-01,2,NL124,Noord-Friesland,Forest Dieback & Vegetation Stress,0,0.14303140393827524,1.7159639298915863,wet,1
2024-03-01,3,NL124,Noord-Friesland,Forest Dieback & Vegetation Stress,0,0.23109525819628762,1.4683093130588531,wet,1
2024-04-01,4,NL124,Noord-Friesland,Forest Dieback & Vegetation Stress,0,0.2509226517508242,1.7018274664878845,wet,1
2024-05-01,5,NL124,Noord-Friesland,Forest Dieback & Vegetation Stress,0,0.4832406876566553,1.886545330286026,wet,1
2024-06-01,6,NL124,Noord-Friesland,Forest Dieback & Vegetation Stress,0,0.5493148777385041,2.4364304542541504,wet,1
2024-07-01,7,NL124,Noord-Friesland,Forest Dieback & Vegetation Stress,0,0.4392124175704866,2.1045264899730682,wet,1
2024-08-01,8,NL124,Noord-Friesland,Forest Dieback & Vegetation Stress,0,0.40141121036218386,2.0753729045391083,wet,1
2024-09-01,9,NL124,Noord-Friesland,Forest Dieback & Vegetation Stress,0,0.264050954957655,2.2301748991012573,wet,1
2024-10-01,10,NL124,Noord-Friesland,Forest Dieback & Vegetation Stress,0,0.1752506733558818,1.551231563091278,wet,1
2024-11-01,11,NL124,Noord-Friesland,Forest Dieback & Vegetation Stress,0,0.1474216080208693,1.0981620252132416,wet,1
2024-12-01,12,NL124,Noord-Friesland,Forest Dieback & Vegetation Stress,0,0.10793529793894802,0.7735436260700226,near_normal,1
2025-01-01,1,NL124,Noord-Friesland,Forest Dieback & Vegetation Stress,0,0.1556461544927819,0.6505173146724701,near_normal,1
2025-02-01,2,NL124,Noord-Friesland,Forest Dieback & Vegetation Stress,0,0.18398244374200257,0.10699054750148207,near_normal,1
2025-03-01,3,NL124,Noord-Friesland,Forest Dieback & Vegetation Stress,1,0.2905009758900846,-0.16945494152605534,near_normal,1
2025-04-01,4,NL124,Noord-Friesland,Forest Dieback & Vegetation Stress,0,0.28889898657456065,-0.7064715921878815,near_normal,1
2025-05-01,5,NL124,Noord-Friesland,Forest Dieback & Vegetation Stress,1,0.46092398870007756,-0.9263435304164886,near_normal,1
2025-06-01,6,NL124,Noord-Friesland,Forest Dieback & Vegetation Stress,0,0.4522599872857327,-1.0629418939352036,dry,1
2025-07-01,7,NL124,Noord-Friesland,Forest Dieback & Vegetation Stress,0,0.46091667393365876,-1.2299838960170746,dry,1
2025-08-01,8,NL124,Noord-Friesland,Forest Dieback & Vegetation Stress,0,0.5370083189622117,-1.4811941981315613,dry,1
2025-09-01,9,NL124,Noord-Friesland,Forest Dieback & Vegetation Stress,1,0.22226028087214603,-1.572517216205597,dry,1
2023-12-01,12,NL125,Zuidwest-Friesland,Forest Dieback & Vegetation Stress,0,0.05204302823305793,1.63624769449234,wet,1
2024-01-01,1,NL125,Zuidwest-Friesland,Forest Dieback & Vegetation Stress,0,0.07112143914497153,1.4139912724494934,wet,1
2024-02-01,2,NL125,Zuidwest-Friesland,Forest Dieback & Vegetation Stress,0,0.07725336577833213,1.7786154747009277,wet,1
2024-03-01,3,NL125,Zuidwest-Friesland,Forest Dieback & Vegetation Stress,0,0.1304022692423098,1.5638866424560547,wet,1
2024-04-01,4,NL125,Zuidwest-Friesland,Forest Dieback & Vegetation Stress,0,0.14715591332513042,1.8326656818389893,wet,1
2024-05-01,5,NL125,Zuidwest-Friesland,Forest Dieback & Vegetation Stress,0,0.28727476075393304,2.1068438291549683,wet,1
2024-06-01,6,NL125,Zuidwest-Friesland,Forest Dieback & Vegetation Stress,0,0.3623613580701565,2.634555220603943,wet,1
2024-07-01,7,NL125,Zuidwest-Friesland,Forest Dieback & Vegetation Stress,0,0.2531513832072497,2.177721381187439,wet,1
2024-08-01,8,NL125,Zuidwest-Friesland,Forest Dieback & Vegetation Stress,0,0.22179804149081114,2.1380834579467773,wet,1
2024-09-01,9,NL125,Zuidwest-Friesland,Forest Dieback & Vegetation Stress,0,0.1315097422738087,2.2827683687210083,wet,1
2024-10-01,10,NL125,Zuidwest-Friesland,Forest Dieback & Vegetation Stress,0,0.08566811757495478,1.732323706150055,wet,1
2024-11-01,11,NL125,Zuidwest-Friesland,Forest Dieback & Vegetation Stress,0,0.07749474765607375,1.1893419027328491,wet,1
2024-12-01,12,NL125,Zuidwest-Friesland,Forest Dieback & Vegetation Stress,0,0.0556109097334848,0.9064917862415314,near_normal,1
2025-01-01,1,NL125,Zuidwest-Friesland,Forest Dieback & Vegetation Stress,0,0.07221393211700784,0.7681446671485901,near_normal,1
2025-02-01,2,NL125,Zuidwest-Friesland,Forest Dieback & Vegetation Stress,0,0.09190101997608577,0.15459422394633293,near_normal,1
2025-03-01,3,NL125,Zuidwest-Friesland,Forest Dieback & Vegetation Stress,1,0.18186503455798123,-0.20276711881160736,near_normal,1
2025-04-01,4,NL125,Zuidwest-Friesland,Forest Dieback & Vegetation Stress,0,0.14807131745738283,-0.842517763376236,near_normal,1
2025-05-01,5,NL125,Zuidwest-Friesland,Forest Dieback & Vegetation Stress,0,0.25164337146951354,-1.0782914757728577,dry,1
2025-06-01,6,NL125,Zuidwest-Friesland,Forest Dieback & Vegetation Stress,0,0.24964527360731606,-1.1937094926834106,dry,1
2025-07-01,7,NL125,Zuidwest-Friesland,Forest Dieback & Vegetation Stress,0,0.2693155069487478,-1.2997994422912598,dry,1
2025-08-01,8,NL125,Zuidwest-Friesland,Forest Dieback & Vegetation Stress,0,0.33073130595308153,-1.5020229816436768,dry,1
2025-09-01,9,NL125,Zuidwest-Friesland,Forest Dieback & Vegetation Stress,1,0.12181880328833614,-1.550790548324585,dry,1
2023-12-01,12,NL126,Zuidoost-Friesland,Forest Dieback & Vegetation Stress,0,0.06502357717811051,1.6415513753890991,wet,1
2024-01-01,1,NL126,Zuidoost-Friesland,Forest Dieback & Vegetation Stress,0,0.08188501195363442,1.545999010403951,wet,1
2024-03-01,3,NL126,Zuidoost-Friesland,Forest Dieback & Vegetation Stress,0,0.15671339695227376,1.5629839499791462,wet,1
2024-04-01,4,NL126,Zuidoost-Friesland,Forest Dieback & Vegetation Stress,0,0.1673299672523387,1.7216502825419109,wet,1
2024-05-01,5,NL126,Zuidoost-Friesland,Forest Dieback & Vegetation Stress,0,0.3446917478424028,2.123636484146118,wet,1
2024-06-01,6,NL126,Zuidoost-Friesland,Forest Dieback & Vegetation Stress,0,0.45224042447089674,2.8139727115631104,wet,1
2024-07-01,7,NL126,Zuidoost-Friesland,Forest Dieback & Vegetation Stress,0,0.3279403282484886,2.4634934266408286,wet,1
2024-08-01,8,NL126,Zuidoost-Friesland,Forest Dieback & Vegetation Stress,0,0.27835244335607556,2.2954910596211753,wet,1
2024-09-01,9,NL126,Zuidoost-Friesland,Forest Dieback & Vegetation Stress,0,0.1707872945073073,2.6972495714823403,wet,1
2024-10-01,10,NL126,Zuidoost-Friesland,Forest Dieback & Vegetation Stress,0,0.1084447913585614,1.9253834088643391,wet,1
2024-11-01,11,NL126,Zuidoost-Friesland,Forest Dieback & Vegetation Stress,0,0.10754293856816875,1.4363560279210408,wet,1
2024-12-01,12,NL126,Zuidoost-Friesland,Forest Dieback & Vegetation Stress,0,0.07403448208657927,1.123047669728597,wet,1
2025-01-01,1,NL126,Zuidoost-Friesland,Forest Dieback & Vegetation Stress,0,0.09393144859304767,1.0151313543319702,wet,1
2025-02-01,2,NL126,Zuidoost-Friesland,Forest Dieback & Vegetation Stress,0,0.10818596879485311,0.39727561672528583,near_normal,1
2025-03-01,3,NL126,Zuidoost-Friesland,Forest Dieback & Vegetation Stress,1,0.18259097483292075,0.04762745307137569,near_normal,1
2025-04-01,4,NL126,Zuidoost-Friesland,Forest Dieback & Vegetation Stress,0,0.20091329419549714,-0.49264203508694965,near_normal,1
2025-05-01,5,NL126,Zuidoost-Friesland,Forest Dieback & Vegetation Stress,0,0.35684549698380225,-0.9436053037643433,near_normal,1
2025-06-01,6,NL126,Zuidoost-Friesland,Forest Dieback & Vegetation Stress,0,0.34473547629485185,-1.055333097775777,dry,1
2025-07-01,7,NL126,Zuidoost-Friesland,Forest Dieback & Vegetation Stress,0,0.3401512197603208,-1.1487988233566284,dry,1
2025-08-01,8,NL126,Zuidoost-Friesland,Forest Dieback & Vegetation Stress,1,0.4633806497681485,-1.3487204710642497,dry,1
2025-09-01,9,NL126,Zuidoost-Friesland,Forest Dieback & Vegetation Stress,1,0.16250774931487327,-1.5328909953435261,dry,1
2023-12-01,12,NL131,Noord-Drenthe,Forest Dieback & Vegetation Stress,0,0.1025190868320798,1.685130774974823,wet,1
2024-01-01,1,NL131,Noord-Drenthe,Forest Dieback & Vegetation Stress,0,0.12855877328362705,1.625184416770935,wet,1
2024-02-01,2,NL131,Noord-Drenthe,Forest Dieback & Vegetation Stress,0,0.14833657734173836,1.908049762248993,wet,1
2024-03-01,3,NL131,Noord-Drenthe,Forest Dieback & Vegetation Stress,0,0.2287257179593228,1.6074219346046448,wet,1
2024-04-01,4,NL131,Noord-Drenthe,Forest Dieback & Vegetation Stress,0,0.23259997347508068,1.7808722257614136,wet,1
2024-05-01,5,NL131,Noord-Drenthe,Forest Dieback & Vegetation Stress,0,0.43925504175183405,2.125525951385498,wet,1
2024-06-01,6,NL131,Noord-Drenthe,Forest Dieback & Vegetation Stress,1,0.5357375500471245,2.8354954719543457,wet,1
2024-07-01,7,NL131,Noord-Drenthe,Forest Dieback & Vegetation Stress,1,0.4278646643604708,2.568251371383667,wet,1
2024-08-01,8,NL131,Noord-Drenthe,Forest Dieback & Vegetation Stress,1,0.3859451003968728,2.437190890312195,wet,1
2024-09-01,9,NL131,Noord-Drenthe,Forest Dieback & Vegetation Stress,0,0.269190615060929,2.765575647354126,wet,1
2024-10-01,10,NL131,Noord-Drenthe,Forest Dieback & Vegetation Stress,0,0.16216267710878784,1.9603742957115173,wet,1
2024-11-01,11,NL131,Noord-Drenthe,Forest Dieback & Vegetation Stress,0,0.15884160111350284,1.541092872619629,wet,1
2024-12-01,12,NL131,Noord-Drenthe,Forest Dieback & Vegetation Stress,0,0.11708627205273303,1.1613088250160217,wet,1
2025-01-01,1,NL131,Noord-Drenthe,Forest Dieback & Vegetation Stress,0,0.15620560122530414,1.0562910437583923,wet,1
2025-02-01,2,NL131,Noord-Drenthe,Forest Dieback & Vegetation Stress,0,0.1630364998310642,0.4693644195795059,near_normal,1
2025-03-01,3,NL131,Noord-Drenthe,Forest Dieback & Vegetation Stress,0,0.24430016709727964,0.14078162051737309,near_normal,1
2025-04-01,4,NL131,Noord-Drenthe,Forest Dieback & Vegetation Stress,0,0.30315654070884973,-0.37382109463214874,near_normal,1
2025-05-01,5,NL131,Noord-Drenthe,Forest Dieback & Vegetation Stress,0,0.4651935045870065,-0.8759167492389679,near_normal,1
2025-06-01,6,NL131,Noord-Drenthe,Forest Dieback & Vegetation Stress,0,0.4797235035578164,-0.9764733612537384,near_normal,1
2025-07-01,7,NL131,Noord-Drenthe,Forest Dieback & Vegetation Stress,0,0.4549714153313079,-1.0990380644798279,dry,1
2025-08-01,8,NL131,Noord-Drenthe,Forest Dieback & Vegetation Stress,0,0.5848168862014944,-1.2489697933197021,dry,1
2025-09-01,9,NL131,Noord-Drenthe,Forest Dieback & Vegetation Stress,0,0.25135435595135297,-1.4132501482963562,dry,1
2023-12-01,12,NL132,Zuidoost-Drenthe,Forest Dieback & Vegetation Stress,0,0.045820388085346046,1.9405426979064941,wet,1
2024-01-01,1,NL132,Zuidoost-Drenthe,Forest Dieback & Vegetation Stress,0,0.05649941276889506,1.862620234489441,wet,1
2024-02-01,2,NL132,Zuidoost-Drenthe,Forest Dieback & Vegetation Stress,0,0.06898754558304772,2.074225902557373,wet,1
2024-03-01,3,NL132,Zuidoost-Drenthe,Forest Dieback & Vegetation Stress,0,0.11277642153643523,1.7616868019104004,wet,1
2024-04-01,4,NL132,Zuidoost-Drenthe,Forest Dieback & Vegetation Stress,0,0.10541130819488079,1.9577404260635376,wet,1
2024-05-01,5,NL132,Zuidoost-Drenthe,Forest Dieback & Vegetation Stress,0,0.22919642165325624,2.271449089050293,wet,1
2024-06-01,6,NL132,Zuidoost-Drenthe,Forest Dieback & Vegetation Stress,0,0.3083688973638013,2.8965072631835938,wet,1
2024-07-01,7,NL132,Zuidoost-Drenthe,Forest Dieback & Vegetation Stress,0,0.21365638897534897,2.828998327255249,wet,1
2024-08-01,8,NL132,Zuidoost-Drenthe,Forest Dieback & Vegetation Stress,0,0.19641159387054263,2.8166348934173584,wet,1
2024-09-01,9,NL132,Zuidoost-Drenthe,Forest Dieback & Vegetation Stress,0,0.1320734439913247,3.1048576831817627,wet,1
2024-10-01,10,NL132,Zuidoost-Drenthe,Forest Dieback & Vegetation Stress,0,0.06854338195884953,2.167729139328003,wet,1
2024-11-01,11,NL132,Zuidoost-Drenthe,Forest Dieback & Vegetation Stress,0,0.06576813230830533,1.7443439960479736,wet,1
2024-12-01,12,NL132,Zuidoost-Drenthe,Forest Dieback & Vegetation Stress,0,0.046830858821124415,1.2934812307357788,wet,1
2025-01-01,1,NL132,Zuidoost-Drenthe,Forest Dieback & Vegetation Stress,0,0.06398086575814033,1.196232557296753,wet,1
2025-02-01,2,NL132,Zuidoost-Drenthe,Forest Dieback & Vegetation Stress,0,0.06941116231462668,0.622021496295929,near_normal,1
2025-03-01,3,NL132,Zuidoost-Drenthe,Forest Dieback & Vegetation Stress,0,0.1520733305054278,0.29568547010421753,near_normal,1
2025-04-01,4,NL132,Zuidoost-Drenthe,Forest Dieback & Vegetation Stress,0,0.14021917946652054,-0.27435654401779175,near_normal,1
2025-05-01,5,NL132,Zuidoost-Drenthe,Forest Dieback & Vegetation Stress,0,0.2457688723238564,-0.8413411974906921,near_normal,1
2025-06-01,6,NL132,Zuidoost-Drenthe,Forest Dieback & Vegetation Stress,0,0.26815275966862573,-0.9112480282783508,near_normal,1
2025-07-01,7,NL132,Zuidoost-Drenthe,Forest Dieback & Vegetation Stress,0,0.23121643449125304,-1.104096531867981,dry,1
2025-08-01,8,NL132,Zuidoost-Drenthe,Forest Dieback & Vegetation Stress,0,0.35538265636220184,-1.2686371803283691,dry,1
2025-09-01,9,NL132,Zuidoost-Drenthe,Forest Dieback & Vegetation Stress,0,0.1122608087930661,-1.3522844314575195,dry,1
2023-12-01,12,NL133,Zuidwest-Drenthe,Forest Dieback & Vegetation Stress,0,0.07494484478585245,1.7844210863113403,wet,1
2024-01-01,1,NL133,Zuidwest-Drenthe,Forest Dieback & Vegetation Stress,0,0.08856093978733749,1.72472482919693,wet,1
2024-02-01,2,NL133,Zuidwest-Drenthe,Forest Dieback & Vegetation Stress,0,0.10864232878866027,2.0366421341896057,wet,1
2024-03-01,3,NL133,Zuidwest-Drenthe,Forest Dieback & Vegetation Stress,0,0.1623172611120696,1.7058511972427368,wet,1
2024-04-01,4,NL133,Zuidwest-Drenthe,Forest Dieback & Vegetation Stress,0,0.17424274059900502,1.8357419967651367,wet,1
2024-05-01,5,NL133,Zuidwest-Drenthe,Forest Dieback & Vegetation Stress,0,0.3230185023710291,2.266860604286194,wet,1
2024-06-01,6,NL133,Zuidwest-Drenthe,Forest Dieback & Vegetation Stress,0,0.42161118815047854,2.907911777496338,wet,1
2024-07-01,7,NL133,Zuidwest-Drenthe,Forest Dieback & Vegetation Stress,0,0.33226702008571035,2.7513095140457153,wet,1
2024-08-01,8,NL133,Zuidwest-Drenthe,Forest Dieback & Vegetation Stress,0,0.29612146785291193,2.632028818130493,wet,1
2024-09-01,9,NL133,Zuidwest-Drenthe,Forest Dieback & Vegetation Stress,1,0.18895228593725474,3.0397181510925293,wet,1
2024-10-01,10,NL133,Zuidwest-Drenthe,Forest Dieback & Vegetation Stress,0,0.10986955823475537,2.1555556058883667,wet,1
2024-11-01,11,NL133,Zuidwest-Drenthe,Forest Dieback & Vegetation Stress,0,0.11158106122802773,1.7173022627830505,wet,1
2024-12-01,12,NL133,Zuidwest-Drenthe,Forest Dieback & Vegetation Stress,0,0.08240170948343915,1.3606191873550415,wet,1
2025-01-01,1,NL133,Zuidwest-Drenthe,Forest Dieback & Vegetation Stress,0,0.08948969893977045,1.2867012023925781,wet,1
2025-02-01,2,NL133,Zuidwest-Drenthe,Forest Dieback & Vegetation Stress,0,0.10934972544002343,0.6509714722633362,near_normal,1
2025-03-01,3,NL133,Zuidwest-Drenthe,Forest Dieback & Vegetation Stress,0,0.21461510363076974,0.2719087675213814,near_normal,1
2025-04-01,4,NL133,Zuidwest-Drenthe,Forest Dieback & Vegetation Stress,0,0.21456454367692512,-0.26466917246580124,near_normal,1
2025-05-01,5,NL133,Zuidwest-Drenthe,Forest Dieback & Vegetation Stress,0,0.34502170880319544,-0.8783625960350037,near_normal,1
2025-06-01,6,NL133,Zuidwest-Drenthe,Forest Dieback & Vegetation Stress,0,0.37203291907471836,-0.9638475477695465,near_normal,1
2025-07-01,7,NL133,Zuidwest-Drenthe,Forest Dieback & Vegetation Stress,0,0.34537029250775697,-1.0526711344718933,dry,1
2025-08-01,8,NL133,Zuidwest-Drenthe,Forest Dieback & Vegetation Stress,0,0.5015203329180125,-1.2207630276679993,dry,1
2025-09-01,9,NL133,Zuidwest-Drenthe,Forest Dieback & Vegetation Stress,0,0.1770429745568351,-1.363072395324707,dry,1
2023-12-01,12,NL211,Noord-Overijssel,Forest Dieback & Vegetation Stress,0,0.12014700703224926,1.8763700723648071,wet,1
2024-01-01,1,NL211,Noord-Overijssel,Forest Dieback & Vegetation Stress,0,0.13852111179570287,1.8030700087547302,wet,1
2024-02-01,2,NL211,Noord-Overijssel,Forest Dieback & Vegetation Stress,0,0.16830704117111017,2.1056063175201416,wet,1
2024-03-01,3,NL211,Noord-Overijssel,Forest Dieback & Vegetation Stress,0,0.21367705930261346,1.7778285145759583,wet,1
2024-04-01,4,NL211,Noord-Overijssel,Forest Dieback & Vegetation Stress,0,0.25927406108023576,1.8979318737983704,wet,1
2024-05-01,5,NL211,Noord-Overijssel,Forest Dieback & Vegetation Stress,0,0.4244470094173793,2.330261468887329,wet,1
2024-06-01,6,NL211,Noord-Overijssel,Forest Dieback & Vegetation Stress,1,0.536646979703266,2.892736077308655,wet,1
2024-07-01,7,NL211,Noord-Overijssel,Forest Dieback & Vegetation Stress,0,0.4159880876618043,2.926464080810547,wet,1
2024-08-01,8,NL211,Noord-Overijssel,Forest Dieback & Vegetation Stress,0,0.38432334988336536,2.801928162574768,wet,1
2024-09-01,9,NL211,Noord-Overijssel,Forest Dieback & Vegetation Stress,0,0.27726495160624126,3.1640535593032837,wet,1
2024-10-01,10,NL211,Noord-Overijssel,Forest Dieback & Vegetation Stress,0,0.16363954558062216,2.2690484523773193,wet,1
2024-11-01,11,NL211,Noord-Overijssel,Forest Dieback & Vegetation Stress,0,0.16592173659488132,1.8291608691215515,wet,1
2024-12-01,12,NL211,Noord-Overijssel,Forest Dieback & Vegetation Stress,0,0.12622173600108663,1.4506611824035645,wet,1
2025-01-01,1,NL211,Noord-Overijssel,Forest Dieback & Vegetation Stress,0,0.15341264395544613,1.3931864500045776,wet,1
2025-02-01,2,NL211,Noord-Overijssel,Forest Dieback & Vegetation Stress,0,0.16294039259649487,0.753440797328949,near_normal,1
2025-03-01,3,NL211,Noord-Overijssel,Forest Dieback & Vegetation Stress,0,0.2976407980248046,0.3611278682947159,near_normal,1
2025-04-01,4,NL211,Noord-Overijssel,Forest Dieback & Vegetation Stress,1,0.30357642072759594,-0.20052483677864075,near_normal,1
2025-05-01,5,NL211,Noord-Overijssel,Forest Dieback & Vegetation Stress,0,0.46629272187776294,-0.8454030454158783,near_normal,1
2025-06-01,6,NL211,Noord-Overijssel,Forest Dieback & Vegetation Stress,1,0.4922065654492913,-0.9478132128715515,near_normal,1
2025-07-01,7,NL211,Noord-Overijssel,Forest Dieback & Vegetation Stress,1,0.4460928798862291,-1.0653294920921326,dry,1
2025-08-01,8,NL211,Noord-Overijssel,Forest Dieback & Vegetation Stress,0,0.5573987605877211,-1.2702912092208862,dry,1
2025-09-01,9,NL211,Noord-Overijssel,Forest Dieback & Vegetation Stress,0,0.23697006172047977,-1.3825294971466064,dry,1
2023-12-01,12,NL212,Zuidwest-Overijssel,Forest Dieback & Vegetation Stress,0,0.32298066228090816,1.9005659818649292,wet,1
2024-01-01,1,NL212,Zuidwest-Overijssel,Forest Dieback & Vegetation Stress,0,0.3485859206259252,1.8292285203933716,wet,1
2024-02-01,2,NL212,Zuidwest-Overijssel,Forest Dieback & Vegetation Stress,0,0.40959196515540686,2.213228702545166,wet,1
2024-03-01,3,NL212,Zuidwest-Overijssel,Forest Dieback & Vegetation Stress,1,0.4725834969550614,1.849002480506897,wet,1
2024-04-01,4,NL212,Zuidwest-Overijssel,Forest Dieback & Vegetation Stress,0,0.5512817901212591,1.9571956396102905,wet,1
2024-05-01,5,NL212,Zuidwest-Overijssel,Forest Dieback & Vegetation Stress,0,0.6962544028365475,2.3873307704925537,wet,1
2024-06-01,6,NL212,Zuidwest-Overijssel,Forest Dieback & Vegetation Stress,1,0.7769830531094376,2.8320765495300293,wet,1
2024-07-01,7,NL212,Zuidwest-Overijssel,Forest Dieback & Vegetation Stress,0,0.7106213527599775,3.2399985790252686,wet,1
2024-08-01,8,NL212,Zuidwest-Overijssel,Forest Dieback & Vegetation Stress,0,0.6691023148687107,2.890531063079834,wet,1
2024-09-01,9,NL212,Zuidwest-Overijssel,Forest Dieback & Vegetation Stress,0,0.5554861538140036,3.281804084777832,wet,1
2024-10-01,10,NL212,Zuidwest-Overijssel,Forest Dieback & Vegetation Stress,0,0.3930933675703328,2.341593027114868,wet,1
2024-11-01,11,NL212,Zuidwest-Overijssel,Forest Dieback & Vegetation Stress,0,0.3895475594933426,1.9496963024139404,wet,1
2024-12-01,12,NL212,Zuidwest-Overijssel,Forest Dieback & Vegetation Stress,0,0.31350957538031154,1.6000728607177734,wet,1
2025-01-01,1,NL212,Zuidwest-Overijssel,Forest Dieback & Vegetation Stress,0,0.3620274626310011,1.6217764616012573,wet,1
2025-02-01,2,NL212,Zuidwest-Overijssel,Forest Dieback & Vegetation Stress,0,0.3894221007100153,0.9912475943565369,near_normal,1
2025-03-01,3,NL212,Zuidwest-Overijssel,Forest Dieback & Vegetation Stress,0,0.6077409956232811,0.5870882868766785,near_normal,1
2025-04-01,4,NL212,Zuidwest-Overijssel,Forest Dieback & Vegetation Stress,0,0.6125786577697865,-0.03741263225674629,near_normal,1
2025-05-01,5,NL212,Zuidwest-Overijssel,Forest Dieback & Vegetation Stress,0,0.7430280902702998,-0.7523486614227295,near_normal,1
2025-06-01,6,NL212,Zuidwest-Overijssel,Forest Dieback & Vegetation Stress,1,0.7522843700358477,-0.9098113179206848,near_normal,1
2025-07-01,7,NL212,Zuidwest-Overijssel,Forest Dieback & Vegetation Stress,0,0.7151201462606777,-1.0562019348144531,dry,1
2025-08-01,8,NL212,Zuidwest-Overijssel,Forest Dieback & Vegetation Stress,0,0.8010594560339253,-1.332362413406372,dry,1
2025-09-01,9,NL212,Zuidwest-Overijssel,Forest Dieback & Vegetation Stress,0,0.5362778245602882,-1.4136707782745361,dry,1
2023-12-01,12,NL213,Twente,Forest Dieback & Vegetation Stress,0,0.3087121969162266,1.877382477124532,wet,1
2024-01-01,1,NL213,Twente,Forest Dieback & Vegetation Stress,0,0.35782962300721466,1.7741056680679321,wet,1
2024-02-01,2,NL213,Twente,Forest Dieback & Vegetation Stress,0,0.41620853288123627,2.1074114640553794,wet,1
2024-03-01,3,NL213,Twente,Forest Dieback & Vegetation Stress,1,0.5148003739281308,1.7495448191960652,wet,1
2024-04-01,4,NL213,Twente,Forest Dieback & Vegetation Stress,0,0.5419383360307144,1.8394211530685425,wet,1
2024-05-01,5,NL213,Twente,Forest Dieback & Vegetation Stress,0,0.6846580157834593,2.2049256960550943,wet,1
2024-06-01,6,NL213,Twente,Forest Dieback & Vegetation Stress,1,0.7764339845645352,2.5858238538106284,wet,1
2024-07-01,7,NL213,Twente,Forest Dieback & Vegetation Stress,0,0.6823290747903843,2.9343260129292807,wet,1
2024-08-01,8,NL213,Twente,Forest Dieback & Vegetation Stress,0,0.6432633371253261,2.6960832277933755,wet,1
2024-09-01,9,NL213,Twente,Forest Dieback & Vegetation Stress,0,0.5544011297245363,3.2426631450653076,wet,1
2024-10-01,10,NL213,Twente,Forest Dieback & Vegetation Stress,0,0.3793640817326657,2.2757716178894043,wet,1
2024-11-01,11,NL213,Twente,Forest Dieback & Vegetation Stress,0,0.372279388842418,1.856828014055888,wet,1
2024-12-01,12,NL213,Twente,Forest Dieback & Vegetation Stress,0,0.30224216419378247,1.449364145596822,wet,1
2025-01-01,1,NL213,Twente,Forest Dieback & Vegetation Stress,0,0.3421228031214133,1.4633930921554565,wet,1
2025-02-01,2,NL213,Twente,Forest Dieback & Vegetation Stress,0,0.3915930082878963,0.8273681799570719,near_normal,1
2025-03-01,3,NL213,Twente,Forest Dieback & Vegetation Stress,0,0.668852190320695,0.45466773708661395,near_normal,1
2025-04-01,4,NL213,Twente,Forest Dieback & Vegetation Stress,1,0.6166913381061824,-0.08532259364922841,near_normal,1
2025-05-01,5,NL213,Twente,Forest Dieback & Vegetation Stress,0,0.7425621497475644,-0.7380898396174113,near_normal,1
2025-06-01,6,NL213,Twente,Forest Dieback & Vegetation Stress,1,0.7718412778900731,-0.8258537650108337,near_normal,1
2025-07-01,7,NL213,Twente,Forest Dieback & Vegetation Stress,0,0.7339704631228745,-0.9453806678454081,near_normal,1
2025-08-01,8,NL213,Twente,Forest Dieback & Vegetation Stress,0,0.8410426968848025,-1.2185680468877156,dry,1
2025-09-01,9,NL213,Twente,Forest Dieback & Vegetation Stress,0,0.5209633299076306,-1.2572739521662395,dry,1
2023-12-01,12,NL221,Veluwe,Forest Dieback & Vegetation Stress,0,0.45835055040307826,1.9351237614949544,wet,1
2024-01-01,1,NL221,Veluwe,Forest Dieback & Vegetation Stress,0,0.4896464794157639,1.8073323965072632,wet,1
2024-02-01,2,NL221,Veluwe,Forest Dieback & Vegetation Stress,0,0.5170155199480403,2.2413116296132407,wet,1
2024-03-01,3,NL221,Veluwe,Forest Dieback & Vegetation Stress,1,0.5880304805975654,1.8151774009068806,wet,1
2024-04-01,4,NL221,Veluwe,Forest Dieback & Vegetation Stress,1,0.6842802376445757,2.02529247601827,wet,1
2024-05-01,5,NL221,Veluwe,Forest Dieback & Vegetation Stress,0,0.8022024104757655,2.5431505044301352,wet,1
2024-06-01,6,NL221,Veluwe,Forest Dieback & Vegetation Stress,1,0.8744955149989987,2.9275620778401694,wet,1
2024-07-01,7,NL221,Veluwe,Forest Dieback & Vegetation Stress,0,0.8274910149021883,3.333141009012858,wet,1
2024-08-01,8,NL221,Veluwe,Forest Dieback & Vegetation Stress,0,0.7798013890412631,2.8060739040374756,wet,1
2024-09-01,9,NL221,Veluwe,Forest Dieback & Vegetation Stress,0,0.6891142360860663,3.3057305812835693,wet,1
2024-10-01,10,NL221,Veluwe,Forest Dieback & Vegetation Stress,0,0.5264628717688262,2.3737645149230957,wet,1
2024-11-01,11,NL221,Veluwe,Forest Dieback & Vegetation Stress,0,0.5336623680180325,1.9296060800552368,wet,1
2024-12-01,12,NL221,Veluwe,Forest Dieback & Vegetation Stress,0,0.45312842513423945,1.6137422720591228,wet,1
2025-01-01,1,NL221,Veluwe,Forest Dieback & Vegetation Stress,0,0.49731950173690564,1.6722465356190999,wet,1
2025-02-01,2,NL221,Veluwe,Forest Dieback & Vegetation Stress,0,0.5309888888460796,1.0694556037584941,wet,1
2025-03-01,3,NL221,Veluwe,Forest Dieback & Vegetation Stress,1,0.7788941283106765,0.6522466341654459,near_normal,1
2025-04-01,4,NL221,Veluwe,Forest Dieback & Vegetation Stress,1,0.7366441583529661,-0.03821267498036226,near_normal,1
2025-05-01,5,NL221,Veluwe,Forest Dieback & Vegetation Stress,0,0.8192112650048379,-0.8415002226829529,near_normal,1
2025-06-01,6,NL221,Veluwe,Forest Dieback & Vegetation Stress,1,0.8473421946031301,-0.9649274547894796,near_normal,1
2025-07-01,7,NL221,Veluwe,Forest Dieback & Vegetation Stress,1,0.8233881221137652,-1.1212384700775146,dry,1
2025-08-01,8,NL221,Veluwe,Forest Dieback & Vegetation Stress,0,0.8822676208822421,-1.4766345818837483,dry,1
2025-09-01,9,NL221,Veluwe,Forest Dieback & Vegetation Stress,1,0.6553962723494452,-1.5261424779891968,dry,1
2023-12-01,12,NL224,Zuidwest-Gelderland,Forest Dieback & Vegetation Stress,0,0.14399384711830035,1.9365487098693848,wet,1
2024-01-01,1,NL224,Zuidwest-Gelderland,Forest Dieback & Vegetation Stress,0,0.1637778083408891,1.685375452041626,wet,1
2024-02-01,2,NL224,Zuidwest-Gelderland,Forest Dieback & Vegetation Stress,0,0.16055133507698582,2.1737860441207886,wet,1
2024-03-01,3,NL224,Zuidwest-Gelderland,Forest Dieback & Vegetation Stress,0,0.22099958597561667,1.7497069239616394,wet,1
2024-04-01,4,NL224,Zuidwest-Gelderland,Forest Dieback & Vegetation Stress,0,0.3031101195755542,2.014431595802307,wet,1
2024-05-01,5,NL224,Zuidwest-Gelderland,Forest Dieback & Vegetation Stress,0,0.4392653849250165,2.511814832687378,wet,1
2024-06-01,6,NL224,Zuidwest-Gelderland,Forest Dieback & Vegetation Stress,1,0.579096523982935,2.8723764419555664,wet,1
2024-07-01,7,NL224,Zuidwest-Gelderland,Forest Dieback & Vegetation Stress,0,0.4952876373301218,3.360319137573242,wet,1
2024-08-01,8,NL224,Zuidwest-Gelderland,Forest Dieback & Vegetation Stress,0,0.3959240737431199,2.7078782320022583,wet,1
2024-09-01,9,NL224,Zuidwest-Gelderland,Forest Dieback & Vegetation Stress,0,0.28890750382014213,3.562034487724304,wet,1
2024-10-01,10,NL224,Zuidwest-Gelderland,Forest Dieback & Vegetation Stress,0,0.18088323989581084,2.6191734075546265,wet,1
2024-11-01,11,NL224,Zuidwest-Gelderland,Forest Dieback & Vegetation Stress,0,0.17278460349897887,2.088479518890381,wet,1
2024-12-01,12,NL224,Zuidwest-Gelderland,Forest Dieback & Vegetation Stress,0,0.12630221418953552,1.848576307296753,wet,1
2025-01-01,1,NL224,Zuidwest-Gelderland,Forest Dieback & Vegetation Stress,0,0.1591614376559317,1.9212733507156372,wet,1
2025-02-01,2,NL224,Zuidwest-Gelderland,Forest Dieback & Vegetation Stress,0,0.17513032797574932,1.400187075138092,wet,1
2025-03-01,3,NL224,Zuidwest-Gelderland,Forest Dieback & Vegetation Stress,0,0.4905093025330273,0.972754567861557,near_normal,1
2025-04-01,4,NL224,Zuidwest-Gelderland,Forest Dieback & Vegetation Stress,0,0.3381144191910204,0.29149629175662994,near_normal,1
2025-05-01,5,NL224,Zuidwest-Gelderland,Forest Dieback & Vegetation Stress,0,0.4720021420761753,-0.6283363997936249,near_normal,1
2025-06-01,6,NL224,Zuidwest-Gelderland,Forest Dieback & Vegetation Stress,0,0.4880556841439543,-0.8211278021335602,near_normal,1
2025-07-01,7,NL224,Zuidwest-Gelderland,Forest Dieback & Vegetation Stress,1,0.4619771660683462,-1.0137033462524414,dry,1
2025-08-01,8,NL224,Zuidwest-Gelderland,Forest Dieback & Vegetation Stress,0,0.5236584598585927,-1.4959520101547241,dry,1
2025-09-01,9,NL224,Zuidwest-Gelderland,Forest Dieback & Vegetation Stress,0,0.23762284092283983,-1.5776581168174744,dry,1
2023-12-01,12,NL225,Achterhoek,Forest Dieback & Vegetation Stress,0,0.4137920578087942,1.9582886695861816,wet,1
2024-01-01,1,NL225,Achterhoek,Forest Dieback & Vegetation Stress,0,0.47176719794101024,1.805512011051178,wet,1
2024-02-01,2,NL225,Achterhoek,Forest Dieback & Vegetation Stress,1,0.5011945019961003,2.2859821915626526,wet,1
2024-03-01,3,NL225,Achterhoek,Forest Dieback & Vegetation Stress,0,0.5516174589363843,1.7744671404361725,wet,1
2024-04-01,4,NL225,Achterhoek,Forest Dieback & Vegetation Stress,0,0.6556287066500517,1.8754302561283112,wet,1
2024-05-01,5,NL225,Achterhoek,Forest Dieback & Vegetation Stress,0,0.7706051412892964,2.249455988407135,wet,1
2024-06-01,6,NL225,Achterhoek,Forest Dieback & Vegetation Stress,1,0.851946038430549,2.5028456449508667,wet,1
2024-07-01,7,NL225,Achterhoek,Forest Dieback & Vegetation Stress,0,0.7774736441035683,2.9508511424064636,wet,1
2024-08-01,8,NL225,Achterhoek,Forest Dieback & Vegetation Stress,0,0.7104048585010875,2.5167282819747925,wet,1
2024-09-01,9,NL225,Achterhoek,Forest Dieback & Vegetation Stress,0,0.6400191914317795,3.3198123574256897,wet,1
2024-10-01,10,NL225,Achterhoek,Forest Dieback & Vegetation Stress,0,0.48195859082873593,2.387208878993988,wet,1
2024-11-01,11,NL225,Achterhoek,Forest Dieback & Vegetation Stress,0,0.4686887493720727,1.9416667819023132,wet,1
2024-12-01,12,NL225,Achterhoek,Forest Dieback & Vegetation Stress,1,0.4057241884508418,1.5921784937381744,wet,1
2025-01-01,1,NL225,Achterhoek,Forest Dieback & Vegetation Stress,0,0.43046130247383896,1.7311365902423859,wet,1
2025-02-01,2,NL225,Achterhoek,Forest Dieback & Vegetation Stress,0,0.48812346125741635,1.0746888369321823,wet,1
2025-03-01,3,NL225,Achterhoek,Forest Dieback & Vegetation Stress,0,0.7512945513415584,0.6834009438753128,near_normal,1
2025-04-01,4,NL225,Achterhoek,Forest Dieback & Vegetation Stress,1,0.7181463712180957,0.09695965144783258,near_normal,1
2025-05-01,5,NL225,Achterhoek,Forest Dieback & Vegetation Stress,0,0.8192584387395767,-0.612250030040741,near_normal,1
2025-06-01,6,NL225,Achterhoek,Forest Dieback & Vegetation Stress,0,0.8228444698900758,-0.7061386853456497,near_normal,1
2025-07-01,7,NL225,Achterhoek,Forest Dieback & Vegetation Stress,0,0.7993878673942989,-0.8033000975847244,near_normal,1
2025-08-01,8,NL225,Achterhoek,Forest Dieback & Vegetation Stress,0,0.8896106379185036,-1.172307550907135,dry,1
2025-09-01,9,NL225,Achterhoek,Forest Dieback & Vegetation Stress,0,0.6394745506960358,-1.218297392129898,dry,1
2023-12-01,12,NL226,Arnhem/Nijmegen,Forest Dieback & Vegetation Stress,0,0.3181272608106356,2.0403103033701577,wet,1
2024-01-01,1,NL226,Arnhem/Nijmegen,Forest Dieback & Vegetation Stress,0,0.3784984548632527,1.8382607301076253,wet,1
2024-02-01,2,NL226,Arnhem/Nijmegen,Forest Dieback & Vegetation Stress,0,0.3907949514374633,2.3888396422068277,wet,1
2024-03-01,3,NL226,Arnhem/Nijmegen,Forest Dieback & Vegetation Stress,0,0.45076241668602934,1.8225633303324382,wet,1
2024-04-01,4,NL226,Arnhem/Nijmegen,Forest Dieback & Vegetation Stress,0,0.5696188808746482,2.003558794657389,wet,1
2024-05-01,5,NL226,Arnhem/Nijmegen,Forest Dieback & Vegetation Stress,0,0.7130307789165842,2.5283732414245605,wet,1
2024-06-01,6,NL226,Arnhem/Nijmegen,Forest Dieback & Vegetation Stress,1,0.8170246434973693,2.8170496622721353,wet,1
2024-07-01,7,NL226,Arnhem/Nijmegen,Forest Dieback & Vegetation Stress,0,0.739686559021212,3.480062961578369,wet,1
2024-08-01,8,NL226,Arnhem/Nijmegen,Forest Dieback & Vegetation Stress,0,0.6278401003655363,2.6924848556518555,wet,1
2024-09-01,9,NL226,Arnhem/Nijmegen,Forest Dieback & Vegetation Stress,0,0.5434995398859197,3.6542739868164062,wet,1
2024-10-01,10,NL226,Arnhem/Nijmegen,Forest Dieback & Vegetation Stress,0,0.39217051162663175,2.6188717683156333,wet,1
2024-11-01,11,NL226,Arnhem/Nijmegen,Forest Dieback & Vegetation Stress,0,0.3821864016316061,2.119877894719442,wet,1
2024-12-01,12,NL226,Arnhem/Nijmegen,Forest Dieback & Vegetation Stress,0,0.30862219092560766,1.8100270827611287,wet,1
2025-01-01,1,NL226,Arnhem/Nijmegen,Forest Dieback & Vegetation Stress,0,0.34154723731019665,1.9685104290644329,wet,1
2025-02-01,2,NL226,Arnhem/Nijmegen,Forest Dieback & Vegetation Stress,0,0.3801837072889257,1.3947044213612874,wet,1
2025-03-01,3,NL226,Arnhem/Nijmegen,Forest Dieback & Vegetation Stress,0,0.6746809039818136,0.9596504171689352,near_normal,1
2025-04-01,4,NL226,Arnhem/Nijmegen,Forest Dieback & Vegetation Stress,0,0.629105425595346,0.3398151993751526,near_normal,1
2025-05-01,5,NL226,Arnhem/Nijmegen,Forest Dieback & Vegetation Stress,0,0.728929337274733,-0.5684083700180054,near_normal,1
2025-06-01,6,NL226,Arnhem/Nijmegen,Forest Dieback & Vegetation Stress,0,0.7512868338287948,-0.671301543712616,near_normal,1
2025-07-01,7,NL226,Arnhem/Nijmegen,Forest Dieback & Vegetation Stress,1,0.7420182187159661,-0.846276581287384,near_normal,1
2025-08-01,8,NL226,Arnhem/Nijmegen,Forest Dieback & Vegetation Stress,0,0.7871262148111744,-1.2885345220565796,dry,1
2025-09-01,9,NL226,Arnhem/Nijmegen,Forest Dieback & Vegetation Stress,0,0.5322847627471685,-1.3259549935658772,dry,1
2023-12-01,12,NL230,Flevoland,Forest Dieback & Vegetation Stress,0,0.08574859419942948,1.8151381413141887,wet,1
2024-01-01,1,NL230,Flevoland,Forest Dieback & Vegetation Stress,0,0.09987849851422427,1.6810797452926636,wet,1
2024-02-01,2,NL230,Flevoland,Forest Dieback & Vegetation Stress,0,0.11256989214073267,2.042652944723765,wet,1
2024-03-01,3,NL230,Flevoland,Forest Dieback & Vegetation Stress,0,0.14052563478630054,1.7197583715120952,wet,1
2024-04-01,4,NL230,Flevoland,Forest Dieback & Vegetation Stress,0,0.20671204185161227,1.9411502679189045,wet,1
2024-05-01,5,NL230,Flevoland,Forest Dieback & Vegetation Stress,0,0.34997427535670195,2.439574877421061,wet,1
2024-06-01,6,NL230,Flevoland,Forest Dieback & Vegetation Stress,0,0.44537830218973756,2.9559825658798218,wet,1
2024-07-01,7,NL230,Flevoland,Forest Dieback & Vegetation Stress,0,0.3569831771087666,2.801535407702128,wet,1
2024-08-01,8,NL230,Flevoland,Forest Dieback & Vegetation Stress,0,0.2931454763273703,2.583793560663859,wet,1
2024-09-01,9,NL230,Flevoland,Forest Dieback & Vegetation Stress,0,0.19046470527011908,2.821715792020162,wet,1
2024-10-01,10,NL230,Flevoland,Forest Dieback & Vegetation Stress,0,0.12249509663462377,2.08377875884374,wet,1
2024-11-01,11,NL230,Flevoland,Forest Dieback & Vegetation Stress,0,0.11962965380556298,1.6295397281646729,wet,1
2024-12-01,12,NL230,Flevoland,Forest Dieback & Vegetation Stress,0,0.0879031446127302,1.3571658531824748,wet,1
2025-01-01,1,NL230,Flevoland,Forest Dieback & Vegetation Stress,0,0.10994480855090413,1.31018461783727,wet,1
2025-02-01,2,NL230,Flevoland,Forest Dieback & Vegetation Stress,0,0.1235635345980908,0.681924487153689,near_normal,1
2025-03-01,3,NL230,Flevoland,Forest Dieback & Vegetation Stress,0,0.3015631701258859,0.25594955605144304,near_normal,1
2025-04-01,4,NL230,Flevoland,Forest Dieback & Vegetation Stress,0,0.21898803306305725,-0.42615289986133575,near_normal,1
2025-05-01,5,NL230,Flevoland,Forest Dieback & Vegetation Stress,0,0.3283686782873551,-1.02263805270195,dry,1
2025-06-01,6,NL230,Flevoland,Forest Dieback & Vegetation Stress,0,0.3804898958593647,-1.1407394806543987,dry,1
2025-07-01,7,NL230,Flevoland,Forest Dieback & Vegetation Stress,0,0.35618001005805255,-1.2951755126317341,dry,1
2025-08-01,8,NL230,Flevoland,Forest Dieback & Vegetation Stress,0,0.4200241165098666,-1.5772170821825664,dry,1
2025-09-01,9,NL230,Flevoland,Forest Dieback & Vegetation Stress,0,0.1718594792571328,-1.6643696029980977,dry,1
2023-12-01,12,NL310,Utrecht,Forest Dieback & Vegetation Stress,0,0.33252803860156327,1.8131556908289592,wet,1
2024-01-01,1,NL310,Utrecht,Forest Dieback & Vegetation Stress,0,0.3663444545852209,1.6331657965977986,wet,1
2024-02-01,2,NL310,Utrecht,Forest Dieback & Vegetation Stress,0,0.36081879408942336,2.060304045677185,wet,1
2024-03-01,3,NL310,Utrecht,Forest Dieback & Vegetation Stress,0,0.4388521225521307,1.6860721111297607,wet,1
2024-04-01,4,NL310,Utrecht,Forest Dieback & Vegetation Stress,0,0.5691762006618218,1.934793512026469,wet,1
2024-05-01,5,NL310,Utrecht,Forest Dieback & Vegetation Stress,0,0.7087118200380719,2.4599483807881675,wet,1
2024-06-01,6,NL310,Utrecht,Forest Dieback & Vegetation Stress,0,0.8046343592715547,2.8643977642059326,wet,1
2024-07-01,7,NL310,Utrecht,Forest Dieback & Vegetation Stress,0,0.751132781671605,2.9952971935272217,wet,1
2024-08-01,8,NL310,Utrecht,Forest Dieback & Vegetation Stress,1,0.6945218968144239,2.573964277903239,wet,1
2024-09-01,9,NL310,Utrecht,Forest Dieback & Vegetation Stress,0,0.5356318914948077,2.949850559234619,wet,1
2024-10-01,10,NL310,Utrecht,Forest Dieback & Vegetation Stress,0,0.40437752017747536,2.2675256729125977,wet,1
2024-11-01,11,NL310,Utrecht,Forest Dieback & Vegetation Stress,0,0.39924662964184987,1.8243724505106609,wet,1
2024-12-01,12,NL310,Utrecht,Forest Dieback & Vegetation Stress,0,0.3104373527545346,1.599138617515564,wet,1
2025-01-01,1,NL310,Utrecht,Forest Dieback & Vegetation Stress,0,0.38590339035334276,1.6418602069218953,wet,1
2025-02-01,2,NL310,Utrecht,Forest Dieback & Vegetation Stress,0,0.4056388508325913,1.0959928433100383,wet,1
2025-03-01,3,NL310,Utrecht,Forest Dieback & Vegetation Stress,0,0.7365713108071115,0.6640455524126688,near_normal,1
2025-04-01,4,NL310,Utrecht,Forest Dieback & Vegetation Stress,1,0.594632398988032,-0.07301297783851624,near_normal,1
2025-05-01,5,NL310,Utrecht,Forest Dieback & Vegetation Stress,0,0.7144088845521969,-0.8883529901504517,near_normal,1
2025-06-01,6,NL310,Utrecht,Forest Dieback & Vegetation Stress,1,0.7375958858815176,-1.0327074925104778,dry,1
2025-07-01,7,NL310,Utrecht,Forest Dieback & Vegetation Stress,0,0.7246987947896095,-1.170036753018697,dry,1
2025-08-01,8,NL310,Utrecht,Forest Dieback & Vegetation Stress,0,0.7624376390171492,-1.5849626461664836,dry,1
2025-09-01,9,NL310,Utrecht,Forest Dieback & Vegetation Stress,0,0.4743694964859258,-1.695322314898173,dry,1
2023-12-01,12,NL321,Kop van Noord-Holland,Forest Dieback & Vegetation Stress,0,0.08774016307241853,1.812544584274292,wet,1
2024-01-01,1,NL321,Kop van Noord-Holland,Forest Dieback & Vegetation Stress,0,0.11988696841730179,1.6329838037490845,wet,1
2024-02-01,2,NL321,Kop van Noord-Holland,Forest Dieback & Vegetation Stress,0,0.12185462894728656,1.9536860883235931,wet,1
2024-03-01,3,NL321,Kop van Noord-Holland,Forest Dieback & Vegetation Stress,0,0.18778691693359548,1.7587225437164307,wet,1
2024-04-01,4,NL321,Kop van Noord-Holland,Forest Dieback & Vegetation Stress,0,0.23448256077123222,2.091783583164215,wet,1
2024-05-01,5,NL321,Kop van Noord-Holland,Forest Dieback & Vegetation Stress,1,0.41134549494167544,2.2810864448547363,wet,1
2024-06-01,6,NL321,Kop van Noord-Holland,Forest Dieback & Vegetation Stress,0,0.5091001858636023,2.7499186396598816,wet,1
2024-07-01,7,NL321,Kop van Noord-Holland,Forest Dieback & Vegetation Stress,0,0.38437959993547494,2.32273006439209,wet,1
2024-08-01,8,NL321,Kop van Noord-Holland,Forest Dieback & Vegetation Stress,0,0.36679320188884507,2.314435124397278,wet,1
2024-09-01,9,NL321,Kop van Noord-Holland,Forest Dieback & Vegetation Stress,0,0.20579169603816336,2.3948420882225037,wet,1
2024-10-01,10,NL321,Kop van Noord-Holland,Forest Dieback & Vegetation Stress,0,0.14267001961923978,1.7925672829151154,wet,1
2024-11-01,11,NL321,Kop van Noord-Holland,Forest Dieback & Vegetation Stress,0,0.12697909879565533,1.154409036040306,wet,1
2024-12-01,12,NL321,Kop van Noord-Holland,Forest Dieback & Vegetation Stress,0,0.09755306562406622,0.8799158334732056,near_normal,1
2025-01-01,1,NL321,Kop van Noord-Holland,Forest Dieback & Vegetation Stress,0,0.13214651682496006,0.7503800988197327,near_normal,1
2025-02-01,2,NL321,Kop van Noord-Holland,Forest Dieback & Vegetation Stress,0,0.14950959543529596,0.1837369699496776,near_normal,1
2025-03-01,3,NL321,Kop van Noord-Holland,Forest Dieback & Vegetation Stress,0,0.27653467132182974,-0.19919294212013483,near_normal,1
2025-04-01,4,NL321,Kop van Noord-Holland,Forest Dieback & Vegetation Stress,0,0.25567536372334076,-0.8529584109783173,near_normal,1
2025-05-01,5,NL321,Kop van Noord-Holland,Forest Dieback & Vegetation Stress,0,0.3677050367393845,-1.0707411617040634,dry,1
2025-06-01,6,NL321,Kop van Noord-Holland,Forest Dieback & Vegetation Stress,0,0.361981204410837,-1.2265169620513916,dry,1
2025-07-01,7,NL321,Kop van Noord-Holland,Forest Dieback & Vegetation Stress,1,0.3834345642697034,-1.3985914885997772,dry,1
2025-08-01,8,NL321,Kop van Noord-Holland,Forest Dieback & Vegetation Stress,0,0.4229706007676906,-1.6699672937393188,dry,1
2025-09-01,9,NL321,Kop van Noord-Holland,Forest Dieback & Vegetation Stress,1,0.1853366203233567,-1.6399725377559662,dry,1
2023-12-01,12,NL323,IJmond,Forest Dieback & Vegetation Stress,0,0.04117048412561046,1.9724016189575195,wet,1
2024-01-01,1,NL323,IJmond,Forest Dieback & Vegetation Stress,0,0.06722517791350827,1.7469192743301392,wet,1
2024-02-01,2,NL323,IJmond,Forest Dieback & Vegetation Stress,0,0.06078857199250953,1.9654667377471924,wet,1
2024-03-01,3,NL323,IJmond,Forest Dieback & Vegetation Stress,0,0.08831723249033101,1.801576018333435,wet,1
2024-04-01,4,NL323,IJmond,Forest Dieback & Vegetation Stress,0,0.13377323149819814,2.1092770099639893,wet,1
2024-05-01,5,NL323,IJmond,Forest Dieback & Vegetation Stress,0,0.2413678046615724,2.3961286544799805,wet,1
2024-06-01,6,NL323,IJmond,Forest Dieback & Vegetation Stress,0,0.322560122964537,2.795001268386841,wet,1
2024-07-01,7,NL323,IJmond,Forest Dieback & Vegetation Stress,0,0.23577525361921853,2.374518632888794,wet,1
2024-08-01,8,NL323,IJmond,Forest Dieback & Vegetation Stress,0,0.18598382415475853,2.4498143196105957,wet,1
2024-09-01,9,NL323,IJmond,Forest Dieback & Vegetation Stress,0,0.10936865117323298,2.5644779205322266,wet,1
2024-10-01,10,NL323,IJmond,Forest Dieback & Vegetation Stress,0,0.08379535202464847,2.1055748462677,wet,1
2024-11-01,11,NL323,IJmond,Forest Dieback & Vegetation Stress,0,0.06537700135922807,1.2876315116882324,wet,1
2024-12-01,12,NL323,IJmond,Forest Dieback & Vegetation Stress,0,0.05057193557666099,1.054290771484375,wet,1
2025-01-01,1,NL323,IJmond,Forest Dieback & Vegetation Stress,0,0.06949678478917419,0.9302926659584045,near_normal,1
2025-02-01,2,NL323,IJmond,Forest Dieback & Vegetation Stress,0,0.07691567045081757,0.3864094913005829,near_normal,1
2025-03-01,3,NL323,IJmond,Forest Dieback & Vegetation Stress,0,0.24138531098186972,-0.0300010796636343,near_normal,1
2025-04-01,4,NL323,IJmond,Forest Dieback & Vegetation Stress,0,0.13549877672295063,-0.679432213306427,near_normal,1
2025-05-01,5,NL323,IJmond,Forest Dieback & Vegetation Stress,0,0.21103498432901005,-1.0121432542800903,dry,1
2025-06-01,6,NL323,IJmond,Forest Dieback & Vegetation Stress,0,0.23604577305483296,-1.1519043445587158,dry,1
2025-07-01,7,NL323,IJmond,Forest Dieback & Vegetation Stress,0,0.2278179887908945,-1.336739182472229,dry,1
2025-08-01,8,NL323,IJmond,Forest Dieback & Vegetation Stress,0,0.2746213700605814,-1.6172122955322266,dry,1
2025-09-01,9,NL323,IJmond,Forest Dieback & Vegetation Stress,0,0.09307276532052945,-1.5776567459106445,dry,1
2023-12-01,12,NL324,Agglomeratie Haarlem,Forest Dieback & Vegetation Stress,0,0.047723662991822055,1.8669588565826416,wet,1
2024-01-01,1,NL324,Agglomeratie Haarlem,Forest Dieback & Vegetation Stress,0,0.07019746029019505,1.647356390953064,wet,1
2024-02-01,2,NL324,Agglomeratie Haarlem,Forest Dieback & Vegetation Stress,0,0.06770626051636738,1.945382833480835,wet,1
2024-03-01,3,NL324,Agglomeratie Haarlem,Forest Dieback & Vegetation Stress,0,0.10611173020844346,1.7071410417556763,wet,1
2024-04-01,4,NL324,Agglomeratie Haarlem,Forest Dieback & Vegetation Stress,0,0.14125232807236424,1.988879919052124,wet,1
2024-05-01,5,NL324,Agglomeratie Haarlem,Forest Dieback & Vegetation Stress,0,0.2430973557079123,2.4034242630004883,wet,1
2024-06-01,6,NL324,Agglomeratie Haarlem,Forest Dieback & Vegetation Stress,0,0.3317333258127806,2.8238632678985596,wet,1
2024-07-01,7,NL324,Agglomeratie Haarlem,Forest Dieback & Vegetation Stress,0,0.2654501032499978,2.4710593223571777,wet,1
2024-08-01,8,NL324,Agglomeratie Haarlem,Forest Dieback & Vegetation Stress,1,0.20562435777921165,2.520214796066284,wet,1
2024-09-01,9,NL324,Agglomeratie Haarlem,Forest Dieback & Vegetation Stress,0,0.12035055044072851,2.598809242248535,wet,1
2024-10-01,10,NL324,Agglomeratie Haarlem,Forest Dieback & Vegetation Stress,0,0.08263221235181581,2.1641006469726562,wet,1
2024-11-01,11,NL324,Agglomeratie Haarlem,Forest Dieback & Vegetation Stress,0,0.07130100470704272,1.519848108291626,wet,1
2024-12-01,12,NL324,Agglomeratie Haarlem,Forest Dieback & Vegetation Stress,0,0.054750312377160014,1.3313369750976562,wet,1
2025-01-01,1,NL324,Agglomeratie Haarlem,Forest Dieback & Vegetation Stress,0,0.07525878182731233,1.2478913068771362,wet,1
2025-02-01,2,NL324,Agglomeratie Haarlem,Forest Dieback & Vegetation Stress,0,0.0837162296988754,0.668552577495575,near_normal,1
2025-03-01,3,NL324,Agglomeratie Haarlem,Forest Dieback & Vegetation Stress,0,0.2594861886234723,0.24341583251953125,near_normal,1
2025-04-01,4,NL324,Agglomeratie Haarlem,Forest Dieback & Vegetation Stress,0,0.1483400019810251,-0.45443814992904663,near_normal,1
2025-05-01,5,NL324,Agglomeratie Haarlem,Forest Dieback & Vegetation Stress,0,0.2278972004241343,-0.9552810192108154,near_normal,1
2025-06-01,6,NL324,Agglomeratie Haarlem,Forest Dieback & Vegetation Stress,0,0.27049349503162873,-1.0814781188964844,dry,1
2025-07-01,7,NL324,Agglomeratie Haarlem,Forest Dieback & Vegetation Stress,0,0.24482329730101055,-1.2436511516571045,dry,1
2025-08-01,8,NL324,Agglomeratie Haarlem,Forest Dieback & Vegetation Stress,0,0.2738975462441259,-1.534304141998291,dry,1
2025-09-01,9,NL324,Agglomeratie Haarlem,Forest Dieback & Vegetation Stress,0,0.09347971591182952,-1.641973853111267,dry,1
2023-12-01,12,NL325,Zaanstreek,Forest Dieback & Vegetation Stress,0,0.032155943807409035,1.7692939043045044,wet,1
2024-01-01,1,NL325,Zaanstreek,Forest Dieback & Vegetation Stress,0,0.04432032808872497,1.6169030666351318,wet,1
2024-02-01,2,NL325,Zaanstreek,Forest Dieback & Vegetation Stress,0,0.04065369454401587,1.957419753074646,wet,1
2024-03-01,3,NL325,Zaanstreek,Forest Dieback & Vegetation Stress,0,0.056769104807526116,1.6453285217285156,wet,1
2024-04-01,4,NL325,Zaanstreek,Forest Dieback & Vegetation Stress,0,0.09230094259864578,1.9042351245880127,wet,1
2024-05-01,5,NL325,Zaanstreek,Forest Dieback & Vegetation Stress,0,0.15914127921920407,2.3876869678497314,wet,1
2024-06-01,6,NL325,Zaanstreek,Forest Dieback & Vegetation Stress,0,0.2509552253680864,2.875868558883667,wet,1
2024-07-01,7,NL325,Zaanstreek,Forest Dieback & Vegetation Stress,0,0.18723550975766198,2.6098756790161133,wet,1
2024-08-01,8,NL325,Zaanstreek,Forest Dieback & Vegetation Stress,0,0.1452831101096182,2.4586730003356934,wet,1
2024-09-01,9,NL325,Zaanstreek,Forest Dieback & Vegetation Stress,0,0.0704086447185833,2.6439425945281982,wet,1
2024-10-01,10,NL325,Zaanstreek,Forest Dieback & Vegetation Stress,0,0.045974722121047105,2.0523898601531982,wet,1
2024-11-01,11,NL325,Zaanstreek,Forest Dieback & Vegetation Stress,0,0.046271675556181856,1.5562342405319214,wet,1
2024-12-01,12,NL325,Zaanstreek,Forest Dieback & Vegetation Stress,0,0.03440675190190108,1.3256824016571045,wet,1
2025-01-01,1,NL325,Zaanstreek,Forest Dieback & Vegetation Stress,0,0.04829336332410082,1.2905166149139404,wet,1
2025-02-01,2,NL325,Zaanstreek,Forest Dieback & Vegetation Stress,0,0.050481564105483094,0.7351674437522888,near_normal,1
2025-03-01,3,NL325,Zaanstreek,Forest Dieback & Vegetation Stress,0,0.1674204681602911,0.2895616590976715,near_normal,1
2025-04-01,4,NL325,Zaanstreek,Forest Dieback & Vegetation Stress,0,0.08888071108332236,-0.44397521018981934,near_normal,1
2025-05-01,5,NL325,Zaanstreek,Forest Dieback & Vegetation Stress,0,0.15853012483979168,-1.0350122451782227,dry,1
2025-06-01,6,NL325,Zaanstreek,Forest Dieback & Vegetation Stress,0,0.1562578695491388,-1.1691848039627075,dry,1
2025-07-01,7,NL325,Zaanstreek,Forest Dieback & Vegetation Stress,0,0.17106378534079675,-1.3288004398345947,dry,1
2025-08-01,8,NL325,Zaanstreek,Forest Dieback & Vegetation Stress,0,0.17684328856448106,-1.6849058866500854,dry,1
2025-09-01,9,NL325,Zaanstreek,Forest Dieback & Vegetation Stress,0,0.07156035714956492,-1.740875005722046,dry,1
2023-12-01,12,NL327,Het Gooi en Vechtstreek,Forest Dieback & Vegetation Stress,0,0.13083377953437036,1.7685881853103638,wet,1
2024-01-01,1,NL327,Het Gooi en Vechtstreek,Forest Dieback & Vegetation Stress,0,0.15806084580204902,1.636123776435852,wet,1
2024-03-01,3,NL327,Het Gooi en Vechtstreek,Forest Dieback & Vegetation Stress,0,0.19530068124859315,1.6505409479141235,wet,1
2024-04-01,4,NL327,Het Gooi en Vechtstreek,Forest Dieback & Vegetation Stress,0,0.30361993346439153,1.8591419458389282,wet,1
2024-05-01,5,NL327,Het Gooi en Vechtstreek,Forest Dieback & Vegetation Stress,0,0.44863435383124534,2.378713369369507,wet,1
2024-06-01,6,NL327,Het Gooi en Vechtstreek,Forest Dieback & Vegetation Stress,0,0.5573068877862706,2.898977279663086,wet,1
2024-07-01,7,NL327,Het Gooi en Vechtstreek,Forest Dieback & Vegetation Stress,0,0.49703683777835017,2.7814443111419678,wet,1
2024-08-01,8,NL327,Het Gooi en Vechtstreek,Forest Dieback & Vegetation Stress,0,0.43950291732376,2.4918413162231445,wet,1
2024-09-01,9,NL327,Het Gooi en Vechtstreek,Forest Dieback & Vegetation Stress,0,0.27280981812007005,2.7578084468841553,wet,1
2024-10-01,10,NL327,Het Gooi en Vechtstreek,Forest Dieback & Vegetation Stress,0,0.18002590076571176,2.0412652492523193,wet,1
2024-11-01,11,NL327,Het Gooi en Vechtstreek,Forest Dieback & Vegetation Stress,0,0.18079930672622582,1.6262489557266235,wet,1
2024-12-01,12,NL327,Het Gooi en Vechtstreek,Forest Dieback & Vegetation Stress,0,0.13180215106000967,1.3761451244354248,wet,1
2025-01-01,1,NL327,Het Gooi en Vechtstreek,Forest Dieback & Vegetation Stress,0,0.1770177235236807,1.3592329025268555,wet,1
2025-02-01,2,NL327,Het Gooi en Vechtstreek,Forest Dieback & Vegetation Stress,0,0.19008468962588831,0.8063275814056396,near_normal,1
2025-03-01,3,NL327,Het Gooi en Vechtstreek,Forest Dieback & Vegetation Stress,0,0.3726527123575099,0.35810184478759766,near_normal,1
2025-04-01,4,NL327,Het Gooi en Vechtstreek,Forest Dieback & Vegetation Stress,0,0.3113309301870983,-0.35341763496398926,near_normal,1
2025-05-01,5,NL327,Het Gooi en Vechtstreek,Forest Dieback & Vegetation Stress,0,0.47070380184491967,-1.0387662649154663,dry,1
2025-06-01,6,NL327,Het Gooi en Vechtstreek,Forest Dieback & Vegetation Stress,0,0.47661674529756276,-1.1725388765335083,dry,1
2025-07-01,7,NL327,Het Gooi en Vechtstreek,Forest Dieback & Vegetation Stress,0,0.4696676041046195,-1.3508493900299072,dry,1
2025-08-01,8,NL327,Het Gooi en Vechtstreek,Forest Dieback & Vegetation Stress,0,0.5155671897795143,-1.7118911743164062,dry,1
2025-09-01,9,NL327,Het Gooi en Vechtstreek,Forest Dieback & Vegetation Stress,0,0.24344431341516615,-1.7690833806991577,dry,1
2023-12-01,12,NL328,Alkmaar en omgeving,Forest Dieback & Vegetation Stress,0,0.07916112474228819,1.902960181236267,wet,1
2024-01-01,1,NL328,Alkmaar en omgeving,Forest Dieback & Vegetation Stress,0,0.11553861852894638,1.7100821137428284,wet,1
2024-02-01,2,NL328,Alkmaar en omgeving,Forest Dieback & Vegetation Stress,0,0.11505586108082448,1.9593284130096436,wet,1
2024-03-01,3,NL328,Alkmaar en omgeving,Forest Dieback & Vegetation Stress,0,0.15261833033909192,1.739656686782837,wet,1
2024-04-01,4,NL328,Alkmaar en omgeving,Forest Dieback & Vegetation Stress,0,0.2217145600805374,2.0186948776245117,wet,1
2024-05-01,5,NL328,Alkmaar en omgeving,Forest Dieback & Vegetation Stress,0,0.3719823191297977,2.3344630002975464,wet,1
2024-06-01,6,NL328,Alkmaar en omgeving,Forest Dieback & Vegetation Stress,0,0.48309393263210376,2.804568648338318,wet,1
2024-07-01,7,NL328,Alkmaar en omgeving,Forest Dieback & Vegetation Stress,0,0.38798836172595574,2.428522229194641,wet,1
2024-08-01,8,NL328,Alkmaar en omgeving,Forest Dieback & Vegetation Stress,0,0.3157739024447749,2.425881505012512,wet,1
2024-09-01,9,NL328,Alkmaar en omgeving,Forest Dieback & Vegetation Stress,0,0.1862559634457231,2.5760817527770996,wet,1
2024-10-01,10,NL328,Alkmaar en omgeving,Forest Dieback & Vegetation Stress,0,0.13049598390768097,2.0169880390167236,wet,1
2024-11-01,11,NL328,Alkmaar en omgeving,Forest Dieback & Vegetation Stress,0,0.11768534397029741,1.3094255328178406,wet,1
2024-12-01,12,NL328,Alkmaar en omgeving,Forest Dieback & Vegetation Stress,0,0.0915653216880057,1.0511134266853333,wet,1
2025-01-01,1,NL328,Alkmaar en omgeving,Forest Dieback & Vegetation Stress,0,0.12127729109941275,0.9406598210334778,near_normal,1
2025-02-01,2,NL328,Alkmaar en omgeving,Forest Dieback & Vegetation Stress,0,0.1359720837165236,0.40348732471466064,near_normal,1
2025-03-01,3,NL328,Alkmaar en omgeving,Forest Dieback & Vegetation Stress,0,0.283455565999575,-0.023991535417735577,near_normal,1
2025-04-01,4,NL328,Alkmaar en omgeving,Forest Dieback & Vegetation Stress,0,0.22791788759388604,-0.6851816177368164,near_normal,1
2025-05-01,5,NL328,Alkmaar en omgeving,Forest Dieback & Vegetation Stress,0,0.32865485746761414,-1.0560193061828613,dry,1
2025-06-01,6,NL328,Alkmaar en omgeving,Forest Dieback & Vegetation Stress,0,0.3207137988685774,-1.200132429599762,dry,1
2025-07-01,7,NL328,Alkmaar en omgeving,Forest Dieback & Vegetation Stress,0,0.3591462205176723,-1.380033254623413,dry,1
2025-08-01,8,NL328,Alkmaar en omgeving,Forest Dieback & Vegetation Stress,0,0.40600806142842216,-1.6897867918014526,dry,1
2025-09-01,9,NL328,Alkmaar en omgeving,Forest Dieback & Vegetation Stress,0,0.176036480603088,-1.6552176475524902,dry,1
2023-12-01,12,NL329,Groot-Amsterdam,Forest Dieback & Vegetation Stress,0,0.13309037848330033,1.7692939043045044,wet,1
2024-01-01,1,NL329,Groot-Amsterdam,Forest Dieback & Vegetation Stress,1,0.1689275472133199,1.6169030666351318,wet,1
2024-02-01,2,NL329,Groot-Amsterdam,Forest Dieback & Vegetation Stress,0,0.1708353290422383,1.957419753074646,wet,1
2024-03-01,3,NL329,Groot-Amsterdam,Forest Dieback & Vegetation Stress,0,0.2255857738439608,1.6453285217285156,wet,1
2024-04-01,4,NL329,Groot-Amsterdam,Forest Dieback & Vegetation Stress,0,0.31751677579528514,1.9042351245880127,wet,1
2024-05-01,5,NL329,Groot-Amsterdam,Forest Dieback & Vegetation Stress,0,0.4686040980182978,2.3876869678497314,wet,1
2024-06-01,6,NL329,Groot-Amsterdam,Forest Dieback & Vegetation Stress,0,0.6040485149546324,2.875868558883667,wet,1
2024-07-01,7,NL329,Groot-Amsterdam,Forest Dieback & Vegetation Stress,0,0.5134102171201685,2.6098756790161133,wet,1
2024-08-01,8,NL329,Groot-Amsterdam,Forest Dieback & Vegetation Stress,0,0.46209296745203776,2.4586730003356934,wet,1
2024-09-01,9,NL329,Groot-Amsterdam,Forest Dieback & Vegetation Stress,0,0.28206622449598157,2.6439425945281982,wet,1
2024-10-01,10,NL329,Groot-Amsterdam,Forest Dieback & Vegetation Stress,0,0.18843872038340462,2.0523898601531982,wet,1
2024-11-01,11,NL329,Groot-Amsterdam,Forest Dieback & Vegetation Stress,0,0.18225597249928865,1.5562342405319214,wet,1
2024-12-01,12,NL329,Groot-Amsterdam,Forest Dieback & Vegetation Stress,0,0.1401076141512438,1.3256824016571045,wet,1
2025-01-01,1,NL329,Groot-Amsterdam,Forest Dieback & Vegetation Stress,0,0.18507554261579565,1.2905166149139404,wet,1
2025-02-01,2,NL329,Groot-Amsterdam,Forest Dieback & Vegetation Stress,1,0.20101644558182466,0.7351674437522888,near_normal,1
2025-03-01,3,NL329,Groot-Amsterdam,Forest Dieback & Vegetation Stress,0,0.4528705089901962,0.2895616590976715,near_normal,1
2025-04-01,4,NL329,Groot-Amsterdam,Forest Dieback & Vegetation Stress,0,0.3166158402063822,-0.44397521018981934,near_normal,1
2025-05-01,5,NL329,Groot-Amsterdam,Forest Dieback & Vegetation Stress,0,0.46203717983989634,-1.0350122451782227,dry,1
2025-06-01,6,NL329,Groot-Amsterdam,Forest Dieback & Vegetation Stress,1,0.48063875305526477,-1.1691848039627075,dry,1
2025-07-01,7,NL329,Groot-Amsterdam,Forest Dieback & Vegetation Stress,0,0.4744410238010476,-1.3288004398345947,dry,1
2025-08-01,8,NL329,Groot-Amsterdam,Forest Dieback & Vegetation Stress,0,0.528469300882812,-1.6849058866500854,dry,1
2025-09-01,9,NL329,Groot-Amsterdam,Forest Dieback & Vegetation Stress,0,0.24248816774187254,-1.740875005722046,dry,1
2023-12-01,12,NL332,Agglomeratie ’s-Gravenhage,Forest Dieback & Vegetation Stress,0,0.061622229051525645,1.7348324060440063,wet,1
2024-01-01,1,NL332,Agglomeratie ’s-Gravenhage,Forest Dieback & Vegetation Stress,0,0.08434718959117508,1.5479464530944824,wet,1
2024-02-01,2,NL332,Agglomeratie ’s-Gravenhage,Forest Dieback & Vegetation Stress,0,0.08212000219010343,1.9152671098709106,wet,1
2024-03-01,3,NL332,Agglomeratie ’s-Gravenhage,Forest Dieback & Vegetation Stress,0,0.13036079593674096,1.6138807535171509,wet,1
2024-04-01,4,NL332,Agglomeratie ’s-Gravenhage,Forest Dieback & Vegetation Stress,0,0.17087916729492622,1.7927536964416504,wet,1
2024-05-01,5,NL332,Agglomeratie ’s-Gravenhage,Forest Dieback & Vegetation Stress,0,0.2738511306543433,2.222562551498413,wet,1
2024-06-01,6,NL332,Agglomeratie ’s-Gravenhage,Forest Dieback & Vegetation Stress,0,0.37050728535189414,2.651139974594116,wet,1
2024-07-01,7,NL332,Agglomeratie ’s-Gravenhage,Forest Dieback & Vegetation Stress,0,0.29844520358960597,2.602553367614746,wet,1
2024-08-01,8,NL332,Agglomeratie ’s-Gravenhage,Forest Dieback & Vegetation Stress,0,0.272328790555502,2.614240884780884,wet,1
2024-09-01,9,NL332,Agglomeratie ’s-Gravenhage,Forest Dieback & Vegetation Stress,0,0.15617746305937302,2.760681390762329,wet,1
2024-10-01,10,NL332,Agglomeratie ’s-Gravenhage,Forest Dieback & Vegetation Stress,0,0.09436487386450343,2.217620849609375,wet,1
2024-11-01,11,NL332,Agglomeratie ’s-Gravenhage,Forest Dieback & Vegetation Stress,0,0.0840919194559643,1.6578664779663086,wet,1
2024-12-01,12,NL332,Agglomeratie ’s-Gravenhage,Forest Dieback & Vegetation Stress,0,0.06270157222598771,1.5298305749893188,wet,1
2025-01-01,1,NL332,Agglomeratie ’s-Gravenhage,Forest Dieback & Vegetation Stress,0,0.07850342200192566,1.4456462860107422,wet,1
2025-02-01,2,NL332,Agglomeratie ’s-Gravenhage,Forest Dieback & Vegetation Stress,0,0.09444000110220521,0.8826550841331482,near_normal,1
2025-03-01,3,NL332,Agglomeratie ’s-Gravenhage,Forest Dieback & Vegetation Stress,0,0.1688884555942585,0.4521176517009735,near_normal,1
2025-04-01,4,NL332,Agglomeratie ’s-Gravenhage,Forest Dieback & Vegetation Stress,1,0.17069492156697147,-0.2299506515264511,near_normal,1
2025-05-01,5,NL332,Agglomeratie ’s-Gravenhage,Forest Dieback & Vegetation Stress,0,0.2605780473181747,-0.8712313175201416,near_normal,1
2025-06-01,6,NL332,Agglomeratie ’s-Gravenhage,Forest Dieback & Vegetation Stress,0,0.2978119726841572,-1.0435134172439575,dry,1
2025-07-01,7,NL332,Agglomeratie ’s-Gravenhage,Forest Dieback & Vegetation Stress,0,0.26871827400489795,-1.2248507738113403,dry,1
2025-08-01,8,NL332,Agglomeratie ’s-Gravenhage,Forest Dieback & Vegetation Stress,0,0.29716896877461,-1.4840713739395142,dry,1
2025-09-01,9,NL332,Agglomeratie ’s-Gravenhage,Forest Dieback & Vegetation Stress,0,0.10043951454105605,-1.723048210144043,dry,1
2023-12-01,12,NL333,Delft en Westland,Forest Dieback & Vegetation Stress,0,0.09330981207829901,1.6360796689987183,wet,1
2024-01-01,1,NL333,Delft en Westland,Forest Dieback & Vegetation Stress,0,0.10056569874000065,1.4589471817016602,wet,1
2024-02-01,2,NL333,Delft en Westland,Forest Dieback & Vegetation Stress,0,0.10814484712765524,1.889495611190796,wet,1
2024-03-01,3,NL333,Delft en Westland,Forest Dieback & Vegetation Stress,0,0.13224926438744686,1.5272536277770996,wet,1
2024-04-01,4,NL333,Delft en Westland,Forest Dieback & Vegetation Stress,0,0.21671226966016408,1.6712430715560913,wet,1
2024-05-01,5,NL333,Delft en Westland,Forest Dieback & Vegetation Stress,0,0.32056996290952267,2.103944778442383,wet,1
2024-06-01,6,NL333,Delft en Westland,Forest Dieback & Vegetation Stress,0,0.4338187416456616,2.5638675689697266,wet,1
2024-07-01,7,NL333,Delft en Westland,Forest Dieback & Vegetation Stress,0,0.3567744484740152,2.8959829807281494,wet,1
2024-08-01,8,NL333,Delft en Westland,Forest Dieback & Vegetation Stress,0,0.316864077646695,2.653705358505249,wet,1
2024-09-01,9,NL333,Delft en Westland,Forest Dieback & Vegetation Stress,0,0.1866883258874035,2.9503586292266846,wet,1
2024-10-01,10,NL333,Delft en Westland,Forest Dieback & Vegetation Stress,1,0.11495838947548154,2.2567052841186523,wet,1
2024-11-01,11,NL333,Delft en Westland,Forest Dieback & Vegetation Stress,0,0.11740182372088562,1.799555778503418,wet,1
2024-12-01,12,NL333,Delft en Westland,Forest Dieback & Vegetation Stress,0,0.08125596745120965,1.66428804397583,wet,1
2025-01-01,1,NL333,Delft en Westland,Forest Dieback & Vegetation Stress,0,0.10228356658171069,1.640883445739746,wet,1
2025-02-01,2,NL333,Delft en Westland,Forest Dieback & Vegetation Stress,0,0.11100555484862425,1.163700819015503,wet,1
2025-03-01,3,NL333,Delft en Westland,Forest Dieback & Vegetation Stress,0,0.25507886592076356,0.7183709144592285,near_normal,1
2025-04-01,4,NL333,Delft en Westland,Forest Dieback & Vegetation Stress,0,0.23395369582458653,0.003728199517354369,near_normal,1
2025-05-01,5,NL333,Delft en Westland,Forest Dieback & Vegetation Stress,0,0.3343454851743004,-0.8432844877243042,near_normal,1
2025-06-01,6,NL333,Delft en Westland,Forest Dieback & Vegetation Stress,0,0.3172543771107712,-1.0905721187591553,dry,1
2025-07-01,7,NL333,Delft en Westland,Forest Dieback & Vegetation Stress,0,0.3247507979292108,-1.26656973361969,dry,1
2025-08-01,8,NL333,Delft en Westland,Forest Dieback & Vegetation Stress,0,0.40934756128307975,-1.6068077087402344,dry,1
2025-09-01,9,NL333,Delft en Westland,Forest Dieback & Vegetation Stress,0,0.14978523337694272,-1.8662478923797607,dry,1
2023-12-01,12,NL337,Agglomeratie Leiden en Bollenstreek,Forest Dieback & Vegetation Stress,0,0.13095590890773304,1.7106456756591797,wet,1
2024-01-01,1,NL337,Agglomeratie Leiden en Bollenstreek,Forest Dieback & Vegetation Stress,0,0.16416184558515665,1.5254942178726196,wet,1
2024-02-01,2,NL337,Agglomeratie Leiden en Bollenstreek,Forest Dieback & Vegetation Stress,0,0.16123627748308123,1.930662751197815,wet,1
2024-03-01,3,NL337,Agglomeratie Leiden en Bollenstreek,Forest Dieback & Vegetation Stress,0,0.23150050056773525,1.600808024406433,wet,1
2024-04-01,4,NL337,Agglomeratie Leiden en Bollenstreek,Forest Dieback & Vegetation Stress,0,0.30140372013803757,1.8393596410751343,wet,1
2024-05-01,5,NL337,Agglomeratie Leiden en Bollenstreek,Forest Dieback & Vegetation Stress,0,0.44015709586537877,2.308445453643799,wet,1
2024-06-01,6,NL337,Agglomeratie Leiden en Bollenstreek,Forest Dieback & Vegetation Stress,0,0.5741683926595137,2.742405891418457,wet,1
2024-07-01,7,NL337,Agglomeratie Leiden en Bollenstreek,Forest Dieback & Vegetation Stress,0,0.48160882224199913,2.7151103019714355,wet,1
2024-08-01,8,NL337,Agglomeratie Leiden en Bollenstreek,Forest Dieback & Vegetation Stress,0,0.4674204057518032,2.554049253463745,wet,1
2024-09-01,9,NL337,Agglomeratie Leiden en Bollenstreek,Forest Dieback & Vegetation Stress,0,0.27270516152920954,2.7597999572753906,wet,1
2024-10-01,10,NL337,Agglomeratie Leiden en Bollenstreek,Forest Dieback & Vegetation Stress,0,0.18471321470520874,2.198561906814575,wet,1
2024-11-01,11,NL337,Agglomeratie Leiden en Bollenstreek,Forest Dieback & Vegetation Stress,0,0.16972982168405212,1.7335660457611084,wet,1
2024-12-01,12,NL337,Agglomeratie Leiden en Bollenstreek,Forest Dieback & Vegetation Stress,0,0.12442561638355697,1.5648200511932373,wet,1
2025-01-01,1,NL337,Agglomeratie Leiden en Bollenstreek,Forest Dieback & Vegetation Stress,0,0.1633514768798881,1.5522692203521729,wet,1
2025-02-01,2,NL337,Agglomeratie Leiden en Bollenstreek,Forest Dieback & Vegetation Stress,0,0.17693836265826776,1.016635775566101,wet,1
2025-03-01,3,NL337,Agglomeratie Leiden en Bollenstreek,Forest Dieback & Vegetation Stress,0,0.3015762756658213,0.5903820991516113,near_normal,1
2025-04-01,4,NL337,Agglomeratie Leiden en Bollenstreek,Forest Dieback & Vegetation Stress,0,0.3025619306838458,-0.16400562226772308,near_normal,1
2025-05-01,5,NL337,Agglomeratie Leiden en Bollenstreek,Forest Dieback & Vegetation Stress,0,0.432243853225197,-0.8812072277069092,near_normal,1
2025-06-01,6,NL337,Agglomeratie Leiden en Bollenstreek,Forest Dieback & Vegetation Stress,0,0.47687160565194475,-1.0348807573318481,dry,1
2025-07-01,7,NL337,Agglomeratie Leiden en Bollenstreek,Forest Dieback & Vegetation Stress,0,0.43997541021883774,-1.1747100353240967,dry,1
2025-08-01,8,NL337,Agglomeratie Leiden en Bollenstreek,Forest Dieback & Vegetation Stress,1,0.4879315252725529,-1.5170913934707642,dry,1
2025-09-01,9,NL337,Agglomeratie Leiden en Bollenstreek,Forest Dieback & Vegetation Stress,0,0.19565235650960652,-1.738526463508606,dry,1
2023-12-01,12,NL33A,Zuidoost-Zuid-Holland,Forest Dieback & Vegetation Stress,0,0.126074805085637,1.735690951347351,wet,1
2024-01-01,1,NL33A,Zuidoost-Zuid-Holland,Forest Dieback & Vegetation Stress,0,0.13715890074351147,1.5022345781326294,wet,1
2024-02-01,2,NL33A,Zuidoost-Zuid-Holland,Forest Dieback & Vegetation Stress,0,0.12566870109678363,1.9734735488891602,wet,1
2024-03-01,3,NL33A,Zuidoost-Zuid-Holland,Forest Dieback & Vegetation Stress,1,0.16225350443896738,1.6091928482055664,wet,1
2024-04-01,4,NL33A,Zuidoost-Zuid-Holland,Forest Dieback & Vegetation Stress,0,0.2621461110614842,1.869387149810791,wet,1
2024-05-01,5,NL33A,Zuidoost-Zuid-Holland,Forest Dieback & Vegetation Stress,0,0.376455449893957,2.296041488647461,wet,1
2024-06-01,6,NL33A,Zuidoost-Zuid-Holland,Forest Dieback & Vegetation Stress,0,0.5049652263063826,2.7406914234161377,wet,1
2024-07-01,7,NL33A,Zuidoost-Zuid-Holland,Forest Dieback & Vegetation Stress,0,0.432558236508152,3.1620676517486572,wet,1
2024-08-01,8,NL33A,Zuidoost-Zuid-Holland,Forest Dieback & Vegetation Stress,0,0.3415279703141076,2.5882296562194824,wet,1
2024-09-01,9,NL33A,Zuidoost-Zuid-Holland,Forest Dieback & Vegetation Stress,0,0.24237316465790973,3.196017026901245,wet,1
2024-10-01,10,NL33A,Zuidoost-Zuid-Holland,Forest Dieback & Vegetation Stress,0,0.15743300165519533,2.4383902549743652,wet,1
2024-11-01,11,NL33A,Zuidoost-Zuid-Holland,Forest Dieback & Vegetation Stress,0,0.13904838641112394,1.9545094966888428,wet,1
2024-12-01,12,NL33A,Zuidoost-Zuid-Holland,Forest Dieback & Vegetation Stress,0,0.10270848432952849,1.7752925157546997,wet,1
2025-01-01,1,NL33A,Zuidoost-Zuid-Holland,Forest Dieback & Vegetation Stress,0,0.13173463045024808,1.8329216241836548,wet,1
2025-02-01,2,NL33A,Zuidoost-Zuid-Holland,Forest Dieback & Vegetation Stress,0,0.14906364393142116,1.3434903621673584,wet,1
2025-03-01,3,NL33A,Zuidoost-Zuid-Holland,Forest Dieback & Vegetation Stress,0,0.3736827515683285,0.9254148006439209,near_normal,1
2025-04-01,4,NL33A,Zuidoost-Zuid-Holland,Forest Dieback & Vegetation Stress,0,0.28318191278618815,0.18472331762313843,near_normal,1
2025-05-01,5,NL33A,Zuidoost-Zuid-Holland,Forest Dieback & Vegetation Stress,0,0.4044933231434041,-0.6993400454521179,near_normal,1
2025-06-01,6,NL33A,Zuidoost-Zuid-Holland,Forest Dieback & Vegetation Stress,0,0.4106451889445143,-0.928616464138031,near_normal,1
2025-07-01,7,NL33A,Zuidoost-Zuid-Holland,Forest Dieback & Vegetation Stress,0,0.40125341088289107,-1.0900894403457642,dry,1
2025-08-01,8,NL33A,Zuidoost-Zuid-Holland,Forest Dieback & Vegetation Stress,0,0.4546208291618385,-1.5483509302139282,dry,1
2025-09-01,9,NL33A,Zuidoost-Zuid-Holland,Forest Dieback & Vegetation Stress,0,0.19939677831645503,-1.7110259532928467,dry,1
2023-12-01,12,NL33B,Oost-Zuid-Holland,Forest Dieback & Vegetation Stress,0,0.05056769981463286,1.7106456756591797,wet,1
2024-01-01,1,NL33B,Oost-Zuid-Holland,Forest Dieback & Vegetation Stress,0,0.06320470737953326,1.5254942178726196,wet,1
2024-02-01,2,NL33B,Oost-Zuid-Holland,Forest Dieback & Vegetation Stress,0,0.056151162878144076,1.930662751197815,wet,1
2024-03-01,3,NL33B,Oost-Zuid-Holland,Forest Dieback & Vegetation Stress,0,0.09326369367264101,1.600808024406433,wet,1
2024-04-01,4,NL33B,Oost-Zuid-Holland,Forest Dieback & Vegetation Stress,0,0.12936757483055897,1.8393596410751343,wet,1
2024-05-01,5,NL33B,Oost-Zuid-Holland,Forest Dieback & Vegetation Stress,0,0.2150647743369142,2.308445453643799,wet,1
2024-06-01,6,NL33B,Oost-Zuid-Holland,Forest Dieback & Vegetation Stress,0,0.30773397167599825,2.742405891418457,wet,1
2024-07-01,7,NL33B,Oost-Zuid-Holland,Forest Dieback & Vegetation Stress,0,0.24534534638745525,2.7151103019714355,wet,1
2024-08-01,8,NL33B,Oost-Zuid-Holland,Forest Dieback & Vegetation Stress,0,0.204642784921009,2.554049253463745,wet,1
2024-09-01,9,NL33B,Oost-Zuid-Holland,Forest Dieback & Vegetation Stress,1,0.11557374296010527,2.7597999572753906,wet,1
2024-10-01,10,NL33B,Oost-Zuid-Holland,Forest Dieback & Vegetation Stress,0,0.06912207099912179,2.198561906814575,wet,1
2024-11-01,11,NL33B,Oost-Zuid-Holland,Forest Dieback & Vegetation Stress,0,0.06508768061436455,1.7335660457611084,wet,1
2024-12-01,12,NL33B,Oost-Zuid-Holland,Forest Dieback & Vegetation Stress,0,0.04686104052419388,1.5648200511932373,wet,1
2025-01-01,1,NL33B,Oost-Zuid-Holland,Forest Dieback & Vegetation Stress,0,0.06517890655395146,1.5522692203521729,wet,1
2025-02-01,2,NL33B,Oost-Zuid-Holland,Forest Dieback & Vegetation Stress,0,0.07236976280687067,1.016635775566101,wet,1
2025-03-01,3,NL33B,Oost-Zuid-Holland,Forest Dieback & Vegetation Stress,1,0.1762602086124964,0.5903820991516113,near_normal,1
2025-04-01,4,NL33B,Oost-Zuid-Holland,Forest Dieback & Vegetation Stress,0,0.13163519724078365,-0.16400562226772308,near_normal,1
2025-05-01,5,NL33B,Oost-Zuid-Holland,Forest Dieback & Vegetation Stress,0,0.21038412532724585,-0.8812072277069092,near_normal,1
2025-06-01,6,NL33B,Oost-Zuid-Holland,Forest Dieback & Vegetation Stress,0,0.2106331478551227,-1.0348807573318481,dry,1
2025-07-01,7,NL33B,Oost-Zuid-Holland,Forest Dieback & Vegetation Stress,0,0.2139123043876105,-1.1747100353240967,dry,1
2025-08-01,8,NL33B,Oost-Zuid-Holland,Forest Dieback & Vegetation Stress,0,0.24751624342529305,-1.5170913934707642,dry,1
2025-09-01,9,NL33B,Oost-Zuid-Holland,Forest Dieback & Vegetation Stress,1,0.08966872080313477,-1.738526463508606,dry,1
2023-12-01,12,NL33C,Groot-Rijnmond,Forest Dieback & Vegetation Stress,0,0.22863104742554063,1.663238803545634,wet,1
2024-01-01,1,NL33C,Groot-Rijnmond,Forest Dieback & Vegetation Stress,0,0.25090151037857267,1.481999437014262,wet,1
2024-02-01,2,NL33C,Groot-Rijnmond,Forest Dieback & Vegetation Stress,0,0.2506649636927393,1.9045462608337402,wet,1
2024-03-01,3,NL33C,Groot-Rijnmond,Forest Dieback & Vegetation Stress,0,0.3113423201882448,1.55764905611674,wet,1
2024-04-01,4,NL33C,Groot-Rijnmond,Forest Dieback & Vegetation Stress,0,0.4402999201962811,1.7358837127685547,wet,1
2024-05-01,5,NL33C,Groot-Rijnmond,Forest Dieback & Vegetation Stress,0,0.5737350571679409,2.1709097226460776,wet,1
2024-06-01,6,NL33C,Groot-Rijnmond,Forest Dieback & Vegetation Stress,0,0.6823252586142007,2.626691977183024,wet,1
2024-07-01,7,NL33C,Groot-Rijnmond,Forest Dieback & Vegetation Stress,0,0.6182636103248577,2.903880516688029,wet,1
2024-08-01,8,NL33C,Groot-Rijnmond,Forest Dieback & Vegetation Stress,0,0.5661821578625137,2.6491270065307617,wet,1
2024-09-01,9,NL33C,Groot-Rijnmond,Forest Dieback & Vegetation Stress,0,0.394079386428714,2.9472951889038086,wet,1
2024-10-01,10,NL33C,Groot-Rijnmond,Forest Dieback & Vegetation Stress,0,0.27321814863893373,2.2849376996358237,wet,1
2024-11-01,11,NL33C,Groot-Rijnmond,Forest Dieback & Vegetation Stress,0,0.2678693355964149,1.8019837141036987,wet,1
2024-12-01,12,NL33C,Groot-Rijnmond,Forest Dieback & Vegetation Stress,0,0.20553522434725868,1.676819920539856,wet,1
2025-01-01,1,NL33C,Groot-Rijnmond,Forest Dieback & Vegetation Stress,0,0.24877540883595384,1.6513664722442627,wet,1
2025-02-01,2,NL33C,Groot-Rijnmond,Forest Dieback & Vegetation Stress,0,0.2715234269070005,1.1506803433100383,wet,1
2025-03-01,3,NL33C,Groot-Rijnmond,Forest Dieback & Vegetation Stress,0,0.49567514898587683,0.7058199445406595,near_normal,1
2025-04-01,4,NL33C,Groot-Rijnmond,Forest Dieback & Vegetation Stress,0,0.4530973206554054,-0.012301225292806825,near_normal,1
2025-05-01,5,NL33C,Groot-Rijnmond,Forest Dieback & Vegetation Stress,0,0.5834283221450158,-0.8446452021598816,near_normal,1
2025-06-01,6,NL33C,Groot-Rijnmond,Forest Dieback & Vegetation Stress,0,0.5761328527055096,-1.0734885931015015,dry,1
2025-07-01,7,NL33C,Groot-Rijnmond,Forest Dieback & Vegetation Stress,0,0.5760674331670824,-1.2388241688410442,dry,1
2025-08-01,8,NL33C,Groot-Rijnmond,Forest Dieback & Vegetation Stress,0,0.6616800134853156,-1.566239356994629,dry,1
2025-09-01,9,NL33C,Groot-Rijnmond,Forest Dieback & Vegetation Stress,0,0.33775172750965005,-1.825290282567342,dry,1
2023-12-01,12,NL341,Zeeuwsch-Vlaanderen,Forest Dieback & Vegetation Stress,0,0.129898581970942,1.332913875579834,wet,1
2024-01-01,1,NL341,Zeeuwsch-Vlaanderen,Forest Dieback & Vegetation Stress,0,0.16463478391743608,1.0990768671035767,wet,1
2024-02-01,2,NL341,Zeeuwsch-Vlaanderen,Forest Dieback & Vegetation Stress,0,0.14017709528589348,1.6654661893844604,wet,1
2024-03-01,3,NL341,Zeeuwsch-Vlaanderen,Forest Dieback & Vegetation Stress,0,0.18019540231738707,1.4342957735061646,wet,1
2024-04-01,4,NL341,Zeeuwsch-Vlaanderen,Forest Dieback & Vegetation Stress,0,0.2915422498236051,1.72164386510849,wet,1
2024-05-01,5,NL341,Zeeuwsch-Vlaanderen,Forest Dieback & Vegetation Stress,0,0.435490819268921,2.0468907356262207,wet,1
2024-06-01,6,NL341,Zeeuwsch-Vlaanderen,Forest Dieback & Vegetation Stress,0,0.48654605776847326,2.511785864830017,wet,1
2024-07-01,7,NL341,Zeeuwsch-Vlaanderen,Forest Dieback & Vegetation Stress,0,0.41523784263470903,2.5947717428207397,wet,1
2024-08-01,8,NL341,Zeeuwsch-Vlaanderen,Forest Dieback & Vegetation Stress,0,0.346665224288521,2.2865796089172363,wet,1
2024-09-01,9,NL341,Zeeuwsch-Vlaanderen,Forest Dieback & Vegetation Stress,0,0.24444987782306055,2.4733811616897583,wet,1
2024-10-01,10,NL341,Zeeuwsch-Vlaanderen,Forest Dieback & Vegetation Stress,0,0.1864545468044912,2.181926131248474,wet,1
2024-11-01,11,NL341,Zeeuwsch-Vlaanderen,Forest Dieback & Vegetation Stress,0,0.16141435780149735,1.6795973777770996,wet,1
2024-12-01,12,NL341,Zeeuwsch-Vlaanderen,Forest Dieback & Vegetation Stress,0,0.1269926322137862,1.661611557006836,wet,1
2025-01-01,1,NL341,Zeeuwsch-Vlaanderen,Forest Dieback & Vegetation Stress,0,0.1371669492537834,1.6901467442512512,wet,1
2025-02-01,2,NL341,Zeeuwsch-Vlaanderen,Forest Dieback & Vegetation Stress,1,0.1541290490439902,1.1577122211456299,wet,1
2025-03-01,3,NL341,Zeeuwsch-Vlaanderen,Forest Dieback & Vegetation Stress,0,0.42941168990697787,0.565402165055275,near_normal,1
2025-04-01,4,NL341,Zeeuwsch-Vlaanderen,Forest Dieback & Vegetation Stress,1,0.35226383764467045,-0.27620716392993927,near_normal,1
2025-05-01,5,NL341,Zeeuwsch-Vlaanderen,Forest Dieback & Vegetation Stress,0,0.39580246263120705,-1.0510993003845215,dry,1
2025-06-01,6,NL341,Zeeuwsch-Vlaanderen,Forest Dieback & Vegetation Stress,0,0.3774751154587517,-1.2060883045196533,dry,1
2025-07-01,7,NL341,Zeeuwsch-Vlaanderen,Forest Dieback & Vegetation Stress,0,0.4069202820718245,-1.3016448020935059,dry,1
2025-08-01,8,NL341,Zeeuwsch-Vlaanderen,Forest Dieback & Vegetation Stress,0,0.5157265351258234,-1.7224125266075134,dry,1
2025-09-01,9,NL341,Zeeuwsch-Vlaanderen,Forest Dieback & Vegetation Stress,0,0.20719382481743326,-2.1238150596618652,dry,1
2023-12-01,12,NL342,Overig Zeeland,Forest Dieback & Vegetation Stress,0,0.11785010039175302,1.5336954593658447,wet,1
2024-01-01,1,NL342,Overig Zeeland,Forest Dieback & Vegetation Stress,0,0.13477482576695562,1.3286210298538208,wet,1
2024-02-01,2,NL342,Overig Zeeland,Forest Dieback & Vegetation Stress,0,0.12887734110935223,1.7934848070144653,wet,1
2024-03-01,3,NL342,Overig Zeeland,Forest Dieback & Vegetation Stress,0,0.15958901404781325,1.4659996032714844,wet,1
2024-04-01,4,NL342,Overig Zeeland,Forest Dieback & Vegetation Stress,0,0.2615782887927676,1.6179192066192627,wet,1
2024-05-01,5,NL342,Overig Zeeland,Forest Dieback & Vegetation Stress,0,0.36650350128739506,2.0807783603668213,wet,1
2024-06-01,6,NL342,Overig Zeeland,Forest Dieback & Vegetation Stress,0,0.4678048533056306,2.572701930999756,wet,1
2024-07-01,7,NL342,Overig Zeeland,Forest Dieback & Vegetation Stress,0,0.4120560229530434,2.9837281703948975,wet,1
2024-08-01,8,NL342,Overig Zeeland,Forest Dieback & Vegetation Stress,0,0.3181221578107271,2.67411470413208,wet,1
2024-09-01,9,NL342,Overig Zeeland,Forest Dieback & Vegetation Stress,0,0.21279356610967262,2.8608145713806152,wet,1
2024-10-01,10,NL342,Overig Zeeland,Forest Dieback & Vegetation Stress,0,0.14818603673369332,2.296290636062622,wet,1
2024-11-01,11,NL342,Overig Zeeland,Forest Dieback & Vegetation Stress,0,0.14024943932267456,1.8551033735275269,wet,1
2024-12-01,12,NL342,Overig Zeeland,Forest Dieback & Vegetation Stress,0,0.10799823012416591,1.8005717992782593,wet,1
2025-01-01,1,NL342,Overig Zeeland,Forest Dieback & Vegetation Stress,0,0.12426964310587837,1.798425555229187,wet,1
2025-02-01,2,NL342,Overig Zeeland,Forest Dieback & Vegetation Stress,0,0.13490970381486136,1.329056739807129,wet,1
2025-03-01,3,NL342,Overig Zeeland,Forest Dieback & Vegetation Stress,0,0.3142787237474023,0.8654971122741699,near_normal,1
2025-04-01,4,NL342,Overig Zeeland,Forest Dieback & Vegetation Stress,0,0.29496305106702625,0.127136692404747,near_normal,1
2025-05-01,5,NL342,Overig Zeeland,Forest Dieback & Vegetation Stress,0,0.37796141950748885,-0.8692893981933594,near_normal,1
2025-06-01,6,NL342,Overig Zeeland,Forest Dieback & Vegetation Stress,0,0.35069169359955676,-1.1390583515167236,dry,1
2025-07-01,7,NL342,Overig Zeeland,Forest Dieback & Vegetation Stress,1,0.3626601848237339,-1.3374229669570923,dry,1
2025-08-01,8,NL342,Overig Zeeland,Forest Dieback & Vegetation Stress,0,0.47802722389048047,-1.7264788150787354,dry,1
2025-09-01,9,NL342,Overig Zeeland,Forest Dieback & Vegetation Stress,0,0.18099885074983385,-2.0268850326538086,dry,1
2023-12-01,12,NL411,West-Noord-Brabant,Forest Dieback & Vegetation Stress,0,0.3865377257781995,1.6965256333351135,wet,1
2024-01-01,1,NL411,West-Noord-Brabant,Forest Dieback & Vegetation Stress,1,0.42465611457715197,1.4279340207576752,wet,1
2024-02-01,2,NL411,West-Noord-Brabant,Forest Dieback & Vegetation Stress,0,0.40199539914456417,1.9115989208221436,wet,1
2024-03-01,3,NL411,West-Noord-Brabant,Forest Dieback & Vegetation Stress,0,0.47320899449440884,1.5701760351657867,wet,1
2024-04-01,4,NL411,West-Noord-Brabant,Forest Dieback & Vegetation Stress,0,0.6160620816234922,1.794410079717636,wet,1
2024-05-01,5,NL411,West-Noord-Brabant,Forest Dieback & Vegetation Stress,0,0.7354998444144197,2.1759976744651794,wet,1
2024-06-01,6,NL411,West-Noord-Brabant,Forest Dieback & Vegetation Stress,1,0.8106634525238562,2.6817938685417175,wet,1
2024-07-01,7,NL411,West-Noord-Brabant,Forest Dieback & Vegetation Stress,0,0.7697640463795371,3.1869431138038635,wet,1
2024-08-01,8,NL411,West-Noord-Brabant,Forest Dieback & Vegetation Stress,1,0.6785074278572077,2.5752928256988525,wet,1
2024-09-01,9,NL411,West-Noord-Brabant,Forest Dieback & Vegetation Stress,1,0.584241373228335,3.2261340022087097,wet,1
2024-10-01,10,NL411,West-Noord-Brabant,Forest Dieback & Vegetation Stress,0,0.4512375226978928,2.4958202242851257,wet,1
2024-11-01,11,NL411,West-Noord-Brabant,Forest Dieback & Vegetation Stress,0,0.42904814319131224,1.9934806823730469,wet,1
2024-12-01,12,NL411,West-Noord-Brabant,Forest Dieback & Vegetation Stress,1,0.3526322748555685,1.8938453793525696,wet,1
2025-01-01,1,NL411,West-Noord-Brabant,Forest Dieback & Vegetation Stress,0,0.4085819726743164,1.9489366114139557,wet,1
2025-02-01,2,NL411,West-Noord-Brabant,Forest Dieback & Vegetation Stress,0,0.4320047771424013,1.4912947714328766,wet,1
2025-03-01,3,NL411,West-Noord-Brabant,Forest Dieback & Vegetation Stress,1,0.6885001081568793,1.0794287621974945,wet,1
2025-04-01,4,NL411,West-Noord-Brabant,Forest Dieback & Vegetation Stress,1,0.654499299383607,0.3902544379234314,near_normal,1
2025-05-01,5,NL411,West-Noord-Brabant,Forest Dieback & Vegetation Stress,0,0.7597648074990397,-0.6107541918754578,near_normal,1
2025-06-01,6,NL411,West-Noord-Brabant,Forest Dieback & Vegetation Stress,0,0.7620383268072755,-0.9553556591272354,near_normal,1
2025-07-01,7,NL411,West-Noord-Brabant,Forest Dieback & Vegetation Stress,1,0.7329789272961834,-1.197560876607895,dry,1
2025-08-01,8,NL411,West-Noord-Brabant,Forest Dieback & Vegetation Stress,1,0.8114789265060461,-1.7818401753902435,dry,1
2025-09-01,9,NL411,West-Noord-Brabant,Forest Dieback & Vegetation Stress,0,0.47871702504412367,-1.944325178861618,dry,1
2023-12-01,12,NL412,Midden-Noord-Brabant,Forest Dieback & Vegetation Stress,1,0.3936229095189427,1.8568886518478394,wet,1
2024-01-01,1,NL412,Midden-Noord-Brabant,Forest Dieback & Vegetation Stress,0,0.42866912538595664,1.5439085960388184,wet,1
2024-02-01,2,NL412,Midden-Noord-Brabant,Forest Dieback & Vegetation Stress,0,0.42207472083008385,2.0561699867248535,wet,1
2024-03-01,3,NL412,Midden-Noord-Brabant,Forest Dieback & Vegetation Stress,0,0.5070297388904002,1.6683708429336548,wet,1
2024-04-01,4,NL412,Midden-Noord-Brabant,Forest Dieback & Vegetation Stress,0,0.6207059892831436,1.9227519035339355,wet,1
2024-05-01,5,NL412,Midden-Noord-Brabant,Forest Dieback & Vegetation Stress,0,0.7394515279394592,2.350119113922119,wet,1
2024-06-01,6,NL412,Midden-Noord-Brabant,Forest Dieback & Vegetation Stress,1,0.8351806302370607,2.7400357723236084,wet,1
2024-07-01,7,NL412,Midden-Noord-Brabant,Forest Dieback & Vegetation Stress,0,0.7842675075737142,3.3474960327148438,wet,1
2024-08-01,8,NL412,Midden-Noord-Brabant,Forest Dieback & Vegetation Stress,0,0.6916408949312103,2.595762252807617,wet,1
2024-09-01,9,NL412,Midden-Noord-Brabant,Forest Dieback & Vegetation Stress,1,0.6023599865644624,3.8588836193084717,wet,1
2024-10-01,10,NL412,Midden-Noord-Brabant,Forest Dieback & Vegetation Stress,0,0.46375287492145817,2.767239809036255,wet,1
2024-11-01,11,NL412,Midden-Noord-Brabant,Forest Dieback & Vegetation Stress,0,0.43212435125515963,2.2039122581481934,wet,1
2024-12-01,12,NL412,Midden-Noord-Brabant,Forest Dieback & Vegetation Stress,1,0.3573875503277874,2.016164541244507,wet,1
2025-01-01,1,NL412,Midden-Noord-Brabant,Forest Dieback & Vegetation Stress,0,0.4218226705236866,2.0861504077911377,wet,1
2025-02-01,2,NL412,Midden-Noord-Brabant,Forest Dieback & Vegetation Stress,0,0.4503447166196519,1.595111608505249,wet,1
2025-03-01,3,NL412,Midden-Noord-Brabant,Forest Dieback & Vegetation Stress,0,0.7350969124712293,1.174560785293579,wet,1
2025-04-01,4,NL412,Midden-Noord-Brabant,Forest Dieback & Vegetation Stress,0,0.6688891742064854,0.5439844131469727,near_normal,1
2025-05-01,5,NL412,Midden-Noord-Brabant,Forest Dieback & Vegetation Stress,0,0.7653355032337391,-0.45212289690971375,near_normal,1
2025-06-01,6,NL412,Midden-Noord-Brabant,Forest Dieback & Vegetation Stress,0,0.7831187933687852,-0.7468729019165039,near_normal,1
2025-07-01,7,NL412,Midden-Noord-Brabant,Forest Dieback & Vegetation Stress,1,0.7464166464846207,-1.0836814641952515,dry,1
2025-08-01,8,NL412,Midden-Noord-Brabant,Forest Dieback & Vegetation Stress,0,0.8140669329930488,-1.6820485591888428,dry,1
2025-09-01,9,NL412,Midden-Noord-Brabant,Forest Dieback & Vegetation Stress,0,0.4971853221494494,-1.6659215688705444,dry,1
2023-12-01,12,NL413,Noordoost-Noord-Brabant,Forest Dieback & Vegetation Stress,0,0.47556673448523773,2.005632162094116,wet,1
2024-01-01,1,NL413,Noordoost-Noord-Brabant,Forest Dieback & Vegetation Stress,0,0.5565249183488992,1.7263375918070476,wet,1
2024-02-01,2,NL413,Noordoost-Noord-Brabant,Forest Dieback & Vegetation Stress,0,0.5628193962090272,2.301957845687866,wet,1
2024-03-01,3,NL413,Noordoost-Noord-Brabant,Forest Dieback & Vegetation Stress,0,0.6590401029905236,1.7595105568567913,wet,1
2024-04-01,4,NL413,Noordoost-Noord-Brabant,Forest Dieback & Vegetation Stress,0,0.7273611255171517,1.9506117502848308,wet,1
2024-05-01,5,NL413,Noordoost-Noord-Brabant,Forest Dieback & Vegetation Stress,0,0.8260871350175149,2.5292108058929443,wet,1
2024-06-01,6,NL413,Noordoost-Noord-Brabant,Forest Dieback & Vegetation Stress,1,0.9024259941843918,2.860475540161133,wet,1
2024-07-01,7,NL413,Noordoost-Noord-Brabant,Forest Dieback & Vegetation Stress,0,0.8563011693775054,3.60351292292277,wet,1
2024-08-01,8,NL413,Noordoost-Noord-Brabant,Forest Dieback & Vegetation Stress,0,0.7829591626632896,2.6137571334838867,wet,1
2024-09-01,9,NL413,Noordoost-Noord-Brabant,Forest Dieback & Vegetation Stress,1,0.7047832981781484,3.99537460009257,wet,1
2024-10-01,10,NL413,Noordoost-Noord-Brabant,Forest Dieback & Vegetation Stress,0,0.5624135587376918,2.824659744898478,wet,1
2024-11-01,11,NL413,Noordoost-Noord-Brabant,Forest Dieback & Vegetation Stress,0,0.5550740435931911,2.297260840733846,wet,1
2024-12-01,12,NL413,Noordoost-Noord-Brabant,Forest Dieback & Vegetation Stress,1,0.4712481928571945,2.027393857638041,wet,1
2025-01-01,1,NL413,Noordoost-Noord-Brabant,Forest Dieback & Vegetation Stress,1,0.48989790591123933,2.1666224797566733,wet,1
2025-02-01,2,NL413,Noordoost-Noord-Brabant,Forest Dieback & Vegetation Stress,1,0.5587394349015189,1.6576051712036133,wet,1
2025-03-01,3,NL413,Noordoost-Noord-Brabant,Forest Dieback & Vegetation Stress,1,0.8332030953249664,1.1836046775182087,wet,1
2025-04-01,4,NL413,Noordoost-Noord-Brabant,Forest Dieback & Vegetation Stress,1,0.7681948749786306,0.6166368325551351,near_normal,1
2025-05-01,5,NL413,Noordoost-Noord-Brabant,Forest Dieback & Vegetation Stress,0,0.8473421668520817,-0.433600256840388,near_normal,1
2025-06-01,6,NL413,Noordoost-Noord-Brabant,Forest Dieback & Vegetation Stress,0,0.8563537191538774,-0.6352093617121378,near_normal,1
2025-07-01,7,NL413,Noordoost-Noord-Brabant,Forest Dieback & Vegetation Stress,1,0.8381608324650277,-0.9555245041847229,near_normal,1
2025-08-01,8,NL413,Noordoost-Noord-Brabant,Forest Dieback & Vegetation Stress,0,0.8771744220763376,-1.5380258957544963,dry,1
2025-09-01,9,NL413,Noordoost-Noord-Brabant,Forest Dieback & Vegetation Stress,0,0.688447588465725,-1.4824391603469849,dry,1
2023-12-01,12,NL414,Zuidoost-Noord-Brabant,Forest Dieback & Vegetation Stress,0,0.4728571950681683,1.9648097455501556,wet,1
2024-01-01,1,NL414,Zuidoost-Noord-Brabant,Forest Dieback & Vegetation Stress,0,0.5560923922157732,1.6660036146640778,wet,1
2024-02-01,2,NL414,Zuidoost-Noord-Brabant,Forest Dieback & Vegetation Stress,0,0.5619063837011831,2.2208192348480225,wet,1
2024-03-01,3,NL414,Zuidoost-Noord-Brabant,Forest Dieback & Vegetation Stress,0,0.6536992214541149,1.7530253231525421,wet,1
2024-04-01,4,NL414,Zuidoost-Noord-Brabant,Forest Dieback & Vegetation Stress,0,0.7275201965587804,1.9222524464130402,wet,1
2024-05-01,5,NL414,Zuidoost-Noord-Brabant,Forest Dieback & Vegetation Stress,0,0.8166292197491121,2.4804680943489075,wet,1
2024-06-01,6,NL414,Zuidoost-Noord-Brabant,Forest Dieback & Vegetation Stress,1,0.8974166524046562,2.8313465118408203,wet,1
2024-07-01,7,NL414,Zuidoost-Noord-Brabant,Forest Dieback & Vegetation Stress,0,0.8491273199882259,3.323698878288269,wet,1
2024-08-01,8,NL414,Zuidoost-Noord-Brabant,Forest Dieback & Vegetation Stress,0,0.7662158162746145,2.4005433320999146,wet,1
2024-09-01,9,NL414,Zuidoost-Noord-Brabant,Forest Dieback & Vegetation Stress,1,0.6889023004291052,3.6095246076583862,wet,1
2024-10-01,10,NL414,Zuidoost-Noord-Brabant,Forest Dieback & Vegetation Stress,0,0.542909737637634,2.8009841442108154,wet,1
2024-11-01,11,NL414,Zuidoost-Noord-Brabant,Forest Dieback & Vegetation Stress,0,0.5478301005912091,2.219056189060211,wet,1
2024-12-01,12,NL414,Zuidoost-Noord-Brabant,Forest Dieback & Vegetation Stress,1,0.4754837996331412,2.0562921166419983,wet,1
2025-01-01,1,NL414,Zuidoost-Noord-Brabant,Forest Dieback & Vegetation Stress,0,0.5100757153181513,2.2320687770843506,wet,1
2025-02-01,2,NL414,Zuidoost-Noord-Brabant,Forest Dieback & Vegetation Stress,0,0.5591586030246287,1.7058507800102234,wet,1
2025-03-01,3,NL414,Zuidoost-Noord-Brabant,Forest Dieback & Vegetation Stress,0,0.8061066647912174,1.2108392715454102,wet,1
2025-04-01,4,NL414,Zuidoost-Noord-Brabant,Forest Dieback & Vegetation Stress,0,0.7684867150772149,0.6923550665378571,near_normal,1
2025-05-01,5,NL414,Zuidoost-Noord-Brabant,Forest Dieback & Vegetation Stress,0,0.8361056650621512,-0.4158538803458214,near_normal,1
2025-06-01,6,NL414,Zuidoost-Noord-Brabant,Forest Dieback & Vegetation Stress,0,0.8385607394339449,-0.6612778455018997,near_normal,1
2025-07-01,7,NL414,Zuidoost-Noord-Brabant,Forest Dieback & Vegetation Stress,1,0.8382317762578814,-1.0086569488048553,dry,1
2025-08-01,8,NL414,Zuidoost-Noord-Brabant,Forest Dieback & Vegetation Stress,0,0.8889993275257949,-1.6495905816555023,dry,1
2025-09-01,9,NL414,Zuidoost-Noord-Brabant,Forest Dieback & Vegetation Stress,0,0.6956997210538393,-1.5304934084415436,dry,1
2023-12-01,12,NL421,Noord-Limburg,Forest Dieback & Vegetation Stress,0,0.3649144943559058,2.145362138748169,wet,1
2024-01-01,1,NL421,Noord-Limburg,Forest Dieback & Vegetation Stress,0,0.46368102183912185,1.8593108654022217,wet,1
2024-02-01,2,NL421,Noord-Limburg,Forest Dieback & Vegetation Stress,0,0.46623257327795103,2.512042760848999,wet,1
2024-03-01,3,NL421,Noord-Limburg,Forest Dieback & Vegetation Stress,0,0.5549766681559183,1.865483283996582,wet,1
2024-04-01,4,NL421,Noord-Limburg,Forest Dieback & Vegetation Stress,0,0.6222822978106818,1.9734376668930054,wet,1
2024-05-01,5,NL421,Noord-Limburg,Forest Dieback & Vegetation Stress,0,0.7433911913818781,2.605700731277466,wet,1
2024-06-01,6,NL421,Noord-Limburg,Forest Dieback & Vegetation Stress,1,0.8423077190055598,2.8035495281219482,wet,1
2024-07-01,7,NL421,Noord-Limburg,Forest Dieback & Vegetation Stress,0,0.7684207481845385,3.2032430171966553,wet,1
2024-08-01,8,NL421,Noord-Limburg,Forest Dieback & Vegetation Stress,0,0.6436788044240417,2.251657724380493,wet,1
2024-09-01,9,NL421,Noord-Limburg,Forest Dieback & Vegetation Stress,0,0.5696053915516783,3.5400261878967285,wet,1
2024-10-01,10,NL421,Noord-Limburg,Forest Dieback & Vegetation Stress,0,0.4388240855400822,2.855512857437134,wet,1
2024-11-01,11,NL421,Noord-Limburg,Forest Dieback & Vegetation Stress,0,0.4574994467045782,2.196915864944458,wet,1
2024-12-01,12,NL421,Noord-Limburg,Forest Dieback & Vegetation Stress,0,0.3870010562877541,2.03786039352417,wet,1
2025-01-01,1,NL421,Noord-Limburg,Forest Dieback & Vegetation Stress,0,0.3726071437937939,2.306771755218506,wet,1
2025-02-01,2,NL421,Noord-Limburg,Forest Dieback & Vegetation Stress,0,0.4313529487074972,1.68009352684021,wet,1
2025-03-01,3,NL421,Noord-Limburg,Forest Dieback & Vegetation Stress,0,0.7384041415360071,1.0877587795257568,wet,1
2025-04-01,4,NL421,Noord-Limburg,Forest Dieback & Vegetation Stress,1,0.6653657460812267,0.6619554162025452,near_normal,1
2025-05-01,5,NL421,Noord-Limburg,Forest Dieback & Vegetation Stress,0,0.775687119068819,-0.44544780254364014,near_normal,1
2025-06-01,6,NL421,Noord-Limburg,Forest Dieback & Vegetation Stress,0,0.774078462843627,-0.5798614025115967,near_normal,1
2025-07-01,7,NL421,Noord-Limburg,Forest Dieback & Vegetation Stress,0,0.7804364284652091,-0.800941526889801,near_normal,1
2025-08-01,8,NL421,Noord-Limburg,Forest Dieback & Vegetation Stress,0,0.8390965173019064,-1.2454304695129395,dry,1
2025-09-01,9,NL421,Noord-Limburg,Forest Dieback & Vegetation Stress,0,0.592407328745217,-1.325162410736084,dry,1
2023-12-01,12,NL422,Midden-Limburg,Forest Dieback & Vegetation Stress,0,0.35911277405741593,1.8910537958145142,wet,1
2024-01-01,1,NL422,Midden-Limburg,Forest Dieback & Vegetation Stress,0,0.44247867221816894,1.595084309577942,wet,1
2024-02-01,2,NL422,Midden-Limburg,Forest Dieback & Vegetation Stress,0,0.43881793854252527,2.1346378326416016,wet,1
2024-03-01,3,NL422,Midden-Limburg,Forest Dieback & Vegetation Stress,0,0.5365809035625316,1.6730749607086182,wet,1
2024-04-01,4,NL422,Midden-Limburg,Forest Dieback & Vegetation Stress,0,0.6080458318911027,1.7786504030227661,wet,1
2024-05-01,5,NL422,Midden-Limburg,Forest Dieback & Vegetation Stress,0,0.7340171504923072,2.3970389366149902,wet,1
2024-06-01,6,NL422,Midden-Limburg,Forest Dieback & Vegetation Stress,1,0.847424441306593,2.6647117137908936,wet,1
2024-07-01,7,NL422,Midden-Limburg,Forest Dieback & Vegetation Stress,0,0.7830556121757242,2.893308162689209,wet,1
2024-08-01,8,NL422,Midden-Limburg,Forest Dieback & Vegetation Stress,0,0.6323224060785799,2.179447650909424,wet,1
2024-09-01,9,NL422,Midden-Limburg,Forest Dieback & Vegetation Stress,0,0.5467496709141837,3.121680974960327,wet,1
2024-10-01,10,NL422,Midden-Limburg,Forest Dieback & Vegetation Stress,0,0.4127292996018341,2.612539768218994,wet,1
2024-11-01,11,NL422,Midden-Limburg,Forest Dieback & Vegetation Stress,0,0.4465301548754945,2.029146194458008,wet,1
2024-12-01,12,NL422,Midden-Limburg,Forest Dieback & Vegetation Stress,0,0.3816674148005871,1.9572449922561646,wet,1
2025-01-01,1,NL422,Midden-Limburg,Forest Dieback & Vegetation Stress,0,0.35231410054752105,2.3007307052612305,wet,1
2025-02-01,2,NL422,Midden-Limburg,Forest Dieback & Vegetation Stress,0,0.42829190651777477,1.6659852266311646,wet,1
2025-03-01,3,NL422,Midden-Limburg,Forest Dieback & Vegetation Stress,0,0.7045565445498296,1.1294753551483154,wet,1
2025-04-01,4,NL422,Midden-Limburg,Forest Dieback & Vegetation Stress,1,0.6656344879572581,0.6900760531425476,near_normal,1
2025-05-01,5,NL422,Midden-Limburg,Forest Dieback & Vegetation Stress,0,0.7613961044726534,-0.4340934157371521,near_normal,1
2025-06-01,6,NL422,Midden-Limburg,Forest Dieback & Vegetation Stress,0,0.7569565349690063,-0.5961017608642578,near_normal,1
2025-07-01,7,NL422,Midden-Limburg,Forest Dieback & Vegetation Stress,0,0.7683218871384355,-0.7561391592025757,near_normal,1
2025-08-01,8,NL422,Midden-Limburg,Forest Dieback & Vegetation Stress,0,0.8433284045264366,-1.2596315145492554,dry,1
2025-09-01,9,NL422,Midden-Limburg,Forest Dieback & Vegetation Stress,0,0.5912585677351019,-1.256527304649353,dry,1
2023-12-01,12,NL423,Zuid-Limburg,Forest Dieback & Vegetation Stress,0,0.29707160209628874,1.7045224905014038,wet,1
2024-01-01,1,NL423,Zuid-Limburg,Forest Dieback & Vegetation Stress,0,0.35209917157735887,1.4646683931350708,wet,1
2024-02-01,2,NL423,Zuid-Limburg,Forest Dieback & Vegetation Stress,0,0.35473514530359035,1.9057672023773193,wet,1
2024-03-01,3,NL423,Zuid-Limburg,Forest Dieback & Vegetation Stress,0,0.41246518560888257,1.4721426963806152,wet,1
2024-04-01,4,NL423,Zuid-Limburg,Forest Dieback & Vegetation Stress,0,0.521224721453086,1.6109375953674316,wet,1
2024-05-01,5,NL423,Zuid-Limburg,Forest Dieback & Vegetation Stress,0,0.6522837968678542,2.2602717876434326,wet,1
2024-06-01,6,NL423,Zuid-Limburg,Forest Dieback & Vegetation Stress,0,0.7971299723737042,2.4993674755096436,wet,1
2024-07-01,7,NL423,Zuid-Limburg,Forest Dieback & Vegetation Stress,0,0.7214764960696212,2.575399398803711,wet,1
2024-08-01,8,NL423,Zuid-Limburg,Forest Dieback & Vegetation Stress,0,0.5728949499790901,2.1789464950561523,wet,1
2024-09-01,9,NL423,Zuid-Limburg,Forest Dieback & Vegetation Stress,0,0.44384194362481977,2.988447666168213,wet,1
2024-10-01,10,NL423,Zuid-Limburg,Forest Dieback & Vegetation Stress,0,0.3588226399438427,2.581728458404541,wet,1
2024-11-01,11,NL423,Zuid-Limburg,Forest Dieback & Vegetation Stress,0,0.378818912005291,2.0978105068206787,wet,1
2024-12-01,12,NL423,Zuid-Limburg,Forest Dieback & Vegetation Stress,0,0.3067648758289929,2.107192277908325,wet,1
2025-01-01,1,NL423,Zuid-Limburg,Forest Dieback & Vegetation Stress,0,0.2556213473761893,2.49822735786438,wet,1
2025-02-01,2,NL423,Zuid-Limburg,Forest Dieback & Vegetation Stress,0,0.35899386026557834,1.7681748867034912,wet,1
2025-03-01,3,NL423,Zuid-Limburg,Forest Dieback & Vegetation Stress,0,0.6432738541424262,1.286401629447937,wet,1
2025-04-01,4,NL423,Zuid-Limburg,Forest Dieback & Vegetation Stress,1,0.5664510637987333,0.8446741700172424,near_normal,1
2025-05-01,5,NL423,Zuid-Limburg,Forest Dieback & Vegetation Stress,0,0.6864764861696004,-0.30450639128685,near_normal,1
2025-06-01,6,NL423,Zuid-Limburg,Forest Dieback & Vegetation Stress,0,0.6854740202644732,-0.48462241888046265,near_normal,1
2025-07-01,7,NL423,Zuid-Limburg,Forest Dieback & Vegetation Stress,0,0.7201162240935628,-0.5175946354866028,near_normal,1
2025-08-01,8,NL423,Zuid-Limburg,Forest Dieback & Vegetation Stress,0,0.7802908875066684,-1.1383399963378906,dry,1
2025-09-01,9,NL423,Zuid-Limburg,Forest Dieback & Vegetation Stress,1,0.4790160075915855,-1.2109681367874146,dry,1
2023-12-01,12,NL111,Oost-Groningen,Agricultural Economic Loss,0,0.043037352276627625,1.8038720488548279,wet,1
2024-01-01,1,NL111,Oost-Groningen,Agricultural Economic Loss,0,0.059808713860616466,1.811567783355713,wet,1
2024-02-01,2,NL111,Oost-Groningen,Agricultural Economic Loss,0,0.07219338598095902,1.99618661403656,wet,1
2024-03-01,3,NL111,Oost-Groningen,Agricultural Economic Loss,0,0.07193249849468769,1.6847506165504456,wet,1
2024-04-01,4,NL111,Oost-Groningen,Agricultural Economic Loss,0,0.08975028102819585,1.9079570770263672,wet,1
2024-05-01,5,NL111,Oost-Groningen,Agricultural Economic Loss,0,0.19391843067981668,2.1447561979293823,wet,1
2024-06-01,6,NL111,Oost-Groningen,Agricultural Economic Loss,0,0.1876049052271409,2.7947285175323486,wet,1
2024-07-01,7,NL111,Oost-Groningen,Agricultural Economic Loss,0,0.19223641654869414,2.7147164344787598,wet,1
2024-08-01,8,NL111,Oost-Groningen,Agricultural Economic Loss,0,0.25897591722056873,2.659160852432251,wet,1
2024-09-01,9,NL111,Oost-Groningen,Agricultural Economic Loss,0,0.19777738706604808,2.968327760696411,wet,1
2024-10-01,10,NL111,Oost-Groningen,Agricultural Economic Loss,0,0.1342558487344856,1.971750020980835,wet,1
2024-11-01,11,NL111,Oost-Groningen,Agricultural Economic Loss,0,0.13434985431361648,1.6035258769989014,wet,1
2024-12-01,12,NL111,Oost-Groningen,Agricultural Economic Loss,0,0.10521310596473961,1.1509708762168884,wet,1
2025-01-01,1,NL111,Oost-Groningen,Agricultural Economic Loss,0,0.18719658699123437,1.0549432635307312,wet,1
2025-02-01,2,NL111,Oost-Groningen,Agricultural Economic Loss,0,0.210402710558686,0.49514587223529816,near_normal,1
2025-03-01,3,NL111,Oost-Groningen,Agricultural Economic Loss,0,0.40423245023756654,0.1761770248413086,near_normal,1
2025-04-01,4,NL111,Oost-Groningen,Agricultural Economic Loss,0,0.5147369862449972,-0.4283472001552582,near_normal,1
2025-05-01,5,NL111,Oost-Groningen,Agricultural Economic Loss,0,0.6224932663226181,-0.9174109697341919,near_normal,1
2025-06-01,6,NL111,Oost-Groningen,Agricultural Economic Loss,0,0.6340668617441982,-0.9498004615306854,near_normal,1
2025-07-01,7,NL111,Oost-Groningen,Agricultural Economic Loss,0,0.5744980043613513,-1.1780112385749817,dry,1
2025-08-01,8,NL111,Oost-Groningen,Agricultural Economic Loss,0,0.641640960435067,-1.31639963388443,dry,1
2025-09-01,9,NL111,Oost-Groningen,Agricultural Economic Loss,0,0.31418064844847055,-1.4372192025184631,dry,1
2023-12-01,12,NL112,Delfzijl en omgeving,Agricultural Economic Loss,0,0.10063361187736353,1.5477043390274048,wet,1
2024-01-01,1,NL112,Delfzijl en omgeving,Agricultural Economic Loss,0,0.12092081392771091,1.5744563341140747,wet,1
2024-03-01,3,NL112,Delfzijl en omgeving,Agricultural Economic Loss,0,0.14049151594402937,1.5986590385437012,wet,1
2024-04-01,4,NL112,Delfzijl en omgeving,Agricultural Economic Loss,0,0.17467930201213236,1.7463241815567017,wet,1
2024-05-01,5,NL112,Delfzijl en omgeving,Agricultural Economic Loss,0,0.3236226717409153,1.9306237697601318,wet,1
2024-06-01,6,NL112,Delfzijl en omgeving,Agricultural Economic Loss,0,0.33842867473922716,2.5208699703216553,wet,1
2024-07-01,7,NL112,Delfzijl en omgeving,Agricultural Economic Loss,0,0.33283672999503483,2.3603928089141846,wet,1
2024-08-01,8,NL112,Delfzijl en omgeving,Agricultural Economic Loss,0,0.43433838491358806,2.3377909660339355,wet,1
2024-09-01,9,NL112,Delfzijl en omgeving,Agricultural Economic Loss,0,0.3473176079360005,2.484579563140869,wet,1
2024-10-01,10,NL112,Delfzijl en omgeving,Agricultural Economic Loss,0,0.2745732668712769,1.6715155839920044,wet,1
2024-11-01,11,NL112,Delfzijl en omgeving,Agricultural Economic Loss,0,0.2537130262615988,1.3462355136871338,wet,1
2024-12-01,12,NL112,Delfzijl en omgeving,Agricultural Economic Loss,0,0.20675325937641664,0.9495850205421448,near_normal,1
2025-01-01,1,NL112,Delfzijl en omgeving,Agricultural Economic Loss,0,0.3390214855098241,0.815735936164856,near_normal,1
2025-02-01,2,NL112,Delfzijl en omgeving,Agricultural Economic Loss,0,0.3844257551443418,0.2707626223564148,near_normal,1
2025-03-01,3,NL112,Delfzijl en omgeving,Agricultural Economic Loss,0,0.5871847234889319,-0.011577821336686611,near_normal,1
2025-04-01,4,NL112,Delfzijl en omgeving,Agricultural Economic Loss,0,0.6685299939301583,-0.536076009273529,near_normal,1
2025-05-01,5,NL112,Delfzijl en omgeving,Agricultural Economic Loss,0,0.7679577003837621,-0.8959609270095825,near_normal,1
2025-06-01,6,NL112,Delfzijl en omgeving,Agricultural Economic Loss,0,0.768499471794885,-0.9709566235542297,near_normal,1
2025-07-01,7,NL112,Delfzijl en omgeving,Agricultural Economic Loss,0,0.7242662770386554,-1.2213053703308105,dry,1
2025-08-01,8,NL112,Delfzijl en omgeving,Agricultural Economic Loss,0,0.7455797716226829,-1.3407152891159058,dry,1
2025-09-01,9,NL112,Delfzijl en omgeving,Agricultural Economic Loss,0,0.4751575406354422,-1.4633549451828003,dry,1
2023-12-01,12,NL113,Overig Groningen,Agricultural Economic Loss,0,0.06003187594306314,1.576159675916036,wet,1
2024-01-01,1,NL113,Overig Groningen,Agricultural Economic Loss,0,0.08223234678747322,1.553696870803833,wet,1
2024-02-01,2,NL113,Overig Groningen,Agricultural Economic Loss,0,0.08566603265217441,1.8252516984939575,wet,1
2024-03-01,3,NL113,Overig Groningen,Agricultural Economic Loss,0,0.08969266610405707,1.5759201447168987,wet,1
2024-04-01,4,NL113,Overig Groningen,Agricultural Economic Loss,0,0.11050378522303791,1.7591425975163777,wet,1
2024-05-01,5,NL113,Overig Groningen,Agricultural Economic Loss,0,0.23455745611758033,1.9804979960123699,wet,1
2024-06-01,6,NL113,Overig Groningen,Agricultural Economic Loss,0,0.23883862735625716,2.5567835172017417,wet,1
2024-07-01,7,NL113,Overig Groningen,Agricultural Economic Loss,0,0.24172799019309724,2.325056314468384,wet,1
2024-08-01,8,NL113,Overig Groningen,Agricultural Economic Loss,0,0.3310102452384845,2.289264678955078,wet,1
2024-09-01,9,NL113,Overig Groningen,Agricultural Economic Loss,0,0.23714619227237843,2.4607760111490884,wet,1
2024-10-01,10,NL113,Overig Groningen,Agricultural Economic Loss,0,0.18577916824667398,1.74251393477122,wet,1
2024-11-01,11,NL113,Overig Groningen,Agricultural Economic Loss,0,0.1726166856522405,1.3726389805475872,wet,1
2024-12-01,12,NL113,Overig Groningen,Agricultural Economic Loss,0,0.13615784014969545,0.9944103360176086,near_normal,1
2025-01-01,1,NL113,Overig Groningen,Agricultural Economic Loss,0,0.23642349720649353,0.8821484843889872,near_normal,1
2025-02-01,2,NL113,Overig Groningen,Agricultural Economic Loss,0,0.270817770281799,0.31073737144470215,near_normal,1
2025-03-01,3,NL113,Overig Groningen,Agricultural Economic Loss,0,0.4677726652026609,0.035581901048620544,near_normal,1
2025-04-01,4,NL113,Overig Groningen,Agricultural Economic Loss,0,0.5382752960527868,-0.45748992760976154,near_normal,1
2025-05-01,5,NL113,Overig Groningen,Agricultural Economic Loss,0,0.6611408669404766,-0.8022730549176534,near_normal,1
2025-06-01,6,NL113,Overig Groningen,Agricultural Economic Loss,0,0.685495743117846,-0.9125909010569254,near_normal,1
2025-07-01,7,NL113,Overig Groningen,Agricultural Economic Loss,0,0.6303740863166208,-1.1193293333053589,dry,1
2025-08-01,8,NL113,Overig Groningen,Agricultural Economic Loss,0,0.6758340464523194,-1.2605481147766113,dry,1
2025-09-01,9,NL113,Overig Groningen,Agricultural Economic Loss,0,0.3589888033069592,-1.4358088970184326,dry,1
2023-12-01,12,NL124,Noord-Friesland,Agricultural Economic Loss,0,0.10535281409127939,1.4863542318344116,wet,1
2024-01-01,1,NL124,Noord-Friesland,Agricultural Economic Loss,0,0.15186061142446136,1.3574422895908356,wet,1
2024-02-01,2,NL124,Noord-Friesland,Agricultural Economic Loss,0,0.14521563570235357,1.7159639298915863,wet,1
2024-03-01,3,NL124,Noord-Friesland,Agricultural Economic Loss,0,0.1565779882077457,1.4683093130588531,wet,1
2024-04-01,4,NL124,Noord-Friesland,Agricultural Economic Loss,0,0.21122811609690081,1.7018274664878845,wet,1
2024-05-01,5,NL124,Noord-Friesland,Agricultural Economic Loss,0,0.4140127446362202,1.886545330286026,wet,1
2024-06-01,6,NL124,Noord-Friesland,Agricultural Economic Loss,0,0.40972026695169694,2.4364304542541504,wet,1
2024-07-01,7,NL124,Noord-Friesland,Agricultural Economic Loss,0,0.36104799921033154,2.1045264899730682,wet,1
2024-08-01,8,NL124,Noord-Friesland,Agricultural Economic Loss,0,0.5011455905983128,2.0753729045391083,wet,1
2024-09-01,9,NL124,Noord-Friesland,Agricultural Economic Loss,0,0.35207369841905456,2.2301748991012573,wet,1
2024-10-01,10,NL124,Noord-Friesland,Agricultural Economic Loss,0,0.3156560047941259,1.551231563091278,wet,1
2024-11-01,11,NL124,Noord-Friesland,Agricultural Economic Loss,0,0.2871364560806128,1.0981620252132416,wet,1
2024-12-01,12,NL124,Noord-Friesland,Agricultural Economic Loss,0,0.23916573459132726,0.7735436260700226,near_normal,1
2025-01-01,1,NL124,Noord-Friesland,Agricultural Economic Loss,0,0.3831731804156878,0.6505173146724701,near_normal,1
2025-02-01,2,NL124,Noord-Friesland,Agricultural Economic Loss,0,0.4329355359440745,0.10699054750148207,near_normal,1
2025-03-01,3,NL124,Noord-Friesland,Agricultural Economic Loss,0,0.6336447332876377,-0.16945494152605534,near_normal,1
2025-04-01,4,NL124,Noord-Friesland,Agricultural Economic Loss,0,0.6819339672037198,-0.7064715921878815,near_normal,1
2025-05-01,5,NL124,Noord-Friesland,Agricultural Economic Loss,0,0.7854473334204906,-0.9263435304164886,near_normal,1
2025-06-01,6,NL124,Noord-Friesland,Agricultural Economic Loss,0,0.7991320817223011,-1.0629418939352036,dry,1
2025-07-01,7,NL124,Noord-Friesland,Agricultural Economic Loss,0,0.767675434915881,-1.2299838960170746,dry,1
2025-08-01,8,NL124,Noord-Friesland,Agricultural Economic Loss,0,0.7791757442188337,-1.4811941981315613,dry,1
2025-09-01,9,NL124,Noord-Friesland,Agricultural Economic Loss,0,0.5077463206333588,-1.572517216205597,dry,1
2023-12-01,12,NL125,Zuidwest-Friesland,Agricultural Economic Loss,0,0.027452808089775245,1.63624769449234,wet,1
2024-01-01,1,NL125,Zuidwest-Friesland,Agricultural Economic Loss,0,0.04551995012331059,1.4139912724494934,wet,1
2024-02-01,2,NL125,Zuidwest-Friesland,Agricultural Economic Loss,0,0.043409236334158656,1.7786154747009277,wet,1
2024-03-01,3,NL125,Zuidwest-Friesland,Agricultural Economic Loss,0,0.0478164683580046,1.5638866424560547,wet,1
2024-04-01,4,NL125,Zuidwest-Friesland,Agricultural Economic Loss,0,0.0735450138210051,1.8326656818389893,wet,1
2024-05-01,5,NL125,Zuidwest-Friesland,Agricultural Economic Loss,0,0.14662567973486315,2.1068438291549683,wet,1
2024-06-01,6,NL125,Zuidwest-Friesland,Agricultural Economic Loss,0,0.14154559617961462,2.634555220603943,wet,1
2024-07-01,7,NL125,Zuidwest-Friesland,Agricultural Economic Loss,0,0.11199854975819325,2.177721381187439,wet,1
2024-08-01,8,NL125,Zuidwest-Friesland,Agricultural Economic Loss,0,0.15167727374002743,2.1380834579467773,wet,1
2024-09-01,9,NL125,Zuidwest-Friesland,Agricultural Economic Loss,0,0.09032219912406482,2.2827683687210083,wet,1
2024-10-01,10,NL125,Zuidwest-Friesland,Agricultural Economic Loss,0,0.09098407096669421,1.732323706150055,wet,1
2024-11-01,11,NL125,Zuidwest-Friesland,Agricultural Economic Loss,0,0.09943284902832657,1.1893419027328491,wet,1
2024-12-01,12,NL125,Zuidwest-Friesland,Agricultural Economic Loss,0,0.08404299949540849,0.9064917862415314,near_normal,1
2025-01-01,1,NL125,Zuidwest-Friesland,Agricultural Economic Loss,0,0.14484630990754907,0.7681446671485901,near_normal,1
2025-02-01,2,NL125,Zuidwest-Friesland,Agricultural Economic Loss,0,0.181085255791528,0.15459422394633293,near_normal,1
2025-03-01,3,NL125,Zuidwest-Friesland,Agricultural Economic Loss,0,0.3413006633017127,-0.20276711881160736,near_normal,1
2025-04-01,4,NL125,Zuidwest-Friesland,Agricultural Economic Loss,0,0.3600400516488459,-0.842517763376236,near_normal,1
2025-05-01,5,NL125,Zuidwest-Friesland,Agricultural Economic Loss,0,0.4329251279690009,-1.0782914757728577,dry,1
2025-06-01,6,NL125,Zuidwest-Friesland,Agricultural Economic Loss,0,0.457666982022308,-1.1937094926834106,dry,1
2025-07-01,7,NL125,Zuidwest-Friesland,Agricultural Economic Loss,0,0.4336429658886551,-1.2997994422912598,dry,1
2025-08-01,8,NL125,Zuidwest-Friesland,Agricultural Economic Loss,0,0.4424728040322409,-1.5020229816436768,dry,1
2025-09-01,9,NL125,Zuidwest-Friesland,Agricultural Economic Loss,0,0.20049932902049186,-1.550790548324585,dry,1
2023-12-01,12,NL126,Zuidoost-Friesland,Agricultural Economic Loss,0,0.03618788469453058,1.6415513753890991,wet,1
2024-01-01,1,NL126,Zuidoost-Friesland,Agricultural Economic Loss,0,0.05762526410661924,1.545999010403951,wet,1
2024-03-01,3,NL126,Zuidoost-Friesland,Agricultural Economic Loss,0,0.05382375927888451,1.5629839499791462,wet,1
2024-04-01,4,NL126,Zuidoost-Friesland,Agricultural Economic Loss,0,0.0750053981703693,1.7216502825419109,wet,1
2024-05-01,5,NL126,Zuidoost-Friesland,Agricultural Economic Loss,0,0.1658861248496179,2.123636484146118,wet,1
2024-06-01,6,NL126,Zuidoost-Friesland,Agricultural Economic Loss,0,0.1548791963754312,2.8139727115631104,wet,1
2024-07-01,7,NL126,Zuidoost-Friesland,Agricultural Economic Loss,0,0.15717248766800612,2.4634934266408286,wet,1
2024-08-01,8,NL126,Zuidoost-Friesland,Agricultural Economic Loss,0,0.22096504285400959,2.2954910596211753,wet,1
2024-09-01,9,NL126,Zuidoost-Friesland,Agricultural Economic Loss,0,0.13567564364577184,2.6972495714823403,wet,1
2024-10-01,10,NL126,Zuidoost-Friesland,Agricultural Economic Loss,0,0.10162517834125981,1.9253834088643391,wet,1
2024-11-01,11,NL126,Zuidoost-Friesland,Agricultural Economic Loss,0,0.11856720641861916,1.4363560279210408,wet,1
2024-12-01,12,NL126,Zuidoost-Friesland,Agricultural Economic Loss,0,0.09122196360140014,1.123047669728597,wet,1
2025-01-01,1,NL126,Zuidoost-Friesland,Agricultural Economic Loss,0,0.15595923809770743,1.0151313543319702,wet,1
2025-02-01,2,NL126,Zuidoost-Friesland,Agricultural Economic Loss,0,0.18578145569866555,0.39727561672528583,near_normal,1
2025-03-01,3,NL126,Zuidoost-Friesland,Agricultural Economic Loss,0,0.36106896434668256,0.04762745307137569,near_normal,1
2025-04-01,4,NL126,Zuidoost-Friesland,Agricultural Economic Loss,0,0.4219822663759198,-0.49264203508694965,near_normal,1
2025-05-01,5,NL126,Zuidoost-Friesland,Agricultural Economic Loss,0,0.5408286102978151,-0.9436053037643433,near_normal,1
2025-06-01,6,NL126,Zuidoost-Friesland,Agricultural Economic Loss,0,0.5643533215304946,-1.055333097775777,dry,1
2025-07-01,7,NL126,Zuidoost-Friesland,Agricultural Economic Loss,0,0.5280237829988655,-1.1487988233566284,dry,1
2025-08-01,8,NL126,Zuidoost-Friesland,Agricultural Economic Loss,0,0.5941970800031897,-1.3487204710642497,dry,1
2025-09-01,9,NL126,Zuidoost-Friesland,Agricultural Economic Loss,0,0.2760737325256411,-1.5328909953435261,dry,1
2023-12-01,12,NL131,Noord-Drenthe,Agricultural Economic Loss,0,0.06046958897654731,1.685130774974823,wet,1
2024-01-01,1,NL131,Noord-Drenthe,Agricultural Economic Loss,0,0.08448239294643382,1.625184416770935,wet,1
2024-02-01,2,NL131,Noord-Drenthe,Agricultural Economic Loss,0,0.09525779564543736,1.908049762248993,wet,1
2024-03-01,3,NL131,Noord-Drenthe,Agricultural Economic Loss,0,0.09507520270361766,1.6074219346046448,wet,1
2024-04-01,4,NL131,Noord-Drenthe,Agricultural Economic Loss,0,0.11171051674782577,1.7808722257614136,wet,1
2024-05-01,5,NL131,Noord-Drenthe,Agricultural Economic Loss,0,0.23988896643318156,2.125525951385498,wet,1
2024-06-01,6,NL131,Noord-Drenthe,Agricultural Economic Loss,0,0.2161940943368177,2.8354954719543457,wet,1
2024-07-01,7,NL131,Noord-Drenthe,Agricultural Economic Loss,0,0.2434839214178738,2.568251371383667,wet,1
2024-08-01,8,NL131,Noord-Drenthe,Agricultural Economic Loss,0,0.33335735305740105,2.437190890312195,wet,1
2024-09-01,9,NL131,Noord-Drenthe,Agricultural Economic Loss,0,0.24179768193981194,2.765575647354126,wet,1
2024-10-01,10,NL131,Noord-Drenthe,Agricultural Economic Loss,0,0.16738473748687913,1.9603742957115173,wet,1
2024-11-01,11,NL131,Noord-Drenthe,Agricultural Economic Loss,0,0.1849236713630198,1.541092872619629,wet,1
2024-12-01,12,NL131,Noord-Drenthe,Agricultural Economic Loss,0,0.14231450907868015,1.1613088250160217,wet,1
2025-01-01,1,NL131,Noord-Drenthe,Agricultural Economic Loss,0,0.23987307577857578,1.0562910437583923,wet,1
2025-02-01,2,NL131,Noord-Drenthe,Agricultural Economic Loss,0,0.2710457154381085,0.4693644195795059,near_normal,1
2025-03-01,3,NL131,Noord-Drenthe,Agricultural Economic Loss,0,0.4637404570854068,0.14078162051737309,near_normal,1
2025-04-01,4,NL131,Noord-Drenthe,Agricultural Economic Loss,0,0.5728487814771032,-0.37382109463214874,near_normal,1
2025-05-01,5,NL131,Noord-Drenthe,Agricultural Economic Loss,0,0.6703985232571791,-0.8759167492389679,near_normal,1
2025-06-01,6,NL131,Noord-Drenthe,Agricultural Economic Loss,0,0.7070026204803775,-0.9764733612537384,near_normal,1
2025-07-01,7,NL131,Noord-Drenthe,Agricultural Economic Loss,0,0.6583443868399697,-1.0990380644798279,dry,1
2025-08-01,8,NL131,Noord-Drenthe,Agricultural Economic Loss,0,0.7259387426467019,-1.2489697933197021,dry,1
2025-09-01,9,NL131,Noord-Drenthe,Agricultural Economic Loss,0,0.4141518745626635,-1.4132501482963562,dry,1
2023-12-01,12,NL132,Zuidoost-Drenthe,Agricultural Economic Loss,0,0.028676584306587,1.9405426979064941,wet,1
2024-01-01,1,NL132,Zuidoost-Drenthe,Agricultural Economic Loss,0,0.03951001476895397,1.862620234489441,wet,1
2024-02-01,2,NL132,Zuidoost-Drenthe,Agricultural Economic Loss,0,0.046399900046593494,2.074225902557373,wet,1
2024-03-01,3,NL132,Zuidoost-Drenthe,Agricultural Economic Loss,0,0.049920512515343386,1.7616868019104004,wet,1
2024-04-01,4,NL132,Zuidoost-Drenthe,Agricultural Economic Loss,0,0.05673937869370119,1.9577404260635376,wet,1
2024-05-01,5,NL132,Zuidoost-Drenthe,Agricultural Economic Loss,0,0.1231678687309169,2.271449089050293,wet,1
2024-06-01,6,NL132,Zuidoost-Drenthe,Agricultural Economic Loss,0,0.10215286008667952,2.8965072631835938,wet,1
2024-07-01,7,NL132,Zuidoost-Drenthe,Agricultural Economic Loss,0,0.10998096242392173,2.828998327255249,wet,1
2024-08-01,8,NL132,Zuidoost-Drenthe,Agricultural Economic Loss,0,0.16413677021867,2.8166348934173584,wet,1
2024-09-01,9,NL132,Zuidoost-Drenthe,Agricultural Economic Loss,0,0.12983616930303396,3.1048576831817627,wet,1
2024-10-01,10,NL132,Zuidoost-Drenthe,Agricultural Economic Loss,0,0.07827729308082215,2.167729139328003,wet,1
2024-11-01,11,NL132,Zuidoost-Drenthe,Agricultural Economic Loss,0,0.08606170215244228,1.7443439960479736,wet,1
2024-12-01,12,NL132,Zuidoost-Drenthe,Agricultural Economic Loss,0,0.0625101214031681,1.2934812307357788,wet,1
2025-01-01,1,NL132,Zuidoost-Drenthe,Agricultural Economic Loss,0,0.10743928482724983,1.196232557296753,wet,1
2025-02-01,2,NL132,Zuidoost-Drenthe,Agricultural Economic Loss,0,0.13046379740073538,0.622021496295929,near_normal,1
2025-03-01,3,NL132,Zuidoost-Drenthe,Agricultural Economic Loss,0,0.2902772408053176,0.29568547010421753,near_normal,1
2025-04-01,4,NL132,Zuidoost-Drenthe,Agricultural Economic Loss,0,0.3765818334420826,-0.27435654401779175,near_normal,1
2025-05-01,5,NL132,Zuidoost-Drenthe,Agricultural Economic Loss,0,0.477775954930561,-0.8413411974906921,near_normal,1
2025-06-01,6,NL132,Zuidoost-Drenthe,Agricultural Economic Loss,0,0.5207977898296333,-0.9112480282783508,near_normal,1
2025-07-01,7,NL132,Zuidoost-Drenthe,Agricultural Economic Loss,0,0.46089195367132224,-1.104096531867981,dry,1
2025-08-01,8,NL132,Zuidoost-Drenthe,Agricultural Economic Loss,0,0.5433631444368167,-1.2686371803283691,dry,1
2025-09-01,9,NL132,Zuidoost-Drenthe,Agricultural Economic Loss,0,0.2349011691689451,-1.3522844314575195,dry,1
2023-12-01,12,NL133,Zuidwest-Drenthe,Agricultural Economic Loss,0,0.04727936446216413,1.7844210863113403,wet,1
2024-01-01,1,NL133,Zuidwest-Drenthe,Agricultural Economic Loss,0,0.07191159983504644,1.72472482919693,wet,1
2024-02-01,2,NL133,Zuidwest-Drenthe,Agricultural Economic Loss,0,0.0710389926913021,2.0366421341896057,wet,1
2024-03-01,3,NL133,Zuidwest-Drenthe,Agricultural Economic Loss,0,0.06858833665442973,1.7058511972427368,wet,1
2024-04-01,4,NL133,Zuidwest-Drenthe,Agricultural Economic Loss,0,0.08782799224983183,1.8357419967651367,wet,1
2024-05-01,5,NL133,Zuidwest-Drenthe,Agricultural Economic Loss,0,0.16435312569790364,2.266860604286194,wet,1
2024-06-01,6,NL133,Zuidwest-Drenthe,Agricultural Economic Loss,0,0.14707754498313044,2.907911777496338,wet,1
2024-07-01,7,NL133,Zuidwest-Drenthe,Agricultural Economic Loss,0,0.16818588064124007,2.7513095140457153,wet,1
2024-08-01,8,NL133,Zuidwest-Drenthe,Agricultural Economic Loss,0,0.23794964285209497,2.632028818130493,wet,1
2024-09-01,9,NL133,Zuidwest-Drenthe,Agricultural Economic Loss,0,0.16522290898229905,3.0397181510925293,wet,1
2024-10-01,10,NL133,Zuidwest-Drenthe,Agricultural Economic Loss,0,0.10775582691210231,2.1555556058883667,wet,1
2024-11-01,11,NL133,Zuidwest-Drenthe,Agricultural Economic Loss,0,0.1347009402960599,1.7173022627830505,wet,1
2024-12-01,12,NL133,Zuidwest-Drenthe,Agricultural Economic Loss,0,0.10425713653340865,1.3606191873550415,wet,1
2025-01-01,1,NL133,Zuidwest-Drenthe,Agricultural Economic Loss,0,0.15623668003196914,1.2867012023925781,wet,1
2025-02-01,2,NL133,Zuidwest-Drenthe,Agricultural Economic Loss,0,0.19641287779220382,0.6509714722633362,near_normal,1
2025-03-01,3,NL133,Zuidwest-Drenthe,Agricultural Economic Loss,0,0.4026178681561111,0.2719087675213814,near_normal,1
2025-04-01,4,NL133,Zuidwest-Drenthe,Agricultural Economic Loss,0,0.47655515034451457,-0.26466917246580124,near_normal,1
2025-05-01,5,NL133,Zuidwest-Drenthe,Agricultural Economic Loss,0,0.5616581138079246,-0.8783625960350037,near_normal,1
2025-06-01,6,NL133,Zuidwest-Drenthe,Agricultural Economic Loss,0,0.6111988419411631,-0.9638475477695465,near_normal,1
2025-07-01,7,NL133,Zuidwest-Drenthe,Agricultural Economic Loss,0,0.5733164588719163,-1.0526711344718933,dry,1
2025-08-01,8,NL133,Zuidwest-Drenthe,Agricultural Economic Loss,0,0.6577803173507065,-1.2207630276679993,dry,1
2025-09-01,9,NL133,Zuidwest-Drenthe,Agricultural Economic Loss,0,0.3291909937575677,-1.363072395324707,dry,1
2023-12-01,12,NL211,Noord-Overijssel,Agricultural Economic Loss,0,0.07008433239554085,1.8763700723648071,wet,1
2024-01-01,1,NL211,Noord-Overijssel,Agricultural Economic Loss,0,0.10064751335444064,1.8030700087547302,wet,1
2024-02-01,2,NL211,Noord-Overijssel,Agricultural Economic Loss,0,0.09932135091053866,2.1056063175201416,wet,1
2024-03-01,3,NL211,Noord-Overijssel,Agricultural Economic Loss,0,0.09320312838387439,1.7778285145759583,wet,1
2024-04-01,4,NL211,Noord-Overijssel,Agricultural Economic Loss,0,0.12619581314913714,1.8979318737983704,wet,1
2024-05-01,5,NL211,Noord-Overijssel,Agricultural Economic Loss,0,0.21305661498946682,2.330261468887329,wet,1
2024-06-01,6,NL211,Noord-Overijssel,Agricultural Economic Loss,0,0.19987417820408163,2.892736077308655,wet,1
2024-07-01,7,NL211,Noord-Overijssel,Agricultural Economic Loss,0,0.19984241531010344,2.926464080810547,wet,1
2024-08-01,8,NL211,Noord-Overijssel,Agricultural Economic Loss,0,0.2775823888965083,2.801928162574768,wet,1
2024-09-01,9,NL211,Noord-Overijssel,Agricultural Economic Loss,0,0.2123350862097473,3.1640535593032837,wet,1
2024-10-01,10,NL211,Noord-Overijssel,Agricultural Economic Loss,0,0.1406359906270098,2.2690484523773193,wet,1
2024-11-01,11,NL211,Noord-Overijssel,Agricultural Economic Loss,0,0.17512446742768245,1.8291608691215515,wet,1
2024-12-01,12,NL211,Noord-Overijssel,Agricultural Economic Loss,0,0.13837744018035472,1.4506611824035645,wet,1
2025-01-01,1,NL211,Noord-Overijssel,Agricultural Economic Loss,0,0.20290702069504513,1.3931864500045776,wet,1
2025-02-01,2,NL211,Noord-Overijssel,Agricultural Economic Loss,0,0.2455257990923141,0.753440797328949,near_normal,1
2025-03-01,3,NL211,Noord-Overijssel,Agricultural Economic Loss,0,0.47760205509656717,0.3611278682947159,near_normal,1
2025-04-01,4,NL211,Noord-Overijssel,Agricultural Economic Loss,0,0.5493232118921586,-0.20052483677864075,near_normal,1
2025-05-01,5,NL211,Noord-Overijssel,Agricultural Economic Loss,0,0.6420069489383966,-0.8454030454158783,near_normal,1
2025-06-01,6,NL211,Noord-Overijssel,Agricultural Economic Loss,0,0.6890705598579184,-0.9478132128715515,near_normal,1
2025-07-01,7,NL211,Noord-Overijssel,Agricultural Economic Loss,0,0.6497370795043075,-1.0653294920921326,dry,1
2025-08-01,8,NL211,Noord-Overijssel,Agricultural Economic Loss,0,0.7103607643191443,-1.2702912092208862,dry,1
2025-09-01,9,NL211,Noord-Overijssel,Agricultural Economic Loss,0,0.3898724060795386,-1.3825294971466064,dry,1
2023-12-01,12,NL212,Zuidwest-Overijssel,Agricultural Economic Loss,0,0.13603658939250204,1.9005659818649292,wet,1
2024-01-01,1,NL212,Zuidwest-Overijssel,Agricultural Economic Loss,0,0.17393480358528166,1.8292285203933716,wet,1
2024-02-01,2,NL212,Zuidwest-Overijssel,Agricultural Economic Loss,0,0.18640919816674636,2.213228702545166,wet,1
2024-03-01,3,NL212,Zuidwest-Overijssel,Agricultural Economic Loss,0,0.1728667413581808,1.849002480506897,wet,1
2024-04-01,4,NL212,Zuidwest-Overijssel,Agricultural Economic Loss,0,0.23049173830100528,1.9571956396102905,wet,1
2024-05-01,5,NL212,Zuidwest-Overijssel,Agricultural Economic Loss,0,0.3351543082833276,2.3873307704925537,wet,1
2024-06-01,6,NL212,Zuidwest-Overijssel,Agricultural Economic Loss,0,0.35131761164284825,2.8320765495300293,wet,1
2024-07-01,7,NL212,Zuidwest-Overijssel,Agricultural Economic Loss,0,0.34805076816417463,3.2399985790252686,wet,1
2024-08-01,8,NL212,Zuidwest-Overijssel,Agricultural Economic Loss,0,0.43833065575018904,2.890531063079834,wet,1
2024-09-01,9,NL212,Zuidwest-Overijssel,Agricultural Economic Loss,0,0.35428262715543085,3.281804084777832,wet,1
2024-10-01,10,NL212,Zuidwest-Overijssel,Agricultural Economic Loss,0,0.24751213598402289,2.341593027114868,wet,1
2024-11-01,11,NL212,Zuidwest-Overijssel,Agricultural Economic Loss,0,0.29076858525503607,1.9496963024139404,wet,1
2024-12-01,12,NL212,Zuidwest-Overijssel,Agricultural Economic Loss,0,0.23871130568064486,1.6000728607177734,wet,1
2025-01-01,1,NL212,Zuidwest-Overijssel,Agricultural Economic Loss,0,0.3155006108079549,1.6217764616012573,wet,1
2025-02-01,2,NL212,Zuidwest-Overijssel,Agricultural Economic Loss,0,0.3805005181774173,0.9912475943565369,near_normal,1
2025-03-01,3,NL212,Zuidwest-Overijssel,Agricultural Economic Loss,0,0.6593572736182441,0.5870882868766785,near_normal,1
2025-04-01,4,NL212,Zuidwest-Overijssel,Agricultural Economic Loss,0,0.7260306470109315,-0.03741263225674629,near_normal,1
2025-05-01,5,NL212,Zuidwest-Overijssel,Agricultural Economic Loss,0,0.7772710312713027,-0.7523486614227295,near_normal,1
2025-06-01,6,NL212,Zuidwest-Overijssel,Agricultural Economic Loss,0,0.8238621714411959,-0.9098113179206848,near_normal,1
2025-07-01,7,NL212,Zuidwest-Overijssel,Agricultural Economic Loss,0,0.7923365538401468,-1.0562019348144531,dry,1
2025-08-01,8,NL212,Zuidwest-Overijssel,Agricultural Economic Loss,0,0.8384310437825089,-1.332362413406372,dry,1
2025-09-01,9,NL212,Zuidwest-Overijssel,Agricultural Economic Loss,0,0.5781247290775194,-1.4136707782745361,dry,1
2023-12-01,12,NL213,Twente,Agricultural Economic Loss,0,0.1580488007904488,1.877382477124532,wet,1
2024-01-01,1,NL213,Twente,Agricultural Economic Loss,0,0.21294003841533085,1.7741056680679321,wet,1
2024-02-01,2,NL213,Twente,Agricultural Economic Loss,0,0.22787445370431303,2.1074114640553794,wet,1
2024-03-01,3,NL213,Twente,Agricultural Economic Loss,0,0.23271302707423255,1.7495448191960652,wet,1
2024-04-01,4,NL213,Twente,Agricultural Economic Loss,0,0.2763973175832131,1.8394211530685425,wet,1
2024-05-01,5,NL213,Twente,Agricultural Economic Loss,0,0.38811519402650246,2.2049256960550943,wet,1
2024-06-01,6,NL213,Twente,Agricultural Economic Loss,0,0.41686313607109843,2.5858238538106284,wet,1
2024-07-01,7,NL213,Twente,Agricultural Economic Loss,0,0.35182312490123935,2.9343260129292807,wet,1
2024-08-01,8,NL213,Twente,Agricultural Economic Loss,0,0.43967059851886553,2.6960832277933755,wet,1
2024-09-01,9,NL213,Twente,Agricultural Economic Loss,0,0.4042035866376242,3.2426631450653076,wet,1
2024-10-01,10,NL213,Twente,Agricultural Economic Loss,0,0.28141753637603395,2.2757716178894043,wet,1
2024-11-01,11,NL213,Twente,Agricultural Economic Loss,0,0.32938926667748136,1.856828014055888,wet,1
2024-12-01,12,NL213,Twente,Agricultural Economic Loss,0,0.2612138222445416,1.449364145596822,wet,1
2025-01-01,1,NL213,Twente,Agricultural Economic Loss,0,0.32535070588794346,1.4633930921554565,wet,1
2025-02-01,2,NL213,Twente,Agricultural Economic Loss,0,0.4020557879984003,0.8273681799570719,near_normal,1
2025-03-01,3,NL213,Twente,Agricultural Economic Loss,0,0.680753268787677,0.45466773708661395,near_normal,1
2025-04-01,4,NL213,Twente,Agricultural Economic Loss,0,0.7461647888096279,-0.08532259364922841,near_normal,1
2025-05-01,5,NL213,Twente,Agricultural Economic Loss,0,0.8012567574651044,-0.7380898396174113,near_normal,1
2025-06-01,6,NL213,Twente,Agricultural Economic Loss,0,0.8454901903550007,-0.8258537650108337,near_normal,1
2025-07-01,7,NL213,Twente,Agricultural Economic Loss,0,0.8275101778235696,-0.9453806678454081,near_normal,1
2025-08-01,8,NL213,Twente,Agricultural Economic Loss,0,0.8667173445950747,-1.2185680468877156,dry,1
2025-09-01,9,NL213,Twente,Agricultural Economic Loss,0,0.6235467582094157,-1.2572739521662395,dry,1
2023-12-01,12,NL221,Veluwe,Agricultural Economic Loss,0,0.18096493472180014,1.9351237614949544,wet,1
2024-01-01,1,NL221,Veluwe,Agricultural Economic Loss,0,0.21849087573868095,1.8073323965072632,wet,1
2024-02-01,2,NL221,Veluwe,Agricultural Economic Loss,0,0.2285335358796277,2.2413116296132407,wet,1
2024-03-01,3,NL221,Veluwe,Agricultural Economic Loss,0,0.20939014860120125,1.8151774009068806,wet,1
2024-04-01,4,NL221,Veluwe,Agricultural Economic Loss,1,0.2830493900967201,2.02529247601827,wet,1
2024-05-01,5,NL221,Veluwe,Agricultural Economic Loss,0,0.41166236544181495,2.5431505044301352,wet,1
2024-06-01,6,NL221,Veluwe,Agricultural Economic Loss,0,0.46261954573772346,2.9275620778401694,wet,1
2024-07-01,7,NL221,Veluwe,Agricultural Economic Loss,0,0.4598498358521139,3.333141009012858,wet,1
2024-08-01,8,NL221,Veluwe,Agricultural Economic Loss,0,0.5261655957218232,2.8060739040374756,wet,1
2024-09-01,9,NL221,Veluwe,Agricultural Economic Loss,0,0.4264475405669468,3.3057305812835693,wet,1
2024-10-01,10,NL221,Veluwe,Agricultural Economic Loss,0,0.31599375563699117,2.3737645149230957,wet,1
2024-11-01,11,NL221,Veluwe,Agricultural Economic Loss,0,0.36959793959259674,1.9296060800552368,wet,1
2024-12-01,12,NL221,Veluwe,Agricultural Economic Loss,0,0.3127334611140924,1.6137422720591228,wet,1
2025-01-01,1,NL221,Veluwe,Agricultural Economic Loss,0,0.38620707149662253,1.6722465356190999,wet,1
2025-02-01,2,NL221,Veluwe,Agricultural Economic Loss,0,0.4826763996624319,1.0694556037584941,wet,1
2025-03-01,3,NL221,Veluwe,Agricultural Economic Loss,0,0.7650242336652733,0.6522466341654459,near_normal,1
2025-04-01,4,NL221,Veluwe,Agricultural Economic Loss,0,0.8003070381168663,-0.03821267498036226,near_normal,1
2025-05-01,5,NL221,Veluwe,Agricultural Economic Loss,0,0.8268682797573467,-0.8415002226829529,near_normal,1
2025-06-01,6,NL221,Veluwe,Agricultural Economic Loss,0,0.870453992804158,-0.9649274547894796,near_normal,1
2025-07-01,7,NL221,Veluwe,Agricultural Economic Loss,0,0.8521703516013206,-1.1212384700775146,dry,1
2025-08-01,8,NL221,Veluwe,Agricultural Economic Loss,0,0.8845238811355595,-1.4766345818837483,dry,1
2025-09-01,9,NL221,Veluwe,Agricultural Economic Loss,0,0.6549252458035012,-1.5261424779891968,dry,1
2023-12-01,12,NL224,Zuidwest-Gelderland,Agricultural Economic Loss,0,0.08294093835608202,1.9365487098693848,wet,1
2024-01-01,1,NL224,Zuidwest-Gelderland,Agricultural Economic Loss,0,0.09681155664215246,1.685375452041626,wet,1
2024-02-01,2,NL224,Zuidwest-Gelderland,Agricultural Economic Loss,0,0.09596994785338595,2.1737860441207886,wet,1
2024-03-01,3,NL224,Zuidwest-Gelderland,Agricultural Economic Loss,0,0.08275623636070523,1.7497069239616394,wet,1
2024-04-01,4,NL224,Zuidwest-Gelderland,Agricultural Economic Loss,0,0.12936194596503656,2.014431595802307,wet,1
2024-05-01,5,NL224,Zuidwest-Gelderland,Agricultural Economic Loss,0,0.21932925979611448,2.511814832687378,wet,1
2024-06-01,6,NL224,Zuidwest-Gelderland,Agricultural Economic Loss,0,0.2585650313619975,2.8723764419555664,wet,1
2024-07-01,7,NL224,Zuidwest-Gelderland,Agricultural Economic Loss,0,0.21921995106660896,3.360319137573242,wet,1
2024-08-01,8,NL224,Zuidwest-Gelderland,Agricultural Economic Loss,0,0.2529480420725133,2.7078782320022583,wet,1
2024-09-01,9,NL224,Zuidwest-Gelderland,Agricultural Economic Loss,0,0.17498128426234982,3.562034487724304,wet,1
2024-10-01,10,NL224,Zuidwest-Gelderland,Agricultural Economic Loss,0,0.14309714677179064,2.6191734075546265,wet,1
2024-11-01,11,NL224,Zuidwest-Gelderland,Agricultural Economic Loss,0,0.16128593037573066,2.088479518890381,wet,1
2024-12-01,12,NL224,Zuidwest-Gelderland,Agricultural Economic Loss,0,0.13256228967996037,1.848576307296753,wet,1
2025-01-01,1,NL224,Zuidwest-Gelderland,Agricultural Economic Loss,0,0.1605393196637445,1.9212733507156372,wet,1
2025-02-01,2,NL224,Zuidwest-Gelderland,Agricultural Economic Loss,0,0.22910977597431204,1.400187075138092,wet,1
2025-03-01,3,NL224,Zuidwest-Gelderland,Agricultural Economic Loss,0,0.5568703646128146,0.972754567861557,near_normal,1
2025-04-01,4,NL224,Zuidwest-Gelderland,Agricultural Economic Loss,0,0.573895093690518,0.29149629175662994,near_normal,1
2025-05-01,5,NL224,Zuidwest-Gelderland,Agricultural Economic Loss,0,0.6328154268320797,-0.6283363997936249,near_normal,1
2025-06-01,6,NL224,Zuidwest-Gelderland,Agricultural Economic Loss,0,0.7001784620523667,-0.8211278021335602,near_normal,1
2025-07-01,7,NL224,Zuidwest-Gelderland,Agricultural Economic Loss,0,0.6841945133702584,-1.0137033462524414,dry,1
2025-08-01,8,NL224,Zuidwest-Gelderland,Agricultural Economic Loss,0,0.7128128413320114,-1.4959520101547241,dry,1
2025-09-01,9,NL224,Zuidwest-Gelderland,Agricultural Economic Loss,0,0.3837112720881982,-1.5776581168174744,dry,1
2023-12-01,12,NL225,Achterhoek,Agricultural Economic Loss,1,0.2342732862254557,1.9582886695861816,wet,1
2024-01-01,1,NL225,Achterhoek,Agricultural Economic Loss,0,0.3008720764508762,1.805512011051178,wet,1
2024-02-01,2,NL225,Achterhoek,Agricultural Economic Loss,0,0.30790965113294594,2.2859821915626526,wet,1
2024-03-01,3,NL225,Achterhoek,Agricultural Economic Loss,0,0.3058780959208546,1.7744671404361725,wet,1
2024-04-01,4,NL225,Achterhoek,Agricultural Economic Loss,0,0.3842032284743789,1.8754302561283112,wet,1
2024-05-01,5,NL225,Achterhoek,Agricultural Economic Loss,1,0.5126980788052924,2.249455988407135,wet,1
2024-06-01,6,NL225,Achterhoek,Agricultural Economic Loss,0,0.5793209377839904,2.5028456449508667,wet,1
2024-07-01,7,NL225,Achterhoek,Agricultural Economic Loss,0,0.46485883919835896,2.9508511424064636,wet,1
2024-08-01,8,NL225,Achterhoek,Agricultural Economic Loss,0,0.531202092376211,2.5167282819747925,wet,1
2024-09-01,9,NL225,Achterhoek,Agricultural Economic Loss,0,0.48386441727488944,3.3198123574256897,wet,1
2024-10-01,10,NL225,Achterhoek,Agricultural Economic Loss,0,0.37633757878387214,2.387208878993988,wet,1
2024-11-01,11,NL225,Achterhoek,Agricultural Economic Loss,0,0.41953935672562254,1.9416667819023132,wet,1
2024-12-01,12,NL225,Achterhoek,Agricultural Economic Loss,0,0.3452980669297972,1.5921784937381744,wet,1
2025-01-01,1,NL225,Achterhoek,Agricultural Economic Loss,0,0.3838951919870531,1.7311365902423859,wet,1
2025-02-01,2,NL225,Achterhoek,Agricultural Economic Loss,0,0.4883730357797142,1.0746888369321823,wet,1
2025-03-01,3,NL225,Achterhoek,Agricultural Economic Loss,0,0.7499510688674152,0.6834009438753128,near_normal,1
2025-04-01,4,NL225,Achterhoek,Agricultural Economic Loss,0,0.8005768054426843,0.09695965144783258,near_normal,1
2025-05-01,5,NL225,Achterhoek,Agricultural Economic Loss,0,0.8474364328942581,-0.612250030040741,near_normal,1
2025-06-01,6,NL225,Achterhoek,Agricultural Economic Loss,0,0.8896120117538103,-0.7061386853456497,near_normal,1
2025-07-01,7,NL225,Achterhoek,Agricultural Economic Loss,0,0.8836546763570783,-0.8033000975847244,near_normal,1
2025-08-01,8,NL225,Achterhoek,Agricultural Economic Loss,0,0.914690370466919,-1.172307550907135,dry,1
2025-09-01,9,NL225,Achterhoek,Agricultural Economic Loss,1,0.7307386030703583,-1.218297392129898,dry,1
2023-12-01,12,NL226,Arnhem/Nijmegen,Agricultural Economic Loss,0,0.13232232625244245,2.0403103033701577,wet,1
2024-01-01,1,NL226,Arnhem/Nijmegen,Agricultural Economic Loss,0,0.17058392042469478,1.8382607301076253,wet,1
2024-02-01,2,NL226,Arnhem/Nijmegen,Agricultural Economic Loss,0,0.1749603870792835,2.3888396422068277,wet,1
2024-03-01,3,NL226,Arnhem/Nijmegen,Agricultural Economic Loss,0,0.16964239470938408,1.8225633303324382,wet,1
2024-04-01,4,NL226,Arnhem/Nijmegen,Agricultural Economic Loss,0,0.22864734521675834,2.003558794657389,wet,1
2024-05-01,5,NL226,Arnhem/Nijmegen,Agricultural Economic Loss,0,0.36227467760350673,2.5283732414245605,wet,1
2024-06-01,6,NL226,Arnhem/Nijmegen,Agricultural Economic Loss,0,0.4322279022064021,2.8170496622721353,wet,1
2024-07-01,7,NL226,Arnhem/Nijmegen,Agricultural Economic Loss,0,0.3248293788941446,3.480062961578369,wet,1
2024-08-01,8,NL226,Arnhem/Nijmegen,Agricultural Economic Loss,0,0.3732900242064785,2.6924848556518555,wet,1
2024-09-01,9,NL226,Arnhem/Nijmegen,Agricultural Economic Loss,0,0.3003390387561666,3.6542739868164062,wet,1
2024-10-01,10,NL226,Arnhem/Nijmegen,Agricultural Economic Loss,0,0.2346643681410523,2.6188717683156333,wet,1
2024-11-01,11,NL226,Arnhem/Nijmegen,Agricultural Economic Loss,0,0.2614936664286017,2.119877894719442,wet,1
2024-12-01,12,NL226,Arnhem/Nijmegen,Agricultural Economic Loss,0,0.21387490330507086,1.8100270827611287,wet,1
2025-01-01,1,NL226,Arnhem/Nijmegen,Agricultural Economic Loss,0,0.23535040238258365,1.9685104290644329,wet,1
2025-02-01,2,NL226,Arnhem/Nijmegen,Agricultural Economic Loss,0,0.3363577646976521,1.3947044213612874,wet,1
2025-03-01,3,NL226,Arnhem/Nijmegen,Agricultural Economic Loss,0,0.633132300317919,0.9596504171689352,near_normal,1
2025-04-01,4,NL226,Arnhem/Nijmegen,Agricultural Economic Loss,0,0.6883913129743289,0.3398151993751526,near_normal,1
2025-05-01,5,NL226,Arnhem/Nijmegen,Agricultural Economic Loss,0,0.7400172874103518,-0.5684083700180054,near_normal,1
2025-06-01,6,NL226,Arnhem/Nijmegen,Agricultural Economic Loss,0,0.804866924312708,-0.671301543712616,near_normal,1
2025-07-01,7,NL226,Arnhem/Nijmegen,Agricultural Economic Loss,0,0.8075664976950073,-0.846276581287384,near_normal,1
2025-08-01,8,NL226,Arnhem/Nijmegen,Agricultural Economic Loss,0,0.8349358767014496,-1.2885345220565796,dry,1
2025-09-01,9,NL226,Arnhem/Nijmegen,Agricultural Economic Loss,0,0.5626181951437397,-1.3259549935658772,dry,1
2023-12-01,12,NL230,Flevoland,Agricultural Economic Loss,0,0.07413179958203144,1.8151381413141887,wet,1
2024-01-01,1,NL230,Flevoland,Agricultural Economic Loss,0,0.09929766336463551,1.6810797452926636,wet,1
2024-02-01,2,NL230,Flevoland,Agricultural Economic Loss,0,0.09950353237070543,2.042652944723765,wet,1
2024-03-01,3,NL230,Flevoland,Agricultural Economic Loss,0,0.08614822248766361,1.7197583715120952,wet,1
2024-04-01,4,NL230,Flevoland,Agricultural Economic Loss,0,0.15011709483276536,1.9411502679189045,wet,1
2024-05-01,5,NL230,Flevoland,Agricultural Economic Loss,0,0.24787323727317004,2.439574877421061,wet,1
2024-06-01,6,NL230,Flevoland,Agricultural Economic Loss,0,0.24966182847747068,2.9559825658798218,wet,1
2024-07-01,7,NL230,Flevoland,Agricultural Economic Loss,0,0.25686261928001447,2.801535407702128,wet,1
2024-08-01,8,NL230,Flevoland,Agricultural Economic Loss,0,0.30585955554974226,2.583793560663859,wet,1
2024-09-01,9,NL230,Flevoland,Agricultural Economic Loss,0,0.20478244731775208,2.821715792020162,wet,1
2024-10-01,10,NL230,Flevoland,Agricultural Economic Loss,0,0.16809372379182821,2.08377875884374,wet,1
2024-11-01,11,NL230,Flevoland,Agricultural Economic Loss,0,0.20370091664128462,1.6295397281646729,wet,1
2024-12-01,12,NL230,Flevoland,Agricultural Economic Loss,0,0.16511868020752513,1.3571658531824748,wet,1
2025-01-01,1,NL230,Flevoland,Agricultural Economic Loss,0,0.24460395407616103,1.31018461783727,wet,1
2025-02-01,2,NL230,Flevoland,Agricultural Economic Loss,0,0.3141203891135213,0.681924487153689,near_normal,1
2025-03-01,3,NL230,Flevoland,Agricultural Economic Loss,0,0.5913430456612104,0.25594955605144304,near_normal,1
2025-04-01,4,NL230,Flevoland,Agricultural Economic Loss,0,0.5967863875699625,-0.42615289986133575,near_normal,1
2025-05-01,5,NL230,Flevoland,Agricultural Economic Loss,0,0.642601338127208,-1.02263805270195,dry,1
2025-06-01,6,NL230,Flevoland,Agricultural Economic Loss,0,0.7056399228993482,-1.1407394806543987,dry,1
2025-07-01,7,NL230,Flevoland,Agricultural Economic Loss,0,0.6874039697552004,-1.2951755126317341,dry,1
2025-08-01,8,NL230,Flevoland,Agricultural Economic Loss,0,0.7123758044764398,-1.5772170821825664,dry,1
2025-09-01,9,NL230,Flevoland,Agricultural Economic Loss,0,0.41013379540006156,-1.6643696029980977,dry,1
2023-12-01,12,NL310,Utrecht,Agricultural Economic Loss,0,0.07245805471632755,1.8131556908289592,wet,1
2024-01-01,1,NL310,Utrecht,Agricultural Economic Loss,0,0.08988606563475661,1.6331657965977986,wet,1
2024-02-01,2,NL310,Utrecht,Agricultural Economic Loss,0,0.08638982551121184,2.060304045677185,wet,1
2024-03-01,3,NL310,Utrecht,Agricultural Economic Loss,0,0.06970533815465894,1.6860721111297607,wet,1
2024-04-01,4,NL310,Utrecht,Agricultural Economic Loss,0,0.12404637073730448,1.934793512026469,wet,1
2024-05-01,5,NL310,Utrecht,Agricultural Economic Loss,0,0.20643520433153098,2.4599483807881675,wet,1
2024-06-01,6,NL310,Utrecht,Agricultural Economic Loss,0,0.24295350161747317,2.8643977642059326,wet,1
2024-07-01,7,NL310,Utrecht,Agricultural Economic Loss,0,0.24018226562997133,2.9952971935272217,wet,1
2024-08-01,8,NL310,Utrecht,Agricultural Economic Loss,0,0.2917864383784212,2.573964277903239,wet,1
2024-09-01,9,NL310,Utrecht,Agricultural Economic Loss,0,0.18148141521931932,2.949850559234619,wet,1
2024-10-01,10,NL310,Utrecht,Agricultural Economic Loss,0,0.14240459391497715,2.2675256729125977,wet,1
2024-11-01,11,NL310,Utrecht,Agricultural Economic Loss,0,0.16628258841707974,1.8243724505106609,wet,1
2024-12-01,12,NL310,Utrecht,Agricultural Economic Loss,0,0.12871594673662745,1.599138617515564,wet,1
2025-01-01,1,NL310,Utrecht,Agricultural Economic Loss,0,0.1792329594084115,1.6418602069218953,wet,1
2025-02-01,2,NL310,Utrecht,Agricultural Economic Loss,0,0.24989895745001334,1.0959928433100383,wet,1
2025-03-01,3,NL310,Utrecht,Agricultural Economic Loss,0,0.5669670001201484,0.6640455524126688,near_normal,1
2025-04-01,4,NL310,Utrecht,Agricultural Economic Loss,0,0.5688915793411368,-0.07301297783851624,near_normal,1
2025-05-01,5,NL310,Utrecht,Agricultural Economic Loss,0,0.6112901254914567,-0.8883529901504517,near_normal,1
2025-06-01,6,NL310,Utrecht,Agricultural Economic Loss,1,0.6822931182709744,-1.0327074925104778,dry,1
2025-07-01,7,NL310,Utrecht,Agricultural Economic Loss,0,0.663754346184573,-1.170036753018697,dry,1
2025-08-01,8,NL310,Utrecht,Agricultural Economic Loss,0,0.6944377451014321,-1.5849626461664836,dry,1
2025-09-01,9,NL310,Utrecht,Agricultural Economic Loss,0,0.3688779094689655,-1.695322314898173,dry,1
2023-12-01,12,NL321,Kop van Noord-Holland,Agricultural Economic Loss,0,0.0931307253509675,1.812544584274292,wet,1
2024-01-01,1,NL321,Kop van Noord-Holland,Agricultural Economic Loss,0,0.13486013724092014,1.6329838037490845,wet,1
2024-02-01,2,NL321,Kop van Noord-Holland,Agricultural Economic Loss,0,0.13429777259220388,1.9536860883235931,wet,1
2024-03-01,3,NL321,Kop van Noord-Holland,Agricultural Economic Loss,0,0.15062986491944416,1.7587225437164307,wet,1
2024-04-01,4,NL321,Kop van Noord-Holland,Agricultural Economic Loss,0,0.2317863906741699,2.091783583164215,wet,1
2024-05-01,5,NL321,Kop van Noord-Holland,Agricultural Economic Loss,0,0.40680943020389065,2.2810864448547363,wet,1
2024-06-01,6,NL321,Kop van Noord-Holland,Agricultural Economic Loss,0,0.41470353925819026,2.7499186396598816,wet,1
2024-07-01,7,NL321,Kop van Noord-Holland,Agricultural Economic Loss,0,0.3323282198421095,2.32273006439209,wet,1
2024-08-01,8,NL321,Kop van Noord-Holland,Agricultural Economic Loss,1,0.464273645668758,2.314435124397278,wet,1
2024-09-01,9,NL321,Kop van Noord-Holland,Agricultural Economic Loss,0,0.28971027212121486,2.3948420882225037,wet,1
2024-10-01,10,NL321,Kop van Noord-Holland,Agricultural Economic Loss,0,0.3085259353198101,1.7925672829151154,wet,1
2024-11-01,11,NL321,Kop van Noord-Holland,Agricultural Economic Loss,0,0.29882185661443816,1.154409036040306,wet,1
2024-12-01,12,NL321,Kop van Noord-Holland,Agricultural Economic Loss,0,0.268872099984772,0.8799158334732056,near_normal,1
2025-01-01,1,NL321,Kop van Noord-Holland,Agricultural Economic Loss,0,0.39845105675829195,0.7503800988197327,near_normal,1
2025-02-01,2,NL321,Kop van Noord-Holland,Agricultural Economic Loss,0,0.44576587535230244,0.1837369699496776,near_normal,1
2025-03-01,3,NL321,Kop van Noord-Holland,Agricultural Economic Loss,0,0.6607289068636742,-0.19919294212013483,near_normal,1
2025-04-01,4,NL321,Kop van Noord-Holland,Agricultural Economic Loss,0,0.7028105699023892,-0.8529584109783173,near_normal,1
2025-05-01,5,NL321,Kop van Noord-Holland,Agricultural Economic Loss,1,0.754737179523085,-1.0707411617040634,dry,1
2025-06-01,6,NL321,Kop van Noord-Holland,Agricultural Economic Loss,0,0.7685127577046557,-1.2265169620513916,dry,1
2025-07-01,7,NL321,Kop van Noord-Holland,Agricultural Economic Loss,0,0.7661712648414071,-1.3985914885997772,dry,1
2025-08-01,8,NL321,Kop van Noord-Holland,Agricultural Economic Loss,0,0.7441681325618599,-1.6699672937393188,dry,1
2025-09-01,9,NL321,Kop van Noord-Holland,Agricultural Economic Loss,0,0.48166480145532103,-1.6399725377559662,dry,1
2023-12-01,12,NL323,IJmond,Agricultural Economic Loss,0,0.024855540725100846,1.9724016189575195,wet,1
2024-01-01,1,NL323,IJmond,Agricultural Economic Loss,0,0.04247119563924784,1.7469192743301392,wet,1
2024-02-01,2,NL323,IJmond,Agricultural Economic Loss,0,0.04221936589799714,1.9654667377471924,wet,1
2024-03-01,3,NL323,IJmond,Agricultural Economic Loss,0,0.04668200238216128,1.801576018333435,wet,1
2024-04-01,4,NL323,IJmond,Agricultural Economic Loss,0,0.079534016634325,2.1092770099639893,wet,1
2024-05-01,5,NL323,IJmond,Agricultural Economic Loss,0,0.15507930465106243,2.3961286544799805,wet,1
2024-06-01,6,NL323,IJmond,Agricultural Economic Loss,0,0.15926385914373908,2.795001268386841,wet,1
2024-07-01,7,NL323,IJmond,Agricultural Economic Loss,0,0.10536520251135018,2.374518632888794,wet,1
2024-08-01,8,NL323,IJmond,Agricultural Economic Loss,0,0.16752607255748966,2.4498143196105957,wet,1
2024-09-01,9,NL323,IJmond,Agricultural Economic Loss,0,0.09298622834771486,2.5644779205322266,wet,1
2024-10-01,10,NL323,IJmond,Agricultural Economic Loss,0,0.11678558234006839,2.1055748462677,wet,1
2024-11-01,11,NL323,IJmond,Agricultural Economic Loss,0,0.09987411944221,1.2876315116882324,wet,1
2024-12-01,12,NL323,IJmond,Agricultural Economic Loss,0,0.09045209181951727,1.054290771484375,wet,1
2025-01-01,1,NL323,IJmond,Agricultural Economic Loss,0,0.14403723019491307,0.9302926659584045,near_normal,1
2025-02-01,2,NL323,IJmond,Agricultural Economic Loss,0,0.17288403335593694,0.3864094913005829,near_normal,1
2025-03-01,3,NL323,IJmond,Agricultural Economic Loss,0,0.38591792571699673,-0.0300010796636343,near_normal,1
2025-04-01,4,NL323,IJmond,Agricultural Economic Loss,0,0.386513957154399,-0.679432213306427,near_normal,1
2025-05-01,5,NL323,IJmond,Agricultural Economic Loss,0,0.44928049442816026,-1.0121432542800903,dry,1
2025-06-01,6,NL323,IJmond,Agricultural Economic Loss,0,0.5007246912265233,-1.1519043445587158,dry,1
2025-07-01,7,NL323,IJmond,Agricultural Economic Loss,0,0.491292616366001,-1.336739182472229,dry,1
2025-08-01,8,NL323,IJmond,Agricultural Economic Loss,0,0.47644115342953186,-1.6172122955322266,dry,1
2025-09-01,9,NL323,IJmond,Agricultural Economic Loss,0,0.20158387295527658,-1.5776567459106445,dry,1
2023-12-01,12,NL324,Agglomeratie Haarlem,Agricultural Economic Loss,0,0.03324659617525209,1.8669588565826416,wet,1
2024-01-01,1,NL324,Agglomeratie Haarlem,Agricultural Economic Loss,0,0.05315277653720643,1.647356390953064,wet,1
2024-02-01,2,NL324,Agglomeratie Haarlem,Agricultural Economic Loss,0,0.050353233561980335,1.945382833480835,wet,1
2024-03-01,3,NL324,Agglomeratie Haarlem,Agricultural Economic Loss,0,0.05307002094246252,1.7071410417556763,wet,1
2024-04-01,4,NL324,Agglomeratie Haarlem,Agricultural Economic Loss,0,0.08807753261012982,1.988879919052124,wet,1
2024-05-01,5,NL324,Agglomeratie Haarlem,Agricultural Economic Loss,0,0.156172923550448,2.4034242630004883,wet,1
2024-06-01,6,NL324,Agglomeratie Haarlem,Agricultural Economic Loss,0,0.17282831474320118,2.8238632678985596,wet,1
2024-07-01,7,NL324,Agglomeratie Haarlem,Agricultural Economic Loss,0,0.13632608274628624,2.4710593223571777,wet,1
2024-08-01,8,NL324,Agglomeratie Haarlem,Agricultural Economic Loss,0,0.1838269292119822,2.520214796066284,wet,1
2024-09-01,9,NL324,Agglomeratie Haarlem,Agricultural Economic Loss,0,0.10797355587713894,2.598809242248535,wet,1
2024-10-01,10,NL324,Agglomeratie Haarlem,Agricultural Economic Loss,0,0.10710647708072725,2.1641006469726562,wet,1
2024-11-01,11,NL324,Agglomeratie Haarlem,Agricultural Economic Loss,0,0.10823839606669203,1.519848108291626,wet,1
2024-12-01,12,NL324,Agglomeratie Haarlem,Agricultural Economic Loss,0,0.09405912206418775,1.3313369750976562,wet,1
2025-01-01,1,NL324,Agglomeratie Haarlem,Agricultural Economic Loss,0,0.14461522091010814,1.2478913068771362,wet,1
2025-02-01,2,NL324,Agglomeratie Haarlem,Agricultural Economic Loss,0,0.1930558608508693,0.668552577495575,near_normal,1
2025-03-01,3,NL324,Agglomeratie Haarlem,Agricultural Economic Loss,0,0.423717383780287,0.24341583251953125,near_normal,1
2025-04-01,4,NL324,Agglomeratie Haarlem,Agricultural Economic Loss,0,0.44103494055987846,-0.45443814992904663,near_normal,1
2025-05-01,5,NL324,Agglomeratie Haarlem,Agricultural Economic Loss,0,0.4843634900657823,-0.9552810192108154,near_normal,1
2025-06-01,6,NL324,Agglomeratie Haarlem,Agricultural Economic Loss,0,0.5726201247266214,-1.0814781188964844,dry,1
2025-07-01,7,NL324,Agglomeratie Haarlem,Agricultural Economic Loss,0,0.5424158960152669,-1.2436511516571045,dry,1
2025-08-01,8,NL324,Agglomeratie Haarlem,Agricultural Economic Loss,0,0.5329233521381341,-1.534304141998291,dry,1
2025-09-01,9,NL324,Agglomeratie Haarlem,Agricultural Economic Loss,0,0.24149216438799492,-1.641973853111267,dry,1
2023-12-01,12,NL325,Zaanstreek,Agricultural Economic Loss,0,0.03204431228589624,1.7692939043045044,wet,1
2024-01-01,1,NL325,Zaanstreek,Agricultural Economic Loss,0,0.047093841004411545,1.6169030666351318,wet,1
2024-02-01,2,NL325,Zaanstreek,Agricultural Economic Loss,0,0.043867206884292444,1.957419753074646,wet,1
2024-03-01,3,NL325,Zaanstreek,Agricultural Economic Loss,0,0.038082388060101974,1.6453285217285156,wet,1
2024-04-01,4,NL325,Zaanstreek,Agricultural Economic Loss,0,0.07246192004427013,1.9042351245880127,wet,1
2024-05-01,5,NL325,Zaanstreek,Agricultural Economic Loss,0,0.12789467793010106,2.3876869678497314,wet,1
2024-06-01,6,NL325,Zaanstreek,Agricultural Economic Loss,0,0.15334775464920702,2.875868558883667,wet,1
2024-07-01,7,NL325,Zaanstreek,Agricultural Economic Loss,0,0.13860495256186248,2.6098756790161133,wet,1
2024-08-01,8,NL325,Zaanstreek,Agricultural Economic Loss,0,0.1780126541742998,2.4586730003356934,wet,1
2024-09-01,9,NL325,Zaanstreek,Agricultural Economic Loss,0,0.09574763508202663,2.6439425945281982,wet,1
2024-10-01,10,NL325,Zaanstreek,Agricultural Economic Loss,0,0.08416775198747464,2.0523898601531982,wet,1
2024-11-01,11,NL325,Zaanstreek,Agricultural Economic Loss,0,0.09474545937789959,1.5562342405319214,wet,1
2024-12-01,12,NL325,Zaanstreek,Agricultural Economic Loss,0,0.07696258317416145,1.3256824016571045,wet,1
2025-01-01,1,NL325,Zaanstreek,Agricultural Economic Loss,0,0.1243236783751924,1.2905166149139404,wet,1
2025-02-01,2,NL325,Zaanstreek,Agricultural Economic Loss,0,0.16750040964891613,0.7351674437522888,near_normal,1
2025-03-01,3,NL325,Zaanstreek,Agricultural Economic Loss,0,0.403808613767344,0.2895616590976715,near_normal,1
2025-04-01,4,NL325,Zaanstreek,Agricultural Economic Loss,0,0.3801566822844323,-0.44397521018981934,near_normal,1
2025-05-01,5,NL325,Zaanstreek,Agricultural Economic Loss,0,0.4544633538549634,-1.0350122451782227,dry,1
2025-06-01,6,NL325,Zaanstreek,Agricultural Economic Loss,0,0.5041222978374734,-1.1691848039627075,dry,1
2025-07-01,7,NL325,Zaanstreek,Agricultural Economic Loss,0,0.5079697953798057,-1.3288004398345947,dry,1
2025-08-01,8,NL325,Zaanstreek,Agricultural Economic Loss,0,0.5093859009773404,-1.6849058866500854,dry,1
2025-09-01,9,NL325,Zaanstreek,Agricultural Economic Loss,0,0.2352045147089073,-1.740875005722046,dry,1
2023-12-01,12,NL327,Het Gooi en Vechtstreek,Agricultural Economic Loss,0,0.08086488999823835,1.7685881853103638,wet,1
2024-01-01,1,NL327,Het Gooi en Vechtstreek,Agricultural Economic Loss,0,0.10780192561276657,1.636123776435852,wet,1
2024-03-01,3,NL327,Het Gooi en Vechtstreek,Agricultural Economic Loss,0,0.08351197331110823,1.6505409479141235,wet,1
2024-04-01,4,NL327,Het Gooi en Vechtstreek,Agricultural Economic Loss,0,0.1590811948265655,1.8591419458389282,wet,1
2024-05-01,5,NL327,Het Gooi en Vechtstreek,Agricultural Economic Loss,0,0.2516888501665219,2.378713369369507,wet,1
2024-06-01,6,NL327,Het Gooi en Vechtstreek,Agricultural Economic Loss,0,0.2715103538904482,2.898977279663086,wet,1
2024-07-01,7,NL327,Het Gooi en Vechtstreek,Agricultural Economic Loss,0,0.2872275768092871,2.7814443111419678,wet,1
2024-08-01,8,NL327,Het Gooi en Vechtstreek,Agricultural Economic Loss,0,0.3539687241290922,2.4918413162231445,wet,1
2024-09-01,9,NL327,Het Gooi en Vechtstreek,Agricultural Economic Loss,0,0.21776114106455707,2.7578084468841553,wet,1
2024-10-01,10,NL327,Het Gooi en Vechtstreek,Agricultural Economic Loss,0,0.17598144712562852,2.0412652492523193,wet,1
2024-11-01,11,NL327,Het Gooi en Vechtstreek,Agricultural Economic Loss,0,0.20722357267979746,1.6262489557266235,wet,1
2024-12-01,12,NL327,Het Gooi en Vechtstreek,Agricultural Economic Loss,0,0.16382259458445264,1.3761451244354248,wet,1
2025-01-01,1,NL327,Het Gooi en Vechtstreek,Agricultural Economic Loss,0,0.24501934695006566,1.3592329025268555,wet,1
2025-02-01,2,NL327,Het Gooi en Vechtstreek,Agricultural Economic Loss,0,0.3245594345715774,0.8063275814056396,near_normal,1
2025-03-01,3,NL327,Het Gooi en Vechtstreek,Agricultural Economic Loss,0,0.5933823882717151,0.35810184478759766,near_normal,1
2025-04-01,4,NL327,Het Gooi en Vechtstreek,Agricultural Economic Loss,0,0.6150417275686052,-0.35341763496398926,near_normal,1
2025-05-01,5,NL327,Het Gooi en Vechtstreek,Agricultural Economic Loss,0,0.6671743655575881,-1.0387662649154663,dry,1
2025-06-01,6,NL327,Het Gooi en Vechtstreek,Agricultural Economic Loss,0,0.7135187319347663,-1.1725388765335083,dry,1
2025-07-01,7,NL327,Het Gooi en Vechtstreek,Agricultural Economic Loss,0,0.7149285029841231,-1.3508493900299072,dry,1
2025-08-01,8,NL327,Het Gooi en Vechtstreek,Agricultural Economic Loss,0,0.7326285081122323,-1.7118911743164062,dry,1
2025-09-01,9,NL327,Het Gooi en Vechtstreek,Agricultural Economic Loss,0,0.41900198680474504,-1.7690833806991577,dry,1
2023-12-01,12,NL328,Alkmaar en omgeving,Agricultural Economic Loss,0,0.04994851769148524,1.902960181236267,wet,1
2024-01-01,1,NL328,Alkmaar en omgeving,Agricultural Economic Loss,0,0.0790156198003013,1.7100821137428284,wet,1
2024-02-01,2,NL328,Alkmaar en omgeving,Agricultural Economic Loss,0,0.08042226570542936,1.9593284130096436,wet,1
2024-03-01,3,NL328,Alkmaar en omgeving,Agricultural Economic Loss,1,0.0805214722824781,1.739656686782837,wet,1
2024-04-01,4,NL328,Alkmaar en omgeving,Agricultural Economic Loss,0,0.1394336849342856,2.0186948776245117,wet,1
2024-05-01,5,NL328,Alkmaar en omgeving,Agricultural Economic Loss,0,0.24933575088045404,2.3344630002975464,wet,1
2024-06-01,6,NL328,Alkmaar en omgeving,Agricultural Economic Loss,0,0.2603345870859986,2.804568648338318,wet,1
2024-07-01,7,NL328,Alkmaar en omgeving,Agricultural Economic Loss,0,0.1989603317582014,2.428522229194641,wet,1
2024-08-01,8,NL328,Alkmaar en omgeving,Agricultural Economic Loss,0,0.2859466021125014,2.425881505012512,wet,1
2024-09-01,9,NL328,Alkmaar en omgeving,Agricultural Economic Loss,0,0.16557719755758224,2.5760817527770996,wet,1
2024-10-01,10,NL328,Alkmaar en omgeving,Agricultural Economic Loss,0,0.18023613218945075,2.0169880390167236,wet,1
2024-11-01,11,NL328,Alkmaar en omgeving,Agricultural Economic Loss,0,0.17234293575109713,1.3094255328178406,wet,1
2024-12-01,12,NL328,Alkmaar en omgeving,Agricultural Economic Loss,0,0.1538904302679214,1.0511134266853333,wet,1
2025-01-01,1,NL328,Alkmaar en omgeving,Agricultural Economic Loss,0,0.23946698674492878,0.9406598210334778,near_normal,1
2025-02-01,2,NL328,Alkmaar en omgeving,Agricultural Economic Loss,0,0.2862025498604159,0.40348732471466064,near_normal,1
2025-03-01,3,NL328,Alkmaar en omgeving,Agricultural Economic Loss,0,0.5163553720122365,-0.023991535417735577,near_normal,1
2025-04-01,4,NL328,Alkmaar en omgeving,Agricultural Economic Loss,0,0.5450068191706114,-0.6851816177368164,near_normal,1
2025-05-01,5,NL328,Alkmaar en omgeving,Agricultural Economic Loss,0,0.610812674408514,-1.0560193061828613,dry,1
2025-06-01,6,NL328,Alkmaar en omgeving,Agricultural Economic Loss,0,0.6323963293474266,-1.200132429599762,dry,1
2025-07-01,7,NL328,Alkmaar en omgeving,Agricultural Economic Loss,0,0.6468792441127784,-1.380033254623413,dry,1
2025-08-01,8,NL328,Alkmaar en omgeving,Agricultural Economic Loss,0,0.6366661151428166,-1.6897867918014526,dry,1
2025-09-01,9,NL328,Alkmaar en omgeving,Agricultural Economic Loss,0,0.33927365568379186,-1.6552176475524902,dry,1
2023-12-01,12,NL329,Groot-Amsterdam,Agricultural Economic Loss,0,0.05136571627127258,1.7692939043045044,wet,1
2024-01-01,1,NL329,Groot-Amsterdam,Agricultural Economic Loss,0,0.07378626874596221,1.6169030666351318,wet,1
2024-02-01,2,NL329,Groot-Amsterdam,Agricultural Economic Loss,0,0.07135628673055668,1.957419753074646,wet,1
2024-03-01,3,NL329,Groot-Amsterdam,Agricultural Economic Loss,0,0.062291037779920864,1.6453285217285156,wet,1
2024-04-01,4,NL329,Groot-Amsterdam,Agricultural Economic Loss,0,0.1136155987793355,1.9042351245880127,wet,1
2024-05-01,5,NL329,Groot-Amsterdam,Agricultural Economic Loss,1,0.19393191058776144,2.3876869678497314,wet,1
2024-06-01,6,NL329,Groot-Amsterdam,Agricultural Economic Loss,0,0.2250490323936549,2.875868558883667,wet,1
2024-07-01,7,NL329,Groot-Amsterdam,Agricultural Economic Loss,0,0.2075940156100027,2.6098756790161133,wet,1
2024-08-01,8,NL329,Groot-Amsterdam,Agricultural Economic Loss,0,0.27240469296133574,2.4586730003356934,wet,1
2024-09-01,9,NL329,Groot-Amsterdam,Agricultural Economic Loss,0,0.15574032184392475,2.6439425945281982,wet,1
2024-10-01,10,NL329,Groot-Amsterdam,Agricultural Economic Loss,0,0.132858027543361,2.0523898601531982,wet,1
2024-11-01,11,NL329,Groot-Amsterdam,Agricultural Economic Loss,0,0.1467295696713863,1.5562342405319214,wet,1
2024-12-01,12,NL329,Groot-Amsterdam,Agricultural Economic Loss,0,0.12026789910017242,1.3256824016571045,wet,1
2025-01-01,1,NL329,Groot-Amsterdam,Agricultural Economic Loss,0,0.18768064390211875,1.2905166149139404,wet,1
2025-02-01,2,NL329,Groot-Amsterdam,Agricultural Economic Loss,0,0.2497182632016991,0.7351674437522888,near_normal,1
2025-03-01,3,NL329,Groot-Amsterdam,Agricultural Economic Loss,0,0.5152374738005391,0.2895616590976715,near_normal,1
2025-04-01,4,NL329,Groot-Amsterdam,Agricultural Economic Loss,0,0.5094697206829281,-0.44397521018981934,near_normal,1
2025-05-01,5,NL329,Groot-Amsterdam,Agricultural Economic Loss,1,0.572878871449194,-1.0350122451782227,dry,1
2025-06-01,6,NL329,Groot-Amsterdam,Agricultural Economic Loss,0,0.6276024189768346,-1.1691848039627075,dry,1
2025-07-01,7,NL329,Groot-Amsterdam,Agricultural Economic Loss,0,0.6191961297950618,-1.3288004398345947,dry,1
2025-08-01,8,NL329,Groot-Amsterdam,Agricultural Economic Loss,1,0.6389423341616708,-1.6849058866500854,dry,1
2025-09-01,9,NL329,Groot-Amsterdam,Agricultural Economic Loss,0,0.32139773692093954,-1.740875005722046,dry,1
2023-12-01,12,NL332,Agglomeratie ’s-Gravenhage,Agricultural Economic Loss,0,0.04406219825876389,1.7348324060440063,wet,1
2024-01-01,1,NL332,Agglomeratie ’s-Gravenhage,Agricultural Economic Loss,0,0.06236395320033589,1.5479464530944824,wet,1
2024-02-01,2,NL332,Agglomeratie ’s-Gravenhage,Agricultural Economic Loss,0,0.06009778646683558,1.9152671098709106,wet,1
2024-03-01,3,NL332,Agglomeratie ’s-Gravenhage,Agricultural Economic Loss,0,0.059529609968478135,1.6138807535171509,wet,1
2024-04-01,4,NL332,Agglomeratie ’s-Gravenhage,Agricultural Economic Loss,0,0.09702505252970327,1.7927536964416504,wet,1
2024-05-01,5,NL332,Agglomeratie ’s-Gravenhage,Agricultural Economic Loss,0,0.16244796367841852,2.222562551498413,wet,1
2024-06-01,6,NL332,Agglomeratie ’s-Gravenhage,Agricultural Economic Loss,0,0.1754509028464301,2.651139974594116,wet,1
2024-07-01,7,NL332,Agglomeratie ’s-Gravenhage,Agricultural Economic Loss,0,0.13695496651492145,2.602553367614746,wet,1
2024-08-01,8,NL332,Agglomeratie ’s-Gravenhage,Agricultural Economic Loss,0,0.19272232992150595,2.614240884780884,wet,1
2024-09-01,9,NL332,Agglomeratie ’s-Gravenhage,Agricultural Economic Loss,0,0.11903075247078714,2.760681390762329,wet,1
2024-10-01,10,NL332,Agglomeratie ’s-Gravenhage,Agricultural Economic Loss,0,0.1009603337528197,2.217620849609375,wet,1
2024-11-01,11,NL332,Agglomeratie ’s-Gravenhage,Agricultural Economic Loss,0,0.11348881071908963,1.6578664779663086,wet,1
2024-12-01,12,NL332,Agglomeratie ’s-Gravenhage,Agricultural Economic Loss,0,0.09269959750528455,1.5298305749893188,wet,1
2025-01-01,1,NL332,Agglomeratie ’s-Gravenhage,Agricultural Economic Loss,0,0.12800809388803194,1.4456462860107422,wet,1
2025-02-01,2,NL332,Agglomeratie ’s-Gravenhage,Agricultural Economic Loss,0,0.1836222678605412,0.8826550841331482,near_normal,1
2025-03-01,3,NL332,Agglomeratie ’s-Gravenhage,Agricultural Economic Loss,0,0.36895524717934175,0.4521176517009735,near_normal,1
2025-04-01,4,NL332,Agglomeratie ’s-Gravenhage,Agricultural Economic Loss,0,0.4531701156302631,-0.2299506515264511,near_normal,1
2025-05-01,5,NL332,Agglomeratie ’s-Gravenhage,Agricultural Economic Loss,0,0.4819207800830297,-0.8712313175201416,near_normal,1
2025-06-01,6,NL332,Agglomeratie ’s-Gravenhage,Agricultural Economic Loss,0,0.5933461812521825,-1.0435134172439575,dry,1
2025-07-01,7,NL332,Agglomeratie ’s-Gravenhage,Agricultural Economic Loss,0,0.5575847234188603,-1.2248507738113403,dry,1
2025-08-01,8,NL332,Agglomeratie ’s-Gravenhage,Agricultural Economic Loss,0,0.550938207610072,-1.4840713739395142,dry,1
2025-09-01,9,NL332,Agglomeratie ’s-Gravenhage,Agricultural Economic Loss,0,0.2595974088386283,-1.723048210144043,dry,1
2023-12-01,12,NL333,Delft en Westland,Agricultural Economic Loss,0,0.1293978945777482,1.6360796689987183,wet,1
2024-01-01,1,NL333,Delft en Westland,Agricultural Economic Loss,0,0.14548403918061237,1.4589471817016602,wet,1
2024-02-01,2,NL333,Delft en Westland,Agricultural Economic Loss,0,0.15700940341248804,1.889495611190796,wet,1
2024-03-01,3,NL333,Delft en Westland,Agricultural Economic Loss,0,0.12178462863554557,1.5272536277770996,wet,1
2024-04-01,4,NL333,Delft en Westland,Agricultural Economic Loss,0,0.20403496297403592,1.6712430715560913,wet,1
2024-05-01,5,NL333,Delft en Westland,Agricultural Economic Loss,0,0.30261271340644824,2.103944778442383,wet,1
2024-06-01,6,NL333,Delft en Westland,Agricultural Economic Loss,0,0.32588192986400044,2.5638675689697266,wet,1
2024-07-01,7,NL333,Delft en Westland,Agricultural Economic Loss,0,0.28402961852451947,2.8959829807281494,wet,1
2024-08-01,8,NL333,Delft en Westland,Agricultural Economic Loss,0,0.341455985731733,2.653705358505249,wet,1
2024-09-01,9,NL333,Delft en Westland,Agricultural Economic Loss,0,0.235814215288246,2.9503586292266846,wet,1
2024-10-01,10,NL333,Delft en Westland,Agricultural Economic Loss,0,0.2011034291735799,2.2567052841186523,wet,1
2024-11-01,11,NL333,Delft en Westland,Agricultural Economic Loss,0,0.2380941869734035,1.799555778503418,wet,1
2024-12-01,12,NL333,Delft en Westland,Agricultural Economic Loss,0,0.19484258595484302,1.66428804397583,wet,1
2025-01-01,1,NL333,Delft en Westland,Agricultural Economic Loss,0,0.23507254470973954,1.640883445739746,wet,1
2025-02-01,2,NL333,Delft en Westland,Agricultural Economic Loss,0,0.31006507170164305,1.163700819015503,wet,1
2025-03-01,3,NL333,Delft en Westland,Agricultural Economic Loss,0,0.5958115081091276,0.7183709144592285,near_normal,1
2025-04-01,4,NL333,Delft en Westland,Agricultural Economic Loss,0,0.6788561499200415,0.003728199517354369,near_normal,1
2025-05-01,5,NL333,Delft en Westland,Agricultural Economic Loss,0,0.706938026603317,-0.8432844877243042,near_normal,1
2025-06-01,6,NL333,Delft en Westland,Agricultural Economic Loss,0,0.7624011177920322,-1.0905721187591553,dry,1
2025-07-01,7,NL333,Delft en Westland,Agricultural Economic Loss,0,0.7572438444537798,-1.26656973361969,dry,1
2025-08-01,8,NL333,Delft en Westland,Agricultural Economic Loss,0,0.780674006666827,-1.6068077087402344,dry,1
2025-09-01,9,NL333,Delft en Westland,Agricultural Economic Loss,0,0.5072651651833782,-1.8662478923797607,dry,1
2023-12-01,12,NL337,Agglomeratie Leiden en Bollenstreek,Agricultural Economic Loss,0,0.05726262683618974,1.7106456756591797,wet,1
2024-01-01,1,NL337,Agglomeratie Leiden en Bollenstreek,Agricultural Economic Loss,0,0.07516379190447475,1.5254942178726196,wet,1
2024-02-01,2,NL337,Agglomeratie Leiden en Bollenstreek,Agricultural Economic Loss,0,0.07239790568396848,1.930662751197815,wet,1
2024-03-01,3,NL337,Agglomeratie Leiden en Bollenstreek,Agricultural Economic Loss,0,0.06430984694737087,1.600808024406433,wet,1
2024-04-01,4,NL337,Agglomeratie Leiden en Bollenstreek,Agricultural Economic Loss,0,0.1065938196018596,1.8393596410751343,wet,1
2024-05-01,5,NL337,Agglomeratie Leiden en Bollenstreek,Agricultural Economic Loss,0,0.17921365148257096,2.308445453643799,wet,1
2024-06-01,6,NL337,Agglomeratie Leiden en Bollenstreek,Agricultural Economic Loss,0,0.21195552410995847,2.742405891418457,wet,1
2024-07-01,7,NL337,Agglomeratie Leiden en Bollenstreek,Agricultural Economic Loss,0,0.18669141878822143,2.7151103019714355,wet,1
2024-08-01,8,NL337,Agglomeratie Leiden en Bollenstreek,Agricultural Economic Loss,0,0.25105568432695924,2.554049253463745,wet,1
2024-09-01,9,NL337,Agglomeratie Leiden en Bollenstreek,Agricultural Economic Loss,0,0.14375512277411992,2.7597999572753906,wet,1
2024-10-01,10,NL337,Agglomeratie Leiden en Bollenstreek,Agricultural Economic Loss,0,0.12008664619050556,2.198561906814575,wet,1
2024-11-01,11,NL337,Agglomeratie Leiden en Bollenstreek,Agricultural Economic Loss,0,0.13417864514913813,1.7335660457611084,wet,1
2024-12-01,12,NL337,Agglomeratie Leiden en Bollenstreek,Agricultural Economic Loss,0,0.10657354490939461,1.5648200511932373,wet,1
2025-01-01,1,NL337,Agglomeratie Leiden en Bollenstreek,Agricultural Economic Loss,0,0.15221867705411438,1.5522692203521729,wet,1
2025-02-01,2,NL337,Agglomeratie Leiden en Bollenstreek,Agricultural Economic Loss,0,0.2129795623114457,1.016635775566101,wet,1
2025-03-01,3,NL337,Agglomeratie Leiden en Bollenstreek,Agricultural Economic Loss,0,0.4261943336944009,0.5903820991516113,near_normal,1
2025-04-01,4,NL337,Agglomeratie Leiden en Bollenstreek,Agricultural Economic Loss,0,0.5049283192282435,-0.16400562226772308,near_normal,1
2025-05-01,5,NL337,Agglomeratie Leiden en Bollenstreek,Agricultural Economic Loss,0,0.5426815679192063,-0.8812072277069092,near_normal,1
2025-06-01,6,NL337,Agglomeratie Leiden en Bollenstreek,Agricultural Economic Loss,0,0.6369228517782989,-1.0348807573318481,dry,1
2025-07-01,7,NL337,Agglomeratie Leiden en Bollenstreek,Agricultural Economic Loss,0,0.6007855965474741,-1.1747100353240967,dry,1
2025-08-01,8,NL337,Agglomeratie Leiden en Bollenstreek,Agricultural Economic Loss,0,0.6146120383799578,-1.5170913934707642,dry,1
2025-09-01,9,NL337,Agglomeratie Leiden en Bollenstreek,Agricultural Economic Loss,0,0.3024760347837242,-1.738526463508606,dry,1
2023-12-01,12,NL33A,Zuidoost-Zuid-Holland,Agricultural Economic Loss,0,0.09019241294555293,1.735690951347351,wet,1
2024-01-01,1,NL33A,Zuidoost-Zuid-Holland,Agricultural Economic Loss,0,0.10157307793550197,1.5022345781326294,wet,1
2024-02-01,2,NL33A,Zuidoost-Zuid-Holland,Agricultural Economic Loss,0,0.10049744287377091,1.9734735488891602,wet,1
2024-03-01,3,NL33A,Zuidoost-Zuid-Holland,Agricultural Economic Loss,0,0.07525757600310207,1.6091928482055664,wet,1
2024-04-01,4,NL33A,Zuidoost-Zuid-Holland,Agricultural Economic Loss,0,0.13086082705014013,1.869387149810791,wet,1
2024-05-01,5,NL33A,Zuidoost-Zuid-Holland,Agricultural Economic Loss,0,0.2158600886684738,2.296041488647461,wet,1
2024-06-01,6,NL33A,Zuidoost-Zuid-Holland,Agricultural Economic Loss,0,0.23966716442471456,2.7406914234161377,wet,1
2024-07-01,7,NL33A,Zuidoost-Zuid-Holland,Agricultural Economic Loss,0,0.2238094446077337,3.1620676517486572,wet,1
2024-08-01,8,NL33A,Zuidoost-Zuid-Holland,Agricultural Economic Loss,0,0.25573078370362856,2.5882296562194824,wet,1
2024-09-01,9,NL33A,Zuidoost-Zuid-Holland,Agricultural Economic Loss,0,0.17157808988102455,3.196017026901245,wet,1
2024-10-01,10,NL33A,Zuidoost-Zuid-Holland,Agricultural Economic Loss,0,0.14644980712873967,2.4383902549743652,wet,1
2024-11-01,11,NL33A,Zuidoost-Zuid-Holland,Agricultural Economic Loss,0,0.16017789600925028,1.9545094966888428,wet,1
2024-12-01,12,NL33A,Zuidoost-Zuid-Holland,Agricultural Economic Loss,0,0.13145598750090598,1.7752925157546997,wet,1
2025-01-01,1,NL33A,Zuidoost-Zuid-Holland,Agricultural Economic Loss,0,0.16455275119743956,1.8329216241836548,wet,1
2025-02-01,2,NL33A,Zuidoost-Zuid-Holland,Agricultural Economic Loss,0,0.23128058996942943,1.3434903621673584,wet,1
2025-03-01,3,NL33A,Zuidoost-Zuid-Holland,Agricultural Economic Loss,0,0.536155417945166,0.9254148006439209,near_normal,1
2025-04-01,4,NL33A,Zuidoost-Zuid-Holland,Agricultural Economic Loss,0,0.5787099610743454,0.18472331762313843,near_normal,1
2025-05-01,5,NL33A,Zuidoost-Zuid-Holland,Agricultural Economic Loss,0,0.6343149163394324,-0.6993400454521179,near_normal,1
2025-06-01,6,NL33A,Zuidoost-Zuid-Holland,Agricultural Economic Loss,0,0.6952892841767899,-0.928616464138031,near_normal,1
2025-07-01,7,NL33A,Zuidoost-Zuid-Holland,Agricultural Economic Loss,0,0.6867055283914437,-1.0900894403457642,dry,1
2025-08-01,8,NL33A,Zuidoost-Zuid-Holland,Agricultural Economic Loss,0,0.7098671379923595,-1.5483509302139282,dry,1
2025-09-01,9,NL33A,Zuidoost-Zuid-Holland,Agricultural Economic Loss,0,0.3974070257152763,-1.7110259532928467,dry,1
2023-12-01,12,NL33B,Oost-Zuid-Holland,Agricultural Economic Loss,0,0.032530554028808105,1.7106456756591797,wet,1
2024-01-01,1,NL33B,Oost-Zuid-Holland,Agricultural Economic Loss,0,0.042945814487761254,1.5254942178726196,wet,1
2024-02-01,2,NL33B,Oost-Zuid-Holland,Agricultural Economic Loss,0,0.03927042024540362,1.930662751197815,wet,1
2024-03-01,3,NL33B,Oost-Zuid-Holland,Agricultural Economic Loss,0,0.03629802410221264,1.600808024406433,wet,1
2024-04-01,4,NL33B,Oost-Zuid-Holland,Agricultural Economic Loss,0,0.061516584938285476,1.8393596410751343,wet,1
2024-05-01,5,NL33B,Oost-Zuid-Holland,Agricultural Economic Loss,0,0.10877075575454333,2.308445453643799,wet,1
2024-06-01,6,NL33B,Oost-Zuid-Holland,Agricultural Economic Loss,0,0.1277204786619934,2.742405891418457,wet,1
2024-07-01,7,NL33B,Oost-Zuid-Holland,Agricultural Economic Loss,0,0.11232661604389994,2.7151103019714355,wet,1
2024-08-01,8,NL33B,Oost-Zuid-Holland,Agricultural Economic Loss,0,0.14604886647628335,2.554049253463745,wet,1
2024-09-01,9,NL33B,Oost-Zuid-Holland,Agricultural Economic Loss,0,0.08400766223676091,2.7597999572753906,wet,1
2024-10-01,10,NL33B,Oost-Zuid-Holland,Agricultural Economic Loss,0,0.06877721998237141,2.198561906814575,wet,1
2024-11-01,11,NL33B,Oost-Zuid-Holland,Agricultural Economic Loss,0,0.07834067074886711,1.7335660457611084,wet,1
2024-12-01,12,NL33B,Oost-Zuid-Holland,Agricultural Economic Loss,0,0.06120224154165127,1.5648200511932373,wet,1
2025-01-01,1,NL33B,Oost-Zuid-Holland,Agricultural Economic Loss,0,0.09168302598690545,1.5522692203521729,wet,1
2025-02-01,2,NL33B,Oost-Zuid-Holland,Agricultural Economic Loss,0,0.13449443785517057,1.016635775566101,wet,1
2025-03-01,3,NL33B,Oost-Zuid-Holland,Agricultural Economic Loss,0,0.33279562668108553,0.5903820991516113,near_normal,1
2025-04-01,4,NL33B,Oost-Zuid-Holland,Agricultural Economic Loss,0,0.3619807498154027,-0.16400562226772308,near_normal,1
2025-05-01,5,NL33B,Oost-Zuid-Holland,Agricultural Economic Loss,0,0.4098318382929219,-0.8812072277069092,near_normal,1
2025-06-01,6,NL33B,Oost-Zuid-Holland,Agricultural Economic Loss,0,0.4789339576512149,-1.0348807573318481,dry,1
2025-07-01,7,NL33B,Oost-Zuid-Holland,Agricultural Economic Loss,0,0.45870541105785057,-1.1747100353240967,dry,1
2025-08-01,8,NL33B,Oost-Zuid-Holland,Agricultural Economic Loss,0,0.47176061864603797,-1.5170913934707642,dry,1
2025-09-01,9,NL33B,Oost-Zuid-Holland,Agricultural Economic Loss,0,0.20411550766676378,-1.738526463508606,dry,1
2023-12-01,12,NL33C,Groot-Rijnmond,Agricultural Economic Loss,0,0.2524466070810406,1.663238803545634,wet,1
2024-01-01,1,NL33C,Groot-Rijnmond,Agricultural Economic Loss,0,0.2856343934930612,1.481999437014262,wet,1
2024-02-01,2,NL33C,Groot-Rijnmond,Agricultural Economic Loss,0,0.2937226686952524,1.9045462608337402,wet,1
2024-03-01,3,NL33C,Groot-Rijnmond,Agricultural Economic Loss,0,0.24750795411820334,1.55764905611674,wet,1
2024-04-01,4,NL33C,Groot-Rijnmond,Agricultural Economic Loss,0,0.37059676099078237,1.7358837127685547,wet,1
2024-05-01,5,NL33C,Groot-Rijnmond,Agricultural Economic Loss,0,0.5040034516937745,2.1709097226460776,wet,1
2024-06-01,6,NL33C,Groot-Rijnmond,Agricultural Economic Loss,0,0.5294607787392271,2.626691977183024,wet,1
2024-07-01,7,NL33C,Groot-Rijnmond,Agricultural Economic Loss,0,0.48315288942621276,2.903880516688029,wet,1
2024-08-01,8,NL33C,Groot-Rijnmond,Agricultural Economic Loss,0,0.5468604908888999,2.6491270065307617,wet,1
2024-09-01,9,NL33C,Groot-Rijnmond,Agricultural Economic Loss,0,0.413353789855591,2.9472951889038086,wet,1
2024-10-01,10,NL33C,Groot-Rijnmond,Agricultural Economic Loss,0,0.37236598907495544,2.2849376996358237,wet,1
2024-11-01,11,NL33C,Groot-Rijnmond,Agricultural Economic Loss,0,0.42065753536163647,1.8019837141036987,wet,1
2024-12-01,12,NL33C,Groot-Rijnmond,Agricultural Economic Loss,0,0.36639442617438495,1.676819920539856,wet,1
2025-01-01,1,NL33C,Groot-Rijnmond,Agricultural Economic Loss,0,0.425426781457345,1.6513664722442627,wet,1
2025-02-01,2,NL33C,Groot-Rijnmond,Agricultural Economic Loss,0,0.5252519841710003,1.1506803433100383,wet,1
2025-03-01,3,NL33C,Groot-Rijnmond,Agricultural Economic Loss,0,0.7805865509762028,0.7058199445406595,near_normal,1
2025-04-01,4,NL33C,Groot-Rijnmond,Agricultural Economic Loss,0,0.829188765184906,-0.012301225292806825,near_normal,1
2025-05-01,5,NL33C,Groot-Rijnmond,Agricultural Economic Loss,1,0.8479885439654522,-0.8446452021598816,near_normal,1
2025-06-01,6,NL33C,Groot-Rijnmond,Agricultural Economic Loss,0,0.8840121380974825,-1.0734885931015015,dry,1
2025-07-01,7,NL33C,Groot-Rijnmond,Agricultural Economic Loss,0,0.8805633870558675,-1.2388241688410442,dry,1
2025-08-01,8,NL33C,Groot-Rijnmond,Agricultural Economic Loss,0,0.892497771952715,-1.566239356994629,dry,1
2025-09-01,9,NL33C,Groot-Rijnmond,Agricultural Economic Loss,0,0.7039474915018212,-1.825290282567342,dry,1
2023-12-01,12,NL341,Zeeuwsch-Vlaanderen,Agricultural Economic Loss,1,0.3085910851359644,1.332913875579834,wet,1
2024-01-01,1,NL341,Zeeuwsch-Vlaanderen,Agricultural Economic Loss,0,0.36604077062376045,1.0990768671035767,wet,1
2024-02-01,2,NL341,Zeeuwsch-Vlaanderen,Agricultural Economic Loss,0,0.34114756969428756,1.6654661893844604,wet,1
2024-03-01,3,NL341,Zeeuwsch-Vlaanderen,Agricultural Economic Loss,0,0.30536140839990017,1.4342957735061646,wet,1
2024-04-01,4,NL341,Zeeuwsch-Vlaanderen,Agricultural Economic Loss,1,0.43233616328523083,1.72164386510849,wet,1
2024-05-01,5,NL341,Zeeuwsch-Vlaanderen,Agricultural Economic Loss,0,0.5997271431662838,2.0468907356262207,wet,1
2024-06-01,6,NL341,Zeeuwsch-Vlaanderen,Agricultural Economic Loss,0,0.5795403750855477,2.511785864830017,wet,1
2024-07-01,7,NL341,Zeeuwsch-Vlaanderen,Agricultural Economic Loss,0,0.5380869867970213,2.5947717428207397,wet,1
2024-08-01,8,NL341,Zeeuwsch-Vlaanderen,Agricultural Economic Loss,0,0.5956448392670471,2.2865796089172363,wet,1
2024-09-01,9,NL341,Zeeuwsch-Vlaanderen,Agricultural Economic Loss,0,0.47275912599352254,2.4733811616897583,wet,1
2024-10-01,10,NL341,Zeeuwsch-Vlaanderen,Agricultural Economic Loss,1,0.4483626349780081,2.181926131248474,wet,1
2024-11-01,11,NL341,Zeeuwsch-Vlaanderen,Agricultural Economic Loss,0,0.4814253680152078,1.6795973777770996,wet,1
2024-12-01,12,NL341,Zeeuwsch-Vlaanderen,Agricultural Economic Loss,0,0.46250770733995766,1.661611557006836,wet,1
2025-01-01,1,NL341,Zeeuwsch-Vlaanderen,Agricultural Economic Loss,0,0.48305978141996864,1.6901467442512512,wet,1
2025-02-01,2,NL341,Zeeuwsch-Vlaanderen,Agricultural Economic Loss,0,0.570527598080763,1.1577122211456299,wet,1
2025-03-01,3,NL341,Zeeuwsch-Vlaanderen,Agricultural Economic Loss,0,0.822985669929146,0.565402165055275,near_normal,1
2025-04-01,4,NL341,Zeeuwsch-Vlaanderen,Agricultural Economic Loss,1,0.8675319006300668,-0.27620716392993927,near_normal,1
2025-05-01,5,NL341,Zeeuwsch-Vlaanderen,Agricultural Economic Loss,1,0.8698510939961057,-1.0510993003845215,dry,1
2025-06-01,6,NL341,Zeeuwsch-Vlaanderen,Agricultural Economic Loss,1,0.9000332413845051,-1.2060883045196533,dry,1
2025-07-01,7,NL341,Zeeuwsch-Vlaanderen,Agricultural Economic Loss,1,0.9085299263906937,-1.3016448020935059,dry,1
2025-08-01,8,NL341,Zeeuwsch-Vlaanderen,Agricultural Economic Loss,0,0.9170418303604052,-1.7224125266075134,dry,1
2025-09-01,9,NL341,Zeeuwsch-Vlaanderen,Agricultural Economic Loss,0,0.764442593914371,-2.1238150596618652,dry,1
2023-12-01,12,NL342,Overig Zeeland,Agricultural Economic Loss,1,0.2947216152507547,1.5336954593658447,wet,1
2024-01-01,1,NL342,Overig Zeeland,Agricultural Economic Loss,1,0.3288059318840165,1.3286210298538208,wet,1
2024-02-01,2,NL342,Overig Zeeland,Agricultural Economic Loss,0,0.3378512285584731,1.7934848070144653,wet,1
2024-03-01,3,NL342,Overig Zeeland,Agricultural Economic Loss,0,0.28057350508815815,1.4659996032714844,wet,1
2024-04-01,4,NL342,Overig Zeeland,Agricultural Economic Loss,1,0.4099747169223557,1.6179192066192627,wet,1
2024-05-01,5,NL342,Overig Zeeland,Agricultural Economic Loss,0,0.5321986547311356,2.0807783603668213,wet,1
2024-06-01,6,NL342,Overig Zeeland,Agricultural Economic Loss,0,0.5316428329831135,2.572701930999756,wet,1
2024-07-01,7,NL342,Overig Zeeland,Agricultural Economic Loss,0,0.5104052262518801,2.9837281703948975,wet,1
2024-08-01,8,NL342,Overig Zeeland,Agricultural Economic Loss,0,0.5216835171068687,2.67411470413208,wet,1
2024-09-01,9,NL342,Overig Zeeland,Agricultural Economic Loss,0,0.4126908940163185,2.8608145713806152,wet,1
2024-10-01,10,NL342,Overig Zeeland,Agricultural Economic Loss,1,0.385194455635233,2.296290636062622,wet,1
2024-11-01,11,NL342,Overig Zeeland,Agricultural Economic Loss,0,0.4379755254708793,1.8551033735275269,wet,1
2024-12-01,12,NL342,Overig Zeeland,Agricultural Economic Loss,0,0.40041080628273984,1.8005717992782593,wet,1
2025-01-01,1,NL342,Overig Zeeland,Agricultural Economic Loss,0,0.42459416587273535,1.798425555229187,wet,1
2025-02-01,2,NL342,Overig Zeeland,Agricultural Economic Loss,0,0.5242829326560959,1.329056739807129,wet,1
2025-03-01,3,NL342,Overig Zeeland,Agricultural Economic Loss,0,0.7849658042009522,0.8654971122741699,near_normal,1
2025-04-01,4,NL342,Overig Zeeland,Agricultural Economic Loss,1,0.8519335209105663,0.127136692404747,near_normal,1
2025-05-01,5,NL342,Overig Zeeland,Agricultural Economic Loss,1,0.8633300170333358,-0.8692893981933594,near_normal,1
2025-06-01,6,NL342,Overig Zeeland,Agricultural Economic Loss,1,0.8889175449684069,-1.1390583515167236,dry,1
2025-07-01,7,NL342,Overig Zeeland,Agricultural Economic Loss,1,0.8980995150396847,-1.3374229669570923,dry,1
2025-08-01,8,NL342,Overig Zeeland,Agricultural Economic Loss,1,0.9107356630932686,-1.7264788150787354,dry,1
2025-09-01,9,NL342,Overig Zeeland,Agricultural Economic Loss,0,0.7516762186537316,-2.0268850326538086,dry,1
2023-12-01,12,NL411,West-Noord-Brabant,Agricultural Economic Loss,0,0.23316943880112875,1.6965256333351135,wet,1
2024-01-01,1,NL411,West-Noord-Brabant,Agricultural Economic Loss,0,0.26048178193461846,1.4279340207576752,wet,1
2024-02-01,2,NL411,West-Noord-Brabant,Agricultural Economic Loss,0,0.2698105146239918,1.9115989208221436,wet,1
2024-03-01,3,NL411,West-Noord-Brabant,Agricultural Economic Loss,0,0.21839440567958598,1.5701760351657867,wet,1
2024-04-01,4,NL411,West-Noord-Brabant,Agricultural Economic Loss,0,0.3254508239959931,1.794410079717636,wet,1
2024-05-01,5,NL411,West-Noord-Brabant,Agricultural Economic Loss,0,0.46453866752849926,2.1759976744651794,wet,1
2024-06-01,6,NL411,West-Noord-Brabant,Agricultural Economic Loss,0,0.4438876831884779,2.6817938685417175,wet,1
2024-07-01,7,NL411,West-Noord-Brabant,Agricultural Economic Loss,0,0.4257417328012489,3.1869431138038635,wet,1
2024-08-01,8,NL411,West-Noord-Brabant,Agricultural Economic Loss,0,0.4409356269269587,2.5752928256988525,wet,1
2024-09-01,9,NL411,West-Noord-Brabant,Agricultural Economic Loss,0,0.34184364180301324,3.2261340022087097,wet,1
2024-10-01,10,NL411,West-Noord-Brabant,Agricultural Economic Loss,0,0.31053157820172184,2.4958202242851257,wet,1
2024-11-01,11,NL411,West-Noord-Brabant,Agricultural Economic Loss,0,0.3401234971926822,1.9934806823730469,wet,1
2024-12-01,12,NL411,West-Noord-Brabant,Agricultural Economic Loss,0,0.31248323559910335,1.8938453793525696,wet,1
2025-01-01,1,NL411,West-Noord-Brabant,Agricultural Economic Loss,0,0.33442622889707246,1.9489366114139557,wet,1
2025-02-01,2,NL411,West-Noord-Brabant,Agricultural Economic Loss,0,0.4331282121775534,1.4912947714328766,wet,1
2025-03-01,3,NL411,West-Noord-Brabant,Agricultural Economic Loss,0,0.7213698206463036,1.0794287621974945,wet,1
2025-04-01,4,NL411,West-Noord-Brabant,Agricultural Economic Loss,0,0.7912984651081695,0.3902544379234314,near_normal,1
2025-05-01,5,NL411,West-Noord-Brabant,Agricultural Economic Loss,0,0.8304911681696361,-0.6107541918754578,near_normal,1
2025-06-01,6,NL411,West-Noord-Brabant,Agricultural Economic Loss,0,0.8699740988018085,-0.9553556591272354,near_normal,1
2025-07-01,7,NL411,West-Noord-Brabant,Agricultural Economic Loss,0,0.8719356746676179,-1.197560876607895,dry,1
2025-08-01,8,NL411,West-Noord-Brabant,Agricultural Economic Loss,0,0.8876748625738335,-1.7818401753902435,dry,1
2025-09-01,9,NL411,West-Noord-Brabant,Agricultural Economic Loss,0,0.644666042953313,-1.944325178861618,dry,1
2023-12-01,12,NL412,Midden-Noord-Brabant,Agricultural Economic Loss,0,0.17585462239720123,1.8568886518478394,wet,1
2024-01-01,1,NL412,Midden-Noord-Brabant,Agricultural Economic Loss,0,0.20039510542695801,1.5439085960388184,wet,1
2024-02-01,2,NL412,Midden-Noord-Brabant,Agricultural Economic Loss,0,0.2090460782832791,2.0561699867248535,wet,1
2024-03-01,3,NL412,Midden-Noord-Brabant,Agricultural Economic Loss,0,0.17695594510534185,1.6683708429336548,wet,1
2024-04-01,4,NL412,Midden-Noord-Brabant,Agricultural Economic Loss,0,0.25882539709426067,1.9227519035339355,wet,1
2024-05-01,5,NL412,Midden-Noord-Brabant,Agricultural Economic Loss,0,0.3853331742349937,2.350119113922119,wet,1
2024-06-01,6,NL412,Midden-Noord-Brabant,Agricultural Economic Loss,0,0.42338866483696747,2.7400357723236084,wet,1
2024-07-01,7,NL412,Midden-Noord-Brabant,Agricultural Economic Loss,0,0.3473766682534379,3.3474960327148438,wet,1
2024-08-01,8,NL412,Midden-Noord-Brabant,Agricultural Economic Loss,0,0.3614591921259635,2.595762252807617,wet,1
2024-09-01,9,NL412,Midden-Noord-Brabant,Agricultural Economic Loss,0,0.27196254874311654,3.8588836193084717,wet,1
2024-10-01,10,NL412,Midden-Noord-Brabant,Agricultural Economic Loss,0,0.252157737731843,2.767239809036255,wet,1
2024-11-01,11,NL412,Midden-Noord-Brabant,Agricultural Economic Loss,0,0.27026418071117553,2.2039122581481934,wet,1
2024-12-01,12,NL412,Midden-Noord-Brabant,Agricultural Economic Loss,0,0.2481819111414764,2.016164541244507,wet,1
2025-01-01,1,NL412,Midden-Noord-Brabant,Agricultural Economic Loss,0,0.27720224182232456,2.0861504077911377,wet,1
2025-02-01,2,NL412,Midden-Noord-Brabant,Agricultural Economic Loss,0,0.37277391501689405,1.595111608505249,wet,1
2025-03-01,3,NL412,Midden-Noord-Brabant,Agricultural Economic Loss,0,0.6711616390176643,1.174560785293579,wet,1
2025-04-01,4,NL412,Midden-Noord-Brabant,Agricultural Economic Loss,0,0.7338997626736794,0.5439844131469727,near_normal,1
2025-05-01,5,NL412,Midden-Noord-Brabant,Agricultural Economic Loss,0,0.7813841417885443,-0.45212289690971375,near_normal,1
2025-06-01,6,NL412,Midden-Noord-Brabant,Agricultural Economic Loss,0,0.8381257237781926,-0.7468729019165039,near_normal,1
2025-07-01,7,NL412,Midden-Noord-Brabant,Agricultural Economic Loss,0,0.8310496088851533,-1.0836814641952515,dry,1
2025-08-01,8,NL412,Midden-Noord-Brabant,Agricultural Economic Loss,0,0.8487260144829949,-1.6820485591888428,dry,1
2025-09-01,9,NL412,Midden-Noord-Brabant,Agricultural Economic Loss,0,0.5411079977459783,-1.6659215688705444,dry,1
2023-12-01,12,NL413,Noordoost-Noord-Brabant,Agricultural Economic Loss,0,0.20037276438441023,2.005632162094116,wet,1
2024-01-01,1,NL413,Noordoost-Noord-Brabant,Agricultural Economic Loss,0,0.25112195670074744,1.7263375918070476,wet,1
2024-02-01,2,NL413,Noordoost-Noord-Brabant,Agricultural Economic Loss,0,0.2554633162120333,2.301957845687866,wet,1
2024-03-01,3,NL413,Noordoost-Noord-Brabant,Agricultural Economic Loss,0,0.2441571075915202,1.7595105568567913,wet,1
2024-04-01,4,NL413,Noordoost-Noord-Brabant,Agricultural Economic Loss,0,0.3139097775703198,1.9506117502848308,wet,1
2024-05-01,5,NL413,Noordoost-Noord-Brabant,Agricultural Economic Loss,0,0.45507682040232755,2.5292108058929443,wet,1
2024-06-01,6,NL413,Noordoost-Noord-Brabant,Agricultural Economic Loss,0,0.5358332972988078,2.860475540161133,wet,1
2024-07-01,7,NL413,Noordoost-Noord-Brabant,Agricultural Economic Loss,0,0.3663440563862558,3.60351292292277,wet,1
2024-08-01,8,NL413,Noordoost-Noord-Brabant,Agricultural Economic Loss,0,0.4420515058170921,2.6137571334838867,wet,1
2024-09-01,9,NL413,Noordoost-Noord-Brabant,Agricultural Economic Loss,0,0.3500586464944136,3.99537460009257,wet,1
2024-10-01,10,NL413,Noordoost-Noord-Brabant,Agricultural Economic Loss,0,0.30791222313068295,2.824659744898478,wet,1
2024-11-01,11,NL413,Noordoost-Noord-Brabant,Agricultural Economic Loss,0,0.33131772293040473,2.297260840733846,wet,1
2024-12-01,12,NL413,Noordoost-Noord-Brabant,Agricultural Economic Loss,0,0.2960550173251305,2.027393857638041,wet,1
2025-01-01,1,NL413,Noordoost-Noord-Brabant,Agricultural Economic Loss,0,0.304183581253846,2.1666224797566733,wet,1
2025-02-01,2,NL413,Noordoost-Noord-Brabant,Agricultural Economic Loss,0,0.43630748918637374,1.6576051712036133,wet,1
2025-03-01,3,NL413,Noordoost-Noord-Brabant,Agricultural Economic Loss,0,0.7209947519862164,1.1836046775182087,wet,1
2025-04-01,4,NL413,Noordoost-Noord-Brabant,Agricultural Economic Loss,0,0.768236044712893,0.6166368325551351,near_normal,1
2025-05-01,5,NL413,Noordoost-Noord-Brabant,Agricultural Economic Loss,0,0.8076987804187288,-0.433600256840388,near_normal,1
2025-06-01,6,NL413,Noordoost-Noord-Brabant,Agricultural Economic Loss,0,0.864297741641312,-0.6352093617121378,near_normal,1
2025-07-01,7,NL413,Noordoost-Noord-Brabant,Agricultural Economic Loss,1,0.8683185445651506,-0.9555245041847229,near_normal,1
2025-08-01,8,NL413,Noordoost-Noord-Brabant,Agricultural Economic Loss,0,0.8902767134821536,-1.5380258957544963,dry,1
2025-09-01,9,NL413,Noordoost-Noord-Brabant,Agricultural Economic Loss,0,0.65662989044926,-1.4824391603469849,dry,1
2023-12-01,12,NL414,Zuidoost-Noord-Brabant,Agricultural Economic Loss,0,0.20723632686146673,1.9648097455501556,wet,1
2024-01-01,1,NL414,Zuidoost-Noord-Brabant,Agricultural Economic Loss,0,0.2640926256148189,1.6660036146640778,wet,1
2024-02-01,2,NL414,Zuidoost-Noord-Brabant,Agricultural Economic Loss,0,0.2770545769089772,2.2208192348480225,wet,1
2024-03-01,3,NL414,Zuidoost-Noord-Brabant,Agricultural Economic Loss,0,0.2633403835013356,1.7530253231525421,wet,1
2024-04-01,4,NL414,Zuidoost-Noord-Brabant,Agricultural Economic Loss,0,0.34805295395037683,1.9222524464130402,wet,1
2024-05-01,5,NL414,Zuidoost-Noord-Brabant,Agricultural Economic Loss,0,0.48760798403326516,2.4804680943489075,wet,1
2024-06-01,6,NL414,Zuidoost-Noord-Brabant,Agricultural Economic Loss,0,0.5648752345422327,2.8313465118408203,wet,1
2024-07-01,7,NL414,Zuidoost-Noord-Brabant,Agricultural Economic Loss,0,0.4144000963226696,3.323698878288269,wet,1
2024-08-01,8,NL414,Zuidoost-Noord-Brabant,Agricultural Economic Loss,0,0.448007186308945,2.4005433320999146,wet,1
2024-09-01,9,NL414,Zuidoost-Noord-Brabant,Agricultural Economic Loss,0,0.3456472836370359,3.6095246076583862,wet,1
2024-10-01,10,NL414,Zuidoost-Noord-Brabant,Agricultural Economic Loss,0,0.29204687264913026,2.8009841442108154,wet,1
2024-11-01,11,NL414,Zuidoost-Noord-Brabant,Agricultural Economic Loss,0,0.3347297031043475,2.219056189060211,wet,1
2024-12-01,12,NL414,Zuidoost-Noord-Brabant,Agricultural Economic Loss,0,0.31320121820034036,2.0562921166419983,wet,1
2025-01-01,1,NL414,Zuidoost-Noord-Brabant,Agricultural Economic Loss,0,0.3147200316981042,2.2320687770843506,wet,1
2025-02-01,2,NL414,Zuidoost-Noord-Brabant,Agricultural Economic Loss,0,0.45070873891749047,1.7058507800102234,wet,1
2025-03-01,3,NL414,Zuidoost-Noord-Brabant,Agricultural Economic Loss,0,0.7021429041877041,1.2108392715454102,wet,1
2025-04-01,4,NL414,Zuidoost-Noord-Brabant,Agricultural Economic Loss,0,0.7646216696424419,0.6923550665378571,near_normal,1
2025-05-01,5,NL414,Zuidoost-Noord-Brabant,Agricultural Economic Loss,0,0.7988851241267888,-0.4158538803458214,near_normal,1
2025-06-01,6,NL414,Zuidoost-Noord-Brabant,Agricultural Economic Loss,0,0.8590048791269492,-0.6612778455018997,near_normal,1
2025-07-01,7,NL414,Zuidoost-Noord-Brabant,Agricultural Economic Loss,0,0.8818598801678031,-1.0086569488048553,dry,1
2025-08-01,8,NL414,Zuidoost-Noord-Brabant,Agricultural Economic Loss,0,0.9037903118095953,-1.6495905816555023,dry,1
2025-09-01,9,NL414,Zuidoost-Noord-Brabant,Agricultural Economic Loss,0,0.6845649912867803,-1.5304934084415436,dry,1
2023-12-01,12,NL421,Noord-Limburg,Agricultural Economic Loss,0,0.240165448759971,2.145362138748169,wet,1
2024-01-01,1,NL421,Noord-Limburg,Agricultural Economic Loss,0,0.32067287127449695,1.8593108654022217,wet,1
2024-02-01,2,NL421,Noord-Limburg,Agricultural Economic Loss,0,0.31751740706096,2.512042760848999,wet,1
2024-03-01,3,NL421,Noord-Limburg,Agricultural Economic Loss,0,0.33005464409807506,1.865483283996582,wet,1
2024-04-01,4,NL421,Noord-Limburg,Agricultural Economic Loss,0,0.3957073863854892,1.9734376668930054,wet,1
2024-05-01,5,NL421,Noord-Limburg,Agricultural Economic Loss,0,0.537145925037033,2.605700731277466,wet,1
2024-06-01,6,NL421,Noord-Limburg,Agricultural Economic Loss,0,0.5974489577135386,2.8035495281219482,wet,1
2024-07-01,7,NL421,Noord-Limburg,Agricultural Economic Loss,0,0.44522067725725695,3.2032430171966553,wet,1
2024-08-01,8,NL421,Noord-Limburg,Agricultural Economic Loss,0,0.49118312962161265,2.251657724380493,wet,1
2024-09-01,9,NL421,Noord-Limburg,Agricultural Economic Loss,0,0.4084793131855679,3.5400261878967285,wet,1
2024-10-01,10,NL421,Noord-Limburg,Agricultural Economic Loss,0,0.3383854161615601,2.855512857437134,wet,1
2024-11-01,11,NL421,Noord-Limburg,Agricultural Economic Loss,0,0.41812664496185814,2.196915864944458,wet,1
2024-12-01,12,NL421,Noord-Limburg,Agricultural Economic Loss,0,0.3727956756418677,2.03786039352417,wet,1
2025-01-01,1,NL421,Noord-Limburg,Agricultural Economic Loss,0,0.33745044177603606,2.306771755218506,wet,1
2025-02-01,2,NL421,Noord-Limburg,Agricultural Economic Loss,0,0.4995768668726325,1.68009352684021,wet,1
2025-03-01,3,NL421,Noord-Limburg,Agricultural Economic Loss,0,0.7378454020228937,1.0877587795257568,wet,1
2025-04-01,4,NL421,Noord-Limburg,Agricultural Economic Loss,0,0.7562982129508267,0.6619554162025452,near_normal,1
2025-05-01,5,NL421,Noord-Limburg,Agricultural Economic Loss,0,0.7900627688646112,-0.44544780254364014,near_normal,1
2025-06-01,6,NL421,Noord-Limburg,Agricultural Economic Loss,1,0.8651100400412868,-0.5798614025115967,near_normal,1
2025-07-01,7,NL421,Noord-Limburg,Agricultural Economic Loss,0,0.9038986918931966,-0.800941526889801,near_normal,1
2025-08-01,8,NL421,Noord-Limburg,Agricultural Economic Loss,0,0.9229169696734082,-1.2454304695129395,dry,1
2025-09-01,9,NL421,Noord-Limburg,Agricultural Economic Loss,0,0.754637542988496,-1.325162410736084,dry,1
2023-12-01,12,NL422,Midden-Limburg,Agricultural Economic Loss,0,0.23031118824178895,1.8910537958145142,wet,1
2024-01-01,1,NL422,Midden-Limburg,Agricultural Economic Loss,0,0.3048312880908523,1.595084309577942,wet,1
2024-02-01,2,NL422,Midden-Limburg,Agricultural Economic Loss,0,0.3152057165057022,2.1346378326416016,wet,1
2024-03-01,3,NL422,Midden-Limburg,Agricultural Economic Loss,0,0.3111174740071315,1.6730749607086182,wet,1
2024-04-01,4,NL422,Midden-Limburg,Agricultural Economic Loss,0,0.38435105222647775,1.7786504030227661,wet,1
2024-05-01,5,NL422,Midden-Limburg,Agricultural Economic Loss,0,0.5287983152139398,2.3970389366149902,wet,1
2024-06-01,6,NL422,Midden-Limburg,Agricultural Economic Loss,0,0.6246203810854078,2.6647117137908936,wet,1
2024-07-01,7,NL422,Midden-Limburg,Agricultural Economic Loss,0,0.5126460163480754,2.893308162689209,wet,1
2024-08-01,8,NL422,Midden-Limburg,Agricultural Economic Loss,0,0.4937363004004535,2.179447650909424,wet,1
2024-09-01,9,NL422,Midden-Limburg,Agricultural Economic Loss,0,0.4085255057055395,3.121680974960327,wet,1
2024-10-01,10,NL422,Midden-Limburg,Agricultural Economic Loss,0,0.30112836428580825,2.612539768218994,wet,1
2024-11-01,11,NL422,Midden-Limburg,Agricultural Economic Loss,0,0.38036439644907566,2.029146194458008,wet,1
2024-12-01,12,NL422,Midden-Limburg,Agricultural Economic Loss,0,0.3530148977484171,1.9572449922561646,wet,1
2025-01-01,1,NL422,Midden-Limburg,Agricultural Economic Loss,0,0.30539191474522054,2.3007307052612305,wet,1
2025-02-01,2,NL422,Midden-Limburg,Agricultural Economic Loss,0,0.4860665152467958,1.6659852266311646,wet,1
2025-03-01,3,NL422,Midden-Limburg,Agricultural Economic Loss,0,0.7089961135688228,1.1294753551483154,wet,1
2025-04-01,4,NL422,Midden-Limburg,Agricultural Economic Loss,0,0.7417596224697537,0.6900760531425476,near_normal,1
2025-05-01,5,NL422,Midden-Limburg,Agricultural Economic Loss,0,0.7676691524151449,-0.4340934157371521,near_normal,1
2025-06-01,6,NL422,Midden-Limburg,Agricultural Economic Loss,1,0.8433900275423999,-0.5961017608642578,near_normal,1
2025-07-01,7,NL422,Midden-Limburg,Agricultural Economic Loss,0,0.8917234097832295,-0.7561391592025757,near_normal,1
2025-08-01,8,NL422,Midden-Limburg,Agricultural Economic Loss,0,0.9111827752770887,-1.2596315145492554,dry,1
2025-09-01,9,NL422,Midden-Limburg,Agricultural Economic Loss,0,0.7252465521774132,-1.256527304649353,dry,1
2023-12-01,12,NL423,Zuid-Limburg,Agricultural Economic Loss,0,0.25466178500286957,1.7045224905014038,wet,1
2024-01-01,1,NL423,Zuid-Limburg,Agricultural Economic Loss,0,0.3150088186896132,1.4646683931350708,wet,1
2024-02-01,2,NL423,Zuid-Limburg,Agricultural Economic Loss,0,0.33962787129852284,1.9057672023773193,wet,1
2024-03-01,3,NL423,Zuid-Limburg,Agricultural Economic Loss,0,0.31726978597639116,1.4721426963806152,wet,1
2024-04-01,4,NL423,Zuid-Limburg,Agricultural Economic Loss,0,0.4072456781521011,1.6109375953674316,wet,1
2024-05-01,5,NL423,Zuid-Limburg,Agricultural Economic Loss,0,0.5438162444767632,2.2602717876434326,wet,1
2024-06-01,6,NL423,Zuid-Limburg,Agricultural Economic Loss,0,0.6337330255453747,2.4993674755096436,wet,1
2024-07-01,7,NL423,Zuid-Limburg,Agricultural Economic Loss,0,0.6028283773242934,2.575399398803711,wet,1
2024-08-01,8,NL423,Zuid-Limburg,Agricultural Economic Loss,0,0.5350211912690932,2.1789464950561523,wet,1
2024-09-01,9,NL423,Zuid-Limburg,Agricultural Economic Loss,0,0.4065392144371872,2.988447666168213,wet,1
2024-10-01,10,NL423,Zuid-Limburg,Agricultural Economic Loss,0,0.3110476527385957,2.581728458404541,wet,1
2024-11-01,11,NL423,Zuid-Limburg,Agricultural Economic Loss,0,0.3808041194690199,2.0978105068206787,wet,1
2024-12-01,12,NL423,Zuid-Limburg,Agricultural Economic Loss,0,0.34099570966503306,2.107192277908325,wet,1
2025-01-01,1,NL423,Zuid-Limburg,Agricultural Economic Loss,0,0.28314493713117334,2.49822735786438,wet,1
2025-02-01,2,NL423,Zuid-Limburg,Agricultural Economic Loss,0,0.4907681757673931,1.7681748867034912,wet,1
2025-03-01,3,NL423,Zuid-Limburg,Agricultural Economic Loss,0,0.7355319406287673,1.286401629447937,wet,1
2025-04-01,4,NL423,Zuid-Limburg,Agricultural Economic Loss,0,0.7385103023974138,0.8446741700172424,near_normal,1
2025-05-01,5,NL423,Zuid-Limburg,Agricultural Economic Loss,0,0.7769446951080958,-0.30450639128685,near_normal,1
2025-06-01,6,NL423,Zuid-Limburg,Agricultural Economic Loss,1,0.8573946017263891,-0.48462241888046265,near_normal,1
2025-07-01,7,NL423,Zuid-Limburg,Agricultural Economic Loss,0,0.903909170579908,-0.5175946354866028,near_normal,1
2025-08-01,8,NL423,Zuid-Limburg,Agricultural Economic Loss,0,0.912228107413202,-1.1383399963378906,dry,1
2025-09-01,9,NL423,Zuid-Limburg,Agricultural Economic Loss,0,0.71726271028216,-1.2109681367874146,dry,1
2023-12-01,12,NL111,Oost-Groningen,Irrigation Shortage,0,0.05074415977808003,1.8038720488548279,wet,1
2024-01-01,1,NL111,Oost-Groningen,Irrigation Shortage,0,0.066965944994949,1.811567783355713,wet,1
2024-02-01,2,NL111,Oost-Groningen,Irrigation Shortage,0,0.09382666496976506,1.99618661403656,wet,1
2024-03-01,3,NL111,Oost-Groningen,Irrigation Shortage,0,0.13089125293202658,1.6847506165504456,wet,1
2024-04-01,4,NL111,Oost-Groningen,Irrigation Shortage,0,0.1535480885435782,1.9079570770263672,wet,1
2024-05-01,5,NL111,Oost-Groningen,Irrigation Shortage,0,0.32651455814824587,2.1447561979293823,wet,1
2024-06-01,6,NL111,Oost-Groningen,Irrigation Shortage,0,0.3618134891245981,2.7947285175323486,wet,1
2024-07-01,7,NL111,Oost-Groningen,Irrigation Shortage,0,0.29622989217580964,2.7147164344787598,wet,1
2024-08-01,8,NL111,Oost-Groningen,Irrigation Shortage,0,0.3359219548713399,2.659160852432251,wet,1
2024-09-01,9,NL111,Oost-Groningen,Irrigation Shortage,0,0.3039638249765415,2.968327760696411,wet,1
2024-10-01,10,NL111,Oost-Groningen,Irrigation Shortage,0,0.177191912559124,1.971750020980835,wet,1
2024-11-01,11,NL111,Oost-Groningen,Irrigation Shortage,0,0.16456231712691072,1.6035258769989014,wet,1
2024-12-01,12,NL111,Oost-Groningen,Irrigation Shortage,0,0.13625827306370233,1.1509708762168884,wet,1
2025-01-01,1,NL111,Oost-Groningen,Irrigation Shortage,0,0.21597600284312196,1.0549432635307312,wet,1
2025-02-01,2,NL111,Oost-Groningen,Irrigation Shortage,0,0.194088859565422,0.49514587223529816,near_normal,1
2025-03-01,3,NL111,Oost-Groningen,Irrigation Shortage,0,0.35776961693623144,0.1761770248413086,near_normal,1
2025-04-01,4,NL111,Oost-Groningen,Irrigation Shortage,0,0.4158571205485765,-0.4283472001552582,near_normal,1
2025-05-01,5,NL111,Oost-Groningen,Irrigation Shortage,0,0.5670053850946923,-0.9174109697341919,near_normal,1
2025-06-01,6,NL111,Oost-Groningen,Irrigation Shortage,0,0.552231879328998,-0.9498004615306854,near_normal,1
2025-07-01,7,NL111,Oost-Groningen,Irrigation Shortage,0,0.4029292269753497,-1.1780112385749817,dry,1
2025-08-01,8,NL111,Oost-Groningen,Irrigation Shortage,0,0.5741957215019674,-1.31639963388443,dry,1
2025-09-01,9,NL111,Oost-Groningen,Irrigation Shortage,0,0.1875484588113148,-1.4372192025184631,dry,1
2023-12-01,12,NL112,Delfzijl en omgeving,Irrigation Shortage,0,0.17528859415992426,1.5477043390274048,wet,1
2024-01-01,1,NL112,Delfzijl en omgeving,Irrigation Shortage,0,0.2345641346529481,1.5744563341140747,wet,1
2024-03-01,3,NL112,Delfzijl en omgeving,Irrigation Shortage,0,0.35302344724227663,1.5986590385437012,wet,1
2024-04-01,4,NL112,Delfzijl en omgeving,Irrigation Shortage,0,0.40332416956907496,1.7463241815567017,wet,1
2024-05-01,5,NL112,Delfzijl en omgeving,Irrigation Shortage,0,0.6232180378229693,1.9306237697601318,wet,1
2024-06-01,6,NL112,Delfzijl en omgeving,Irrigation Shortage,0,0.6680516659878553,2.5208699703216553,wet,1
2024-07-01,7,NL112,Delfzijl en omgeving,Irrigation Shortage,0,0.597993390574596,2.3603928089141846,wet,1
2024-08-01,8,NL112,Delfzijl en omgeving,Irrigation Shortage,0,0.645654699775129,2.3377909660339355,wet,1
2024-09-01,9,NL112,Delfzijl en omgeving,Irrigation Shortage,0,0.6034302989334636,2.484579563140869,wet,1
2024-10-01,10,NL112,Delfzijl en omgeving,Irrigation Shortage,0,0.43448541864273976,1.6715155839920044,wet,1
2024-11-01,11,NL112,Delfzijl en omgeving,Irrigation Shortage,0,0.4119540275250947,1.3462355136871338,wet,1
2024-12-01,12,NL112,Delfzijl en omgeving,Irrigation Shortage,0,0.3557780035018928,0.9495850205421448,near_normal,1
2025-01-01,1,NL112,Delfzijl en omgeving,Irrigation Shortage,0,0.49330179551337566,0.815735936164856,near_normal,1
2025-02-01,2,NL112,Delfzijl en omgeving,Irrigation Shortage,0,0.47461187239360275,0.2707626223564148,near_normal,1
2025-03-01,3,NL112,Delfzijl en omgeving,Irrigation Shortage,0,0.6314497181220896,-0.011577821336686611,near_normal,1
2025-04-01,4,NL112,Delfzijl en omgeving,Irrigation Shortage,0,0.7113915768720824,-0.536076009273529,near_normal,1
2025-05-01,5,NL112,Delfzijl en omgeving,Irrigation Shortage,0,0.8296973518413366,-0.8959609270095825,near_normal,1
2025-06-01,6,NL112,Delfzijl en omgeving,Irrigation Shortage,0,0.8030932642906099,-0.9709566235542297,near_normal,1
2025-07-01,7,NL112,Delfzijl en omgeving,Irrigation Shortage,0,0.7151716325011327,-1.2213053703308105,dry,1
2025-08-01,8,NL112,Delfzijl en omgeving,Irrigation Shortage,0,0.7302122504787468,-1.3407152891159058,dry,1
2025-09-01,9,NL112,Delfzijl en omgeving,Irrigation Shortage,0,0.44955578135477925,-1.4633549451828003,dry,1
2023-12-01,12,NL113,Overig Groningen,Irrigation Shortage,0,0.08438959890179265,1.576159675916036,wet,1
2024-01-01,1,NL113,Overig Groningen,Irrigation Shortage,0,0.10838541797547843,1.553696870803833,wet,1
2024-02-01,2,NL113,Overig Groningen,Irrigation Shortage,0,0.1323703880785808,1.8252516984939575,wet,1
2024-03-01,3,NL113,Overig Groningen,Irrigation Shortage,0,0.19936341628283358,1.5759201447168987,wet,1
2024-04-01,4,NL113,Overig Groningen,Irrigation Shortage,0,0.22149466540418902,1.7591425975163777,wet,1
2024-05-01,5,NL113,Overig Groningen,Irrigation Shortage,0,0.43072333975691596,1.9804979960123699,wet,1
2024-06-01,6,NL113,Overig Groningen,Irrigation Shortage,0,0.4857710840943591,2.5567835172017417,wet,1
2024-07-01,7,NL113,Overig Groningen,Irrigation Shortage,0,0.4180109789454503,2.325056314468384,wet,1
2024-08-01,8,NL113,Overig Groningen,Irrigation Shortage,0,0.4434227192718806,2.289264678955078,wet,1
2024-09-01,9,NL113,Overig Groningen,Irrigation Shortage,0,0.3893019879894502,2.4607760111490884,wet,1
2024-10-01,10,NL113,Overig Groningen,Irrigation Shortage,0,0.267186028475155,1.74251393477122,wet,1
2024-11-01,11,NL113,Overig Groningen,Irrigation Shortage,0,0.2367986503205515,1.3726389805475872,wet,1
2024-12-01,12,NL113,Overig Groningen,Irrigation Shortage,0,0.19588910795724934,0.9944103360176086,near_normal,1
2025-01-01,1,NL113,Overig Groningen,Irrigation Shortage,0,0.2989643799467041,0.8821484843889872,near_normal,1
2025-02-01,2,NL113,Overig Groningen,Irrigation Shortage,0,0.2885242290248481,0.31073737144470215,near_normal,1
2025-03-01,3,NL113,Overig Groningen,Irrigation Shortage,0,0.4494453322383372,0.035581901048620544,near_normal,1
2025-04-01,4,NL113,Overig Groningen,Irrigation Shortage,0,0.5090680695604806,-0.45748992760976154,near_normal,1
2025-05-01,5,NL113,Overig Groningen,Irrigation Shortage,0,0.6922701350531454,-0.8022730549176534,near_normal,1
2025-06-01,6,NL113,Overig Groningen,Irrigation Shortage,0,0.6589693765304795,-0.9125909010569254,near_normal,1
2025-07-01,7,NL113,Overig Groningen,Irrigation Shortage,0,0.5481174490220994,-1.1193293333053589,dry,1
2025-08-01,8,NL113,Overig Groningen,Irrigation Shortage,0,0.6553003797013628,-1.2605481147766113,dry,1
2025-09-01,9,NL113,Overig Groningen,Irrigation Shortage,0,0.2815231953395218,-1.4358088970184326,dry,1
2023-12-01,12,NL124,Noord-Friesland,Irrigation Shortage,0,0.1751551055902223,1.4863542318344116,wet,1
2024-01-01,1,NL124,Noord-Friesland,Irrigation Shortage,0,0.24278492502002644,1.3574422895908356,wet,1
2024-02-01,2,NL124,Noord-Friesland,Irrigation Shortage,0,0.26208113604324845,1.7159639298915863,wet,1
2024-03-01,3,NL124,Noord-Friesland,Irrigation Shortage,0,0.385830839446882,1.4683093130588531,wet,1
2024-04-01,4,NL124,Noord-Friesland,Irrigation Shortage,0,0.41049593603044854,1.7018274664878845,wet,1
2024-05-01,5,NL124,Noord-Friesland,Irrigation Shortage,0,0.6672204509650769,1.886545330286026,wet,1
2024-06-01,6,NL124,Noord-Friesland,Irrigation Shortage,0,0.6942082612034173,2.4364304542541504,wet,1
2024-07-01,7,NL124,Noord-Friesland,Irrigation Shortage,0,0.607733184248457,2.1045264899730682,wet,1
2024-08-01,8,NL124,Noord-Friesland,Irrigation Shortage,0,0.6538244530986527,2.0753729045391083,wet,1
2024-09-01,9,NL124,Noord-Friesland,Irrigation Shortage,0,0.5797824118043722,2.2301748991012573,wet,1
2024-10-01,10,NL124,Noord-Friesland,Irrigation Shortage,0,0.4530456642838579,1.551231563091278,wet,1
2024-11-01,11,NL124,Noord-Friesland,Irrigation Shortage,0,0.4175186752866327,1.0981620252132416,wet,1
2024-12-01,12,NL124,Noord-Friesland,Irrigation Shortage,0,0.3606308347053345,0.7735436260700226,near_normal,1
2025-01-01,1,NL124,Noord-Friesland,Irrigation Shortage,0,0.4964787658552975,0.6505173146724701,near_normal,1
2025-02-01,2,NL124,Noord-Friesland,Irrigation Shortage,0,0.5048197649620185,0.10699054750148207,near_normal,1
2025-03-01,3,NL124,Noord-Friesland,Irrigation Shortage,0,0.6991349983117249,-0.16945494152605534,near_normal,1
2025-04-01,4,NL124,Noord-Friesland,Irrigation Shortage,0,0.6921830396023649,-0.7064715921878815,near_normal,1
2025-05-01,5,NL124,Noord-Friesland,Irrigation Shortage,0,0.827814154073714,-0.9263435304164886,near_normal,1
2025-06-01,6,NL124,Noord-Friesland,Irrigation Shortage,0,0.8041362232095435,-1.0629418939352036,dry,1
2025-07-01,7,NL124,Noord-Friesland,Irrigation Shortage,0,0.7348090153645531,-1.2299838960170746,dry,1
2025-08-01,8,NL124,Noord-Friesland,Irrigation Shortage,1,0.7918198668705975,-1.4811941981315613,dry,1
2025-09-01,9,NL124,Noord-Friesland,Irrigation Shortage,0,0.4473519724170946,-1.572517216205597,dry,1
2023-12-01,12,NL125,Zuidwest-Friesland,Irrigation Shortage,0,0.02905676820215567,1.63624769449234,wet,1
2024-01-01,1,NL125,Zuidwest-Friesland,Irrigation Shortage,0,0.04639398656202701,1.4139912724494934,wet,1
2024-02-01,2,NL125,Zuidwest-Friesland,Irrigation Shortage,0,0.05514835264045418,1.7786154747009277,wet,1
2024-03-01,3,NL125,Zuidwest-Friesland,Irrigation Shortage,0,0.08961912196852842,1.5638866424560547,wet,1
2024-04-01,4,NL125,Zuidwest-Friesland,Irrigation Shortage,0,0.1039004052675399,1.8326656818389893,wet,1
2024-05-01,5,NL125,Zuidwest-Friesland,Irrigation Shortage,0,0.20798429544420088,2.1068438291549683,wet,1
2024-06-01,6,NL125,Zuidwest-Friesland,Irrigation Shortage,0,0.2554873044487237,2.634555220603943,wet,1
2024-07-01,7,NL125,Zuidwest-Friesland,Irrigation Shortage,0,0.16958324799035837,2.177721381187439,wet,1
2024-08-01,8,NL125,Zuidwest-Friesland,Irrigation Shortage,0,0.19016267778853185,2.1380834579467773,wet,1
2024-09-01,9,NL125,Zuidwest-Friesland,Irrigation Shortage,0,0.14493167155720324,2.2827683687210083,wet,1
2024-10-01,10,NL125,Zuidwest-Friesland,Irrigation Shortage,0,0.10209822653201063,1.732323706150055,wet,1
2024-11-01,11,NL125,Zuidwest-Friesland,Irrigation Shortage,0,0.10091461265271287,1.1893419027328491,wet,1
2024-12-01,12,NL125,Zuidwest-Friesland,Irrigation Shortage,0,0.08177399086425516,0.9064917862415314,near_normal,1
2025-01-01,1,NL125,Zuidwest-Friesland,Irrigation Shortage,0,0.11952948678129283,0.7681446671485901,near_normal,1
2025-02-01,2,NL125,Zuidwest-Friesland,Irrigation Shortage,0,0.13582508977496988,0.15459422394633293,near_normal,1
2025-03-01,3,NL125,Zuidwest-Friesland,Irrigation Shortage,0,0.29915552948400004,-0.20276711881160736,near_normal,1
2025-04-01,4,NL125,Zuidwest-Friesland,Irrigation Shortage,0,0.2201801110455466,-0.842517763376236,near_normal,1
2025-05-01,5,NL125,Zuidwest-Friesland,Irrigation Shortage,0,0.35994462017240275,-1.0782914757728577,dry,1
2025-06-01,6,NL125,Zuidwest-Friesland,Irrigation Shortage,0,0.3158386468400036,-1.1937094926834106,dry,1
2025-07-01,7,NL125,Zuidwest-Friesland,Irrigation Shortage,0,0.25316961824308126,-1.2997994422912598,dry,1
2025-08-01,8,NL125,Zuidwest-Friesland,Irrigation Shortage,1,0.31751096455137845,-1.5020229816436768,dry,1
2025-09-01,9,NL125,Zuidwest-Friesland,Irrigation Shortage,0,0.11092317419736183,-1.550790548324585,dry,1
2023-12-01,12,NL126,Zuidoost-Friesland,Irrigation Shortage,0,0.03149123699629616,1.6415513753890991,wet,1
2024-01-01,1,NL126,Zuidoost-Friesland,Irrigation Shortage,0,0.04286871740093788,1.545999010403951,wet,1
2024-03-01,3,NL126,Zuidoost-Friesland,Irrigation Shortage,0,0.09914539559040074,1.5629839499791462,wet,1
2024-04-01,4,NL126,Zuidoost-Friesland,Irrigation Shortage,0,0.10215291682573385,1.7216502825419109,wet,1
2024-05-01,5,NL126,Zuidoost-Friesland,Irrigation Shortage,0,0.23816088773654662,2.123636484146118,wet,1
2024-06-01,6,NL126,Zuidoost-Friesland,Irrigation Shortage,0,0.2938162787371393,2.8139727115631104,wet,1
2024-07-01,7,NL126,Zuidoost-Friesland,Irrigation Shortage,0,0.21502296404004223,2.4634934266408286,wet,1
2024-08-01,8,NL126,Zuidoost-Friesland,Irrigation Shortage,0,0.23280990127507636,2.2954910596211753,wet,1
2024-09-01,9,NL126,Zuidoost-Friesland,Irrigation Shortage,0,0.19351435912193812,2.6972495714823403,wet,1
2024-10-01,10,NL126,Zuidoost-Friesland,Irrigation Shortage,0,0.11504164030170759,1.9253834088643391,wet,1
2024-11-01,11,NL126,Zuidoost-Friesland,Irrigation Shortage,0,0.11765596161070349,1.4363560279210408,wet,1
2024-12-01,12,NL126,Zuidoost-Friesland,Irrigation Shortage,0,0.09104034433264245,1.123047669728597,wet,1
2025-01-01,1,NL126,Zuidoost-Friesland,Irrigation Shortage,0,0.13379595241619568,1.0151313543319702,wet,1
2025-02-01,2,NL126,Zuidoost-Friesland,Irrigation Shortage,0,0.14086620446423526,0.39727561672528583,near_normal,1
2025-03-01,3,NL126,Zuidoost-Friesland,Irrigation Shortage,0,0.26524545452642806,0.04762745307137569,near_normal,1
2025-04-01,4,NL126,Zuidoost-Friesland,Irrigation Shortage,0,0.28232774285874507,-0.49264203508694965,near_normal,1
2025-05-01,5,NL126,Zuidoost-Friesland,Irrigation Shortage,0,0.46204502782685736,-0.9436053037643433,near_normal,1
2025-06-01,6,NL126,Zuidoost-Friesland,Irrigation Shortage,0,0.41669554849008755,-1.055333097775777,dry,1
2025-07-01,7,NL126,Zuidoost-Friesland,Irrigation Shortage,0,0.32932299940810944,-1.1487988233566284,dry,1
2025-08-01,8,NL126,Zuidoost-Friesland,Irrigation Shortage,0,0.4870413182176031,-1.3487204710642497,dry,1
2025-09-01,9,NL126,Zuidoost-Friesland,Irrigation Shortage,0,0.1475528381936139,-1.5328909953435261,dry,1
2023-12-01,12,NL131,Noord-Drenthe,Irrigation Shortage,0,0.09681206201033757,1.685130774974823,wet,1
2024-01-01,1,NL131,Noord-Drenthe,Irrigation Shortage,0,0.12796217798392415,1.625184416770935,wet,1
2024-02-01,2,NL131,Noord-Drenthe,Irrigation Shortage,0,0.16860912819155996,1.908049762248993,wet,1
2024-03-01,3,NL131,Noord-Drenthe,Irrigation Shortage,0,0.2581053702062741,1.6074219346046448,wet,1
2024-04-01,4,NL131,Noord-Drenthe,Irrigation Shortage,0,0.2534772728958064,1.7808722257614136,wet,1
2024-05-01,5,NL131,Noord-Drenthe,Irrigation Shortage,0,0.4801265343215154,2.125525951385498,wet,1
2024-06-01,6,NL131,Noord-Drenthe,Irrigation Shortage,0,0.5008670603759293,2.8354954719543457,wet,1
2024-07-01,7,NL131,Noord-Drenthe,Irrigation Shortage,0,0.452344888083721,2.568251371383667,wet,1
2024-08-01,8,NL131,Noord-Drenthe,Irrigation Shortage,0,0.49711076745583654,2.437190890312195,wet,1
2024-09-01,9,NL131,Noord-Drenthe,Irrigation Shortage,0,0.466294059230445,2.765575647354126,wet,1
2024-10-01,10,NL131,Noord-Drenthe,Irrigation Shortage,0,0.2919654417996144,1.9603742957115173,wet,1
2024-11-01,11,NL131,Noord-Drenthe,Irrigation Shortage,0,0.2912827960851487,1.541092872619629,wet,1
2024-12-01,12,NL131,Noord-Drenthe,Irrigation Shortage,0,0.2374686078960116,1.1613088250160217,wet,1
2025-01-01,1,NL131,Noord-Drenthe,Irrigation Shortage,0,0.3479566152969885,1.0562910437583923,wet,1
2025-02-01,2,NL131,Noord-Drenthe,Irrigation Shortage,0,0.3302609923156735,0.4693644195795059,near_normal,1
2025-03-01,3,NL131,Noord-Drenthe,Irrigation Shortage,0,0.4899070828064208,0.14078162051737309,near_normal,1
2025-04-01,4,NL131,Noord-Drenthe,Irrigation Shortage,0,0.5851595813729344,-0.37382109463214874,near_normal,1
2025-05-01,5,NL131,Noord-Drenthe,Irrigation Shortage,0,0.7209087342234732,-0.8759167492389679,near_normal,1
2025-06-01,6,NL131,Noord-Drenthe,Irrigation Shortage,0,0.7136133788824532,-0.9764733612537384,near_normal,1
2025-07-01,7,NL131,Noord-Drenthe,Irrigation Shortage,0,0.6107202824412998,-1.0990380644798279,dry,1
2025-08-01,8,NL131,Noord-Drenthe,Irrigation Shortage,0,0.7615701104388275,-1.2489697933197021,dry,1
2025-09-01,9,NL131,Noord-Drenthe,Irrigation Shortage,0,0.3880744380369805,-1.4132501482963562,dry,1
2023-12-01,12,NL132,Zuidoost-Drenthe,Irrigation Shortage,0,0.02291133452998504,1.9405426979064941,wet,1
2024-01-01,1,NL132,Zuidoost-Drenthe,Irrigation Shortage,0,0.028155366496092533,1.862620234489441,wet,1
2024-02-01,2,NL132,Zuidoost-Drenthe,Irrigation Shortage,0,0.0413853766250354,2.074225902557373,wet,1
2024-03-01,3,NL132,Zuidoost-Drenthe,Irrigation Shortage,0,0.07068256506232083,1.7616868019104004,wet,1
2024-04-01,4,NL132,Zuidoost-Drenthe,Irrigation Shortage,0,0.0654891071193898,1.9577404260635376,wet,1
2024-05-01,5,NL132,Zuidoost-Drenthe,Irrigation Shortage,0,0.15661111227013724,2.271449089050293,wet,1
2024-06-01,6,NL132,Zuidoost-Drenthe,Irrigation Shortage,0,0.1542027746820268,2.8965072631835938,wet,1
2024-07-01,7,NL132,Zuidoost-Drenthe,Irrigation Shortage,0,0.12464275864846329,2.828998327255249,wet,1
2024-08-01,8,NL132,Zuidoost-Drenthe,Irrigation Shortage,0,0.15986472159557613,2.8166348934173584,wet,1
2024-09-01,9,NL132,Zuidoost-Drenthe,Irrigation Shortage,0,0.14975005351988674,3.1048576831817627,wet,1
2024-10-01,10,NL132,Zuidoost-Drenthe,Irrigation Shortage,0,0.07118761376286382,2.167729139328003,wet,1
2024-11-01,11,NL132,Zuidoost-Drenthe,Irrigation Shortage,0,0.07042433087440061,1.7443439960479736,wet,1
2024-12-01,12,NL132,Zuidoost-Drenthe,Irrigation Shortage,0,0.04992343562660826,1.2934812307357788,wet,1
2025-01-01,1,NL132,Zuidoost-Drenthe,Irrigation Shortage,0,0.08443101873721545,1.196232557296753,wet,1
2025-02-01,2,NL132,Zuidoost-Drenthe,Irrigation Shortage,0,0.08180170034650228,0.622021496295929,near_normal,1
2025-03-01,3,NL132,Zuidoost-Drenthe,Irrigation Shortage,0,0.219969987032765,0.29568547010421753,near_normal,1
2025-04-01,4,NL132,Zuidoost-Drenthe,Irrigation Shortage,0,0.20263043536789546,-0.27435654401779175,near_normal,1
2025-05-01,5,NL132,Zuidoost-Drenthe,Irrigation Shortage,0,0.32402756530951826,-0.8413411974906921,near_normal,1
2025-06-01,6,NL132,Zuidoost-Drenthe,Irrigation Shortage,0,0.33075081285911456,-0.9112480282783508,near_normal,1
2025-07-01,7,NL132,Zuidoost-Drenthe,Irrigation Shortage,0,0.21162243663061797,-1.104096531867981,dry,1
2025-08-01,8,NL132,Zuidoost-Drenthe,Irrigation Shortage,0,0.37928478082451966,-1.2686371803283691,dry,1
2025-09-01,9,NL132,Zuidoost-Drenthe,Irrigation Shortage,0,0.10517777090330627,-1.3522844314575195,dry,1
2023-12-01,12,NL133,Zuidwest-Drenthe,Irrigation Shortage,0,0.04822633615746847,1.7844210863113403,wet,1
2024-01-01,1,NL133,Zuidwest-Drenthe,Irrigation Shortage,0,0.056469582284314444,1.72472482919693,wet,1
2024-02-01,2,NL133,Zuidwest-Drenthe,Irrigation Shortage,0,0.08715342623628869,2.0366421341896057,wet,1
2024-03-01,3,NL133,Zuidwest-Drenthe,Irrigation Shortage,0,0.12810263561492616,1.7058511972427368,wet,1
2024-04-01,4,NL133,Zuidwest-Drenthe,Irrigation Shortage,0,0.13542302833175854,1.8357419967651367,wet,1
2024-05-01,5,NL133,Zuidwest-Drenthe,Irrigation Shortage,0,0.270881971790023,2.266860604286194,wet,1
2024-06-01,6,NL133,Zuidwest-Drenthe,Irrigation Shortage,0,0.2965609970744171,2.907911777496338,wet,1
2024-07-01,7,NL133,Zuidwest-Drenthe,Irrigation Shortage,0,0.26126321011271336,2.7513095140457153,wet,1
2024-08-01,8,NL133,Zuidwest-Drenthe,Irrigation Shortage,0,0.30031817258869054,2.632028818130493,wet,1
2024-09-01,9,NL133,Zuidwest-Drenthe,Irrigation Shortage,0,0.26226188471123535,3.0397181510925293,wet,1
2024-10-01,10,NL133,Zuidwest-Drenthe,Irrigation Shortage,0,0.14601032804806902,2.1555556058883667,wet,1
2024-11-01,11,NL133,Zuidwest-Drenthe,Irrigation Shortage,0,0.15053794898020828,1.7173022627830505,wet,1
2024-12-01,12,NL133,Zuidwest-Drenthe,Irrigation Shortage,0,0.12076153306470386,1.3606191873550415,wet,1
2025-01-01,1,NL133,Zuidwest-Drenthe,Irrigation Shortage,0,0.15160072020215215,1.2867012023925781,wet,1
2025-02-01,2,NL133,Zuidwest-Drenthe,Irrigation Shortage,0,0.17493097771528177,0.6509714722633362,near_normal,1
2025-03-01,3,NL133,Zuidwest-Drenthe,Irrigation Shortage,0,0.37010918279958943,0.2719087675213814,near_normal,1
2025-04-01,4,NL133,Zuidwest-Drenthe,Irrigation Shortage,0,0.3580540916598723,-0.26466917246580124,near_normal,1
2025-05-01,5,NL133,Zuidwest-Drenthe,Irrigation Shortage,0,0.49353260396565607,-0.8783625960350037,near_normal,1
2025-06-01,6,NL133,Zuidwest-Drenthe,Irrigation Shortage,0,0.5084391652832695,-0.9638475477695465,near_normal,1
2025-07-01,7,NL133,Zuidwest-Drenthe,Irrigation Shortage,0,0.39551228957672513,-1.0526711344718933,dry,1
2025-08-01,8,NL133,Zuidwest-Drenthe,Irrigation Shortage,0,0.6113011785172168,-1.2207630276679993,dry,1
2025-09-01,9,NL133,Zuidwest-Drenthe,Irrigation Shortage,0,0.21547684724496743,-1.363072395324707,dry,1
2023-12-01,12,NL211,Noord-Overijssel,Irrigation Shortage,0,0.06909330582884225,1.8763700723648071,wet,1
2024-01-01,1,NL211,Noord-Overijssel,Irrigation Shortage,0,0.07808516308029168,1.8030700087547302,wet,1
2024-02-01,2,NL211,Noord-Overijssel,Irrigation Shortage,0,0.11983278138066192,2.1056063175201416,wet,1
2024-03-01,3,NL211,Noord-Overijssel,Irrigation Shortage,0,0.14225513557657585,1.7778285145759583,wet,1
2024-04-01,4,NL211,Noord-Overijssel,Irrigation Shortage,0,0.18481365684584317,1.8979318737983704,wet,1
2024-05-01,5,NL211,Noord-Overijssel,Irrigation Shortage,0,0.3312358698137764,2.330261468887329,wet,1
2024-06-01,6,NL211,Noord-Overijssel,Irrigation Shortage,0,0.36604384115678745,2.892736077308655,wet,1
2024-07-01,7,NL211,Noord-Overijssel,Irrigation Shortage,0,0.28819379050721133,2.926464080810547,wet,1
2024-08-01,8,NL211,Noord-Overijssel,Irrigation Shortage,0,0.34013283449675924,2.801928162574768,wet,1
2024-09-01,9,NL211,Noord-Overijssel,Irrigation Shortage,0,0.32524975739132433,3.1640535593032837,wet,1
2024-10-01,10,NL211,Noord-Overijssel,Irrigation Shortage,0,0.18410671359511135,2.2690484523773193,wet,1
2024-11-01,11,NL211,Noord-Overijssel,Irrigation Shortage,0,0.19206272351112513,1.8291608691215515,wet,1
2024-12-01,12,NL211,Noord-Overijssel,Irrigation Shortage,0,0.15463616486448586,1.4506611824035645,wet,1
2025-01-01,1,NL211,Noord-Overijssel,Irrigation Shortage,0,0.22575585608253892,1.3931864500045776,wet,1
2025-02-01,2,NL211,Noord-Overijssel,Irrigation Shortage,0,0.21845202053032103,0.753440797328949,near_normal,1
2025-03-01,3,NL211,Noord-Overijssel,Irrigation Shortage,0,0.42380816535474186,0.3611278682947159,near_normal,1
2025-04-01,4,NL211,Noord-Overijssel,Irrigation Shortage,0,0.42098235556454194,-0.20052483677864075,near_normal,1
2025-05-01,5,NL211,Noord-Overijssel,Irrigation Shortage,0,0.5802756905663088,-0.8454030454158783,near_normal,1
2025-06-01,6,NL211,Noord-Overijssel,Irrigation Shortage,1,0.5890506051548114,-0.9478132128715515,near_normal,1
2025-07-01,7,NL211,Noord-Overijssel,Irrigation Shortage,0,0.4540028844295251,-1.0653294920921326,dry,1
2025-08-01,8,NL211,Noord-Overijssel,Irrigation Shortage,0,0.5998059275046552,-1.2702912092208862,dry,1
2025-09-01,9,NL211,Noord-Overijssel,Irrigation Shortage,0,0.24092438885377915,-1.3825294971466064,dry,1
2023-12-01,12,NL212,Zuidwest-Overijssel,Irrigation Shortage,0,0.1941136475889285,1.9005659818649292,wet,1
2024-01-01,1,NL212,Zuidwest-Overijssel,Irrigation Shortage,0,0.2037675905374091,1.8292285203933716,wet,1
2024-02-01,2,NL212,Zuidwest-Overijssel,Irrigation Shortage,0,0.29998275105405114,2.213228702545166,wet,1
2024-03-01,3,NL212,Zuidwest-Overijssel,Irrigation Shortage,0,0.3282622001932829,1.849002480506897,wet,1
2024-04-01,4,NL212,Zuidwest-Overijssel,Irrigation Shortage,0,0.4169071364180263,1.9571956396102905,wet,1
2024-05-01,5,NL212,Zuidwest-Overijssel,Irrigation Shortage,0,0.5872179691204041,2.3873307704925537,wet,1
2024-06-01,6,NL212,Zuidwest-Overijssel,Irrigation Shortage,0,0.6138016729967721,2.8320765495300293,wet,1
2024-07-01,7,NL212,Zuidwest-Overijssel,Irrigation Shortage,0,0.5654860406184484,3.2399985790252686,wet,1
2024-08-01,8,NL212,Zuidwest-Overijssel,Irrigation Shortage,0,0.6083280899846646,2.890531063079834,wet,1
2024-09-01,9,NL212,Zuidwest-Overijssel,Irrigation Shortage,0,0.5895855511629913,3.281804084777832,wet,1
2024-10-01,10,NL212,Zuidwest-Overijssel,Irrigation Shortage,0,0.4019806186734407,2.341593027114868,wet,1
2024-11-01,11,NL212,Zuidwest-Overijssel,Irrigation Shortage,0,0.4081712327358052,1.9496963024139404,wet,1
2024-12-01,12,NL212,Zuidwest-Overijssel,Irrigation Shortage,0,0.33536972150729066,1.6000728607177734,wet,1
2025-01-01,1,NL212,Zuidwest-Overijssel,Irrigation Shortage,0,0.44463769271410997,1.6217764616012573,wet,1
2025-02-01,2,NL212,Zuidwest-Overijssel,Irrigation Shortage,0,0.4513926967215639,0.9912475943565369,near_normal,1
2025-03-01,3,NL212,Zuidwest-Overijssel,Irrigation Shortage,0,0.7026073873274545,0.5870882868766785,near_normal,1
2025-04-01,4,NL212,Zuidwest-Overijssel,Irrigation Shortage,0,0.7028092461820914,-0.03741263225674629,near_normal,1
2025-05-01,5,NL212,Zuidwest-Overijssel,Irrigation Shortage,0,0.8044699085718775,-0.7523486614227295,near_normal,1
2025-06-01,6,NL212,Zuidwest-Overijssel,Irrigation Shortage,1,0.8042627863725248,-0.9098113179206848,near_normal,1
2025-07-01,7,NL212,Zuidwest-Overijssel,Irrigation Shortage,0,0.705248172978357,-1.0562019348144531,dry,1
2025-08-01,8,NL212,Zuidwest-Overijssel,Irrigation Shortage,0,0.8155929942000347,-1.332362413406372,dry,1
2025-09-01,9,NL212,Zuidwest-Overijssel,Irrigation Shortage,0,0.524767489069191,-1.4136707782745361,dry,1
2023-12-01,12,NL213,Twente,Irrigation Shortage,0,0.30056607235002153,1.877382477124532,wet,1
2024-01-01,1,NL213,Twente,Irrigation Shortage,0,0.3308466605133329,1.7741056680679321,wet,1
2024-02-01,2,NL213,Twente,Irrigation Shortage,0,0.43256598362548315,2.1074114640553794,wet,1
2024-03-01,3,NL213,Twente,Irrigation Shortage,0,0.5206506678461901,1.7495448191960652,wet,1
2024-04-01,4,NL213,Twente,Irrigation Shortage,0,0.5594418150366557,1.8394211530685425,wet,1
2024-05-01,5,NL213,Twente,Irrigation Shortage,0,0.7142544522433765,2.2049256960550943,wet,1
2024-06-01,6,NL213,Twente,Irrigation Shortage,0,0.7421722799516577,2.5858238538106284,wet,1
2024-07-01,7,NL213,Twente,Irrigation Shortage,0,0.6494484368433713,2.9343260129292807,wet,1
2024-08-01,8,NL213,Twente,Irrigation Shortage,0,0.6941127796617252,2.6960832277933755,wet,1
2024-09-01,9,NL213,Twente,Irrigation Shortage,0,0.7050104101359631,3.2426631450653076,wet,1
2024-10-01,10,NL213,Twente,Irrigation Shortage,0,0.5255602146444553,2.2757716178894043,wet,1
2024-11-01,11,NL213,Twente,Irrigation Shortage,0,0.5303675482464899,1.856828014055888,wet,1
2024-12-01,12,NL213,Twente,Irrigation Shortage,0,0.44475173589885086,1.449364145596822,wet,1
2025-01-01,1,NL213,Twente,Irrigation Shortage,0,0.5615874410725719,1.4633930921554565,wet,1
2025-02-01,2,NL213,Twente,Irrigation Shortage,0,0.5879161286717636,0.8273681799570719,near_normal,1
2025-03-01,3,NL213,Twente,Irrigation Shortage,0,0.8539189261716539,0.45466773708661395,near_normal,1
2025-04-01,4,NL213,Twente,Irrigation Shortage,0,0.8054071878764775,-0.08532259364922841,near_normal,1
2025-05-01,5,NL213,Twente,Irrigation Shortage,0,0.8750507107041008,-0.7380898396174113,near_normal,1
2025-06-01,6,NL213,Twente,Irrigation Shortage,1,0.8900626405239734,-0.8258537650108337,near_normal,1
2025-07-01,7,NL213,Twente,Irrigation Shortage,0,0.8251331482619572,-0.9453806678454081,near_normal,1
2025-08-01,8,NL213,Twente,Irrigation Shortage,0,0.9168692407115977,-1.2185680468877156,dry,1
2025-09-01,9,NL213,Twente,Irrigation Shortage,0,0.6496842200168848,-1.2572739521662395,dry,1
2023-12-01,12,NL221,Veluwe,Irrigation Shortage,0,0.266311115870533,1.9351237614949544,wet,1
2024-01-01,1,NL221,Veluwe,Irrigation Shortage,0,0.27899873695375965,1.8073323965072632,wet,1
2024-02-01,2,NL221,Veluwe,Irrigation Shortage,0,0.3426058910149158,2.2413116296132407,wet,1
2024-03-01,3,NL221,Veluwe,Irrigation Shortage,0,0.3820826145399572,1.8151774009068806,wet,1
2024-04-01,4,NL221,Veluwe,Irrigation Shortage,0,0.5077675922267114,2.02529247601827,wet,1
2024-05-01,5,NL221,Veluwe,Irrigation Shortage,0,0.6763733818613389,2.5431505044301352,wet,1
2024-06-01,6,NL221,Veluwe,Irrigation Shortage,0,0.7310684360565454,2.9275620778401694,wet,1
2024-07-01,7,NL221,Veluwe,Irrigation Shortage,0,0.6867104328580808,3.333141009012858,wet,1
2024-08-01,8,NL221,Veluwe,Irrigation Shortage,0,0.702666698431013,2.8060739040374756,wet,1
2024-09-01,9,NL221,Veluwe,Irrigation Shortage,0,0.6840353886093534,3.3057305812835693,wet,1
2024-10-01,10,NL221,Veluwe,Irrigation Shortage,0,0.49301796526329156,2.3737645149230957,wet,1
2024-11-01,11,NL221,Veluwe,Irrigation Shortage,0,0.5131040710564219,1.9296060800552368,wet,1
2024-12-01,12,NL221,Veluwe,Irrigation Shortage,0,0.44116368218214635,1.6137422720591228,wet,1
2025-01-01,1,NL221,Veluwe,Irrigation Shortage,0,0.533930534662478,1.6722465356190999,wet,1
2025-02-01,2,NL221,Veluwe,Irrigation Shortage,0,0.5557992456225088,1.0694556037584941,wet,1
2025-03-01,3,NL221,Veluwe,Irrigation Shortage,0,0.8254255350251556,0.6522466341654459,near_normal,1
2025-04-01,4,NL221,Veluwe,Irrigation Shortage,1,0.7759270408284741,-0.03821267498036226,near_normal,1
2025-05-01,5,NL221,Veluwe,Irrigation Shortage,0,0.8428590731930092,-0.8415002226829529,near_normal,1
2025-06-01,6,NL221,Veluwe,Irrigation Shortage,0,0.8676914236850498,-0.9649274547894796,near_normal,1
2025-07-01,7,NL221,Veluwe,Irrigation Shortage,0,0.7891616578445395,-1.1212384700775146,dry,1
2025-08-01,8,NL221,Veluwe,Irrigation Shortage,0,0.8721520209865589,-1.4766345818837483,dry,1
2025-09-01,9,NL221,Veluwe,Irrigation Shortage,0,0.5878533497864087,-1.5261424779891968,dry,1
2023-12-01,12,NL224,Zuidwest-Gelderland,Irrigation Shortage,0,0.24029562416284805,1.9365487098693848,wet,1
2024-01-01,1,NL224,Zuidwest-Gelderland,Irrigation Shortage,0,0.2516751398121271,1.685375452041626,wet,1
2024-02-01,2,NL224,Zuidwest-Gelderland,Irrigation Shortage,0,0.2819410798856161,2.1737860441207886,wet,1
2024-03-01,3,NL224,Zuidwest-Gelderland,Irrigation Shortage,0,0.3418287791751308,1.7497069239616394,wet,1
2024-04-01,4,NL224,Zuidwest-Gelderland,Irrigation Shortage,0,0.4525010273888778,2.014431595802307,wet,1
2024-05-01,5,NL224,Zuidwest-Gelderland,Irrigation Shortage,0,0.627975949122951,2.511814832687378,wet,1
2024-06-01,6,NL224,Zuidwest-Gelderland,Irrigation Shortage,0,0.6890426193126509,2.8723764419555664,wet,1
2024-07-01,7,NL224,Zuidwest-Gelderland,Irrigation Shortage,0,0.6372602479834968,3.360319137573242,wet,1
2024-08-01,8,NL224,Zuidwest-Gelderland,Irrigation Shortage,0,0.6257730939996753,2.7078782320022583,wet,1
2024-09-01,9,NL224,Zuidwest-Gelderland,Irrigation Shortage,0,0.5902294088506502,3.562034487724304,wet,1
2024-10-01,10,NL224,Zuidwest-Gelderland,Irrigation Shortage,0,0.44908438206810564,2.6191734075546265,wet,1
2024-11-01,11,NL224,Zuidwest-Gelderland,Irrigation Shortage,0,0.44670898608050263,2.088479518890381,wet,1
2024-12-01,12,NL224,Zuidwest-Gelderland,Irrigation Shortage,0,0.3700851611491389,1.848576307296753,wet,1
2025-01-01,1,NL224,Zuidwest-Gelderland,Irrigation Shortage,0,0.4605667732080689,1.9212733507156372,wet,1
2025-02-01,2,NL224,Zuidwest-Gelderland,Irrigation Shortage,0,0.47772124486322814,1.400187075138092,wet,1
2025-03-01,3,NL224,Zuidwest-Gelderland,Irrigation Shortage,0,0.8479546842855706,0.972754567861557,near_normal,1
2025-04-01,4,NL224,Zuidwest-Gelderland,Irrigation Shortage,0,0.7162008352397757,0.29149629175662994,near_normal,1
2025-05-01,5,NL224,Zuidwest-Gelderland,Irrigation Shortage,0,0.8205629829595673,-0.6283363997936249,near_normal,1
2025-06-01,6,NL224,Zuidwest-Gelderland,Irrigation Shortage,0,0.825934003370544,-0.8211278021335602,near_normal,1
2025-07-01,7,NL224,Zuidwest-Gelderland,Irrigation Shortage,0,0.7479963023486507,-1.0137033462524414,dry,1
2025-08-01,8,NL224,Zuidwest-Gelderland,Irrigation Shortage,0,0.7947557841109713,-1.4959520101547241,dry,1
2025-09-01,9,NL224,Zuidwest-Gelderland,Irrigation Shortage,0,0.4724457898620634,-1.5776581168174744,dry,1
2023-12-01,12,NL225,Achterhoek,Irrigation Shortage,0,0.35660813586380824,1.9582886695861816,wet,1
2024-01-01,1,NL225,Achterhoek,Irrigation Shortage,0,0.38798415186371615,1.805512011051178,wet,1
2024-02-01,2,NL225,Achterhoek,Irrigation Shortage,0,0.45385534345111683,2.2859821915626526,wet,1
2024-03-01,3,NL225,Achterhoek,Irrigation Shortage,0,0.4823862041330579,1.7744671404361725,wet,1
2024-04-01,4,NL225,Achterhoek,Irrigation Shortage,0,0.6238162571433091,1.8754302561283112,wet,1
2024-05-01,5,NL225,Achterhoek,Irrigation Shortage,0,0.7642368730250442,2.249455988407135,wet,1
2024-06-01,6,NL225,Achterhoek,Irrigation Shortage,0,0.7991414518846964,2.5028456449508667,wet,1
2024-07-01,7,NL225,Achterhoek,Irrigation Shortage,0,0.7074250476729641,2.9508511424064636,wet,1
2024-08-01,8,NL225,Achterhoek,Irrigation Shortage,0,0.7187998342134607,2.5167282819747925,wet,1
2024-09-01,9,NL225,Achterhoek,Irrigation Shortage,0,0.7302567485574258,3.3198123574256897,wet,1
2024-10-01,10,NL225,Achterhoek,Irrigation Shortage,0,0.5743309614522989,2.387208878993988,wet,1
2024-11-01,11,NL225,Achterhoek,Irrigation Shortage,0,0.5769000048145233,1.9416667819023132,wet,1
2024-12-01,12,NL225,Achterhoek,Irrigation Shortage,0,0.5024731637896308,1.5921784937381744,wet,1
2025-01-01,1,NL225,Achterhoek,Irrigation Shortage,0,0.5907160616374841,1.7311365902423859,wet,1
2025-02-01,2,NL225,Achterhoek,Irrigation Shortage,0,0.6248022780931151,1.0746888369321823,wet,1
2025-03-01,3,NL225,Achterhoek,Irrigation Shortage,0,0.8626824784642954,0.6834009438753128,near_normal,1
2025-04-01,4,NL225,Achterhoek,Irrigation Shortage,0,0.82889567619678,0.09695965144783258,near_normal,1
2025-05-01,5,NL225,Achterhoek,Irrigation Shortage,0,0.8967797159223243,-0.612250030040741,near_normal,1
2025-06-01,6,NL225,Achterhoek,Irrigation Shortage,1,0.89641937370328,-0.7061386853456497,near_normal,1
2025-07-01,7,NL225,Achterhoek,Irrigation Shortage,0,0.8486402693332895,-0.8033000975847244,near_normal,1
2025-08-01,8,NL225,Achterhoek,Irrigation Shortage,0,0.934217438132402,-1.172307550907135,dry,1
2025-09-01,9,NL225,Achterhoek,Irrigation Shortage,0,0.7137444369354878,-1.218297392129898,dry,1
2023-12-01,12,NL226,Arnhem/Nijmegen,Irrigation Shortage,0,0.2660916336541508,2.0403103033701577,wet,1
2024-01-01,1,NL226,Arnhem/Nijmegen,Irrigation Shortage,0,0.29911681155345254,1.8382607301076253,wet,1
2024-02-01,2,NL226,Arnhem/Nijmegen,Irrigation Shortage,0,0.33612766493837426,2.3888396422068277,wet,1
2024-03-01,3,NL226,Arnhem/Nijmegen,Irrigation Shortage,0,0.3750221262023155,1.8225633303324382,wet,1
2024-04-01,4,NL226,Arnhem/Nijmegen,Irrigation Shortage,0,0.5191013768216591,2.003558794657389,wet,1
2024-05-01,5,NL226,Arnhem/Nijmegen,Irrigation Shortage,0,0.7006558746430483,2.5283732414245605,wet,1
2024-06-01,6,NL226,Arnhem/Nijmegen,Irrigation Shortage,0,0.7495764523283222,2.8170496622721353,wet,1
2024-07-01,7,NL226,Arnhem/Nijmegen,Irrigation Shortage,0,0.6561797228144737,3.480062961578369,wet,1
2024-08-01,8,NL226,Arnhem/Nijmegen,Irrigation Shortage,0,0.6391274958238609,2.6924848556518555,wet,1
2024-09-01,9,NL226,Arnhem/Nijmegen,Irrigation Shortage,0,0.6414099508924277,3.6542739868164062,wet,1
2024-10-01,10,NL226,Arnhem/Nijmegen,Irrigation Shortage,0,0.48246432186020566,2.6188717683156333,wet,1
2024-11-01,11,NL226,Arnhem/Nijmegen,Irrigation Shortage,0,0.48380992768064496,2.119877894719442,wet,1
2024-12-01,12,NL226,Arnhem/Nijmegen,Irrigation Shortage,0,0.4011234300951266,1.8100270827611287,wet,1
2025-01-01,1,NL226,Arnhem/Nijmegen,Irrigation Shortage,0,0.4882650818226297,1.9685104290644329,wet,1
2025-02-01,2,NL226,Arnhem/Nijmegen,Irrigation Shortage,0,0.5091792604615146,1.3947044213612874,wet,1
2025-03-01,3,NL226,Arnhem/Nijmegen,Irrigation Shortage,0,0.8017687114458223,0.9596504171689352,near_normal,1
2025-04-01,4,NL226,Arnhem/Nijmegen,Irrigation Shortage,0,0.7594570873571682,0.3398151993751526,near_normal,1
2025-05-01,5,NL226,Arnhem/Nijmegen,Irrigation Shortage,0,0.834117868084831,-0.5684083700180054,near_normal,1
2025-06-01,6,NL226,Arnhem/Nijmegen,Irrigation Shortage,1,0.8498412907318006,-0.671301543712616,near_normal,1
2025-07-01,7,NL226,Arnhem/Nijmegen,Irrigation Shortage,0,0.8029005926745991,-0.846276581287384,near_normal,1
2025-08-01,8,NL226,Arnhem/Nijmegen,Irrigation Shortage,0,0.8458915032104394,-1.2885345220565796,dry,1
2025-09-01,9,NL226,Arnhem/Nijmegen,Irrigation Shortage,0,0.5990768100059358,-1.3259549935658772,dry,1
2023-12-01,12,NL230,Flevoland,Irrigation Shortage,0,0.16672095492098668,1.8151381413141887,wet,1
2024-01-01,1,NL230,Flevoland,Irrigation Shortage,0,0.1975701671282171,1.6810797452926636,wet,1
2024-02-01,2,NL230,Flevoland,Irrigation Shortage,0,0.2559770002583941,2.042652944723765,wet,1
2024-03-01,3,NL230,Flevoland,Irrigation Shortage,0,0.26798434973759666,1.7197583715120952,wet,1
2024-04-01,4,NL230,Flevoland,Irrigation Shortage,0,0.39694768181810997,1.9411502679189045,wet,1
2024-05-01,5,NL230,Flevoland,Irrigation Shortage,0,0.586442906496037,2.439574877421061,wet,1
2024-06-01,6,NL230,Flevoland,Irrigation Shortage,0,0.6322465326440415,2.9559825658798218,wet,1
2024-07-01,7,NL230,Flevoland,Irrigation Shortage,0,0.5713770165174801,2.801535407702128,wet,1
2024-08-01,8,NL230,Flevoland,Irrigation Shortage,0,0.57654668769239,2.583793560663859,wet,1
2024-09-01,9,NL230,Flevoland,Irrigation Shortage,0,0.5317726556052405,2.821715792020162,wet,1
2024-10-01,10,NL230,Flevoland,Irrigation Shortage,0,0.39505578053374907,2.08377875884374,wet,1
2024-11-01,11,NL230,Flevoland,Irrigation Shortage,0,0.40082040083064613,1.6295397281646729,wet,1
2024-12-01,12,NL230,Flevoland,Irrigation Shortage,0,0.34163430116411814,1.3571658531824748,wet,1
2025-01-01,1,NL230,Flevoland,Irrigation Shortage,0,0.4368859828260353,1.31018461783727,wet,1
2025-02-01,2,NL230,Flevoland,Irrigation Shortage,0,0.4599337839059922,0.681924487153689,near_normal,1
2025-03-01,3,NL230,Flevoland,Irrigation Shortage,0,0.7734679482448651,0.25594955605144304,near_normal,1
2025-04-01,4,NL230,Flevoland,Irrigation Shortage,1,0.6448977614697529,-0.42615289986133575,near_normal,1
2025-05-01,5,NL230,Flevoland,Irrigation Shortage,0,0.7495780074530303,-1.02263805270195,dry,1
2025-06-01,6,NL230,Flevoland,Irrigation Shortage,0,0.7801306925243439,-1.1407394806543987,dry,1
2025-07-01,7,NL230,Flevoland,Irrigation Shortage,0,0.6820420041250527,-1.2951755126317341,dry,1
2025-08-01,8,NL230,Flevoland,Irrigation Shortage,0,0.749242757671632,-1.5772170821825664,dry,1
2025-09-01,9,NL230,Flevoland,Irrigation Shortage,0,0.4343775896034047,-1.6643696029980977,dry,1
2023-12-01,12,NL310,Utrecht,Irrigation Shortage,0,0.10854851513489419,1.8131556908289592,wet,1
2024-01-01,1,NL310,Utrecht,Irrigation Shortage,0,0.11800049239078188,1.6331657965977986,wet,1
2024-02-01,2,NL310,Utrecht,Irrigation Shortage,0,0.14018740041091066,2.060304045677185,wet,1
2024-03-01,3,NL310,Utrecht,Irrigation Shortage,0,0.1580780803984717,1.6860721111297607,wet,1
2024-04-01,4,NL310,Utrecht,Irrigation Shortage,0,0.2621392907208953,1.934793512026469,wet,1
2024-05-01,5,NL310,Utrecht,Irrigation Shortage,0,0.42108120525253445,2.4599483807881675,wet,1
2024-06-01,6,NL310,Utrecht,Irrigation Shortage,0,0.4950364518668075,2.8643977642059326,wet,1
2024-07-01,7,NL310,Utrecht,Irrigation Shortage,0,0.45285450682945644,2.9952971935272217,wet,1
2024-08-01,8,NL310,Utrecht,Irrigation Shortage,0,0.4720039585428497,2.573964277903239,wet,1
2024-09-01,9,NL310,Utrecht,Irrigation Shortage,0,0.3848841749452352,2.949850559234619,wet,1
2024-10-01,10,NL310,Utrecht,Irrigation Shortage,0,0.26354955790765744,2.2675256729125977,wet,1
2024-11-01,11,NL310,Utrecht,Irrigation Shortage,0,0.2642218942162079,1.8243724505106609,wet,1
2024-12-01,12,NL310,Utrecht,Irrigation Shortage,0,0.20652918440814436,1.599138617515564,wet,1
2025-01-01,1,NL310,Utrecht,Irrigation Shortage,0,0.29152063849859955,1.6418602069218953,wet,1
2025-02-01,2,NL310,Utrecht,Irrigation Shortage,0,0.30574575148162947,1.0959928433100383,wet,1
2025-03-01,3,NL310,Utrecht,Irrigation Shortage,0,0.7126530882169474,0.6640455524126688,near_normal,1
2025-04-01,4,NL310,Utrecht,Irrigation Shortage,0,0.5151368778636715,-0.07301297783851624,near_normal,1
2025-05-01,5,NL310,Utrecht,Irrigation Shortage,0,0.6403479505368361,-0.8883529901504517,near_normal,1
2025-06-01,6,NL310,Utrecht,Irrigation Shortage,1,0.6556608297968846,-1.0327074925104778,dry,1
2025-07-01,7,NL310,Utrecht,Irrigation Shortage,0,0.5533486190701891,-1.170036753018697,dry,1
2025-08-01,8,NL310,Utrecht,Irrigation Shortage,0,0.6104025601531688,-1.5849626461664836,dry,1
2025-09-01,9,NL310,Utrecht,Irrigation Shortage,0,0.2638143033405425,-1.695322314898173,dry,1
2023-12-01,12,NL321,Kop van Noord-Holland,Irrigation Shortage,0,0.16026879884464176,1.812544584274292,wet,1
2024-01-01,1,NL321,Kop van Noord-Holland,Irrigation Shortage,0,0.2262279086979361,1.6329838037490845,wet,1
2024-02-01,2,NL321,Kop van Noord-Holland,Irrigation Shortage,0,0.2598711187560171,1.9536860883235931,wet,1
2024-03-01,3,NL321,Kop van Noord-Holland,Irrigation Shortage,0,0.34315685788425787,1.7587225437164307,wet,1
2024-04-01,4,NL321,Kop van Noord-Holland,Irrigation Shortage,0,0.4276333347116385,2.091783583164215,wet,1
2024-05-01,5,NL321,Kop van Noord-Holland,Irrigation Shortage,0,0.6237257477952735,2.2810864448547363,wet,1
2024-06-01,6,NL321,Kop van Noord-Holland,Irrigation Shortage,0,0.704567922689603,2.7499186396598816,wet,1
2024-07-01,7,NL321,Kop van Noord-Holland,Irrigation Shortage,0,0.5792890642448864,2.32273006439209,wet,1
2024-08-01,8,NL321,Kop van Noord-Holland,Irrigation Shortage,0,0.6507704550350423,2.314435124397278,wet,1
2024-09-01,9,NL321,Kop van Noord-Holland,Irrigation Shortage,0,0.5113504924677924,2.3948420882225037,wet,1
2024-10-01,10,NL321,Kop van Noord-Holland,Irrigation Shortage,0,0.43613436328047217,1.7925672829151154,wet,1
2024-11-01,11,NL321,Kop van Noord-Holland,Irrigation Shortage,0,0.40543710971739594,1.154409036040306,wet,1
2024-12-01,12,NL321,Kop van Noord-Holland,Irrigation Shortage,0,0.3618902345892756,0.8799158334732056,near_normal,1
2025-01-01,1,NL321,Kop van Noord-Holland,Irrigation Shortage,0,0.48382507865776087,0.7503800988197327,near_normal,1
2025-02-01,2,NL321,Kop van Noord-Holland,Irrigation Shortage,0,0.48231237031248275,0.1837369699496776,near_normal,1
2025-03-01,3,NL321,Kop van Noord-Holland,Irrigation Shortage,0,0.7093601067146361,-0.19919294212013483,near_normal,1
2025-04-01,4,NL321,Kop van Noord-Holland,Irrigation Shortage,1,0.6621980297045115,-0.8529584109783173,near_normal,1
2025-05-01,5,NL321,Kop van Noord-Holland,Irrigation Shortage,0,0.7723208761954093,-1.0707411617040634,dry,1
2025-06-01,6,NL321,Kop van Noord-Holland,Irrigation Shortage,1,0.7372617792208556,-1.2265169620513916,dry,1
2025-07-01,7,NL321,Kop van Noord-Holland,Irrigation Shortage,0,0.6721808284442162,-1.3985914885997772,dry,1
2025-08-01,8,NL321,Kop van Noord-Holland,Irrigation Shortage,0,0.7006839717069442,-1.6699672937393188,dry,1
2025-09-01,9,NL321,Kop van Noord-Holland,Irrigation Shortage,0,0.4111376025846706,-1.6399725377559662,dry,1
2023-12-01,12,NL323,IJmond,Irrigation Shortage,0,0.043218181995430496,1.9724016189575195,wet,1
2024-01-01,1,NL323,IJmond,Irrigation Shortage,0,0.07385817664242027,1.7469192743301392,wet,1
2024-02-01,2,NL323,IJmond,Irrigation Shortage,0,0.08147611611508317,1.9654667377471924,wet,1
2024-03-01,3,NL323,IJmond,Irrigation Shortage,0,0.10346944746558902,1.801576018333435,wet,1
2024-04-01,4,NL323,IJmond,Irrigation Shortage,0,0.17343842991637184,2.1092770099639893,wet,1
2024-05-01,5,NL323,IJmond,Irrigation Shortage,0,0.29100492419931295,2.3961286544799805,wet,1
2024-06-01,6,NL323,IJmond,Irrigation Shortage,0,0.3579364408337171,2.795001268386841,wet,1
2024-07-01,7,NL323,IJmond,Irrigation Shortage,0,0.24759509288661033,2.374518632888794,wet,1
2024-08-01,8,NL323,IJmond,Irrigation Shortage,0,0.2609011937749894,2.4498143196105957,wet,1
2024-09-01,9,NL323,IJmond,Irrigation Shortage,0,0.2084957723378864,2.5644779205322266,wet,1
2024-10-01,10,NL323,IJmond,Irrigation Shortage,0,0.20067758194201146,2.1055748462677,wet,1
2024-11-01,11,NL323,IJmond,Irrigation Shortage,0,0.1470290343316304,1.2876315116882324,wet,1
2024-12-01,12,NL323,IJmond,Irrigation Shortage,0,0.12710532376457115,1.054290771484375,wet,1
2025-01-01,1,NL323,IJmond,Irrigation Shortage,0,0.18712949961292533,0.9302926659584045,near_normal,1
2025-02-01,2,NL323,IJmond,Irrigation Shortage,0,0.18452962461468875,0.3864094913005829,near_normal,1
2025-03-01,3,NL323,IJmond,Irrigation Shortage,0,0.5629386093090527,-0.0300010796636343,near_normal,1
2025-04-01,4,NL323,IJmond,Irrigation Shortage,1,0.3195248995918139,-0.679432213306427,near_normal,1
2025-05-01,5,NL323,IJmond,Irrigation Shortage,0,0.44878981271901963,-1.0121432542800903,dry,1
2025-06-01,6,NL323,IJmond,Irrigation Shortage,1,0.4673865780288972,-1.1519043445587158,dry,1
2025-07-01,7,NL323,IJmond,Irrigation Shortage,0,0.3480281953069421,-1.336739182472229,dry,1
2025-08-01,8,NL323,IJmond,Irrigation Shortage,0,0.41783615840651056,-1.6172122955322266,dry,1
2025-09-01,9,NL323,IJmond,Irrigation Shortage,0,0.15077880422742918,-1.5776567459106445,dry,1
2023-12-01,12,NL324,Agglomeratie Haarlem,Irrigation Shortage,0,0.05068959492582182,1.8669588565826416,wet,1
2024-01-01,1,NL324,Agglomeratie Haarlem,Irrigation Shortage,0,0.07397871129772027,1.647356390953064,wet,1
2024-02-01,2,NL324,Agglomeratie Haarlem,Irrigation Shortage,0,0.08717486155645787,1.945382833480835,wet,1
2024-03-01,3,NL324,Agglomeratie Haarlem,Irrigation Shortage,0,0.12136098072281096,1.7071410417556763,wet,1
2024-04-01,4,NL324,Agglomeratie Haarlem,Irrigation Shortage,0,0.17144258418472022,1.988879919052124,wet,1
2024-05-01,5,NL324,Agglomeratie Haarlem,Irrigation Shortage,0,0.2898249707630073,2.4034242630004883,wet,1
2024-06-01,6,NL324,Agglomeratie Haarlem,Irrigation Shortage,0,0.3520629151190083,2.8238632678985596,wet,1
2024-07-01,7,NL324,Agglomeratie Haarlem,Irrigation Shortage,0,0.2831988924630058,2.4710593223571777,wet,1
2024-08-01,8,NL324,Agglomeratie Haarlem,Irrigation Shortage,0,0.2867534546443542,2.520214796066284,wet,1
2024-09-01,9,NL324,Agglomeratie Haarlem,Irrigation Shortage,0,0.22961239703364036,2.598809242248535,wet,1
2024-10-01,10,NL324,Agglomeratie Haarlem,Irrigation Shortage,0,0.18393129369712252,2.1641006469726562,wet,1
2024-11-01,11,NL324,Agglomeratie Haarlem,Irrigation Shortage,0,0.15656835054101578,1.519848108291626,wet,1
2024-12-01,12,NL324,Agglomeratie Haarlem,Irrigation Shortage,0,0.13488702694522392,1.3313369750976562,wet,1
2025-01-01,1,NL324,Agglomeratie Haarlem,Irrigation Shortage,0,0.1957645854745305,1.2478913068771362,wet,1
2025-02-01,2,NL324,Agglomeratie Haarlem,Irrigation Shortage,0,0.20319613733646302,0.668552577495575,near_normal,1
2025-03-01,3,NL324,Agglomeratie Haarlem,Irrigation Shortage,0,0.5856029895681024,0.24341583251953125,near_normal,1
2025-04-01,4,NL324,Agglomeratie Haarlem,Irrigation Shortage,1,0.3593903861296661,-0.45443814992904663,near_normal,1
2025-05-01,5,NL324,Agglomeratie Haarlem,Irrigation Shortage,0,0.4794772154398598,-0.9552810192108154,near_normal,1
2025-06-01,6,NL324,Agglomeratie Haarlem,Irrigation Shortage,1,0.5297769055096117,-1.0814781188964844,dry,1
2025-07-01,7,NL324,Agglomeratie Haarlem,Irrigation Shortage,0,0.38302503914461933,-1.2436511516571045,dry,1
2025-08-01,8,NL324,Agglomeratie Haarlem,Irrigation Shortage,0,0.4258706430175448,-1.534304141998291,dry,1
2025-09-01,9,NL324,Agglomeratie Haarlem,Irrigation Shortage,0,0.1514207828117584,-1.641973853111267,dry,1
2023-12-01,12,NL325,Zaanstreek,Irrigation Shortage,0,0.03554722944961551,1.7692939043045044,wet,1
2024-01-01,1,NL325,Zaanstreek,Irrigation Shortage,0,0.04992432944425887,1.6169030666351318,wet,1
2024-02-01,2,NL325,Zaanstreek,Irrigation Shortage,0,0.05451138746408553,1.957419753074646,wet,1
2024-03-01,3,NL325,Zaanstreek,Irrigation Shortage,0,0.06255220721362885,1.6453285217285156,wet,1
2024-04-01,4,NL325,Zaanstreek,Irrigation Shortage,0,0.11648036077954144,1.9042351245880127,wet,1
2024-05-01,5,NL325,Zaanstreek,Irrigation Shortage,0,0.20142703873484477,2.3876869678497314,wet,1
2024-06-01,6,NL325,Zaanstreek,Irrigation Shortage,0,0.28432710941714556,2.875868558883667,wet,1
2024-07-01,7,NL325,Zaanstreek,Irrigation Shortage,0,0.22398514301371086,2.6098756790161133,wet,1
2024-08-01,8,NL325,Zaanstreek,Irrigation Shortage,0,0.2315285284001487,2.4586730003356934,wet,1
2024-09-01,9,NL325,Zaanstreek,Irrigation Shortage,0,0.15389174565570196,2.6439425945281982,wet,1
2024-10-01,10,NL325,Zaanstreek,Irrigation Shortage,0,0.10736123246594098,2.0523898601531982,wet,1
2024-11-01,11,NL325,Zaanstreek,Irrigation Shortage,0,0.1089239050681227,1.5562342405319214,wet,1
2024-12-01,12,NL325,Zaanstreek,Irrigation Shortage,0,0.08933994848009869,1.3256824016571045,wet,1
2025-01-01,1,NL325,Zaanstreek,Irrigation Shortage,0,0.13956216578887165,1.2905166149139404,wet,1
2025-02-01,2,NL325,Zaanstreek,Irrigation Shortage,0,0.1395356575731418,0.7351674437522888,near_normal,1
2025-03-01,3,NL325,Zaanstreek,Irrigation Shortage,0,0.4607689874299224,0.2895616590976715,near_normal,1
2025-04-01,4,NL325,Zaanstreek,Irrigation Shortage,1,0.23779740206377892,-0.44397521018981934,near_normal,1
2025-05-01,5,NL325,Zaanstreek,Irrigation Shortage,0,0.3824609671595906,-1.0350122451782227,dry,1
2025-06-01,6,NL325,Zaanstreek,Irrigation Shortage,1,0.3460371270678779,-1.1691848039627075,dry,1
2025-07-01,7,NL325,Zaanstreek,Irrigation Shortage,0,0.2987646923184455,-1.3288004398345947,dry,1
2025-08-01,8,NL325,Zaanstreek,Irrigation Shortage,0,0.3026742980889461,-1.6849058866500854,dry,1
2025-09-01,9,NL325,Zaanstreek,Irrigation Shortage,0,0.12985096570716098,-1.740875005722046,dry,1
2023-12-01,12,NL327,Het Gooi en Vechtstreek,Irrigation Shortage,0,0.09212728598094748,1.7685881853103638,wet,1
2024-01-01,1,NL327,Het Gooi en Vechtstreek,Irrigation Shortage,0,0.11397071368598445,1.636123776435852,wet,1
2024-03-01,3,NL327,Het Gooi en Vechtstreek,Irrigation Shortage,0,0.13932497514702294,1.6505409479141235,wet,1
2024-04-01,4,NL327,Het Gooi en Vechtstreek,Irrigation Shortage,0,0.2547808160727727,1.8591419458389282,wet,1
2024-05-01,5,NL327,Het Gooi en Vechtstreek,Irrigation Shortage,0,0.4012961904966511,2.378713369369507,wet,1
2024-06-01,6,NL327,Het Gooi en Vechtstreek,Irrigation Shortage,0,0.4581771328859442,2.898977279663086,wet,1
2024-07-01,7,NL327,Het Gooi en Vechtstreek,Irrigation Shortage,0,0.4349081313264036,2.7814443111419678,wet,1
2024-08-01,8,NL327,Het Gooi en Vechtstreek,Irrigation Shortage,0,0.46555159379988437,2.4918413162231445,wet,1
2024-09-01,9,NL327,Het Gooi en Vechtstreek,Irrigation Shortage,0,0.36979733972629475,2.7578084468841553,wet,1
2024-10-01,10,NL327,Het Gooi en Vechtstreek,Irrigation Shortage,0,0.24682203632270666,2.0412652492523193,wet,1
2024-11-01,11,NL327,Het Gooi en Vechtstreek,Irrigation Shortage,0,0.25023460209955734,1.6262489557266235,wet,1
2024-12-01,12,NL327,Het Gooi en Vechtstreek,Irrigation Shortage,0,0.19888392215303152,1.3761451244354248,wet,1
2025-01-01,1,NL327,Het Gooi en Vechtstreek,Irrigation Shortage,0,0.29122649642741244,1.3592329025268555,wet,1
2025-02-01,2,NL327,Het Gooi en Vechtstreek,Irrigation Shortage,0,0.3089792076403432,0.8063275814056396,near_normal,1
2025-03-01,3,NL327,Het Gooi en Vechtstreek,Irrigation Shortage,0,0.5719408989454509,0.35810184478759766,near_normal,1
2025-04-01,4,NL327,Het Gooi en Vechtstreek,Irrigation Shortage,1,0.4734331483848721,-0.35341763496398926,near_normal,1
2025-05-01,5,NL327,Het Gooi en Vechtstreek,Irrigation Shortage,0,0.6404697552887391,-1.0387662649154663,dry,1
2025-06-01,6,NL327,Het Gooi en Vechtstreek,Irrigation Shortage,1,0.6146309073777733,-1.1725388765335083,dry,1
2025-07-01,7,NL327,Het Gooi en Vechtstreek,Irrigation Shortage,0,0.5234397507294065,-1.3508493900299072,dry,1
2025-08-01,8,NL327,Het Gooi en Vechtstreek,Irrigation Shortage,0,0.5777329461720467,-1.7118911743164062,dry,1
2025-09-01,9,NL327,Het Gooi en Vechtstreek,Irrigation Shortage,0,0.26538841037994454,-1.7690833806991577,dry,1
2023-12-01,12,NL328,Alkmaar en omgeving,Irrigation Shortage,0,0.07347749756853048,1.902960181236267,wet,1
2024-01-01,1,NL328,Alkmaar en omgeving,Irrigation Shortage,0,0.11178759661294176,1.7100821137428284,wet,1
2024-02-01,2,NL328,Alkmaar en omgeving,Irrigation Shortage,0,0.13556791513447522,1.9593284130096436,wet,1
2024-03-01,3,NL328,Alkmaar en omgeving,Irrigation Shortage,0,0.15308620464470998,1.739656686782837,wet,1
2024-04-01,4,NL328,Alkmaar en omgeving,Irrigation Shortage,0,0.246611948817885,2.0186948776245117,wet,1
2024-05-01,5,NL328,Alkmaar en omgeving,Irrigation Shortage,0,0.39735687061172026,2.3344630002975464,wet,1
2024-06-01,6,NL328,Alkmaar en omgeving,Irrigation Shortage,0,0.487448132783054,2.804568648338318,wet,1
2024-07-01,7,NL328,Alkmaar en omgeving,Irrigation Shortage,0,0.38220536556288554,2.428522229194641,wet,1
2024-08-01,8,NL328,Alkmaar en omgeving,Irrigation Shortage,0,0.39039227261561116,2.425881505012512,wet,1
2024-09-01,9,NL328,Alkmaar en omgeving,Irrigation Shortage,0,0.3041216823677948,2.5760817527770996,wet,1
2024-10-01,10,NL328,Alkmaar en omgeving,Irrigation Shortage,0,0.24960285607842295,2.0169880390167236,wet,1
2024-11-01,11,NL328,Alkmaar en omgeving,Irrigation Shortage,0,0.22044281063781077,1.3094255328178406,wet,1
2024-12-01,12,NL328,Alkmaar en omgeving,Irrigation Shortage,0,0.190455334370532,1.0511134266853333,wet,1
2025-01-01,1,NL328,Alkmaar en omgeving,Irrigation Shortage,0,0.2704670561910003,0.9406598210334778,near_normal,1
2025-02-01,2,NL328,Alkmaar en omgeving,Irrigation Shortage,0,0.2772054390576955,0.40348732471466064,near_normal,1
2025-03-01,3,NL328,Alkmaar en omgeving,Irrigation Shortage,0,0.546067362581502,-0.023991535417735577,near_normal,1
2025-04-01,4,NL328,Alkmaar en omgeving,Irrigation Shortage,1,0.4330268191750494,-0.6851816177368164,near_normal,1
2025-05-01,5,NL328,Alkmaar en omgeving,Irrigation Shortage,0,0.5602342117492022,-1.0560193061828613,dry,1
2025-06-01,6,NL328,Alkmaar en omgeving,Irrigation Shortage,1,0.5118023138592713,-1.200132429599762,dry,1
2025-07-01,7,NL328,Alkmaar en omgeving,Irrigation Shortage,0,0.46838012495525444,-1.380033254623413,dry,1
2025-08-01,8,NL328,Alkmaar en omgeving,Irrigation Shortage,0,0.5196660740149109,-1.6897867918014526,dry,1
2025-09-01,9,NL328,Alkmaar en omgeving,Irrigation Shortage,0,0.24520016622001115,-1.6552176475524902,dry,1
2023-12-01,12,NL329,Groot-Amsterdam,Irrigation Shortage,0,0.07074797537464261,1.7692939043045044,wet,1
2024-01-01,1,NL329,Groot-Amsterdam,Irrigation Shortage,0,0.09178996854180256,1.6169030666351318,wet,1
2024-02-01,2,NL329,Groot-Amsterdam,Irrigation Shortage,0,0.11333777614214945,1.957419753074646,wet,1
2024-03-01,3,NL329,Groot-Amsterdam,Irrigation Shortage,0,0.12826045006494668,1.6453285217285156,wet,1
2024-04-01,4,NL329,Groot-Amsterdam,Irrigation Shortage,0,0.21199935522881588,1.9042351245880127,wet,1
2024-05-01,5,NL329,Groot-Amsterdam,Irrigation Shortage,1,0.3451179680431396,2.3876869678497314,wet,1
2024-06-01,6,NL329,Groot-Amsterdam,Irrigation Shortage,0,0.44501925651198976,2.875868558883667,wet,1
2024-07-01,7,NL329,Groot-Amsterdam,Irrigation Shortage,0,0.37062402966828223,2.6098756790161133,wet,1
2024-08-01,8,NL329,Groot-Amsterdam,Irrigation Shortage,1,0.4141656507290256,2.4586730003356934,wet,1
2024-09-01,9,NL329,Groot-Amsterdam,Irrigation Shortage,0,0.30657220750365505,2.6439425945281982,wet,1
2024-10-01,10,NL329,Groot-Amsterdam,Irrigation Shortage,0,0.20842829925233167,2.0523898601531982,wet,1
2024-11-01,11,NL329,Groot-Amsterdam,Irrigation Shortage,0,0.20053372468386235,1.5562342405319214,wet,1
2024-12-01,12,NL329,Groot-Amsterdam,Irrigation Shortage,0,0.16668423272742372,1.3256824016571045,wet,1
2025-01-01,1,NL329,Groot-Amsterdam,Irrigation Shortage,0,0.24308333174110705,1.2905166149139404,wet,1
2025-02-01,2,NL329,Groot-Amsterdam,Irrigation Shortage,0,0.25720918128476933,0.7351674437522888,near_normal,1
2025-03-01,3,NL329,Groot-Amsterdam,Irrigation Shortage,1,0.6010832835655535,0.2895616590976715,near_normal,1
2025-04-01,4,NL329,Groot-Amsterdam,Irrigation Shortage,1,0.4021359093307365,-0.44397521018981934,near_normal,1
2025-05-01,5,NL329,Groot-Amsterdam,Irrigation Shortage,0,0.556151451912714,-1.0350122451782227,dry,1
2025-06-01,6,NL329,Groot-Amsterdam,Irrigation Shortage,1,0.5481004479072931,-1.1691848039627075,dry,1
2025-07-01,7,NL329,Groot-Amsterdam,Irrigation Shortage,0,0.44855481466672653,-1.3288004398345947,dry,1
2025-08-01,8,NL329,Groot-Amsterdam,Irrigation Shortage,0,0.5140900706422977,-1.6849058866500854,dry,1
2025-09-01,9,NL329,Groot-Amsterdam,Irrigation Shortage,0,0.20958432498057095,-1.740875005722046,dry,1
2023-12-01,12,NL332,Agglomeratie ’s-Gravenhage,Irrigation Shortage,0,0.041894231575664694,1.7348324060440063,wet,1
2024-01-01,1,NL332,Agglomeratie ’s-Gravenhage,Irrigation Shortage,0,0.0583381782819369,1.5479464530944824,wet,1
2024-02-01,2,NL332,Agglomeratie ’s-Gravenhage,Irrigation Shortage,0,0.06931683894822835,1.9152671098709106,wet,1
2024-03-01,3,NL332,Agglomeratie ’s-Gravenhage,Irrigation Shortage,0,0.09675084867823139,1.6138807535171509,wet,1
2024-04-01,4,NL332,Agglomeratie ’s-Gravenhage,Irrigation Shortage,0,0.13316160289643578,1.7927536964416504,wet,1
2024-05-01,5,NL332,Agglomeratie ’s-Gravenhage,Irrigation Shortage,0,0.23135680422792484,2.222562551498413,wet,1
2024-06-01,6,NL332,Agglomeratie ’s-Gravenhage,Irrigation Shortage,0,0.2833872573638904,2.651139974594116,wet,1
2024-07-01,7,NL332,Agglomeratie ’s-Gravenhage,Irrigation Shortage,0,0.21923373908065813,2.602553367614746,wet,1
2024-08-01,8,NL332,Agglomeratie ’s-Gravenhage,Irrigation Shortage,0,0.2726506820847408,2.614240884780884,wet,1
2024-09-01,9,NL332,Agglomeratie ’s-Gravenhage,Irrigation Shortage,0,0.19787543322139647,2.760681390762329,wet,1
2024-10-01,10,NL332,Agglomeratie ’s-Gravenhage,Irrigation Shortage,0,0.13307536576674858,2.217620849609375,wet,1
2024-11-01,11,NL332,Agglomeratie ’s-Gravenhage,Irrigation Shortage,0,0.11710074823334272,1.6578664779663086,wet,1
2024-12-01,12,NL332,Agglomeratie ’s-Gravenhage,Irrigation Shortage,0,0.09848426797599233,1.5298305749893188,wet,1
2025-01-01,1,NL332,Agglomeratie ’s-Gravenhage,Irrigation Shortage,0,0.1273840523027601,1.4456462860107422,wet,1
2025-02-01,2,NL332,Agglomeratie ’s-Gravenhage,Irrigation Shortage,0,0.14803011281018713,0.8826550841331482,near_normal,1
2025-03-01,3,NL332,Agglomeratie ’s-Gravenhage,Irrigation Shortage,0,0.26852238658725563,0.4521176517009735,near_normal,1
2025-04-01,4,NL332,Agglomeratie ’s-Gravenhage,Irrigation Shortage,0,0.28969932967625844,-0.2299506515264511,near_normal,1
2025-05-01,5,NL332,Agglomeratie ’s-Gravenhage,Irrigation Shortage,0,0.39953649028403493,-0.8712313175201416,near_normal,1
2025-06-01,6,NL332,Agglomeratie ’s-Gravenhage,Irrigation Shortage,1,0.4463783524522161,-1.0435134172439575,dry,1
2025-07-01,7,NL332,Agglomeratie ’s-Gravenhage,Irrigation Shortage,0,0.31066647363359917,-1.2248507738113403,dry,1
2025-08-01,8,NL332,Agglomeratie ’s-Gravenhage,Irrigation Shortage,0,0.3456995067362874,-1.4840713739395142,dry,1
2025-09-01,9,NL332,Agglomeratie ’s-Gravenhage,Irrigation Shortage,0,0.10180530834915988,-1.723048210144043,dry,1
2023-12-01,12,NL333,Delft en Westland,Irrigation Shortage,1,0.08055244420940348,1.6360796689987183,wet,1
2024-01-01,1,NL333,Delft en Westland,Irrigation Shortage,0,0.08343909395936852,1.4589471817016602,wet,1
2024-02-01,2,NL333,Delft en Westland,Irrigation Shortage,0,0.11707682555021061,1.889495611190796,wet,1
2024-03-01,3,NL333,Delft en Westland,Irrigation Shortage,0,0.11090031388695877,1.5272536277770996,wet,1
2024-04-01,4,NL333,Delft en Westland,Irrigation Shortage,0,0.196006701833025,1.6712430715560913,wet,1
2024-05-01,5,NL333,Delft en Westland,Irrigation Shortage,0,0.3103286911159313,2.103944778442383,wet,1
2024-06-01,6,NL333,Delft en Westland,Irrigation Shortage,0,0.378026252912451,2.5638675689697266,wet,1
2024-07-01,7,NL333,Delft en Westland,Irrigation Shortage,0,0.31671425482280374,2.8959829807281494,wet,1
2024-08-01,8,NL333,Delft en Westland,Irrigation Shortage,0,0.36571845594871105,2.653705358505249,wet,1
2024-09-01,9,NL333,Delft en Westland,Irrigation Shortage,0,0.26539109622375046,2.9503586292266846,wet,1
2024-10-01,10,NL333,Delft en Westland,Irrigation Shortage,0,0.18297885468403735,2.2567052841186523,wet,1
2024-11-01,11,NL333,Delft en Westland,Irrigation Shortage,0,0.18830867759359946,1.799555778503418,wet,1
2024-12-01,12,NL333,Delft en Westland,Irrigation Shortage,0,0.14627827764410647,1.66428804397583,wet,1
2025-01-01,1,NL333,Delft en Westland,Irrigation Shortage,0,0.1921378468108509,1.640883445739746,wet,1
2025-02-01,2,NL333,Delft en Westland,Irrigation Shortage,0,0.1988331966426884,1.163700819015503,wet,1
2025-03-01,3,NL333,Delft en Westland,Irrigation Shortage,0,0.4362517449704279,0.7183709144592285,near_normal,1
2025-04-01,4,NL333,Delft en Westland,Irrigation Shortage,0,0.4254755359511356,0.003728199517354369,near_normal,1
2025-05-01,5,NL333,Delft en Westland,Irrigation Shortage,0,0.5371413547275985,-0.8432844877243042,near_normal,1
2025-06-01,6,NL333,Delft en Westland,Irrigation Shortage,1,0.501121526738658,-1.0905721187591553,dry,1
2025-07-01,7,NL333,Delft en Westland,Irrigation Shortage,1,0.4326124374430866,-1.26656973361969,dry,1
2025-08-01,8,NL333,Delft en Westland,Irrigation Shortage,0,0.5402062256169818,-1.6068077087402344,dry,1
2025-09-01,9,NL333,Delft en Westland,Irrigation Shortage,0,0.18359782935009794,-1.8662478923797607,dry,1
2023-12-01,12,NL337,Agglomeratie Leiden en Bollenstreek,Irrigation Shortage,0,0.04537947364022229,1.7106456756591797,wet,1
2024-01-01,1,NL337,Agglomeratie Leiden en Bollenstreek,Irrigation Shortage,0,0.05818510261218982,1.5254942178726196,wet,1
2024-02-01,2,NL337,Agglomeratie Leiden en Bollenstreek,Irrigation Shortage,0,0.07125723499004026,1.930662751197815,wet,1
2024-03-01,3,NL337,Agglomeratie Leiden en Bollenstreek,Irrigation Shortage,0,0.0909962852005604,1.600808024406433,wet,1
2024-04-01,4,NL337,Agglomeratie Leiden en Bollenstreek,Irrigation Shortage,0,0.1302081339857414,1.8393596410751343,wet,1
2024-05-01,5,NL337,Agglomeratie Leiden en Bollenstreek,Irrigation Shortage,0,0.22781697913344948,2.308445453643799,wet,1
2024-06-01,6,NL337,Agglomeratie Leiden en Bollenstreek,Irrigation Shortage,0,0.3027731714608653,2.742405891418457,wet,1
2024-07-01,7,NL337,Agglomeratie Leiden en Bollenstreek,Irrigation Shortage,0,0.24109861015151324,2.7151103019714355,wet,1
2024-08-01,8,NL337,Agglomeratie Leiden en Bollenstreek,Irrigation Shortage,0,0.319065955582854,2.554049253463745,wet,1
2024-09-01,9,NL337,Agglomeratie Leiden en Bollenstreek,Irrigation Shortage,0,0.20254386062317317,2.7597999572753906,wet,1
2024-10-01,10,NL337,Agglomeratie Leiden en Bollenstreek,Irrigation Shortage,0,0.13920688604796352,2.198561906814575,wet,1
2024-11-01,11,NL337,Agglomeratie Leiden en Bollenstreek,Irrigation Shortage,0,0.12478012250591047,1.7335660457611084,wet,1
2024-12-01,12,NL337,Agglomeratie Leiden en Bollenstreek,Irrigation Shortage,0,0.0988970807457309,1.5648200511932373,wet,1
2025-01-01,1,NL337,Agglomeratie Leiden en Bollenstreek,Irrigation Shortage,0,0.14244137015055827,1.5522692203521729,wet,1
2025-02-01,2,NL337,Agglomeratie Leiden en Bollenstreek,Irrigation Shortage,0,0.15082461514842901,1.016635775566101,wet,1
2025-03-01,3,NL337,Agglomeratie Leiden en Bollenstreek,Irrigation Shortage,0,0.27808481507634675,0.5903820991516113,near_normal,1
2025-04-01,4,NL337,Agglomeratie Leiden en Bollenstreek,Irrigation Shortage,0,0.29326281348935224,-0.16400562226772308,near_normal,1
2025-05-01,5,NL337,Agglomeratie Leiden en Bollenstreek,Irrigation Shortage,0,0.41279050416934365,-0.8812072277069092,near_normal,1
2025-06-01,6,NL337,Agglomeratie Leiden en Bollenstreek,Irrigation Shortage,1,0.4555202439243875,-1.0348807573318481,dry,1
2025-07-01,7,NL337,Agglomeratie Leiden en Bollenstreek,Irrigation Shortage,0,0.32201921944034506,-1.1747100353240967,dry,1
2025-08-01,8,NL337,Agglomeratie Leiden en Bollenstreek,Irrigation Shortage,0,0.372527909335224,-1.5170913934707642,dry,1
2025-09-01,9,NL337,Agglomeratie Leiden en Bollenstreek,Irrigation Shortage,0,0.10727007609031655,-1.738526463508606,dry,1
2023-12-01,12,NL33A,Zuidoost-Zuid-Holland,Irrigation Shortage,0,0.17316596200481615,1.735690951347351,wet,1
2024-01-01,1,NL33A,Zuidoost-Zuid-Holland,Irrigation Shortage,0,0.178509462830816,1.5022345781326294,wet,1
2024-02-01,2,NL33A,Zuidoost-Zuid-Holland,Irrigation Shortage,0,0.19627272089810344,1.9734735488891602,wet,1
2024-03-01,3,NL33A,Zuidoost-Zuid-Holland,Irrigation Shortage,0,0.20864694852626609,1.6091928482055664,wet,1
2024-04-01,4,NL33A,Zuidoost-Zuid-Holland,Irrigation Shortage,0,0.3410706326995924,1.869387149810791,wet,1
2024-05-01,5,NL33A,Zuidoost-Zuid-Holland,Irrigation Shortage,0,0.4933934488791753,2.296041488647461,wet,1
2024-06-01,6,NL33A,Zuidoost-Zuid-Holland,Irrigation Shortage,0,0.5628545826046373,2.7406914234161377,wet,1
2024-07-01,7,NL33A,Zuidoost-Zuid-Holland,Irrigation Shortage,0,0.5255277474808493,3.1620676517486572,wet,1
2024-08-01,8,NL33A,Zuidoost-Zuid-Holland,Irrigation Shortage,0,0.5086814358252382,2.5882296562194824,wet,1
2024-09-01,9,NL33A,Zuidoost-Zuid-Holland,Irrigation Shortage,0,0.47106521957073205,3.196017026901245,wet,1
2024-10-01,10,NL33A,Zuidoost-Zuid-Holland,Irrigation Shortage,0,0.35440947515444854,2.4383902549743652,wet,1
2024-11-01,11,NL33A,Zuidoost-Zuid-Holland,Irrigation Shortage,0,0.32195741605308,1.9545094966888428,wet,1
2024-12-01,12,NL33A,Zuidoost-Zuid-Holland,Irrigation Shortage,0,0.27166734573806806,1.7752925157546997,wet,1
2025-01-01,1,NL33A,Zuidoost-Zuid-Holland,Irrigation Shortage,0,0.3475446294999335,1.8329216241836548,wet,1
2025-02-01,2,NL33A,Zuidoost-Zuid-Holland,Irrigation Shortage,0,0.3776986820333754,1.3434903621673584,wet,1
2025-03-01,3,NL33A,Zuidoost-Zuid-Holland,Irrigation Shortage,0,0.7204413648871483,0.9254148006439209,near_normal,1
2025-04-01,4,NL33A,Zuidoost-Zuid-Holland,Irrigation Shortage,0,0.6138356066808301,0.18472331762313843,near_normal,1
2025-05-01,5,NL33A,Zuidoost-Zuid-Holland,Irrigation Shortage,0,0.7335898930509359,-0.6993400454521179,near_normal,1
2025-06-01,6,NL33A,Zuidoost-Zuid-Holland,Irrigation Shortage,1,0.7325007635113022,-0.928616464138031,near_normal,1
2025-07-01,7,NL33A,Zuidoost-Zuid-Holland,Irrigation Shortage,0,0.6519171472448163,-1.0900894403457642,dry,1
2025-08-01,8,NL33A,Zuidoost-Zuid-Holland,Irrigation Shortage,0,0.7024676144935774,-1.5483509302139282,dry,1
2025-09-01,9,NL33A,Zuidoost-Zuid-Holland,Irrigation Shortage,0,0.3614899357788605,-1.7110259532928467,dry,1
2023-12-01,12,NL33B,Oost-Zuid-Holland,Irrigation Shortage,0,0.037266079556043115,1.7106456756591797,wet,1
2024-01-01,1,NL33B,Oost-Zuid-Holland,Irrigation Shortage,0,0.046220733369672064,1.5254942178726196,wet,1
2024-02-01,2,NL33B,Oost-Zuid-Holland,Irrigation Shortage,0,0.04943534560033565,1.930662751197815,wet,1
2024-03-01,3,NL33B,Oost-Zuid-Holland,Irrigation Shortage,0,0.07217444507313295,1.600808024406433,wet,1
2024-04-01,4,NL33B,Oost-Zuid-Holland,Irrigation Shortage,0,0.10530045042009689,1.8393596410751343,wet,1
2024-05-01,5,NL33B,Oost-Zuid-Holland,Irrigation Shortage,0,0.1911823630870051,2.308445453643799,wet,1
2024-06-01,6,NL33B,Oost-Zuid-Holland,Irrigation Shortage,0,0.24359429488453888,2.742405891418457,wet,1
2024-07-01,7,NL33B,Oost-Zuid-Holland,Irrigation Shortage,0,0.20328570585995379,2.7151103019714355,wet,1
2024-08-01,8,NL33B,Oost-Zuid-Holland,Irrigation Shortage,0,0.22750602205938528,2.554049253463745,wet,1
2024-09-01,9,NL33B,Oost-Zuid-Holland,Irrigation Shortage,0,0.16841612768962594,2.7597999572753906,wet,1
2024-10-01,10,NL33B,Oost-Zuid-Holland,Irrigation Shortage,0,0.10624161132835852,2.198561906814575,wet,1
2024-11-01,11,NL33B,Oost-Zuid-Holland,Irrigation Shortage,0,0.09945016085773715,1.7335660457611084,wet,1
2024-12-01,12,NL33B,Oost-Zuid-Holland,Irrigation Shortage,0,0.07978131114960786,1.5648200511932373,wet,1
2025-01-01,1,NL33B,Oost-Zuid-Holland,Irrigation Shortage,0,0.12088795342696,1.5522692203521729,wet,1
2025-02-01,2,NL33B,Oost-Zuid-Holland,Irrigation Shortage,0,0.13104376602924114,1.016635775566101,wet,1
2025-03-01,3,NL33B,Oost-Zuid-Holland,Irrigation Shortage,0,0.3358372023579893,0.5903820991516113,near_normal,1
2025-04-01,4,NL33B,Oost-Zuid-Holland,Irrigation Shortage,0,0.24996654924884454,-0.16400562226772308,near_normal,1
2025-05-01,5,NL33B,Oost-Zuid-Holland,Irrigation Shortage,0,0.36377401945512344,-0.8812072277069092,near_normal,1
2025-06-01,6,NL33B,Oost-Zuid-Holland,Irrigation Shortage,1,0.34543920675242024,-1.0348807573318481,dry,1
2025-07-01,7,NL33B,Oost-Zuid-Holland,Irrigation Shortage,0,0.2743786834176985,-1.1747100353240967,dry,1
2025-08-01,8,NL33B,Oost-Zuid-Holland,Irrigation Shortage,0,0.3197486026164855,-1.5170913934707642,dry,1
2025-09-01,9,NL33B,Oost-Zuid-Holland,Irrigation Shortage,0,0.10577903472753612,-1.738526463508606,dry,1
2023-12-01,12,NL33C,Groot-Rijnmond,Irrigation Shortage,0,0.47251170216702737,1.663238803545634,wet,1
2024-01-01,1,NL33C,Groot-Rijnmond,Irrigation Shortage,0,0.4935938440714996,1.481999437014262,wet,1
2024-02-01,2,NL33C,Groot-Rijnmond,Irrigation Shortage,0,0.5561397945320342,1.9045462608337402,wet,1
2024-03-01,3,NL33C,Groot-Rijnmond,Irrigation Shortage,0,0.5688288811657731,1.55764905611674,wet,1
2024-04-01,4,NL33C,Groot-Rijnmond,Irrigation Shortage,1,0.7094342226594805,1.7358837127685547,wet,1
2024-05-01,5,NL33C,Groot-Rijnmond,Irrigation Shortage,1,0.8190673625210954,2.1709097226460776,wet,1
2024-06-01,6,NL33C,Groot-Rijnmond,Irrigation Shortage,0,0.8560459327258676,2.626691977183024,wet,1
2024-07-01,7,NL33C,Groot-Rijnmond,Irrigation Shortage,0,0.8269458110159674,2.903880516688029,wet,1
2024-08-01,8,NL33C,Groot-Rijnmond,Irrigation Shortage,0,0.8495029016361629,2.6491270065307617,wet,1
2024-09-01,9,NL33C,Groot-Rijnmond,Irrigation Shortage,0,0.7818351824449983,2.9472951889038086,wet,1
2024-10-01,10,NL33C,Groot-Rijnmond,Irrigation Shortage,0,0.6957275902243015,2.2849376996358237,wet,1
2024-11-01,11,NL33C,Groot-Rijnmond,Irrigation Shortage,0,0.6893561100617132,1.8019837141036987,wet,1
2024-12-01,12,NL33C,Groot-Rijnmond,Irrigation Shortage,0,0.6407778789119204,1.676819920539856,wet,1
2025-01-01,1,NL33C,Groot-Rijnmond,Irrigation Shortage,0,0.7104338517889512,1.6513664722442627,wet,1
2025-02-01,2,NL33C,Groot-Rijnmond,Irrigation Shortage,0,0.7268501212583893,1.1506803433100383,wet,1
2025-03-01,3,NL33C,Groot-Rijnmond,Irrigation Shortage,0,0.8875415746248143,0.7058199445406595,near_normal,1
2025-04-01,4,NL33C,Groot-Rijnmond,Irrigation Shortage,0,0.874013756551441,-0.012301225292806825,near_normal,1
2025-05-01,5,NL33C,Groot-Rijnmond,Irrigation Shortage,0,0.9186760996603259,-0.8446452021598816,near_normal,1
2025-06-01,6,NL33C,Groot-Rijnmond,Irrigation Shortage,1,0.9130345943188212,-1.0734885931015015,dry,1
2025-07-01,7,NL33C,Groot-Rijnmond,Irrigation Shortage,0,0.8829488792010103,-1.2388241688410442,dry,1
2025-08-01,8,NL33C,Groot-Rijnmond,Irrigation Shortage,0,0.9209863834848789,-1.566239356994629,dry,1
2025-09-01,9,NL33C,Groot-Rijnmond,Irrigation Shortage,0,0.6980774419444045,-1.825290282567342,dry,1
2023-12-01,12,NL341,Zeeuwsch-Vlaanderen,Irrigation Shortage,1,0.5654745726351321,1.332913875579834,wet,1
2024-01-01,1,NL341,Zeeuwsch-Vlaanderen,Irrigation Shortage,0,0.6241015327819933,1.0990768671035767,wet,1
2024-02-01,2,NL341,Zeeuwsch-Vlaanderen,Irrigation Shortage,0,0.6298160204329121,1.6654661893844604,wet,1
2024-03-01,3,NL341,Zeeuwsch-Vlaanderen,Irrigation Shortage,0,0.6649896942556458,1.4342957735061646,wet,1
2024-04-01,4,NL341,Zeeuwsch-Vlaanderen,Irrigation Shortage,0,0.7748246630274429,1.72164386510849,wet,1
2024-05-01,5,NL341,Zeeuwsch-Vlaanderen,Irrigation Shortage,0,0.8742315897237154,2.0468907356262207,wet,1
2024-06-01,6,NL341,Zeeuwsch-Vlaanderen,Irrigation Shortage,0,0.879127945605096,2.511785864830017,wet,1
2024-07-01,7,NL341,Zeeuwsch-Vlaanderen,Irrigation Shortage,1,0.8530088662696895,2.5947717428207397,wet,1
2024-08-01,8,NL341,Zeeuwsch-Vlaanderen,Irrigation Shortage,0,0.8739890143706702,2.2865796089172363,wet,1
2024-09-01,9,NL341,Zeeuwsch-Vlaanderen,Irrigation Shortage,0,0.8248692434158064,2.4733811616897583,wet,1
2024-10-01,10,NL341,Zeeuwsch-Vlaanderen,Irrigation Shortage,1,0.7849222893241765,2.181926131248474,wet,1
2024-11-01,11,NL341,Zeeuwsch-Vlaanderen,Irrigation Shortage,1,0.7412682687725559,1.6795973777770996,wet,1
2024-12-01,12,NL341,Zeeuwsch-Vlaanderen,Irrigation Shortage,1,0.7339822728524655,1.661611557006836,wet,1
2025-01-01,1,NL341,Zeeuwsch-Vlaanderen,Irrigation Shortage,0,0.7817682177166481,1.6901467442512512,wet,1
2025-02-01,2,NL341,Zeeuwsch-Vlaanderen,Irrigation Shortage,0,0.7886750388486314,1.1577122211456299,wet,1
2025-03-01,3,NL341,Zeeuwsch-Vlaanderen,Irrigation Shortage,1,0.9431106051388994,0.565402165055275,near_normal,1
2025-04-01,4,NL341,Zeeuwsch-Vlaanderen,Irrigation Shortage,1,0.920742923362393,-0.27620716392993927,near_normal,1
2025-05-01,5,NL341,Zeeuwsch-Vlaanderen,Irrigation Shortage,1,0.931735241880419,-1.0510993003845215,dry,1
2025-06-01,6,NL341,Zeeuwsch-Vlaanderen,Irrigation Shortage,1,0.9282601887251558,-1.2060883045196533,dry,1
2025-07-01,7,NL341,Zeeuwsch-Vlaanderen,Irrigation Shortage,1,0.9203273092029759,-1.3016448020935059,dry,1
2025-08-01,8,NL341,Zeeuwsch-Vlaanderen,Irrigation Shortage,0,0.9467936725586096,-1.7224125266075134,dry,1
2025-09-01,9,NL341,Zeeuwsch-Vlaanderen,Irrigation Shortage,0,0.75564617026147,-2.1238150596618652,dry,1
2023-12-01,12,NL342,Overig Zeeland,Irrigation Shortage,1,0.5064370684722491,1.5336954593658447,wet,1
2024-01-01,1,NL342,Overig Zeeland,Irrigation Shortage,0,0.5369684617832012,1.3286210298538208,wet,1
2024-02-01,2,NL342,Overig Zeeland,Irrigation Shortage,1,0.588494011213672,1.7934848070144653,wet,1
2024-03-01,3,NL342,Overig Zeeland,Irrigation Shortage,1,0.5907990662697664,1.4659996032714844,wet,1
2024-04-01,4,NL342,Overig Zeeland,Irrigation Shortage,0,0.7325173423630565,1.6179192066192627,wet,1
2024-05-01,5,NL342,Overig Zeeland,Irrigation Shortage,0,0.8243843210002604,2.0807783603668213,wet,1
2024-06-01,6,NL342,Overig Zeeland,Irrigation Shortage,0,0.8510640102490463,2.572701930999756,wet,1
2024-07-01,7,NL342,Overig Zeeland,Irrigation Shortage,1,0.8324759946893328,2.9837281703948975,wet,1
2024-08-01,8,NL342,Overig Zeeland,Irrigation Shortage,0,0.8262569181791651,2.67411470413208,wet,1
2024-09-01,9,NL342,Overig Zeeland,Irrigation Shortage,0,0.774394596369606,2.8608145713806152,wet,1
2024-10-01,10,NL342,Overig Zeeland,Irrigation Shortage,1,0.7170987963861029,2.296290636062622,wet,1
2024-11-01,11,NL342,Overig Zeeland,Irrigation Shortage,1,0.6960437017112353,1.8551033735275269,wet,1
2024-12-01,12,NL342,Overig Zeeland,Irrigation Shortage,1,0.6680651886064917,1.8005717992782593,wet,1
2025-01-01,1,NL342,Overig Zeeland,Irrigation Shortage,0,0.7189029922325905,1.798425555229187,wet,1
2025-02-01,2,NL342,Overig Zeeland,Irrigation Shortage,0,0.7287257724449598,1.329056739807129,wet,1
2025-03-01,3,NL342,Overig Zeeland,Irrigation Shortage,1,0.8953068647763064,0.8654971122741699,near_normal,1
2025-04-01,4,NL342,Overig Zeeland,Irrigation Shortage,1,0.8951537819038194,0.127136692404747,near_normal,1
2025-05-01,5,NL342,Overig Zeeland,Irrigation Shortage,1,0.9220689165665595,-0.8692893981933594,near_normal,1
2025-06-01,6,NL342,Overig Zeeland,Irrigation Shortage,1,0.9095682745903374,-1.1390583515167236,dry,1
2025-07-01,7,NL342,Overig Zeeland,Irrigation Shortage,1,0.8895733314921955,-1.3374229669570923,dry,1
2025-08-01,8,NL342,Overig Zeeland,Irrigation Shortage,1,0.9325260446888234,-1.7264788150787354,dry,1
2025-09-01,9,NL342,Overig Zeeland,Irrigation Shortage,0,0.7086543789549098,-2.0268850326538086,dry,1
2023-12-01,12,NL411,West-Noord-Brabant,Irrigation Shortage,0,0.30788976968431353,1.6965256333351135,wet,1
2024-01-01,1,NL411,West-Noord-Brabant,Irrigation Shortage,0,0.32946619286680184,1.4279340207576752,wet,1
2024-02-01,2,NL411,West-Noord-Brabant,Irrigation Shortage,0,0.3636622666871405,1.9115989208221436,wet,1
2024-03-01,3,NL411,West-Noord-Brabant,Irrigation Shortage,0,0.3847870813945524,1.5701760351657867,wet,1
2024-04-01,4,NL411,West-Noord-Brabant,Irrigation Shortage,0,0.5271008178750748,1.794410079717636,wet,1
2024-05-01,5,NL411,West-Noord-Brabant,Irrigation Shortage,0,0.6752388619040681,2.1759976744651794,wet,1
2024-06-01,6,NL411,West-Noord-Brabant,Irrigation Shortage,0,0.7011221852097302,2.6817938685417175,wet,1
2024-07-01,7,NL411,West-Noord-Brabant,Irrigation Shortage,0,0.6797865487252756,3.1869431138038635,wet,1
2024-08-01,8,NL411,West-Noord-Brabant,Irrigation Shortage,0,0.6537596271832593,2.5752928256988525,wet,1
2024-09-01,9,NL411,West-Noord-Brabant,Irrigation Shortage,0,0.6170929406059004,3.2261340022087097,wet,1
2024-10-01,10,NL411,West-Noord-Brabant,Irrigation Shortage,0,0.5122501369130653,2.4958202242851257,wet,1
2024-11-01,11,NL411,West-Noord-Brabant,Irrigation Shortage,0,0.49673920826129303,1.9934806823730469,wet,1
2024-12-01,12,NL411,West-Noord-Brabant,Irrigation Shortage,0,0.44517491275689886,1.8938453793525696,wet,1
2025-01-01,1,NL411,West-Noord-Brabant,Irrigation Shortage,0,0.5244817144082168,1.9489366114139557,wet,1
2025-02-01,2,NL411,West-Noord-Brabant,Irrigation Shortage,0,0.536106752640092,1.4912947714328766,wet,1
2025-03-01,3,NL411,West-Noord-Brabant,Irrigation Shortage,1,0.7882807912609219,1.0794287621974945,wet,1
2025-04-01,4,NL411,West-Noord-Brabant,Irrigation Shortage,1,0.7710623736838818,0.3902544379234314,near_normal,1
2025-05-01,5,NL411,West-Noord-Brabant,Irrigation Shortage,1,0.8537353268368312,-0.6107541918754578,near_normal,1
2025-06-01,6,NL411,West-Noord-Brabant,Irrigation Shortage,0,0.8549965841635198,-0.9553556591272354,near_normal,1
2025-07-01,7,NL411,West-Noord-Brabant,Irrigation Shortage,0,0.779164438809238,-1.197560876607895,dry,1
2025-08-01,8,NL411,West-Noord-Brabant,Irrigation Shortage,0,0.8583848604561186,-1.7818401753902435,dry,1
2025-09-01,9,NL411,West-Noord-Brabant,Irrigation Shortage,0,0.46740197792964466,-1.944325178861618,dry,1
2023-12-01,12,NL412,Midden-Noord-Brabant,Irrigation Shortage,0,0.2201592487901188,1.8568886518478394,wet,1
2024-01-01,1,NL412,Midden-Noord-Brabant,Irrigation Shortage,0,0.22368505799423957,1.5439085960388184,wet,1
2024-02-01,2,NL412,Midden-Noord-Brabant,Irrigation Shortage,0,0.25266266110700675,2.0561699867248535,wet,1
2024-03-01,3,NL412,Midden-Noord-Brabant,Irrigation Shortage,0,0.2951069371699156,1.6683708429336548,wet,1
2024-04-01,4,NL412,Midden-Noord-Brabant,Irrigation Shortage,0,0.4056840710297345,1.9227519035339355,wet,1
2024-05-01,5,NL412,Midden-Noord-Brabant,Irrigation Shortage,0,0.5628612738672698,2.350119113922119,wet,1
2024-06-01,6,NL412,Midden-Noord-Brabant,Irrigation Shortage,0,0.6306956889524862,2.7400357723236084,wet,1
2024-07-01,7,NL412,Midden-Noord-Brabant,Irrigation Shortage,0,0.5672749931849672,3.3474960327148438,wet,1
2024-08-01,8,NL412,Midden-Noord-Brabant,Irrigation Shortage,0,0.5266354200495311,2.595762252807617,wet,1
2024-09-01,9,NL412,Midden-Noord-Brabant,Irrigation Shortage,0,0.49550371795365533,3.8588836193084717,wet,1
2024-10-01,10,NL412,Midden-Noord-Brabant,Irrigation Shortage,0,0.40440181141936765,2.767239809036255,wet,1
2024-11-01,11,NL412,Midden-Noord-Brabant,Irrigation Shortage,0,0.3886373612698687,2.2039122581481934,wet,1
2024-12-01,12,NL412,Midden-Noord-Brabant,Irrigation Shortage,0,0.3291411445567643,2.016164541244507,wet,1
2025-01-01,1,NL412,Midden-Noord-Brabant,Irrigation Shortage,0,0.4124068160886064,2.0861504077911377,wet,1
2025-02-01,2,NL412,Midden-Noord-Brabant,Irrigation Shortage,0,0.4229919554204816,1.595111608505249,wet,1
2025-03-01,3,NL412,Midden-Noord-Brabant,Irrigation Shortage,1,0.743192349503306,1.174560785293579,wet,1
2025-04-01,4,NL412,Midden-Noord-Brabant,Irrigation Shortage,1,0.6788894394425957,0.5439844131469727,near_normal,1
2025-05-01,5,NL412,Midden-Noord-Brabant,Irrigation Shortage,1,0.7791720939209947,-0.45212289690971375,near_normal,1
2025-06-01,6,NL412,Midden-Noord-Brabant,Irrigation Shortage,0,0.7995151721803272,-0.7468729019165039,near_normal,1
2025-07-01,7,NL412,Midden-Noord-Brabant,Irrigation Shortage,0,0.6886416906109026,-1.0836814641952515,dry,1
2025-08-01,8,NL412,Midden-Noord-Brabant,Irrigation Shortage,0,0.7771767133505917,-1.6820485591888428,dry,1
2025-09-01,9,NL412,Midden-Noord-Brabant,Irrigation Shortage,0,0.3616685782300165,-1.6659215688705444,dry,1
2023-12-01,12,NL413,Noordoost-Noord-Brabant,Irrigation Shortage,0,0.22992351475360615,2.005632162094116,wet,1
2024-01-01,1,NL413,Noordoost-Noord-Brabant,Irrigation Shortage,0,0.270381172721601,1.7263375918070476,wet,1
2024-02-01,2,NL413,Noordoost-Noord-Brabant,Irrigation Shortage,0,0.29760311357222197,2.301957845687866,wet,1
2024-03-01,3,NL413,Noordoost-Noord-Brabant,Irrigation Shortage,0,0.37947248953600266,1.7595105568567913,wet,1
2024-04-01,4,NL413,Noordoost-Noord-Brabant,Irrigation Shortage,0,0.46518608084333524,1.9506117502848308,wet,1
2024-05-01,5,NL413,Noordoost-Noord-Brabant,Irrigation Shortage,0,0.6369242090851139,2.5292108058929443,wet,1
2024-06-01,6,NL413,Noordoost-Noord-Brabant,Irrigation Shortage,0,0.7121366319132135,2.860475540161133,wet,1
2024-07-01,7,NL413,Noordoost-Noord-Brabant,Irrigation Shortage,0,0.5906561140487029,3.60351292292277,wet,1
2024-08-01,8,NL413,Noordoost-Noord-Brabant,Irrigation Shortage,0,0.5965468738965671,2.6137571334838867,wet,1
2024-09-01,9,NL413,Noordoost-Noord-Brabant,Irrigation Shortage,0,0.5638929200202395,3.99537460009257,wet,1
2024-10-01,10,NL413,Noordoost-Noord-Brabant,Irrigation Shortage,0,0.43669448403625805,2.824659744898478,wet,1
2024-11-01,11,NL413,Noordoost-Noord-Brabant,Irrigation Shortage,0,0.4402045251153307,2.297260840733846,wet,1
2024-12-01,12,NL413,Noordoost-Noord-Brabant,Irrigation Shortage,0,0.3611334720170596,2.027393857638041,wet,1
2025-01-01,1,NL413,Noordoost-Noord-Brabant,Irrigation Shortage,0,0.40844088535454715,2.1666224797566733,wet,1
2025-02-01,2,NL413,Noordoost-Noord-Brabant,Irrigation Shortage,0,0.4618672888723516,1.6576051712036133,wet,1
2025-03-01,3,NL413,Noordoost-Noord-Brabant,Irrigation Shortage,1,0.8002350595559495,1.1836046775182087,wet,1
2025-04-01,4,NL413,Noordoost-Noord-Brabant,Irrigation Shortage,1,0.7160178772129969,0.6166368325551351,near_normal,1
2025-05-01,5,NL413,Noordoost-Noord-Brabant,Irrigation Shortage,1,0.8120631868131433,-0.433600256840388,near_normal,1
2025-06-01,6,NL413,Noordoost-Noord-Brabant,Irrigation Shortage,0,0.8232041297652554,-0.6352093617121378,near_normal,1
2025-07-01,7,NL413,Noordoost-Noord-Brabant,Irrigation Shortage,0,0.7488921087881331,-0.9555245041847229,near_normal,1
2025-08-01,8,NL413,Noordoost-Noord-Brabant,Irrigation Shortage,0,0.8158060866221215,-1.5380258957544963,dry,1
2025-09-01,9,NL413,Noordoost-Noord-Brabant,Irrigation Shortage,0,0.5388335918553853,-1.4824391603469849,dry,1
2023-12-01,12,NL414,Zuidoost-Noord-Brabant,Irrigation Shortage,1,0.21637042294819103,1.9648097455501556,wet,1
2024-01-01,1,NL414,Zuidoost-Noord-Brabant,Irrigation Shortage,0,0.2582198487083445,1.6660036146640778,wet,1
2024-02-01,2,NL414,Zuidoost-Noord-Brabant,Irrigation Shortage,0,0.28889467403664826,2.2208192348480225,wet,1
2024-03-01,3,NL414,Zuidoost-Noord-Brabant,Irrigation Shortage,0,0.3679968897195073,1.7530253231525421,wet,1
2024-04-01,4,NL414,Zuidoost-Noord-Brabant,Irrigation Shortage,0,0.4593030226166508,1.9222524464130402,wet,1
2024-05-01,5,NL414,Zuidoost-Noord-Brabant,Irrigation Shortage,0,0.6095576710390376,2.4804680943489075,wet,1
2024-06-01,6,NL414,Zuidoost-Noord-Brabant,Irrigation Shortage,0,0.6904180476889787,2.8313465118408203,wet,1
2024-07-01,7,NL414,Zuidoost-Noord-Brabant,Irrigation Shortage,1,0.5733008168521175,3.323698878288269,wet,1
2024-08-01,8,NL414,Zuidoost-Noord-Brabant,Irrigation Shortage,0,0.5488437513773299,2.4005433320999146,wet,1
2024-09-01,9,NL414,Zuidoost-Noord-Brabant,Irrigation Shortage,0,0.5073801052341288,3.6095246076583862,wet,1
2024-10-01,10,NL414,Zuidoost-Noord-Brabant,Irrigation Shortage,0,0.3883724043258899,2.8009841442108154,wet,1
2024-11-01,11,NL414,Zuidoost-Noord-Brabant,Irrigation Shortage,0,0.4008526549575883,2.219056189060211,wet,1
2024-12-01,12,NL414,Zuidoost-Noord-Brabant,Irrigation Shortage,0,0.3415353906661946,2.0562921166419983,wet,1
2025-01-01,1,NL414,Zuidoost-Noord-Brabant,Irrigation Shortage,0,0.4182290481019375,2.2320687770843506,wet,1
2025-02-01,2,NL414,Zuidoost-Noord-Brabant,Irrigation Shortage,0,0.4425360639083893,1.7058507800102234,wet,1
2025-03-01,3,NL414,Zuidoost-Noord-Brabant,Irrigation Shortage,1,0.7364061570416132,1.2108392715454102,wet,1
2025-04-01,4,NL414,Zuidoost-Noord-Brabant,Irrigation Shortage,1,0.7017609564179668,0.6923550665378571,near_normal,1
2025-05-01,5,NL414,Zuidoost-Noord-Brabant,Irrigation Shortage,1,0.782876828258977,-0.4158538803458214,near_normal,1
2025-06-01,6,NL414,Zuidoost-Noord-Brabant,Irrigation Shortage,1,0.7875953353171963,-0.6612778455018997,near_normal,1
2025-07-01,7,NL414,Zuidoost-Noord-Brabant,Irrigation Shortage,0,0.7427657604032104,-1.0086569488048553,dry,1
2025-08-01,8,NL414,Zuidoost-Noord-Brabant,Irrigation Shortage,0,0.8353720561152385,-1.6495905816555023,dry,1
2025-09-01,9,NL414,Zuidoost-Noord-Brabant,Irrigation Shortage,0,0.5372952424279329,-1.5304934084415436,dry,1
2023-12-01,12,NL421,Noord-Limburg,Irrigation Shortage,0,0.2503085344275228,2.145362138748169,wet,1
2024-01-01,1,NL421,Noord-Limburg,Irrigation Shortage,0,0.3073871279474698,1.8593108654022217,wet,1
2024-02-01,2,NL421,Noord-Limburg,Irrigation Shortage,0,0.3207490573134941,2.512042760848999,wet,1
2024-03-01,3,NL421,Noord-Limburg,Irrigation Shortage,0,0.41272623073251313,1.865483283996582,wet,1
2024-04-01,4,NL421,Noord-Limburg,Irrigation Shortage,0,0.4914561870808375,1.9734376668930054,wet,1
2024-05-01,5,NL421,Noord-Limburg,Irrigation Shortage,0,0.6577277850884449,2.605700731277466,wet,1
2024-06-01,6,NL421,Noord-Limburg,Irrigation Shortage,0,0.6999806654363918,2.8035495281219482,wet,1
2024-07-01,7,NL421,Noord-Limburg,Irrigation Shortage,0,0.5599276184330956,3.2032430171966553,wet,1
2024-08-01,8,NL421,Noord-Limburg,Irrigation Shortage,0,0.5462128509290206,2.251657724380493,wet,1
2024-09-01,9,NL421,Noord-Limburg,Irrigation Shortage,0,0.5539890539253401,3.5400261878967285,wet,1
2024-10-01,10,NL421,Noord-Limburg,Irrigation Shortage,0,0.4410723645662409,2.855512857437134,wet,1
2024-11-01,11,NL421,Noord-Limburg,Irrigation Shortage,0,0.44409837741090735,2.196915864944458,wet,1
2024-12-01,12,NL421,Noord-Limburg,Irrigation Shortage,0,0.3847176557683282,2.03786039352417,wet,1
2025-01-01,1,NL421,Noord-Limburg,Irrigation Shortage,0,0.42628301344621,2.306771755218506,wet,1
2025-02-01,2,NL421,Noord-Limburg,Irrigation Shortage,0,0.46457686874724285,1.68009352684021,wet,1
2025-03-01,3,NL421,Noord-Limburg,Irrigation Shortage,1,0.782411374770248,1.0877587795257568,wet,1
2025-04-01,4,NL421,Noord-Limburg,Irrigation Shortage,0,0.7041398912249076,0.6619554162025452,near_normal,1
2025-05-01,5,NL421,Noord-Limburg,Irrigation Shortage,0,0.7948550837322226,-0.44544780254364014,near_normal,1
2025-06-01,6,NL421,Noord-Limburg,Irrigation Shortage,0,0.7887883193777636,-0.5798614025115967,near_normal,1
2025-07-01,7,NL421,Noord-Limburg,Irrigation Shortage,0,0.7779775485312824,-0.800941526889801,near_normal,1
2025-08-01,8,NL421,Noord-Limburg,Irrigation Shortage,0,0.8603879732711487,-1.2454304695129395,dry,1
2025-09-01,9,NL421,Noord-Limburg,Irrigation Shortage,0,0.5906828655318461,-1.325162410736084,dry,1
2023-12-01,12,NL422,Midden-Limburg,Irrigation Shortage,0,0.21130424200475179,1.8910537958145142,wet,1
2024-01-01,1,NL422,Midden-Limburg,Irrigation Shortage,0,0.26333693970242583,1.595084309577942,wet,1
2024-02-01,2,NL422,Midden-Limburg,Irrigation Shortage,0,0.2893021972040411,2.1346378326416016,wet,1
2024-03-01,3,NL422,Midden-Limburg,Irrigation Shortage,0,0.37477922130966657,1.6730749607086182,wet,1
2024-04-01,4,NL422,Midden-Limburg,Irrigation Shortage,0,0.4477553795947102,1.7786504030227661,wet,1
2024-05-01,5,NL422,Midden-Limburg,Irrigation Shortage,0,0.6224039797758697,2.3970389366149902,wet,1
2024-06-01,6,NL422,Midden-Limburg,Irrigation Shortage,0,0.6914059333710779,2.6647117137908936,wet,1
2024-07-01,7,NL422,Midden-Limburg,Irrigation Shortage,0,0.5912257663107844,2.893308162689209,wet,1
2024-08-01,8,NL422,Midden-Limburg,Irrigation Shortage,0,0.524842582182675,2.179447650909424,wet,1
2024-09-01,9,NL422,Midden-Limburg,Irrigation Shortage,0,0.508670766154106,3.121680974960327,wet,1
2024-10-01,10,NL422,Midden-Limburg,Irrigation Shortage,0,0.3749363111504619,2.612539768218994,wet,1
2024-11-01,11,NL422,Midden-Limburg,Irrigation Shortage,0,0.38581705968281066,2.029146194458008,wet,1
2024-12-01,12,NL422,Midden-Limburg,Irrigation Shortage,0,0.3386133943632679,1.9572449922561646,wet,1
2025-01-01,1,NL422,Midden-Limburg,Irrigation Shortage,0,0.37788477915428553,2.3007307052612305,wet,1
2025-02-01,2,NL422,Midden-Limburg,Irrigation Shortage,0,0.4410283971884477,1.6659852266311646,wet,1
2025-03-01,3,NL422,Midden-Limburg,Irrigation Shortage,1,0.7167063286185983,1.1294753551483154,wet,1
2025-04-01,4,NL422,Midden-Limburg,Irrigation Shortage,0,0.6833165446416621,0.6900760531425476,near_normal,1
2025-05-01,5,NL422,Midden-Limburg,Irrigation Shortage,0,0.76325647428076,-0.4340934157371521,near_normal,1
2025-06-01,6,NL422,Midden-Limburg,Irrigation Shortage,0,0.7571700011805843,-0.5961017608642578,near_normal,1
2025-07-01,7,NL422,Midden-Limburg,Irrigation Shortage,0,0.7515642976189683,-0.7561391592025757,near_normal,1
2025-08-01,8,NL422,Midden-Limburg,Irrigation Shortage,0,0.853946527399971,-1.2596315145492554,dry,1
2025-09-01,9,NL422,Midden-Limburg,Irrigation Shortage,0,0.5601651469162818,-1.256527304649353,dry,1
2023-12-01,12,NL423,Zuid-Limburg,Irrigation Shortage,0,0.24296913789380462,1.7045224905014038,wet,1
2024-01-01,1,NL423,Zuid-Limburg,Irrigation Shortage,0,0.28270718937668643,1.4646683931350708,wet,1
2024-02-01,2,NL423,Zuid-Limburg,Irrigation Shortage,0,0.3192734262932685,1.9057672023773193,wet,1
2024-03-01,3,NL423,Zuid-Limburg,Irrigation Shortage,0,0.355262215050747,1.4721426963806152,wet,1
2024-04-01,4,NL423,Zuid-Limburg,Irrigation Shortage,0,0.4863812473173196,1.6109375953674316,wet,1
2024-05-01,5,NL423,Zuid-Limburg,Irrigation Shortage,0,0.6546176095483842,2.2602717876434326,wet,1
2024-06-01,6,NL423,Zuid-Limburg,Irrigation Shortage,0,0.7058819930919905,2.4993674755096436,wet,1
2024-07-01,7,NL423,Zuid-Limburg,Irrigation Shortage,0,0.6444878756231268,2.575399398803711,wet,1
2024-08-01,8,NL423,Zuid-Limburg,Irrigation Shortage,0,0.6151775083635942,2.1789464950561523,wet,1
2024-09-01,9,NL423,Zuid-Limburg,Irrigation Shortage,0,0.5397639040433517,2.988447666168213,wet,1
2024-10-01,10,NL423,Zuid-Limburg,Irrigation Shortage,0,0.44083288119353004,2.581728458404541,wet,1
2024-11-01,11,NL423,Zuid-Limburg,Irrigation Shortage,0,0.4203424049498034,2.0978105068206787,wet,1
2024-12-01,12,NL423,Zuid-Limburg,Irrigation Shortage,0,0.36443781111148665,2.107192277908325,wet,1
2025-01-01,1,NL423,Zuid-Limburg,Irrigation Shortage,0,0.38785556566449075,2.49822735786438,wet,1
2025-02-01,2,NL423,Zuid-Limburg,Irrigation Shortage,0,0.5038249145016778,1.7681748867034912,wet,1
2025-03-01,3,NL423,Zuid-Limburg,Irrigation Shortage,1,0.7707771921783274,1.286401629447937,wet,1
2025-04-01,4,NL423,Zuid-Limburg,Irrigation Shortage,0,0.6946789157151672,0.8446741700172424,near_normal,1
2025-05-01,5,NL423,Zuid-Limburg,Irrigation Shortage,0,0.7895489821591933,-0.30450639128685,near_normal,1
2025-06-01,6,NL423,Zuid-Limburg,Irrigation Shortage,0,0.7864286445357559,-0.48462241888046265,near_normal,1
2025-07-01,7,NL423,Zuid-Limburg,Irrigation Shortage,0,0.8171640352870936,-0.5175946354866028,near_normal,1
2025-08-01,8,NL423,Zuid-Limburg,Irrigation Shortage,0,0.8713380454246608,-1.1383399963378906,dry,1
2025-09-01,9,NL423,Zuid-Limburg,Irrigation Shortage,0,0.5731678133276713,-1.2109681367874146,dry,1
2023-12-01,12,NL111,Oost-Groningen,Water Supply & Sanitation Issues,0,0.36976977853710924,1.8038720488548279,wet,1
2024-01-01,1,NL111,Oost-Groningen,Water Supply & Sanitation Issues,0,0.48917041943347245,1.811567783355713,wet,1
2024-02-01,2,NL111,Oost-Groningen,Water Supply & Sanitation Issues,0,0.48017799649092585,1.99618661403656,wet,1
2024-03-01,3,NL111,Oost-Groningen,Water Supply & Sanitation Issues,0,0.39255418703228795,1.6847506165504456,wet,1
2024-04-01,4,NL111,Oost-Groningen,Water Supply & Sanitation Issues,0,0.4903533627483845,1.9079570770263672,wet,1
2024-05-01,5,NL111,Oost-Groningen,Water Supply & Sanitation Issues,1,0.6885371866717519,2.1447561979293823,wet,1
2024-06-01,6,NL111,Oost-Groningen,Water Supply & Sanitation Issues,0,0.7215642734849197,2.7947285175323486,wet,1
2024-07-01,7,NL111,Oost-Groningen,Water Supply & Sanitation Issues,1,0.7280191530639119,2.7147164344787598,wet,1
2024-08-01,8,NL111,Oost-Groningen,Water Supply & Sanitation Issues,0,0.7525777912977114,2.659160852432251,wet,1
2024-09-01,9,NL111,Oost-Groningen,Water Supply & Sanitation Issues,0,0.6097938332615057,2.968327760696411,wet,1
2024-10-01,10,NL111,Oost-Groningen,Water Supply & Sanitation Issues,0,0.39928584258793937,1.971750020980835,wet,1
2024-11-01,11,NL111,Oost-Groningen,Water Supply & Sanitation Issues,0,0.3691962964756816,1.6035258769989014,wet,1
2024-12-01,12,NL111,Oost-Groningen,Water Supply & Sanitation Issues,0,0.2865115068273919,1.1509708762168884,wet,1
2025-01-01,1,NL111,Oost-Groningen,Water Supply & Sanitation Issues,0,0.42495142941754194,1.0549432635307312,wet,1
2025-02-01,2,NL111,Oost-Groningen,Water Supply & Sanitation Issues,0,0.49064590470454505,0.49514587223529816,near_normal,1
2025-03-01,3,NL111,Oost-Groningen,Water Supply & Sanitation Issues,0,0.5398224641021508,0.1761770248413086,near_normal,1
2025-04-01,4,NL111,Oost-Groningen,Water Supply & Sanitation Issues,1,0.5998756184204102,-0.4283472001552582,near_normal,1
2025-05-01,5,NL111,Oost-Groningen,Water Supply & Sanitation Issues,0,0.5476836560192585,-0.9174109697341919,near_normal,1
2025-06-01,6,NL111,Oost-Groningen,Water Supply & Sanitation Issues,1,0.7552428614248944,-0.9498004615306854,near_normal,1
2025-07-01,7,NL111,Oost-Groningen,Water Supply & Sanitation Issues,0,0.7424864163035683,-1.1780112385749817,dry,1
2025-08-01,8,NL111,Oost-Groningen,Water Supply & Sanitation Issues,0,0.6738577502059842,-1.31639963388443,dry,1
2025-09-01,9,NL111,Oost-Groningen,Water Supply & Sanitation Issues,0,0.4057009011324534,-1.4372192025184631,dry,1
2023-12-01,12,NL112,Delfzijl en omgeving,Water Supply & Sanitation Issues,0,0.33419391858033365,1.5477043390274048,wet,1
2024-01-01,1,NL112,Delfzijl en omgeving,Water Supply & Sanitation Issues,0,0.38355291181935397,1.5744563341140747,wet,1
2024-03-01,3,NL112,Delfzijl en omgeving,Water Supply & Sanitation Issues,0,0.36080082470636665,1.5986590385437012,wet,1
2024-04-01,4,NL112,Delfzijl en omgeving,Water Supply & Sanitation Issues,0,0.4517977304531654,1.7463241815567017,wet,1
2024-05-01,5,NL112,Delfzijl en omgeving,Water Supply & Sanitation Issues,1,0.6331281992335925,1.9306237697601318,wet,1
2024-06-01,6,NL112,Delfzijl en omgeving,Water Supply & Sanitation Issues,0,0.6894361497446342,2.5208699703216553,wet,1
2024-07-01,7,NL112,Delfzijl en omgeving,Water Supply & Sanitation Issues,1,0.6784497138522134,2.3603928089141846,wet,1
2024-08-01,8,NL112,Delfzijl en omgeving,Water Supply & Sanitation Issues,0,0.7002680960993664,2.3377909660339355,wet,1
2024-09-01,9,NL112,Delfzijl en omgeving,Water Supply & Sanitation Issues,0,0.520542758756247,2.484579563140869,wet,1
2024-10-01,10,NL112,Delfzijl en omgeving,Water Supply & Sanitation Issues,0,0.34875872478210085,1.6715155839920044,wet,1
2024-11-01,11,NL112,Delfzijl en omgeving,Water Supply & Sanitation Issues,0,0.3007753902384408,1.3462355136871338,wet,1
2024-12-01,12,NL112,Delfzijl en omgeving,Water Supply & Sanitation Issues,0,0.2408845760018771,0.9495850205421448,near_normal,1
2025-01-01,1,NL112,Delfzijl en omgeving,Water Supply & Sanitation Issues,0,0.3977972696591343,0.815735936164856,near_normal,1
2025-02-01,2,NL112,Delfzijl en omgeving,Water Supply & Sanitation Issues,0,0.4798266375689268,0.2707626223564148,near_normal,1
2025-03-01,3,NL112,Delfzijl en omgeving,Water Supply & Sanitation Issues,0,0.539562045985345,-0.011577821336686611,near_normal,1
2025-04-01,4,NL112,Delfzijl en omgeving,Water Supply & Sanitation Issues,1,0.5304216750738839,-0.536076009273529,near_normal,1
2025-05-01,5,NL112,Delfzijl en omgeving,Water Supply & Sanitation Issues,0,0.5042123696759085,-0.8959609270095825,near_normal,1
2025-06-01,6,NL112,Delfzijl en omgeving,Water Supply & Sanitation Issues,1,0.704866796761993,-0.9709566235542297,near_normal,1
2025-07-01,7,NL112,Delfzijl en omgeving,Water Supply & Sanitation Issues,0,0.6573435423933393,-1.2213053703308105,dry,1
2025-08-01,8,NL112,Delfzijl en omgeving,Water Supply & Sanitation Issues,0,0.6139317721213194,-1.3407152891159058,dry,1
2025-09-01,9,NL112,Delfzijl en omgeving,Water Supply & Sanitation Issues,0,0.318656186428458,-1.4633549451828003,dry,1
2023-12-01,12,NL113,Overig Groningen,Water Supply & Sanitation Issues,0,0.3395466274149372,1.576159675916036,wet,1
2024-01-01,1,NL113,Overig Groningen,Water Supply & Sanitation Issues,0,0.45226744967230664,1.553696870803833,wet,1
2024-02-01,2,NL113,Overig Groningen,Water Supply & Sanitation Issues,0,0.44180408501419727,1.8252516984939575,wet,1
2024-03-01,3,NL113,Overig Groningen,Water Supply & Sanitation Issues,0,0.37926718724764846,1.5759201447168987,wet,1
2024-04-01,4,NL113,Overig Groningen,Water Supply & Sanitation Issues,0,0.48177950619705756,1.7591425975163777,wet,1
2024-05-01,5,NL113,Overig Groningen,Water Supply & Sanitation Issues,1,0.6758159805756669,1.9804979960123699,wet,1
2024-06-01,6,NL113,Overig Groningen,Water Supply & Sanitation Issues,0,0.7109406345693952,2.5567835172017417,wet,1
2024-07-01,7,NL113,Overig Groningen,Water Supply & Sanitation Issues,1,0.7103100719462562,2.325056314468384,wet,1
2024-08-01,8,NL113,Overig Groningen,Water Supply & Sanitation Issues,0,0.743640457454388,2.289264678955078,wet,1
2024-09-01,9,NL113,Overig Groningen,Water Supply & Sanitation Issues,0,0.5523976409140654,2.4607760111490884,wet,1
2024-10-01,10,NL113,Overig Groningen,Water Supply & Sanitation Issues,0,0.3873055426342363,1.74251393477122,wet,1
2024-11-01,11,NL113,Overig Groningen,Water Supply & Sanitation Issues,0,0.348887288113913,1.3726389805475872,wet,1
2024-12-01,12,NL113,Overig Groningen,Water Supply & Sanitation Issues,0,0.2732642854678335,0.9944103360176086,near_normal,1
2025-01-01,1,NL113,Overig Groningen,Water Supply & Sanitation Issues,0,0.4313031178666051,0.8821484843889872,near_normal,1
2025-02-01,2,NL113,Overig Groningen,Water Supply & Sanitation Issues,0,0.5030749503896722,0.31073737144470215,near_normal,1
2025-03-01,3,NL113,Overig Groningen,Water Supply & Sanitation Issues,0,0.5584898002840547,0.035581901048620544,near_normal,1
2025-04-01,4,NL113,Overig Groningen,Water Supply & Sanitation Issues,1,0.5690733176378172,-0.45748992760976154,near_normal,1
2025-05-01,5,NL113,Overig Groningen,Water Supply & Sanitation Issues,0,0.553295967693647,-0.8022730549176534,near_normal,1
2025-06-01,6,NL113,Overig Groningen,Water Supply & Sanitation Issues,1,0.7592628217544088,-0.9125909010569254,near_normal,1
2025-07-01,7,NL113,Overig Groningen,Water Supply & Sanitation Issues,0,0.7191672877341134,-1.1193293333053589,dry,1
2025-08-01,8,NL113,Overig Groningen,Water Supply & Sanitation Issues,0,0.6479204080479066,-1.2605481147766113,dry,1
2025-09-01,9,NL113,Overig Groningen,Water Supply & Sanitation Issues,0,0.3557050457282689,-1.4358088970184326,dry,1
2023-12-01,12,NL124,Noord-Friesland,Water Supply & Sanitation Issues,0,0.29759076908809445,1.4863542318344116,wet,1
2024-01-01,1,NL124,Noord-Friesland,Water Supply & Sanitation Issues,0,0.4048421374758441,1.3574422895908356,wet,1
2024-02-01,2,NL124,Noord-Friesland,Water Supply & Sanitation Issues,0,0.39029759357980864,1.7159639298915863,wet,1
2024-03-01,3,NL124,Noord-Friesland,Water Supply & Sanitation Issues,0,0.34269044301068957,1.4683093130588531,wet,1
2024-04-01,4,NL124,Noord-Friesland,Water Supply & Sanitation Issues,0,0.5196613576671295,1.7018274664878845,wet,1
2024-05-01,5,NL124,Noord-Friesland,Water Supply & Sanitation Issues,0,0.6986968637754282,1.886545330286026,wet,1
2024-06-01,6,NL124,Noord-Friesland,Water Supply & Sanitation Issues,0,0.7325149332485037,2.4364304542541504,wet,1
2024-07-01,7,NL124,Noord-Friesland,Water Supply & Sanitation Issues,0,0.6751703743493369,2.1045264899730682,wet,1
2024-08-01,8,NL124,Noord-Friesland,Water Supply & Sanitation Issues,0,0.7390949836705939,2.0753729045391083,wet,1
2024-09-01,9,NL124,Noord-Friesland,Water Supply & Sanitation Issues,0,0.5078934227246524,2.2301748991012573,wet,1
2024-10-01,10,NL124,Noord-Friesland,Water Supply & Sanitation Issues,0,0.3971248916848089,1.551231563091278,wet,1
2024-11-01,11,NL124,Noord-Friesland,Water Supply & Sanitation Issues,0,0.32728406097339696,1.0981620252132416,wet,1
2024-12-01,12,NL124,Noord-Friesland,Water Supply & Sanitation Issues,0,0.27246663111148917,0.7735436260700226,near_normal,1
2025-01-01,1,NL124,Noord-Friesland,Water Supply & Sanitation Issues,1,0.4288686692088041,0.6505173146724701,near_normal,1
2025-02-01,2,NL124,Noord-Friesland,Water Supply & Sanitation Issues,0,0.5033961756593239,0.10699054750148207,near_normal,1
2025-03-01,3,NL124,Noord-Friesland,Water Supply & Sanitation Issues,0,0.52086889696398,-0.16945494152605534,near_normal,1
2025-04-01,4,NL124,Noord-Friesland,Water Supply & Sanitation Issues,1,0.5305733796864067,-0.7064715921878815,near_normal,1
2025-05-01,5,NL124,Noord-Friesland,Water Supply & Sanitation Issues,0,0.52952459442909,-0.9263435304164886,near_normal,1
2025-06-01,6,NL124,Noord-Friesland,Water Supply & Sanitation Issues,1,0.7163653849001754,-1.0629418939352036,dry,1
2025-07-01,7,NL124,Noord-Friesland,Water Supply & Sanitation Issues,0,0.6946665094525415,-1.2299838960170746,dry,1
2025-08-01,8,NL124,Noord-Friesland,Water Supply & Sanitation Issues,0,0.5698701012875801,-1.4811941981315613,dry,1
2025-09-01,9,NL124,Noord-Friesland,Water Supply & Sanitation Issues,0,0.3251487234219073,-1.572517216205597,dry,1
2023-12-01,12,NL125,Zuidwest-Friesland,Water Supply & Sanitation Issues,0,0.2889444884210901,1.63624769449234,wet,1
2024-01-01,1,NL125,Zuidwest-Friesland,Water Supply & Sanitation Issues,0,0.4065514470502503,1.4139912724494934,wet,1
2024-02-01,2,NL125,Zuidwest-Friesland,Water Supply & Sanitation Issues,0,0.3907405730146777,1.7786154747009277,wet,1
2024-03-01,3,NL125,Zuidwest-Friesland,Water Supply & Sanitation Issues,0,0.3647017002659429,1.5638866424560547,wet,1
2024-04-01,4,NL125,Zuidwest-Friesland,Water Supply & Sanitation Issues,0,0.5868521685496301,1.8326656818389893,wet,1
2024-05-01,5,NL125,Zuidwest-Friesland,Water Supply & Sanitation Issues,0,0.7516927354112782,2.1068438291549683,wet,1
2024-06-01,6,NL125,Zuidwest-Friesland,Water Supply & Sanitation Issues,0,0.7685405556242637,2.634555220603943,wet,1
2024-07-01,7,NL125,Zuidwest-Friesland,Water Supply & Sanitation Issues,1,0.6961868921201935,2.177721381187439,wet,1
2024-08-01,8,NL125,Zuidwest-Friesland,Water Supply & Sanitation Issues,0,0.6864406378208934,2.1380834579467773,wet,1
2024-09-01,9,NL125,Zuidwest-Friesland,Water Supply & Sanitation Issues,0,0.4395600207956769,2.2827683687210083,wet,1
2024-10-01,10,NL125,Zuidwest-Friesland,Water Supply & Sanitation Issues,0,0.3645617495955311,1.732323706150055,wet,1
2024-11-01,11,NL125,Zuidwest-Friesland,Water Supply & Sanitation Issues,0,0.34027553818679224,1.1893419027328491,wet,1
2024-12-01,12,NL125,Zuidwest-Friesland,Water Supply & Sanitation Issues,0,0.30471672591719706,0.9064917862415314,near_normal,1
2025-01-01,1,NL125,Zuidwest-Friesland,Water Supply & Sanitation Issues,0,0.4597567836211656,0.7681446671485901,near_normal,1
2025-02-01,2,NL125,Zuidwest-Friesland,Water Supply & Sanitation Issues,0,0.54133367561274,0.15459422394633293,near_normal,1
2025-03-01,3,NL125,Zuidwest-Friesland,Water Supply & Sanitation Issues,0,0.5465815630506465,-0.20276711881160736,near_normal,1
2025-04-01,4,NL125,Zuidwest-Friesland,Water Supply & Sanitation Issues,0,0.5522181518848829,-0.842517763376236,near_normal,1
2025-05-01,5,NL125,Zuidwest-Friesland,Water Supply & Sanitation Issues,0,0.48154620947770976,-1.0782914757728577,dry,1
2025-06-01,6,NL125,Zuidwest-Friesland,Water Supply & Sanitation Issues,0,0.703164895637379,-1.1937094926834106,dry,1
2025-07-01,7,NL125,Zuidwest-Friesland,Water Supply & Sanitation Issues,0,0.7134075565828667,-1.2997994422912598,dry,1
2025-08-01,8,NL125,Zuidwest-Friesland,Water Supply & Sanitation Issues,0,0.5790814399485342,-1.5020229816436768,dry,1
2025-09-01,9,NL125,Zuidwest-Friesland,Water Supply & Sanitation Issues,0,0.322755651220023,-1.550790548324585,dry,1
2023-12-01,12,NL126,Zuidoost-Friesland,Water Supply & Sanitation Issues,0,0.3097925137499879,1.6415513753890991,wet,1
2024-01-01,1,NL126,Zuidoost-Friesland,Water Supply & Sanitation Issues,0,0.45991997630696185,1.545999010403951,wet,1
2024-03-01,3,NL126,Zuidoost-Friesland,Water Supply & Sanitation Issues,0,0.30025039547655574,1.5629839499791462,wet,1
2024-04-01,4,NL126,Zuidoost-Friesland,Water Supply & Sanitation Issues,0,0.45999081886300813,1.7216502825419109,wet,1
2024-05-01,5,NL126,Zuidoost-Friesland,Water Supply & Sanitation Issues,0,0.6749701847603603,2.123636484146118,wet,1
2024-06-01,6,NL126,Zuidoost-Friesland,Water Supply & Sanitation Issues,0,0.6803126852916604,2.8139727115631104,wet,1
2024-07-01,7,NL126,Zuidoost-Friesland,Water Supply & Sanitation Issues,0,0.6945003388351446,2.4634934266408286,wet,1
2024-08-01,8,NL126,Zuidoost-Friesland,Water Supply & Sanitation Issues,0,0.7113922485918046,2.2954910596211753,wet,1
2024-09-01,9,NL126,Zuidoost-Friesland,Water Supply & Sanitation Issues,0,0.4954713969464125,2.6972495714823403,wet,1
2024-10-01,10,NL126,Zuidoost-Friesland,Water Supply & Sanitation Issues,0,0.3452230263046915,1.9253834088643391,wet,1
2024-11-01,11,NL126,Zuidoost-Friesland,Water Supply & Sanitation Issues,0,0.3527325807082668,1.4363560279210408,wet,1
2024-12-01,12,NL126,Zuidoost-Friesland,Water Supply & Sanitation Issues,0,0.2759780100750134,1.123047669728597,wet,1
2025-01-01,1,NL126,Zuidoost-Friesland,Water Supply & Sanitation Issues,0,0.410333010778005,1.0151313543319702,wet,1
2025-02-01,2,NL126,Zuidoost-Friesland,Water Supply & Sanitation Issues,1,0.4739867706368828,0.39727561672528583,near_normal,1
2025-03-01,3,NL126,Zuidoost-Friesland,Water Supply & Sanitation Issues,0,0.515813571366572,0.04762745307137569,near_normal,1
2025-04-01,4,NL126,Zuidoost-Friesland,Water Supply & Sanitation Issues,0,0.5450314223120538,-0.49264203508694965,near_normal,1
2025-05-01,5,NL126,Zuidoost-Friesland,Water Supply & Sanitation Issues,0,0.5015842509781366,-0.9436053037643433,near_normal,1
2025-06-01,6,NL126,Zuidoost-Friesland,Water Supply & Sanitation Issues,0,0.718761884195484,-1.055333097775777,dry,1
2025-07-01,7,NL126,Zuidoost-Friesland,Water Supply & Sanitation Issues,0,0.719432145803581,-1.1487988233566284,dry,1
2025-08-01,8,NL126,Zuidoost-Friesland,Water Supply & Sanitation Issues,0,0.6200035746813551,-1.3487204710642497,dry,1
2025-09-01,9,NL126,Zuidoost-Friesland,Water Supply & Sanitation Issues,0,0.33213443612321686,-1.5328909953435261,dry,1
2023-12-01,12,NL131,Noord-Drenthe,Water Supply & Sanitation Issues,0,0.3180859535559535,1.685130774974823,wet,1
2024-01-01,1,NL131,Noord-Drenthe,Water Supply & Sanitation Issues,0,0.42833120308785705,1.625184416770935,wet,1
2024-02-01,2,NL131,Noord-Drenthe,Water Supply & Sanitation Issues,0,0.425404781241805,1.908049762248993,wet,1
2024-03-01,3,NL131,Noord-Drenthe,Water Supply & Sanitation Issues,0,0.32274231112858276,1.6074219346046448,wet,1
2024-04-01,4,NL131,Noord-Drenthe,Water Supply & Sanitation Issues,0,0.42335528257151334,1.7808722257614136,wet,1
2024-05-01,5,NL131,Noord-Drenthe,Water Supply & Sanitation Issues,0,0.6490156239807162,2.125525951385498,wet,1
2024-06-01,6,NL131,Noord-Drenthe,Water Supply & Sanitation Issues,0,0.6685121282089976,2.8354954719543457,wet,1
2024-07-01,7,NL131,Noord-Drenthe,Water Supply & Sanitation Issues,0,0.6914016228788527,2.568251371383667,wet,1
2024-08-01,8,NL131,Noord-Drenthe,Water Supply & Sanitation Issues,0,0.7188642168141195,2.437190890312195,wet,1
2024-09-01,9,NL131,Noord-Drenthe,Water Supply & Sanitation Issues,0,0.5353025776216106,2.765575647354126,wet,1
2024-10-01,10,NL131,Noord-Drenthe,Water Supply & Sanitation Issues,0,0.35091249566625493,1.9603742957115173,wet,1
2024-11-01,11,NL131,Noord-Drenthe,Water Supply & Sanitation Issues,0,0.3510321576517116,1.541092872619629,wet,1
2024-12-01,12,NL131,Noord-Drenthe,Water Supply & Sanitation Issues,0,0.26843475075891776,1.1613088250160217,wet,1
2025-01-01,1,NL131,Noord-Drenthe,Water Supply & Sanitation Issues,0,0.38959508062206655,1.0562910437583923,wet,1
2025-02-01,2,NL131,Noord-Drenthe,Water Supply & Sanitation Issues,0,0.4547403500243455,0.4693644195795059,near_normal,1
2025-03-01,3,NL131,Noord-Drenthe,Water Supply & Sanitation Issues,0,0.49175602441927857,0.14078162051737309,near_normal,1
2025-04-01,4,NL131,Noord-Drenthe,Water Supply & Sanitation Issues,1,0.5531337320239468,-0.37382109463214874,near_normal,1
2025-05-01,5,NL131,Noord-Drenthe,Water Supply & Sanitation Issues,0,0.5109790862430473,-0.8759167492389679,near_normal,1
2025-06-01,6,NL131,Noord-Drenthe,Water Supply & Sanitation Issues,0,0.7330222004769008,-0.9764733612537384,near_normal,1
2025-07-01,7,NL131,Noord-Drenthe,Water Supply & Sanitation Issues,0,0.7225228160660229,-1.0990380644798279,dry,1
2025-08-01,8,NL131,Noord-Drenthe,Water Supply & Sanitation Issues,0,0.650565248957996,-1.2489697933197021,dry,1
2025-09-01,9,NL131,Noord-Drenthe,Water Supply & Sanitation Issues,0,0.36647562813647744,-1.4132501482963562,dry,1
2023-12-01,12,NL132,Zuidoost-Drenthe,Water Supply & Sanitation Issues,0,0.3533516417415895,1.9405426979064941,wet,1
2024-01-01,1,NL132,Zuidoost-Drenthe,Water Supply & Sanitation Issues,0,0.46831176559112664,1.862620234489441,wet,1
2024-02-01,2,NL132,Zuidoost-Drenthe,Water Supply & Sanitation Issues,0,0.4554597208649083,2.074225902557373,wet,1
2024-03-01,3,NL132,Zuidoost-Drenthe,Water Supply & Sanitation Issues,0,0.3616830755005777,1.7616868019104004,wet,1
2024-04-01,4,NL132,Zuidoost-Drenthe,Water Supply & Sanitation Issues,0,0.4560511457325876,1.9577404260635376,wet,1
2024-05-01,5,NL132,Zuidoost-Drenthe,Water Supply & Sanitation Issues,0,0.6577999627695603,2.271449089050293,wet,1
2024-06-01,6,NL132,Zuidoost-Drenthe,Water Supply & Sanitation Issues,0,0.6646731136710208,2.8965072631835938,wet,1
2024-07-01,7,NL132,Zuidoost-Drenthe,Water Supply & Sanitation Issues,0,0.6800638400415016,2.828998327255249,wet,1
2024-08-01,8,NL132,Zuidoost-Drenthe,Water Supply & Sanitation Issues,0,0.7161180729956582,2.8166348934173584,wet,1
2024-09-01,9,NL132,Zuidoost-Drenthe,Water Supply & Sanitation Issues,1,0.5871869183966933,3.1048576831817627,wet,1
2024-10-01,10,NL132,Zuidoost-Drenthe,Water Supply & Sanitation Issues,0,0.3766728121540745,2.167729139328003,wet,1
2024-11-01,11,NL132,Zuidoost-Drenthe,Water Supply & Sanitation Issues,0,0.35920891576629826,1.7443439960479736,wet,1
2024-12-01,12,NL132,Zuidoost-Drenthe,Water Supply & Sanitation Issues,0,0.27988788246413915,1.2934812307357788,wet,1
2025-01-01,1,NL132,Zuidoost-Drenthe,Water Supply & Sanitation Issues,0,0.37145464628951586,1.196232557296753,wet,1
2025-02-01,2,NL132,Zuidoost-Drenthe,Water Supply & Sanitation Issues,0,0.4422318759523086,0.622021496295929,near_normal,1
2025-03-01,3,NL132,Zuidoost-Drenthe,Water Supply & Sanitation Issues,0,0.461307989689041,0.29568547010421753,near_normal,1
2025-04-01,4,NL132,Zuidoost-Drenthe,Water Supply & Sanitation Issues,1,0.5673218805871425,-0.27435654401779175,near_normal,1
2025-05-01,5,NL132,Zuidoost-Drenthe,Water Supply & Sanitation Issues,0,0.49920468527288003,-0.8413411974906921,near_normal,1
2025-06-01,6,NL132,Zuidoost-Drenthe,Water Supply & Sanitation Issues,0,0.7199621236770497,-0.9112480282783508,near_normal,1
2025-07-01,7,NL132,Zuidoost-Drenthe,Water Supply & Sanitation Issues,0,0.7298631746919325,-1.104096531867981,dry,1
2025-08-01,8,NL132,Zuidoost-Drenthe,Water Supply & Sanitation Issues,0,0.6529002766042602,-1.2686371803283691,dry,1
2025-09-01,9,NL132,Zuidoost-Drenthe,Water Supply & Sanitation Issues,0,0.384990397795564,-1.3522844314575195,dry,1
2023-12-01,12,NL133,Zuidwest-Drenthe,Water Supply & Sanitation Issues,0,0.35094060852749037,1.7844210863113403,wet,1
2024-01-01,1,NL133,Zuidwest-Drenthe,Water Supply & Sanitation Issues,0,0.5171796108437745,1.72472482919693,wet,1
2024-02-01,2,NL133,Zuidwest-Drenthe,Water Supply & Sanitation Issues,0,0.45304354805697555,2.0366421341896057,wet,1
2024-03-01,3,NL133,Zuidwest-Drenthe,Water Supply & Sanitation Issues,0,0.3580714798950371,1.7058511972427368,wet,1
2024-04-01,4,NL133,Zuidwest-Drenthe,Water Supply & Sanitation Issues,0,0.47325455030952895,1.8357419967651367,wet,1
2024-05-01,5,NL133,Zuidwest-Drenthe,Water Supply & Sanitation Issues,0,0.6530863791667235,2.266860604286194,wet,1
2024-06-01,6,NL133,Zuidwest-Drenthe,Water Supply & Sanitation Issues,0,0.6610534513430407,2.907911777496338,wet,1
2024-07-01,7,NL133,Zuidwest-Drenthe,Water Supply & Sanitation Issues,0,0.6859938613197708,2.7513095140457153,wet,1
2024-08-01,8,NL133,Zuidwest-Drenthe,Water Supply & Sanitation Issues,0,0.7039305258191125,2.632028818130493,wet,1
2024-09-01,9,NL133,Zuidwest-Drenthe,Water Supply & Sanitation Issues,0,0.5330925135596938,3.0397181510925293,wet,1
2024-10-01,10,NL133,Zuidwest-Drenthe,Water Supply & Sanitation Issues,0,0.3508642894637636,2.1555556058883667,wet,1
2024-11-01,11,NL133,Zuidwest-Drenthe,Water Supply & Sanitation Issues,0,0.38623386855018893,1.7173022627830505,wet,1
2024-12-01,12,NL133,Zuidwest-Drenthe,Water Supply & Sanitation Issues,0,0.30555748253415227,1.3606191873550415,wet,1
2025-01-01,1,NL133,Zuidwest-Drenthe,Water Supply & Sanitation Issues,0,0.4096241897633694,1.2867012023925781,wet,1
2025-02-01,2,NL133,Zuidwest-Drenthe,Water Supply & Sanitation Issues,0,0.47369858650080376,0.6509714722633362,near_normal,1
2025-03-01,3,NL133,Zuidwest-Drenthe,Water Supply & Sanitation Issues,0,0.5156522983140405,0.2719087675213814,near_normal,1
2025-04-01,4,NL133,Zuidwest-Drenthe,Water Supply & Sanitation Issues,1,0.5850885891683171,-0.26466917246580124,near_normal,1
2025-05-01,5,NL133,Zuidwest-Drenthe,Water Supply & Sanitation Issues,0,0.5112589496414073,-0.8783625960350037,near_normal,1
2025-06-01,6,NL133,Zuidwest-Drenthe,Water Supply & Sanitation Issues,0,0.7250553243870125,-0.9638475477695465,near_normal,1
2025-07-01,7,NL133,Zuidwest-Drenthe,Water Supply & Sanitation Issues,0,0.7420650333414326,-1.0526711344718933,dry,1
2025-08-01,8,NL133,Zuidwest-Drenthe,Water Supply & Sanitation Issues,0,0.6571330538567014,-1.2207630276679993,dry,1
2025-09-01,9,NL133,Zuidwest-Drenthe,Water Supply & Sanitation Issues,0,0.3865915309894113,-1.363072395324707,dry,1
2023-12-01,12,NL211,Noord-Overijssel,Water Supply & Sanitation Issues,0,0.47550990147003197,1.8763700723648071,wet,1
2024-01-01,1,NL211,Noord-Overijssel,Water Supply & Sanitation Issues,0,0.6282541792027084,1.8030700087547302,wet,1
2024-02-01,2,NL211,Noord-Overijssel,Water Supply & Sanitation Issues,0,0.5676334886735372,2.1056063175201416,wet,1
2024-03-01,3,NL211,Noord-Overijssel,Water Supply & Sanitation Issues,0,0.5002865365255267,1.7778285145759583,wet,1
2024-04-01,4,NL211,Noord-Overijssel,Water Supply & Sanitation Issues,0,0.6006835968504993,1.8979318737983704,wet,1
2024-05-01,5,NL211,Noord-Overijssel,Water Supply & Sanitation Issues,1,0.7435278768682434,2.330261468887329,wet,1
2024-06-01,6,NL211,Noord-Overijssel,Water Supply & Sanitation Issues,0,0.7544438976909733,2.892736077308655,wet,1
2024-07-01,7,NL211,Noord-Overijssel,Water Supply & Sanitation Issues,0,0.7692642619374829,2.926464080810547,wet,1
2024-08-01,8,NL211,Noord-Overijssel,Water Supply & Sanitation Issues,0,0.7754201672806192,2.801928162574768,wet,1
2024-09-01,9,NL211,Noord-Overijssel,Water Supply & Sanitation Issues,1,0.6373516608055402,3.1640535593032837,wet,1
2024-10-01,10,NL211,Noord-Overijssel,Water Supply & Sanitation Issues,0,0.45686383752720217,2.2690484523773193,wet,1
2024-11-01,11,NL211,Noord-Overijssel,Water Supply & Sanitation Issues,0,0.49035215863021103,1.8291608691215515,wet,1
2024-12-01,12,NL211,Noord-Overijssel,Water Supply & Sanitation Issues,0,0.40554822830852527,1.4506611824035645,wet,1
2025-01-01,1,NL211,Noord-Overijssel,Water Supply & Sanitation Issues,0,0.48013298955476885,1.3931864500045776,wet,1
2025-02-01,2,NL211,Noord-Overijssel,Water Supply & Sanitation Issues,0,0.5691255309067199,0.753440797328949,near_normal,1
2025-03-01,3,NL211,Noord-Overijssel,Water Supply & Sanitation Issues,0,0.6306848422448349,0.3611278682947159,near_normal,1
2025-04-01,4,NL211,Noord-Overijssel,Water Supply & Sanitation Issues,0,0.6699654700906511,-0.20052483677864075,near_normal,1
2025-05-01,5,NL211,Noord-Overijssel,Water Supply & Sanitation Issues,0,0.5998562051503729,-0.8454030454158783,near_normal,1
2025-06-01,6,NL211,Noord-Overijssel,Water Supply & Sanitation Issues,1,0.7871191394455441,-0.9478132128715515,near_normal,1
2025-07-01,7,NL211,Noord-Overijssel,Water Supply & Sanitation Issues,0,0.8083459988863066,-1.0653294920921326,dry,1
2025-08-01,8,NL211,Noord-Overijssel,Water Supply & Sanitation Issues,0,0.7468580864564693,-1.2702912092208862,dry,1
2025-09-01,9,NL211,Noord-Overijssel,Water Supply & Sanitation Issues,0,0.47706761311577484,-1.3825294971466064,dry,1
2023-12-01,12,NL212,Zuidwest-Overijssel,Water Supply & Sanitation Issues,0,0.5254722393211364,1.9005659818649292,wet,1
2024-01-01,1,NL212,Zuidwest-Overijssel,Water Supply & Sanitation Issues,0,0.6482401199672363,1.8292285203933716,wet,1
2024-02-01,2,NL212,Zuidwest-Overijssel,Water Supply & Sanitation Issues,0,0.6272507753693014,2.213228702545166,wet,1
2024-03-01,3,NL212,Zuidwest-Overijssel,Water Supply & Sanitation Issues,0,0.5672719378780481,1.849002480506897,wet,1
2024-04-01,4,NL212,Zuidwest-Overijssel,Water Supply & Sanitation Issues,0,0.6580772146023893,1.9571956396102905,wet,1
2024-05-01,5,NL212,Zuidwest-Overijssel,Water Supply & Sanitation Issues,1,0.7615124741551027,2.3873307704925537,wet,1
2024-06-01,6,NL212,Zuidwest-Overijssel,Water Supply & Sanitation Issues,0,0.8019109092859816,2.8320765495300293,wet,1
2024-07-01,7,NL212,Zuidwest-Overijssel,Water Supply & Sanitation Issues,0,0.8181876892302937,3.2399985790252686,wet,1
2024-08-01,8,NL212,Zuidwest-Overijssel,Water Supply & Sanitation Issues,0,0.8082128029099869,2.890531063079834,wet,1
2024-09-01,9,NL212,Zuidwest-Overijssel,Water Supply & Sanitation Issues,1,0.6886827103808316,3.281804084777832,wet,1
2024-10-01,10,NL212,Zuidwest-Overijssel,Water Supply & Sanitation Issues,0,0.5096093584299363,2.341593027114868,wet,1
2024-11-01,11,NL212,Zuidwest-Overijssel,Water Supply & Sanitation Issues,0,0.5312814263991078,1.9496963024139404,wet,1
2024-12-01,12,NL212,Zuidwest-Overijssel,Water Supply & Sanitation Issues,0,0.4566727546114733,1.6000728607177734,wet,1
2025-01-01,1,NL212,Zuidwest-Overijssel,Water Supply & Sanitation Issues,0,0.5232485426113096,1.6217764616012573,wet,1
2025-02-01,2,NL212,Zuidwest-Overijssel,Water Supply & Sanitation Issues,0,0.6195143945154176,0.9912475943565369,near_normal,1
2025-03-01,3,NL212,Zuidwest-Overijssel,Water Supply & Sanitation Issues,0,0.7062590251910058,0.5870882868766785,near_normal,1
2025-04-01,4,NL212,Zuidwest-Overijssel,Water Supply & Sanitation Issues,0,0.7348629827619392,-0.03741263225674629,near_normal,1
2025-05-01,5,NL212,Zuidwest-Overijssel,Water Supply & Sanitation Issues,0,0.6330809692324425,-0.7523486614227295,near_normal,1
2025-06-01,6,NL212,Zuidwest-Overijssel,Water Supply & Sanitation Issues,1,0.8187483914107723,-0.9098113179206848,near_normal,1
2025-07-01,7,NL212,Zuidwest-Overijssel,Water Supply & Sanitation Issues,0,0.830341902444231,-1.0562019348144531,dry,1
2025-08-01,8,NL212,Zuidwest-Overijssel,Water Supply & Sanitation Issues,0,0.7722846333551814,-1.332362413406372,dry,1
2025-09-01,9,NL212,Zuidwest-Overijssel,Water Supply & Sanitation Issues,0,0.5068309375042945,-1.4136707782745361,dry,1
2023-12-01,12,NL213,Twente,Water Supply & Sanitation Issues,0,0.5664505924616007,1.877382477124532,wet,1
2024-01-01,1,NL213,Twente,Water Supply & Sanitation Issues,0,0.7101026536170051,1.7741056680679321,wet,1
2024-02-01,2,NL213,Twente,Water Supply & Sanitation Issues,0,0.7081994656646732,2.1074114640553794,wet,1
2024-03-01,3,NL213,Twente,Water Supply & Sanitation Issues,0,0.6568717638869089,1.7495448191960652,wet,1
2024-04-01,4,NL213,Twente,Water Supply & Sanitation Issues,1,0.7253893964578554,1.8394211530685425,wet,1
2024-05-01,5,NL213,Twente,Water Supply & Sanitation Issues,1,0.8075491673293133,2.2049256960550943,wet,1
2024-06-01,6,NL213,Twente,Water Supply & Sanitation Issues,0,0.8419969462634252,2.5858238538106284,wet,1
2024-07-01,7,NL213,Twente,Water Supply & Sanitation Issues,1,0.816351702824091,2.9343260129292807,wet,1
2024-08-01,8,NL213,Twente,Water Supply & Sanitation Issues,0,0.8172301513013561,2.6960832277933755,wet,1
2024-09-01,9,NL213,Twente,Water Supply & Sanitation Issues,1,0.7562974092114193,3.2426631450653076,wet,1
2024-10-01,10,NL213,Twente,Water Supply & Sanitation Issues,0,0.59666385854155,2.2757716178894043,wet,1
2024-11-01,11,NL213,Twente,Water Supply & Sanitation Issues,0,0.6204684855055939,1.856828014055888,wet,1
2024-12-01,12,NL213,Twente,Water Supply & Sanitation Issues,0,0.5321570643809105,1.449364145596822,wet,1
2025-01-01,1,NL213,Twente,Water Supply & Sanitation Issues,0,0.5532670159927272,1.4633930921554565,wet,1
2025-02-01,2,NL213,Twente,Water Supply & Sanitation Issues,0,0.6429333485885902,0.8273681799570719,near_normal,1
2025-03-01,3,NL213,Twente,Water Supply & Sanitation Issues,0,0.6818532003460653,0.45466773708661395,near_normal,1
2025-04-01,4,NL213,Twente,Water Supply & Sanitation Issues,0,0.7665389071777674,-0.08532259364922841,near_normal,1
2025-05-01,5,NL213,Twente,Water Supply & Sanitation Issues,0,0.6987462654964316,-0.7380898396174113,near_normal,1
2025-06-01,6,NL213,Twente,Water Supply & Sanitation Issues,1,0.8549502680485895,-0.8258537650108337,near_normal,1
2025-07-01,7,NL213,Twente,Water Supply & Sanitation Issues,0,0.8806111918172969,-0.9453806678454081,near_normal,1
2025-08-01,8,NL213,Twente,Water Supply & Sanitation Issues,0,0.8143910430328464,-1.2185680468877156,dry,1
2025-09-01,9,NL213,Twente,Water Supply & Sanitation Issues,0,0.6308368783045035,-1.2572739521662395,dry,1
2023-12-01,12,NL221,Veluwe,Water Supply & Sanitation Issues,0,0.572921988601995,1.9351237614949544,wet,1
2024-01-01,1,NL221,Veluwe,Water Supply & Sanitation Issues,0,0.6578207547092538,1.8073323965072632,wet,1
2024-02-01,2,NL221,Veluwe,Water Supply & Sanitation Issues,0,0.6623516534371363,2.2413116296132407,wet,1
2024-03-01,3,NL221,Veluwe,Water Supply & Sanitation Issues,1,0.587040454854335,1.8151774009068806,wet,1
2024-04-01,4,NL221,Veluwe,Water Supply & Sanitation Issues,0,0.6861007380066223,2.02529247601827,wet,1
2024-05-01,5,NL221,Veluwe,Water Supply & Sanitation Issues,1,0.8080917842679886,2.5431505044301352,wet,1
2024-06-01,6,NL221,Veluwe,Water Supply & Sanitation Issues,0,0.8511306125477548,2.9275620778401694,wet,1
2024-07-01,7,NL221,Veluwe,Water Supply & Sanitation Issues,0,0.8651352699929323,3.333141009012858,wet,1
2024-08-01,8,NL221,Veluwe,Water Supply & Sanitation Issues,0,0.8312222788709215,2.8060739040374756,wet,1
2024-09-01,9,NL221,Veluwe,Water Supply & Sanitation Issues,1,0.7138046436692993,3.3057305812835693,wet,1
2024-10-01,10,NL221,Veluwe,Water Supply & Sanitation Issues,0,0.5500512030268233,2.3737645149230957,wet,1
2024-11-01,11,NL221,Veluwe,Water Supply & Sanitation Issues,0,0.553067389039373,1.9296060800552368,wet,1
2024-12-01,12,NL221,Veluwe,Water Supply & Sanitation Issues,0,0.47792885665338714,1.6137422720591228,wet,1
2025-01-01,1,NL221,Veluwe,Water Supply & Sanitation Issues,0,0.5631304972680579,1.6722465356190999,wet,1
2025-02-01,2,NL221,Veluwe,Water Supply & Sanitation Issues,0,0.6902707312980045,1.0694556037584941,wet,1
2025-03-01,3,NL221,Veluwe,Water Supply & Sanitation Issues,0,0.7605209265677314,0.6522466341654459,near_normal,1
2025-04-01,4,NL221,Veluwe,Water Supply & Sanitation Issues,0,0.7803357451624037,-0.03821267498036226,near_normal,1
2025-05-01,5,NL221,Veluwe,Water Supply & Sanitation Issues,0,0.6476096766224536,-0.8415002226829529,near_normal,1
2025-06-01,6,NL221,Veluwe,Water Supply & Sanitation Issues,1,0.8296016566774704,-0.9649274547894796,near_normal,1
2025-07-01,7,NL221,Veluwe,Water Supply & Sanitation Issues,0,0.8491835415778307,-1.1212384700775146,dry,1
2025-08-01,8,NL221,Veluwe,Water Supply & Sanitation Issues,0,0.7822283051189903,-1.4766345818837483,dry,1
2025-09-01,9,NL221,Veluwe,Water Supply & Sanitation Issues,0,0.5316522348913904,-1.5261424779891968,dry,1
2023-12-01,12,NL224,Zuidwest-Gelderland,Water Supply & Sanitation Issues,0,0.5070018529926378,1.9365487098693848,wet,1
2024-01-01,1,NL224,Zuidwest-Gelderland,Water Supply & Sanitation Issues,0,0.5484120545324929,1.685375452041626,wet,1
2024-02-01,2,NL224,Zuidwest-Gelderland,Water Supply & Sanitation Issues,0,0.5574873992425602,2.1737860441207886,wet,1
2024-03-01,3,NL224,Zuidwest-Gelderland,Water Supply & Sanitation Issues,0,0.44483096866505056,1.7497069239616394,wet,1
2024-04-01,4,NL224,Zuidwest-Gelderland,Water Supply & Sanitation Issues,0,0.6223866396081938,2.014431595802307,wet,1
2024-05-01,5,NL224,Zuidwest-Gelderland,Water Supply & Sanitation Issues,1,0.7815367696782338,2.511814832687378,wet,1
2024-06-01,6,NL224,Zuidwest-Gelderland,Water Supply & Sanitation Issues,0,0.8253310556845906,2.8723764419555664,wet,1
2024-07-01,7,NL224,Zuidwest-Gelderland,Water Supply & Sanitation Issues,0,0.8131069829051418,3.360319137573242,wet,1
2024-08-01,8,NL224,Zuidwest-Gelderland,Water Supply & Sanitation Issues,0,0.7476748878235289,2.7078782320022583,wet,1
2024-09-01,9,NL224,Zuidwest-Gelderland,Water Supply & Sanitation Issues,1,0.6215108570175638,3.562034487724304,wet,1
2024-10-01,10,NL224,Zuidwest-Gelderland,Water Supply & Sanitation Issues,0,0.4731471933847736,2.6191734075546265,wet,1
2024-11-01,11,NL224,Zuidwest-Gelderland,Water Supply & Sanitation Issues,0,0.43944126058917404,2.088479518890381,wet,1
2024-12-01,12,NL224,Zuidwest-Gelderland,Water Supply & Sanitation Issues,0,0.3864920280064711,1.848576307296753,wet,1
2025-01-01,1,NL224,Zuidwest-Gelderland,Water Supply & Sanitation Issues,0,0.4567312181444393,1.9212733507156372,wet,1
2025-02-01,2,NL224,Zuidwest-Gelderland,Water Supply & Sanitation Issues,0,0.6179867991657488,1.400187075138092,wet,1
2025-03-01,3,NL224,Zuidwest-Gelderland,Water Supply & Sanitation Issues,0,0.6930190570404267,0.972754567861557,near_normal,1
2025-04-01,4,NL224,Zuidwest-Gelderland,Water Supply & Sanitation Issues,0,0.7190716382480705,0.29149629175662994,near_normal,1
2025-05-01,5,NL224,Zuidwest-Gelderland,Water Supply & Sanitation Issues,0,0.5374447741869971,-0.6283363997936249,near_normal,1
2025-06-01,6,NL224,Zuidwest-Gelderland,Water Supply & Sanitation Issues,0,0.7503882854442934,-0.8211278021335602,near_normal,1
2025-07-01,7,NL224,Zuidwest-Gelderland,Water Supply & Sanitation Issues,0,0.7859618255143624,-1.0137033462524414,dry,1
2025-08-01,8,NL224,Zuidwest-Gelderland,Water Supply & Sanitation Issues,0,0.692375568749966,-1.4959520101547241,dry,1
2025-09-01,9,NL224,Zuidwest-Gelderland,Water Supply & Sanitation Issues,0,0.4045902510684538,-1.5776581168174744,dry,1
2023-12-01,12,NL225,Achterhoek,Water Supply & Sanitation Issues,1,0.5236708405193828,1.9582886695861816,wet,1
2024-01-01,1,NL225,Achterhoek,Water Supply & Sanitation Issues,0,0.6646864150536338,1.805512011051178,wet,1
2024-02-01,2,NL225,Achterhoek,Water Supply & Sanitation Issues,0,0.6788923728855201,2.2859821915626526,wet,1
2024-03-01,3,NL225,Achterhoek,Water Supply & Sanitation Issues,0,0.6423119285690126,1.7744671404361725,wet,1
2024-04-01,4,NL225,Achterhoek,Water Supply & Sanitation Issues,1,0.6977149083888137,1.8754302561283112,wet,1
2024-05-01,5,NL225,Achterhoek,Water Supply & Sanitation Issues,1,0.7942028052046062,2.249455988407135,wet,1
2024-06-01,6,NL225,Achterhoek,Water Supply & Sanitation Issues,0,0.8358184569117232,2.5028456449508667,wet,1
2024-07-01,7,NL225,Achterhoek,Water Supply & Sanitation Issues,1,0.7781324349701567,2.9508511424064636,wet,1
2024-08-01,8,NL225,Achterhoek,Water Supply & Sanitation Issues,0,0.7639038731793424,2.5167282819747925,wet,1
2024-09-01,9,NL225,Achterhoek,Water Supply & Sanitation Issues,1,0.7101610287449884,3.3198123574256897,wet,1
2024-10-01,10,NL225,Achterhoek,Water Supply & Sanitation Issues,0,0.5666176974257,2.387208878993988,wet,1
2024-11-01,11,NL225,Achterhoek,Water Supply & Sanitation Issues,0,0.5652552963591476,1.9416667819023132,wet,1
2024-12-01,12,NL225,Achterhoek,Water Supply & Sanitation Issues,0,0.4784476905819796,1.5921784937381744,wet,1
2025-01-01,1,NL225,Achterhoek,Water Supply & Sanitation Issues,0,0.4981442983860469,1.7311365902423859,wet,1
2025-02-01,2,NL225,Achterhoek,Water Supply & Sanitation Issues,0,0.61969241409931,1.0746888369321823,wet,1
2025-03-01,3,NL225,Achterhoek,Water Supply & Sanitation Issues,0,0.6734547330845247,0.6834009438753128,near_normal,1
2025-04-01,4,NL225,Achterhoek,Water Supply & Sanitation Issues,0,0.7202719755140767,0.09695965144783258,near_normal,1
2025-05-01,5,NL225,Achterhoek,Water Supply & Sanitation Issues,0,0.6190662172824001,-0.612250030040741,near_normal,1
2025-06-01,6,NL225,Achterhoek,Water Supply & Sanitation Issues,0,0.8240894186460447,-0.7061386853456497,near_normal,1
2025-07-01,7,NL225,Achterhoek,Water Supply & Sanitation Issues,1,0.8571201832825847,-0.8033000975847244,near_normal,1
2025-08-01,8,NL225,Achterhoek,Water Supply & Sanitation Issues,0,0.7768578875413508,-1.172307550907135,dry,1
2025-09-01,9,NL225,Achterhoek,Water Supply & Sanitation Issues,0,0.5809902714395608,-1.218297392129898,dry,1
2023-12-01,12,NL226,Arnhem/Nijmegen,Water Supply & Sanitation Issues,0,0.5033912572910083,2.0403103033701577,wet,1
2024-01-01,1,NL226,Arnhem/Nijmegen,Water Supply & Sanitation Issues,0,0.6038029798999239,1.8382607301076253,wet,1
2024-02-01,2,NL226,Arnhem/Nijmegen,Water Supply & Sanitation Issues,0,0.6311657386577408,2.3888396422068277,wet,1
2024-03-01,3,NL226,Arnhem/Nijmegen,Water Supply & Sanitation Issues,0,0.5680409239921397,1.8225633303324382,wet,1
2024-04-01,4,NL226,Arnhem/Nijmegen,Water Supply & Sanitation Issues,0,0.6639689347126188,2.003558794657389,wet,1
2024-05-01,5,NL226,Arnhem/Nijmegen,Water Supply & Sanitation Issues,1,0.8144899431751071,2.5283732414245605,wet,1
2024-06-01,6,NL226,Arnhem/Nijmegen,Water Supply & Sanitation Issues,0,0.8527792551057396,2.8170496622721353,wet,1
2024-07-01,7,NL226,Arnhem/Nijmegen,Water Supply & Sanitation Issues,0,0.8039314987332976,3.480062961578369,wet,1
2024-08-01,8,NL226,Arnhem/Nijmegen,Water Supply & Sanitation Issues,1,0.7579991004136402,2.6924848556518555,wet,1
2024-09-01,9,NL226,Arnhem/Nijmegen,Water Supply & Sanitation Issues,1,0.6758856404658774,3.6542739868164062,wet,1
2024-10-01,10,NL226,Arnhem/Nijmegen,Water Supply & Sanitation Issues,0,0.5468732145694064,2.6188717683156333,wet,1
2024-11-01,11,NL226,Arnhem/Nijmegen,Water Supply & Sanitation Issues,0,0.5138251859148893,2.119877894719442,wet,1
2024-12-01,12,NL226,Arnhem/Nijmegen,Water Supply & Sanitation Issues,0,0.4458996670795496,1.8100270827611287,wet,1
2025-01-01,1,NL226,Arnhem/Nijmegen,Water Supply & Sanitation Issues,0,0.47270005959459277,1.9685104290644329,wet,1
2025-02-01,2,NL226,Arnhem/Nijmegen,Water Supply & Sanitation Issues,0,0.6414433530905164,1.3947044213612874,wet,1
2025-03-01,3,NL226,Arnhem/Nijmegen,Water Supply & Sanitation Issues,0,0.7145924749695186,0.9596504171689352,near_normal,1
2025-04-01,4,NL226,Arnhem/Nijmegen,Water Supply & Sanitation Issues,0,0.7245605573701048,0.3398151993751526,near_normal,1
2025-05-01,5,NL226,Arnhem/Nijmegen,Water Supply & Sanitation Issues,0,0.5812674234536408,-0.5684083700180054,near_normal,1
2025-06-01,6,NL226,Arnhem/Nijmegen,Water Supply & Sanitation Issues,0,0.7947867619916537,-0.671301543712616,near_normal,1
2025-07-01,7,NL226,Arnhem/Nijmegen,Water Supply & Sanitation Issues,0,0.8279832313855879,-0.846276581287384,near_normal,1
2025-08-01,8,NL226,Arnhem/Nijmegen,Water Supply & Sanitation Issues,0,0.7626218153188021,-1.2885345220565796,dry,1
2025-09-01,9,NL226,Arnhem/Nijmegen,Water Supply & Sanitation Issues,0,0.48949709088774657,-1.3259549935658772,dry,1
2023-12-01,12,NL230,Flevoland,Water Supply & Sanitation Issues,0,0.4021778767922125,1.8151381413141887,wet,1
2024-01-01,1,NL230,Flevoland,Water Supply & Sanitation Issues,0,0.49526776361556574,1.6810797452926636,wet,1
2024-02-01,2,NL230,Flevoland,Water Supply & Sanitation Issues,0,0.46320589609648277,2.042652944723765,wet,1
2024-03-01,3,NL230,Flevoland,Water Supply & Sanitation Issues,1,0.4041429241916256,1.7197583715120952,wet,1
2024-04-01,4,NL230,Flevoland,Water Supply & Sanitation Issues,0,0.5862805169811568,1.9411502679189045,wet,1
2024-05-01,5,NL230,Flevoland,Water Supply & Sanitation Issues,0,0.7381121548770864,2.439574877421061,wet,1
2024-06-01,6,NL230,Flevoland,Water Supply & Sanitation Issues,0,0.7678607609583006,2.9559825658798218,wet,1
2024-07-01,7,NL230,Flevoland,Water Supply & Sanitation Issues,0,0.7808319945279452,2.801535407702128,wet,1
2024-08-01,8,NL230,Flevoland,Water Supply & Sanitation Issues,0,0.738739212446128,2.583793560663859,wet,1
2024-09-01,9,NL230,Flevoland,Water Supply & Sanitation Issues,0,0.5215118047234589,2.821715792020162,wet,1
2024-10-01,10,NL230,Flevoland,Water Supply & Sanitation Issues,0,0.3774634019616071,2.08377875884374,wet,1
2024-11-01,11,NL230,Flevoland,Water Supply & Sanitation Issues,0,0.3964096237711307,1.6295397281646729,wet,1
2024-12-01,12,NL230,Flevoland,Water Supply & Sanitation Issues,0,0.3304455285852977,1.3571658531824748,wet,1
2025-01-01,1,NL230,Flevoland,Water Supply & Sanitation Issues,0,0.45843520372051005,1.31018461783727,wet,1
2025-02-01,2,NL230,Flevoland,Water Supply & Sanitation Issues,0,0.5780197142539887,0.681924487153689,near_normal,1
2025-03-01,3,NL230,Flevoland,Water Supply & Sanitation Issues,0,0.6101380284365587,0.25594955605144304,near_normal,1
2025-04-01,4,NL230,Flevoland,Water Supply & Sanitation Issues,0,0.6304729567624139,-0.42615289986133575,near_normal,1
2025-05-01,5,NL230,Flevoland,Water Supply & Sanitation Issues,0,0.5099653029628691,-1.02263805270195,dry,1
2025-06-01,6,NL230,Flevoland,Water Supply & Sanitation Issues,0,0.7205768672740671,-1.1407394806543987,dry,1
2025-07-01,7,NL230,Flevoland,Water Supply & Sanitation Issues,0,0.7541787507942836,-1.2951755126317341,dry,1
2025-08-01,8,NL230,Flevoland,Water Supply & Sanitation Issues,0,0.6454689195071599,-1.5772170821825664,dry,1
2025-09-01,9,NL230,Flevoland,Water Supply & Sanitation Issues,0,0.35827409960571827,-1.6643696029980977,dry,1
2023-12-01,12,NL310,Utrecht,Water Supply & Sanitation Issues,0,0.663026300419858,1.8131556908289592,wet,1
2024-01-01,1,NL310,Utrecht,Water Supply & Sanitation Issues,0,0.7190537088858721,1.6331657965977986,wet,1
2024-02-01,2,NL310,Utrecht,Water Supply & Sanitation Issues,0,0.6981343038709902,2.060304045677185,wet,1
2024-03-01,3,NL310,Utrecht,Water Supply & Sanitation Issues,0,0.6026750710817034,1.6860721111297607,wet,1
2024-04-01,4,NL310,Utrecht,Water Supply & Sanitation Issues,1,0.7603990063287609,1.934793512026469,wet,1
2024-05-01,5,NL310,Utrecht,Water Supply & Sanitation Issues,0,0.8649128655082898,2.4599483807881675,wet,1
2024-06-01,6,NL310,Utrecht,Water Supply & Sanitation Issues,1,0.8964287907015785,2.8643977642059326,wet,1
2024-07-01,7,NL310,Utrecht,Water Supply & Sanitation Issues,0,0.8989829105426741,2.9952971935272217,wet,1
2024-08-01,8,NL310,Utrecht,Water Supply & Sanitation Issues,0,0.8685367606139159,2.573964277903239,wet,1
2024-09-01,9,NL310,Utrecht,Water Supply & Sanitation Issues,0,0.7433288265928878,2.949850559234619,wet,1
2024-10-01,10,NL310,Utrecht,Water Supply & Sanitation Issues,0,0.6066272327680032,2.2675256729125977,wet,1
2024-11-01,11,NL310,Utrecht,Water Supply & Sanitation Issues,0,0.6028222026077368,1.8243724505106609,wet,1
2024-12-01,12,NL310,Utrecht,Water Supply & Sanitation Issues,1,0.5316900127663727,1.599138617515564,wet,1
2025-01-01,1,NL310,Utrecht,Water Supply & Sanitation Issues,0,0.6395956880159203,1.6418602069218953,wet,1
2025-02-01,2,NL310,Utrecht,Water Supply & Sanitation Issues,0,0.7726970346417673,1.0959928433100383,wet,1
2025-03-01,3,NL310,Utrecht,Water Supply & Sanitation Issues,1,0.8077320793877546,0.6640455524126688,near_normal,1
2025-04-01,4,NL310,Utrecht,Water Supply & Sanitation Issues,1,0.8221380251780399,-0.07301297783851624,near_normal,1
2025-05-01,5,NL310,Utrecht,Water Supply & Sanitation Issues,0,0.6888708991747632,-0.8883529901504517,near_normal,1
2025-06-01,6,NL310,Utrecht,Water Supply & Sanitation Issues,1,0.854338111157587,-1.0327074925104778,dry,1
2025-07-01,7,NL310,Utrecht,Water Supply & Sanitation Issues,0,0.8765928621374567,-1.170036753018697,dry,1
2025-08-01,8,NL310,Utrecht,Water Supply & Sanitation Issues,0,0.8234687482793367,-1.5849626461664836,dry,1
2025-09-01,9,NL310,Utrecht,Water Supply & Sanitation Issues,0,0.5831557322833694,-1.695322314898173,dry,1
2023-12-01,12,NL321,Kop van Noord-Holland,Water Supply & Sanitation Issues,0,0.30805540214390814,1.812544584274292,wet,1
2024-01-01,1,NL321,Kop van Noord-Holland,Water Supply & Sanitation Issues,0,0.4092665446356387,1.6329838037490845,wet,1
2024-02-01,2,NL321,Kop van Noord-Holland,Water Supply & Sanitation Issues,0,0.38799862103774924,1.9536860883235931,wet,1
2024-03-01,3,NL321,Kop van Noord-Holland,Water Supply & Sanitation Issues,0,0.3954398931355251,1.7587225437164307,wet,1
2024-04-01,4,NL321,Kop van Noord-Holland,Water Supply & Sanitation Issues,0,0.6160892852589688,2.091783583164215,wet,1
2024-05-01,5,NL321,Kop van Noord-Holland,Water Supply & Sanitation Issues,0,0.7668732892916037,2.2810864448547363,wet,1
2024-06-01,6,NL321,Kop van Noord-Holland,Water Supply & Sanitation Issues,0,0.7814805777610158,2.7499186396598816,wet,1
2024-07-01,7,NL321,Kop van Noord-Holland,Water Supply & Sanitation Issues,0,0.6981538552849452,2.32273006439209,wet,1
2024-08-01,8,NL321,Kop van Noord-Holland,Water Supply & Sanitation Issues,0,0.738219237752017,2.314435124397278,wet,1
2024-09-01,9,NL321,Kop van Noord-Holland,Water Supply & Sanitation Issues,0,0.4821435841451332,2.3948420882225037,wet,1
2024-10-01,10,NL321,Kop van Noord-Holland,Water Supply & Sanitation Issues,0,0.4081117230360933,1.7925672829151154,wet,1
2024-11-01,11,NL321,Kop van Noord-Holland,Water Supply & Sanitation Issues,0,0.33691780597948084,1.154409036040306,wet,1
2024-12-01,12,NL321,Kop van Noord-Holland,Water Supply & Sanitation Issues,0,0.3132449707748001,0.8799158334732056,near_normal,1
2025-01-01,1,NL321,Kop van Noord-Holland,Water Supply & Sanitation Issues,0,0.44884646639368947,0.7503800988197327,near_normal,1
2025-02-01,2,NL321,Kop van Noord-Holland,Water Supply & Sanitation Issues,0,0.5401683082982859,0.1837369699496776,near_normal,1
2025-03-01,3,NL321,Kop van Noord-Holland,Water Supply & Sanitation Issues,0,0.5635615575163009,-0.19919294212013483,near_normal,1
2025-04-01,4,NL321,Kop van Noord-Holland,Water Supply & Sanitation Issues,0,0.5588669833384223,-0.8529584109783173,near_normal,1
2025-05-01,5,NL321,Kop van Noord-Holland,Water Supply & Sanitation Issues,0,0.47494099964843534,-1.0707411617040634,dry,1
2025-06-01,6,NL321,Kop van Noord-Holland,Water Supply & Sanitation Issues,1,0.673444835711347,-1.2265169620513916,dry,1
2025-07-01,7,NL321,Kop van Noord-Holland,Water Supply & Sanitation Issues,0,0.701503708948983,-1.3985914885997772,dry,1
2025-08-01,8,NL321,Kop van Noord-Holland,Water Supply & Sanitation Issues,0,0.5333768707796562,-1.6699672937393188,dry,1
2025-09-01,9,NL321,Kop van Noord-Holland,Water Supply & Sanitation Issues,0,0.30281460961398377,-1.6399725377559662,dry,1
2023-12-01,12,NL323,IJmond,Water Supply & Sanitation Issues,0,0.27993190559787856,1.9724016189575195,wet,1
2024-01-01,1,NL323,IJmond,Water Supply & Sanitation Issues,0,0.4239079241012377,1.7469192743301392,wet,1
2024-02-01,2,NL323,IJmond,Water Supply & Sanitation Issues,0,0.38616491047579504,1.9654667377471924,wet,1
2024-03-01,3,NL323,IJmond,Water Supply & Sanitation Issues,0,0.41095220353422685,1.801576018333435,wet,1
2024-04-01,4,NL323,IJmond,Water Supply & Sanitation Issues,0,0.5994643829587792,2.1092770099639893,wet,1
2024-05-01,5,NL323,IJmond,Water Supply & Sanitation Issues,0,0.7572036484800446,2.3961286544799805,wet,1
2024-06-01,6,NL323,IJmond,Water Supply & Sanitation Issues,0,0.7813374438352526,2.795001268386841,wet,1
2024-07-01,7,NL323,IJmond,Water Supply & Sanitation Issues,0,0.6527302396645587,2.374518632888794,wet,1
2024-08-01,8,NL323,IJmond,Water Supply & Sanitation Issues,0,0.7234651545945773,2.4498143196105957,wet,1
2024-09-01,9,NL323,IJmond,Water Supply & Sanitation Issues,0,0.447522905632014,2.5644779205322266,wet,1
2024-10-01,10,NL323,IJmond,Water Supply & Sanitation Issues,0,0.3992909738460735,2.1055748462677,wet,1
2024-11-01,11,NL323,IJmond,Water Supply & Sanitation Issues,0,0.31141799266035247,1.2876315116882324,wet,1
2024-12-01,12,NL323,IJmond,Water Supply & Sanitation Issues,0,0.3110114477166675,1.054290771484375,wet,1
2025-01-01,1,NL323,IJmond,Water Supply & Sanitation Issues,0,0.43311992135191957,0.9302926659584045,near_normal,1
2025-02-01,2,NL323,IJmond,Water Supply & Sanitation Issues,0,0.5306365877921302,0.3864094913005829,near_normal,1
2025-03-01,3,NL323,IJmond,Water Supply & Sanitation Issues,0,0.4890382065068746,-0.0300010796636343,near_normal,1
2025-04-01,4,NL323,IJmond,Water Supply & Sanitation Issues,0,0.5515616734493235,-0.679432213306427,near_normal,1
2025-05-01,5,NL323,IJmond,Water Supply & Sanitation Issues,0,0.4328081753746569,-1.0121432542800903,dry,1
2025-06-01,6,NL323,IJmond,Water Supply & Sanitation Issues,1,0.6271406801537625,-1.1519043445587158,dry,1
2025-07-01,7,NL323,IJmond,Water Supply & Sanitation Issues,0,0.6803828428945541,-1.336739182472229,dry,1
2025-08-01,8,NL323,IJmond,Water Supply & Sanitation Issues,0,0.521616565134919,-1.6172122955322266,dry,1
2025-09-01,9,NL323,IJmond,Water Supply & Sanitation Issues,0,0.2942552773796152,-1.5776567459106445,dry,1
2023-12-01,12,NL324,Agglomeratie Haarlem,Water Supply & Sanitation Issues,0,0.2959753280434793,1.8669588565826416,wet,1
2024-01-01,1,NL324,Agglomeratie Haarlem,Water Supply & Sanitation Issues,0,0.43625693620242895,1.647356390953064,wet,1
2024-02-01,2,NL324,Agglomeratie Haarlem,Water Supply & Sanitation Issues,0,0.3860490346716674,1.945382833480835,wet,1
2024-03-01,3,NL324,Agglomeratie Haarlem,Water Supply & Sanitation Issues,0,0.36733022162258644,1.7071410417556763,wet,1
2024-04-01,4,NL324,Agglomeratie Haarlem,Water Supply & Sanitation Issues,0,0.5686776097941332,1.988879919052124,wet,1
2024-05-01,5,NL324,Agglomeratie Haarlem,Water Supply & Sanitation Issues,0,0.718957457298536,2.4034242630004883,wet,1
2024-06-01,6,NL324,Agglomeratie Haarlem,Water Supply & Sanitation Issues,0,0.7729019211450222,2.8238632678985596,wet,1
2024-07-01,7,NL324,Agglomeratie Haarlem,Water Supply & Sanitation Issues,0,0.6828536092428472,2.4710593223571777,wet,1
2024-08-01,8,NL324,Agglomeratie Haarlem,Water Supply & Sanitation Issues,0,0.693120624105302,2.520214796066284,wet,1
2024-09-01,9,NL324,Agglomeratie Haarlem,Water Supply & Sanitation Issues,0,0.4417768215325037,2.598809242248535,wet,1
2024-10-01,10,NL324,Agglomeratie Haarlem,Water Supply & Sanitation Issues,0,0.35490194218315485,2.1641006469726562,wet,1
2024-11-01,11,NL324,Agglomeratie Haarlem,Water Supply & Sanitation Issues,0,0.3106917169033445,1.519848108291626,wet,1
2024-12-01,12,NL324,Agglomeratie Haarlem,Water Supply & Sanitation Issues,0,0.2970051842255386,1.3313369750976562,wet,1
2025-01-01,1,NL324,Agglomeratie Haarlem,Water Supply & Sanitation Issues,0,0.41096628096234583,1.2478913068771362,wet,1
2025-02-01,2,NL324,Agglomeratie Haarlem,Water Supply & Sanitation Issues,0,0.5411433267491872,0.668552577495575,near_normal,1
2025-03-01,3,NL324,Agglomeratie Haarlem,Water Supply & Sanitation Issues,0,0.5011151354854361,0.24341583251953125,near_normal,1
2025-04-01,4,NL324,Agglomeratie Haarlem,Water Supply & Sanitation Issues,0,0.5722360123306975,-0.45443814992904663,near_normal,1
2025-05-01,5,NL324,Agglomeratie Haarlem,Water Supply & Sanitation Issues,0,0.42717786663595186,-0.9552810192108154,near_normal,1
2025-06-01,6,NL324,Agglomeratie Haarlem,Water Supply & Sanitation Issues,1,0.6525422899987606,-1.0814781188964844,dry,1
2025-07-01,7,NL324,Agglomeratie Haarlem,Water Supply & Sanitation Issues,0,0.6983104560535335,-1.2436511516571045,dry,1
2025-08-01,8,NL324,Agglomeratie Haarlem,Water Supply & Sanitation Issues,0,0.5728920272324732,-1.534304141998291,dry,1
2025-09-01,9,NL324,Agglomeratie Haarlem,Water Supply & Sanitation Issues,0,0.312775075535495,-1.641973853111267,dry,1
2023-12-01,12,NL325,Zaanstreek,Water Supply & Sanitation Issues,0,0.3460422668298539,1.7692939043045044,wet,1
2024-01-01,1,NL325,Zaanstreek,Water Supply & Sanitation Issues,0,0.450791872130018,1.6169030666351318,wet,1
2024-02-01,2,NL325,Zaanstreek,Water Supply & Sanitation Issues,0,0.41526917151677034,1.957419753074646,wet,1
2024-03-01,3,NL325,Zaanstreek,Water Supply & Sanitation Issues,0,0.35319942926955594,1.6453285217285156,wet,1
2024-04-01,4,NL325,Zaanstreek,Water Supply & Sanitation Issues,0,0.5453499316820426,1.9042351245880127,wet,1
2024-05-01,5,NL325,Zaanstreek,Water Supply & Sanitation Issues,0,0.7162796551794773,2.3876869678497314,wet,1
2024-06-01,6,NL325,Zaanstreek,Water Supply & Sanitation Issues,0,0.7695359917979394,2.875868558883667,wet,1
2024-07-01,7,NL325,Zaanstreek,Water Supply & Sanitation Issues,0,0.7396310891526476,2.6098756790161133,wet,1
2024-08-01,8,NL325,Zaanstreek,Water Supply & Sanitation Issues,0,0.7105238722157005,2.4586730003356934,wet,1
2024-09-01,9,NL325,Zaanstreek,Water Supply & Sanitation Issues,0,0.47973305472435473,2.6439425945281982,wet,1
2024-10-01,10,NL325,Zaanstreek,Water Supply & Sanitation Issues,0,0.34953419699916144,2.0523898601531982,wet,1
2024-11-01,11,NL325,Zaanstreek,Water Supply & Sanitation Issues,0,0.3232044475516523,1.5562342405319214,wet,1
2024-12-01,12,NL325,Zaanstreek,Water Supply & Sanitation Issues,0,0.28253534884724757,1.3256824016571045,wet,1
2025-01-01,1,NL325,Zaanstreek,Water Supply & Sanitation Issues,0,0.40987241933606755,1.2905166149139404,wet,1
2025-02-01,2,NL325,Zaanstreek,Water Supply & Sanitation Issues,0,0.556437812513895,0.7351674437522888,near_normal,1
2025-03-01,3,NL325,Zaanstreek,Water Supply & Sanitation Issues,0,0.5624374809899128,0.2895616590976715,near_normal,1
2025-04-01,4,NL325,Zaanstreek,Water Supply & Sanitation Issues,0,0.5765522641967109,-0.44397521018981934,near_normal,1
2025-05-01,5,NL325,Zaanstreek,Water Supply & Sanitation Issues,0,0.4474537486030723,-1.0350122451782227,dry,1
2025-06-01,6,NL325,Zaanstreek,Water Supply & Sanitation Issues,1,0.678392900046014,-1.1691848039627075,dry,1
2025-07-01,7,NL325,Zaanstreek,Water Supply & Sanitation Issues,0,0.7146397529034118,-1.3288004398345947,dry,1
2025-08-01,8,NL325,Zaanstreek,Water Supply & Sanitation Issues,0,0.6124279400218406,-1.6849058866500854,dry,1
2025-09-01,9,NL325,Zaanstreek,Water Supply & Sanitation Issues,0,0.3149050369459275,-1.740875005722046,dry,1
2023-12-01,12,NL327,Het Gooi en Vechtstreek,Water Supply & Sanitation Issues,0,0.4455448480695298,1.7685881853103638,wet,1
2024-01-01,1,NL327,Het Gooi en Vechtstreek,Water Supply & Sanitation Issues,0,0.529376028898432,1.636123776435852,wet,1
2024-03-01,3,NL327,Het Gooi en Vechtstreek,Water Supply & Sanitation Issues,0,0.41145524823366547,1.6505409479141235,wet,1
2024-04-01,4,NL327,Het Gooi en Vechtstreek,Water Supply & Sanitation Issues,0,0.6002811158137668,1.8591419458389282,wet,1
2024-05-01,5,NL327,Het Gooi en Vechtstreek,Water Supply & Sanitation Issues,0,0.749276611782695,2.378713369369507,wet,1
2024-06-01,6,NL327,Het Gooi en Vechtstreek,Water Supply & Sanitation Issues,0,0.7941564464877295,2.898977279663086,wet,1
2024-07-01,7,NL327,Het Gooi en Vechtstreek,Water Supply & Sanitation Issues,0,0.8051060416448793,2.7814443111419678,wet,1
2024-08-01,8,NL327,Het Gooi en Vechtstreek,Water Supply & Sanitation Issues,0,0.7617812425656968,2.4918413162231445,wet,1
2024-09-01,9,NL327,Het Gooi en Vechtstreek,Water Supply & Sanitation Issues,0,0.5505426881730922,2.7578084468841553,wet,1
2024-10-01,10,NL327,Het Gooi en Vechtstreek,Water Supply & Sanitation Issues,0,0.3971802548282932,2.0412652492523193,wet,1
2024-11-01,11,NL327,Het Gooi en Vechtstreek,Water Supply & Sanitation Issues,0,0.4032666991267375,1.6262489557266235,wet,1
2024-12-01,12,NL327,Het Gooi en Vechtstreek,Water Supply & Sanitation Issues,0,0.3376375046880762,1.3761451244354248,wet,1
2025-01-01,1,NL327,Het Gooi en Vechtstreek,Water Supply & Sanitation Issues,0,0.46312235480226666,1.3592329025268555,wet,1
2025-02-01,2,NL327,Het Gooi en Vechtstreek,Water Supply & Sanitation Issues,0,0.6119435805755307,0.8063275814056396,near_normal,1
2025-03-01,3,NL327,Het Gooi en Vechtstreek,Water Supply & Sanitation Issues,0,0.6707882217253872,0.35810184478759766,near_normal,1
2025-04-01,4,NL327,Het Gooi en Vechtstreek,Water Supply & Sanitation Issues,0,0.6590860243702753,-0.35341763496398926,near_normal,1
2025-05-01,5,NL327,Het Gooi en Vechtstreek,Water Supply & Sanitation Issues,0,0.4995264651133209,-1.0387662649154663,dry,1
2025-06-01,6,NL327,Het Gooi en Vechtstreek,Water Supply & Sanitation Issues,1,0.7214000527616997,-1.1725388765335083,dry,1
2025-07-01,7,NL327,Het Gooi en Vechtstreek,Water Supply & Sanitation Issues,0,0.7675462585068267,-1.3508493900299072,dry,1
2025-08-01,8,NL327,Het Gooi en Vechtstreek,Water Supply & Sanitation Issues,0,0.6626140658511231,-1.7118911743164062,dry,1
2025-09-01,9,NL327,Het Gooi en Vechtstreek,Water Supply & Sanitation Issues,0,0.36363646738982186,-1.7690833806991577,dry,1
2023-12-01,12,NL328,Alkmaar en omgeving,Water Supply & Sanitation Issues,0,0.36276527833515704,1.902960181236267,wet,1
2024-01-01,1,NL328,Alkmaar en omgeving,Water Supply & Sanitation Issues,0,0.5025546202873036,1.7100821137428284,wet,1
2024-02-01,2,NL328,Alkmaar en omgeving,Water Supply & Sanitation Issues,0,0.4624300097398315,1.9593284130096436,wet,1
2024-03-01,3,NL328,Alkmaar en omgeving,Water Supply & Sanitation Issues,0,0.462716779009813,1.739656686782837,wet,1
2024-04-01,4,NL328,Alkmaar en omgeving,Water Supply & Sanitation Issues,0,0.6597735777634901,2.0186948776245117,wet,1
2024-05-01,5,NL328,Alkmaar en omgeving,Water Supply & Sanitation Issues,0,0.797738353160837,2.3344630002975464,wet,1
2024-06-01,6,NL328,Alkmaar en omgeving,Water Supply & Sanitation Issues,0,0.8208454394612068,2.804568648338318,wet,1
2024-07-01,7,NL328,Alkmaar en omgeving,Water Supply & Sanitation Issues,0,0.740086533468238,2.428522229194641,wet,1
2024-08-01,8,NL328,Alkmaar en omgeving,Water Supply & Sanitation Issues,0,0.7801346907791801,2.425881505012512,wet,1
2024-09-01,9,NL328,Alkmaar en omgeving,Water Supply & Sanitation Issues,0,0.5342831126120801,2.5760817527770996,wet,1
2024-10-01,10,NL328,Alkmaar en omgeving,Water Supply & Sanitation Issues,0,0.4609915228453892,2.0169880390167236,wet,1
2024-11-01,11,NL328,Alkmaar en omgeving,Water Supply & Sanitation Issues,0,0.38070410026446505,1.3094255328178406,wet,1
2024-12-01,12,NL328,Alkmaar en omgeving,Water Supply & Sanitation Issues,0,0.366072247860563,1.0511134266853333,wet,1
2025-01-01,1,NL328,Alkmaar en omgeving,Water Supply & Sanitation Issues,0,0.5041726562065759,0.9406598210334778,near_normal,1
2025-02-01,2,NL328,Alkmaar en omgeving,Water Supply & Sanitation Issues,0,0.6054684246711957,0.40348732471466064,near_normal,1
2025-03-01,3,NL328,Alkmaar en omgeving,Water Supply & Sanitation Issues,0,0.6246392992423762,-0.023991535417735577,near_normal,1
2025-04-01,4,NL328,Alkmaar en omgeving,Water Supply & Sanitation Issues,0,0.6301147936791817,-0.6851816177368164,near_normal,1
2025-05-01,5,NL328,Alkmaar en omgeving,Water Supply & Sanitation Issues,0,0.52713467874483,-1.0560193061828613,dry,1
2025-06-01,6,NL328,Alkmaar en omgeving,Water Supply & Sanitation Issues,1,0.7164390599283663,-1.200132429599762,dry,1
2025-07-01,7,NL328,Alkmaar en omgeving,Water Supply & Sanitation Issues,0,0.7526249886305125,-1.380033254623413,dry,1
2025-08-01,8,NL328,Alkmaar en omgeving,Water Supply & Sanitation Issues,0,0.6149117102121374,-1.6897867918014526,dry,1
2025-09-01,9,NL328,Alkmaar en omgeving,Water Supply & Sanitation Issues,0,0.3595041920661782,-1.6552176475524902,dry,1
2023-12-01,12,NL329,Groot-Amsterdam,Water Supply & Sanitation Issues,0,0.5011732437154032,1.7692939043045044,wet,1
2024-01-01,1,NL329,Groot-Amsterdam,Water Supply & Sanitation Issues,0,0.6161751166244595,1.6169030666351318,wet,1
2024-02-01,2,NL329,Groot-Amsterdam,Water Supply & Sanitation Issues,0,0.5710044727586263,1.957419753074646,wet,1
2024-03-01,3,NL329,Groot-Amsterdam,Water Supply & Sanitation Issues,0,0.5076824269068819,1.6453285217285156,wet,1
2024-04-01,4,NL329,Groot-Amsterdam,Water Supply & Sanitation Issues,0,0.6980623957673041,1.9042351245880127,wet,1
2024-05-01,5,NL329,Groot-Amsterdam,Water Supply & Sanitation Issues,1,0.8268944268781908,2.3876869678497314,wet,1
2024-06-01,6,NL329,Groot-Amsterdam,Water Supply & Sanitation Issues,0,0.8617061434488115,2.875868558883667,wet,1
2024-07-01,7,NL329,Groot-Amsterdam,Water Supply & Sanitation Issues,1,0.8437944643668435,2.6098756790161133,wet,1
2024-08-01,8,NL329,Groot-Amsterdam,Water Supply & Sanitation Issues,1,0.8232172453784624,2.4586730003356934,wet,1
2024-09-01,9,NL329,Groot-Amsterdam,Water Supply & Sanitation Issues,0,0.6330929036275077,2.6439425945281982,wet,1
2024-10-01,10,NL329,Groot-Amsterdam,Water Supply & Sanitation Issues,0,0.5021929837899841,2.0523898601531982,wet,1
2024-11-01,11,NL329,Groot-Amsterdam,Water Supply & Sanitation Issues,0,0.4788297803621051,1.5562342405319214,wet,1
2024-12-01,12,NL329,Groot-Amsterdam,Water Supply & Sanitation Issues,0,0.43136613045560385,1.3256824016571045,wet,1
2025-01-01,1,NL329,Groot-Amsterdam,Water Supply & Sanitation Issues,0,0.5745998005618227,1.2905166149139404,wet,1
2025-02-01,2,NL329,Groot-Amsterdam,Water Supply & Sanitation Issues,1,0.7031148049742866,0.7351674437522888,near_normal,1
2025-03-01,3,NL329,Groot-Amsterdam,Water Supply & Sanitation Issues,0,0.7194505435100693,0.2895616590976715,near_normal,1
2025-04-01,4,NL329,Groot-Amsterdam,Water Supply & Sanitation Issues,1,0.7267563012168119,-0.44397521018981934,near_normal,1
2025-05-01,5,NL329,Groot-Amsterdam,Water Supply & Sanitation Issues,0,0.6031000469125212,-1.0350122451782227,dry,1
2025-06-01,6,NL329,Groot-Amsterdam,Water Supply & Sanitation Issues,1,0.7909251690201482,-1.1691848039627075,dry,1
2025-07-01,7,NL329,Groot-Amsterdam,Water Supply & Sanitation Issues,0,0.8254091418473601,-1.3288004398345947,dry,1
2025-08-01,8,NL329,Groot-Amsterdam,Water Supply & Sanitation Issues,0,0.739455694007992,-1.6849058866500854,dry,1
2025-09-01,9,NL329,Groot-Amsterdam,Water Supply & Sanitation Issues,0,0.46857053776037844,-1.740875005722046,dry,1
2023-12-01,12,NL332,Agglomeratie ’s-Gravenhage,Water Supply & Sanitation Issues,0,0.43173331604509413,1.7348324060440063,wet,1
2024-01-01,1,NL332,Agglomeratie ’s-Gravenhage,Water Supply & Sanitation Issues,0,0.5427814870585356,1.5479464530944824,wet,1
2024-02-01,2,NL332,Agglomeratie ’s-Gravenhage,Water Supply & Sanitation Issues,0,0.5118769729297958,1.9152671098709106,wet,1
2024-03-01,3,NL332,Agglomeratie ’s-Gravenhage,Water Supply & Sanitation Issues,0,0.46807441710455366,1.6138807535171509,wet,1
2024-04-01,4,NL332,Agglomeratie ’s-Gravenhage,Water Supply & Sanitation Issues,0,0.6516562400640725,1.7927536964416504,wet,1
2024-05-01,5,NL332,Agglomeratie ’s-Gravenhage,Water Supply & Sanitation Issues,0,0.7738425036138833,2.222562551498413,wet,1
2024-06-01,6,NL332,Agglomeratie ’s-Gravenhage,Water Supply & Sanitation Issues,0,0.8127090197902906,2.651139974594116,wet,1
2024-07-01,7,NL332,Agglomeratie ’s-Gravenhage,Water Supply & Sanitation Issues,0,0.7572665342144094,2.602553367614746,wet,1
2024-08-01,8,NL332,Agglomeratie ’s-Gravenhage,Water Supply & Sanitation Issues,0,0.7350146083662592,2.614240884780884,wet,1
2024-09-01,9,NL332,Agglomeratie ’s-Gravenhage,Water Supply & Sanitation Issues,0,0.5404348719372444,2.760681390762329,wet,1
2024-10-01,10,NL332,Agglomeratie ’s-Gravenhage,Water Supply & Sanitation Issues,0,0.4332106579507021,2.217620849609375,wet,1
2024-11-01,11,NL332,Agglomeratie ’s-Gravenhage,Water Supply & Sanitation Issues,0,0.4208197107847252,1.6578664779663086,wet,1
2024-12-01,12,NL332,Agglomeratie ’s-Gravenhage,Water Supply & Sanitation Issues,0,0.38526820332220635,1.5298305749893188,wet,1
2025-01-01,1,NL332,Agglomeratie ’s-Gravenhage,Water Supply & Sanitation Issues,0,0.4879633396220515,1.4456462860107422,wet,1
2025-02-01,2,NL332,Agglomeratie ’s-Gravenhage,Water Supply & Sanitation Issues,0,0.6272632225568168,0.8826550841331482,near_normal,1
2025-03-01,3,NL332,Agglomeratie ’s-Gravenhage,Water Supply & Sanitation Issues,0,0.6848155358979574,0.4521176517009735,near_normal,1
2025-04-01,4,NL332,Agglomeratie ’s-Gravenhage,Water Supply & Sanitation Issues,0,0.6704476637307224,-0.2299506515264511,near_normal,1
2025-05-01,5,NL332,Agglomeratie ’s-Gravenhage,Water Supply & Sanitation Issues,0,0.49544159057674353,-0.8712313175201416,near_normal,1
2025-06-01,6,NL332,Agglomeratie ’s-Gravenhage,Water Supply & Sanitation Issues,1,0.7284127576907353,-1.0435134172439575,dry,1
2025-07-01,7,NL332,Agglomeratie ’s-Gravenhage,Water Supply & Sanitation Issues,0,0.759236758027612,-1.2248507738113403,dry,1
2025-08-01,8,NL332,Agglomeratie ’s-Gravenhage,Water Supply & Sanitation Issues,0,0.6593694386264457,-1.4840713739395142,dry,1
2025-09-01,9,NL332,Agglomeratie ’s-Gravenhage,Water Supply & Sanitation Issues,0,0.39684743577865517,-1.723048210144043,dry,1
2023-12-01,12,NL333,Delft en Westland,Water Supply & Sanitation Issues,0,0.49119427910546987,1.6360796689987183,wet,1
2024-01-01,1,NL333,Delft en Westland,Water Supply & Sanitation Issues,0,0.5453419658234859,1.4589471817016602,wet,1
2024-02-01,2,NL333,Delft en Westland,Water Supply & Sanitation Issues,0,0.54271274494061,1.889495611190796,wet,1
2024-03-01,3,NL333,Delft en Westland,Water Supply & Sanitation Issues,0,0.4555949512098862,1.5272536277770996,wet,1
2024-04-01,4,NL333,Delft en Westland,Water Supply & Sanitation Issues,0,0.6187902001909988,1.6712430715560913,wet,1
2024-05-01,5,NL333,Delft en Westland,Water Supply & Sanitation Issues,0,0.7508774126186052,2.103944778442383,wet,1
2024-06-01,6,NL333,Delft en Westland,Water Supply & Sanitation Issues,0,0.7867137132263403,2.5638675689697266,wet,1
2024-07-01,7,NL333,Delft en Westland,Water Supply & Sanitation Issues,0,0.7690745804630666,2.8959829807281494,wet,1
2024-08-01,8,NL333,Delft en Westland,Water Supply & Sanitation Issues,0,0.7052525037219531,2.653705358505249,wet,1
2024-09-01,9,NL333,Delft en Westland,Water Supply & Sanitation Issues,0,0.5513667388545458,2.9503586292266846,wet,1
2024-10-01,10,NL333,Delft en Westland,Water Supply & Sanitation Issues,0,0.41491138189203414,2.2567052841186523,wet,1
2024-11-01,11,NL333,Delft en Westland,Water Supply & Sanitation Issues,0,0.40531417865115466,1.799555778503418,wet,1
2024-12-01,12,NL333,Delft en Westland,Water Supply & Sanitation Issues,0,0.37324945687000666,1.66428804397583,wet,1
2025-01-01,1,NL333,Delft en Westland,Water Supply & Sanitation Issues,0,0.43509483135161403,1.640883445739746,wet,1
2025-02-01,2,NL333,Delft en Westland,Water Supply & Sanitation Issues,0,0.5941687326290581,1.163700819015503,wet,1
2025-03-01,3,NL333,Delft en Westland,Water Supply & Sanitation Issues,0,0.6789719845720806,0.7183709144592285,near_normal,1
2025-04-01,4,NL333,Delft en Westland,Water Supply & Sanitation Issues,0,0.6775188691177721,0.003728199517354369,near_normal,1
2025-05-01,5,NL333,Delft en Westland,Water Supply & Sanitation Issues,0,0.4808893326713668,-0.8432844877243042,near_normal,1
2025-06-01,6,NL333,Delft en Westland,Water Supply & Sanitation Issues,1,0.7027635506135795,-1.0905721187591553,dry,1
2025-07-01,7,NL333,Delft en Westland,Water Supply & Sanitation Issues,0,0.7326926390638018,-1.26656973361969,dry,1
2025-08-01,8,NL333,Delft en Westland,Water Supply & Sanitation Issues,0,0.6181646839388456,-1.6068077087402344,dry,1
2025-09-01,9,NL333,Delft en Westland,Water Supply & Sanitation Issues,0,0.3707571281467176,-1.8662478923797607,dry,1
2023-12-01,12,NL337,Agglomeratie Leiden en Bollenstreek,Water Supply & Sanitation Issues,0,0.524915387473946,1.7106456756591797,wet,1
2024-01-01,1,NL337,Agglomeratie Leiden en Bollenstreek,Water Supply & Sanitation Issues,0,0.5986057839822951,1.5254942178726196,wet,1
2024-02-01,2,NL337,Agglomeratie Leiden en Bollenstreek,Water Supply & Sanitation Issues,0,0.5650369418331064,1.930662751197815,wet,1
2024-03-01,3,NL337,Agglomeratie Leiden en Bollenstreek,Water Supply & Sanitation Issues,0,0.48787737623451155,1.600808024406433,wet,1
2024-04-01,4,NL337,Agglomeratie Leiden en Bollenstreek,Water Supply & Sanitation Issues,0,0.678297565621368,1.8393596410751343,wet,1
2024-05-01,5,NL337,Agglomeratie Leiden en Bollenstreek,Water Supply & Sanitation Issues,0,0.8052590460020271,2.308445453643799,wet,1
2024-06-01,6,NL337,Agglomeratie Leiden en Bollenstreek,Water Supply & Sanitation Issues,0,0.8477803749376915,2.742405891418457,wet,1
2024-07-01,7,NL337,Agglomeratie Leiden en Bollenstreek,Water Supply & Sanitation Issues,0,0.826272646644692,2.7151103019714355,wet,1
2024-08-01,8,NL337,Agglomeratie Leiden en Bollenstreek,Water Supply & Sanitation Issues,0,0.7845605337113265,2.554049253463745,wet,1
2024-09-01,9,NL337,Agglomeratie Leiden en Bollenstreek,Water Supply & Sanitation Issues,0,0.6121769577625439,2.7597999572753906,wet,1
2024-10-01,10,NL337,Agglomeratie Leiden en Bollenstreek,Water Supply & Sanitation Issues,0,0.47983603745623,2.198561906814575,wet,1
2024-11-01,11,NL337,Agglomeratie Leiden en Bollenstreek,Water Supply & Sanitation Issues,0,0.4722477831118114,1.7335660457611084,wet,1
2024-12-01,12,NL337,Agglomeratie Leiden en Bollenstreek,Water Supply & Sanitation Issues,0,0.42512667340878013,1.5648200511932373,wet,1
2025-01-01,1,NL337,Agglomeratie Leiden en Bollenstreek,Water Supply & Sanitation Issues,0,0.537149933971837,1.5522692203521729,wet,1
2025-02-01,2,NL337,Agglomeratie Leiden en Bollenstreek,Water Supply & Sanitation Issues,0,0.6869746768112299,1.016635775566101,wet,1
2025-03-01,3,NL337,Agglomeratie Leiden en Bollenstreek,Water Supply & Sanitation Issues,0,0.7500753090617878,0.5903820991516113,near_normal,1
2025-04-01,4,NL337,Agglomeratie Leiden en Bollenstreek,Water Supply & Sanitation Issues,0,0.7285991889488681,-0.16400562226772308,near_normal,1
2025-05-01,5,NL337,Agglomeratie Leiden en Bollenstreek,Water Supply & Sanitation Issues,0,0.5622642545463012,-0.8812072277069092,near_normal,1
2025-06-01,6,NL337,Agglomeratie Leiden en Bollenstreek,Water Supply & Sanitation Issues,1,0.7747884464435922,-1.0348807573318481,dry,1
2025-07-01,7,NL337,Agglomeratie Leiden en Bollenstreek,Water Supply & Sanitation Issues,0,0.806658261511652,-1.1747100353240967,dry,1
2025-08-01,8,NL337,Agglomeratie Leiden en Bollenstreek,Water Supply & Sanitation Issues,0,0.725121991712966,-1.5170913934707642,dry,1
2025-09-01,9,NL337,Agglomeratie Leiden en Bollenstreek,Water Supply & Sanitation Issues,0,0.46208825571390544,-1.738526463508606,dry,1
2023-12-01,12,NL33A,Zuidoost-Zuid-Holland,Water Supply & Sanitation Issues,0,0.523604606913168,1.735690951347351,wet,1
2024-01-01,1,NL33A,Zuidoost-Zuid-Holland,Water Supply & Sanitation Issues,0,0.5561404691294445,1.5022345781326294,wet,1
2024-02-01,2,NL33A,Zuidoost-Zuid-Holland,Water Supply & Sanitation Issues,0,0.5681127243470706,1.9734735488891602,wet,1
2024-03-01,3,NL33A,Zuidoost-Zuid-Holland,Water Supply & Sanitation Issues,0,0.4446473592744166,1.6091928482055664,wet,1
2024-04-01,4,NL33A,Zuidoost-Zuid-Holland,Water Supply & Sanitation Issues,0,0.6285332061146219,1.869387149810791,wet,1
2024-05-01,5,NL33A,Zuidoost-Zuid-Holland,Water Supply & Sanitation Issues,0,0.778240388120656,2.296041488647461,wet,1
2024-06-01,6,NL33A,Zuidoost-Zuid-Holland,Water Supply & Sanitation Issues,0,0.8126797021080462,2.7406914234161377,wet,1
2024-07-01,7,NL33A,Zuidoost-Zuid-Holland,Water Supply & Sanitation Issues,0,0.8143983180284332,3.1620676517486572,wet,1
2024-08-01,8,NL33A,Zuidoost-Zuid-Holland,Water Supply & Sanitation Issues,0,0.7540489637455844,2.5882296562194824,wet,1
2024-09-01,9,NL33A,Zuidoost-Zuid-Holland,Water Supply & Sanitation Issues,0,0.5995211743110221,3.196017026901245,wet,1
2024-10-01,10,NL33A,Zuidoost-Zuid-Holland,Water Supply & Sanitation Issues,0,0.4578418580910928,2.4383902549743652,wet,1
2024-11-01,11,NL33A,Zuidoost-Zuid-Holland,Water Supply & Sanitation Issues,0,0.4428447425361502,1.9545094966888428,wet,1
2024-12-01,12,NL33A,Zuidoost-Zuid-Holland,Water Supply & Sanitation Issues,0,0.38992692376558113,1.7752925157546997,wet,1
2025-01-01,1,NL33A,Zuidoost-Zuid-Holland,Water Supply & Sanitation Issues,0,0.4797048647715494,1.8329216241836548,wet,1
2025-02-01,2,NL33A,Zuidoost-Zuid-Holland,Water Supply & Sanitation Issues,0,0.6316428207148373,1.3434903621673584,wet,1
2025-03-01,3,NL33A,Zuidoost-Zuid-Holland,Water Supply & Sanitation Issues,0,0.7228364777847586,0.9254148006439209,near_normal,1
2025-04-01,4,NL33A,Zuidoost-Zuid-Holland,Water Supply & Sanitation Issues,0,0.7272090897389415,0.18472331762313843,near_normal,1
2025-05-01,5,NL33A,Zuidoost-Zuid-Holland,Water Supply & Sanitation Issues,0,0.5477412182639887,-0.6993400454521179,near_normal,1
2025-06-01,6,NL33A,Zuidoost-Zuid-Holland,Water Supply & Sanitation Issues,1,0.7464739383689701,-0.928616464138031,near_normal,1
2025-07-01,7,NL33A,Zuidoost-Zuid-Holland,Water Supply & Sanitation Issues,0,0.7866002266637891,-1.0900894403457642,dry,1
2025-08-01,8,NL33A,Zuidoost-Zuid-Holland,Water Supply & Sanitation Issues,0,0.6972463205589706,-1.5483509302139282,dry,1
2025-09-01,9,NL33A,Zuidoost-Zuid-Holland,Water Supply & Sanitation Issues,0,0.4095516005241679,-1.7110259532928467,dry,1
2023-12-01,12,NL33B,Oost-Zuid-Holland,Water Supply & Sanitation Issues,0,0.437208998000172,1.7106456756591797,wet,1
2024-01-01,1,NL33B,Oost-Zuid-Holland,Water Supply & Sanitation Issues,0,0.5179564379191697,1.5254942178726196,wet,1
2024-02-01,2,NL33B,Oost-Zuid-Holland,Water Supply & Sanitation Issues,0,0.4884090607477501,1.930662751197815,wet,1
2024-03-01,3,NL33B,Oost-Zuid-Holland,Water Supply & Sanitation Issues,0,0.4055831296193109,1.600808024406433,wet,1
2024-04-01,4,NL33B,Oost-Zuid-Holland,Water Supply & Sanitation Issues,0,0.6005049987473751,1.8393596410751343,wet,1
2024-05-01,5,NL33B,Oost-Zuid-Holland,Water Supply & Sanitation Issues,0,0.7497102515362295,2.308445453643799,wet,1
2024-06-01,6,NL33B,Oost-Zuid-Holland,Water Supply & Sanitation Issues,0,0.8034636480721691,2.742405891418457,wet,1
2024-07-01,7,NL33B,Oost-Zuid-Holland,Water Supply & Sanitation Issues,0,0.7703874721430346,2.7151103019714355,wet,1
2024-08-01,8,NL33B,Oost-Zuid-Holland,Water Supply & Sanitation Issues,0,0.7304214850569242,2.554049253463745,wet,1
2024-09-01,9,NL33B,Oost-Zuid-Holland,Water Supply & Sanitation Issues,0,0.5242210379050394,2.7597999572753906,wet,1
2024-10-01,10,NL33B,Oost-Zuid-Holland,Water Supply & Sanitation Issues,0,0.4028679902323943,2.198561906814575,wet,1
2024-11-01,11,NL33B,Oost-Zuid-Holland,Water Supply & Sanitation Issues,0,0.3915287928671458,1.7335660457611084,wet,1
2024-12-01,12,NL33B,Oost-Zuid-Holland,Water Supply & Sanitation Issues,0,0.3422759003182488,1.5648200511932373,wet,1
2025-01-01,1,NL33B,Oost-Zuid-Holland,Water Supply & Sanitation Issues,0,0.4529196048543433,1.5522692203521729,wet,1
2025-02-01,2,NL33B,Oost-Zuid-Holland,Water Supply & Sanitation Issues,0,0.6144989611729396,1.016635775566101,wet,1
2025-03-01,3,NL33B,Oost-Zuid-Holland,Water Supply & Sanitation Issues,0,0.6722423509144668,0.5903820991516113,near_normal,1
2025-04-01,4,NL33B,Oost-Zuid-Holland,Water Supply & Sanitation Issues,0,0.6580542893056471,-0.16400562226772308,near_normal,1
2025-05-01,5,NL33B,Oost-Zuid-Holland,Water Supply & Sanitation Issues,0,0.4994031376425711,-0.8812072277069092,near_normal,1
2025-06-01,6,NL33B,Oost-Zuid-Holland,Water Supply & Sanitation Issues,1,0.7279513659397395,-1.0348807573318481,dry,1
2025-07-01,7,NL33B,Oost-Zuid-Holland,Water Supply & Sanitation Issues,0,0.7547384856547766,-1.1747100353240967,dry,1
2025-08-01,8,NL33B,Oost-Zuid-Holland,Water Supply & Sanitation Issues,0,0.6592859056571176,-1.5170913934707642,dry,1
2025-09-01,9,NL33B,Oost-Zuid-Holland,Water Supply & Sanitation Issues,0,0.369497726203246,-1.738526463508606,dry,1
2023-12-01,12,NL33C,Groot-Rijnmond,Water Supply & Sanitation Issues,0,0.512921353870464,1.663238803545634,wet,1
2024-01-01,1,NL33C,Groot-Rijnmond,Water Supply & Sanitation Issues,0,0.5757822935111443,1.481999437014262,wet,1
2024-02-01,2,NL33C,Groot-Rijnmond,Water Supply & Sanitation Issues,0,0.5749293321559266,1.9045462608337402,wet,1
2024-03-01,3,NL33C,Groot-Rijnmond,Water Supply & Sanitation Issues,0,0.4945055215704634,1.55764905611674,wet,1
2024-04-01,4,NL33C,Groot-Rijnmond,Water Supply & Sanitation Issues,0,0.6565213762977248,1.7358837127685547,wet,1
2024-05-01,5,NL33C,Groot-Rijnmond,Water Supply & Sanitation Issues,0,0.7840985528415698,2.1709097226460776,wet,1
2024-06-01,6,NL33C,Groot-Rijnmond,Water Supply & Sanitation Issues,0,0.8167803515451275,2.626691977183024,wet,1
2024-07-01,7,NL33C,Groot-Rijnmond,Water Supply & Sanitation Issues,0,0.791309721901787,2.903880516688029,wet,1
2024-08-01,8,NL33C,Groot-Rijnmond,Water Supply & Sanitation Issues,0,0.7334258746426924,2.6491270065307617,wet,1
2024-09-01,9,NL33C,Groot-Rijnmond,Water Supply & Sanitation Issues,0,0.5777373686472075,2.9472951889038086,wet,1
2024-10-01,10,NL33C,Groot-Rijnmond,Water Supply & Sanitation Issues,0,0.45123477317973504,2.2849376996358237,wet,1
2024-11-01,11,NL33C,Groot-Rijnmond,Water Supply & Sanitation Issues,0,0.44755681194853375,1.8019837141036987,wet,1
2024-12-01,12,NL33C,Groot-Rijnmond,Water Supply & Sanitation Issues,0,0.4114687993207939,1.676819920539856,wet,1
2025-01-01,1,NL33C,Groot-Rijnmond,Water Supply & Sanitation Issues,0,0.48128780527164267,1.6513664722442627,wet,1
2025-02-01,2,NL33C,Groot-Rijnmond,Water Supply & Sanitation Issues,0,0.6364514736529406,1.1506803433100383,wet,1
2025-03-01,3,NL33C,Groot-Rijnmond,Water Supply & Sanitation Issues,0,0.7185805913542008,0.7058199445406595,near_normal,1
2025-04-01,4,NL33C,Groot-Rijnmond,Water Supply & Sanitation Issues,0,0.7145449593301145,-0.012301225292806825,near_normal,1
2025-05-01,5,NL33C,Groot-Rijnmond,Water Supply & Sanitation Issues,0,0.5202283772545047,-0.8446452021598816,near_normal,1
2025-06-01,6,NL33C,Groot-Rijnmond,Water Supply & Sanitation Issues,1,0.7338262828752402,-1.0734885931015015,dry,1
2025-07-01,7,NL33C,Groot-Rijnmond,Water Supply & Sanitation Issues,0,0.7678955798244672,-1.2388241688410442,dry,1
2025-08-01,8,NL33C,Groot-Rijnmond,Water Supply & Sanitation Issues,0,0.6624185874597276,-1.566239356994629,dry,1
2025-09-01,9,NL33C,Groot-Rijnmond,Water Supply & Sanitation Issues,0,0.40695945557225227,-1.825290282567342,dry,1
2023-12-01,12,NL341,Zeeuwsch-Vlaanderen,Water Supply & Sanitation Issues,1,0.32342938975222035,1.332913875579834,wet,1
2024-01-01,1,NL341,Zeeuwsch-Vlaanderen,Water Supply & Sanitation Issues,0,0.4035529259262261,1.0990768671035767,wet,1
2024-02-01,2,NL341,Zeeuwsch-Vlaanderen,Water Supply & Sanitation Issues,0,0.3902766314391642,1.6654661893844604,wet,1
2024-03-01,3,NL341,Zeeuwsch-Vlaanderen,Water Supply & Sanitation Issues,0,0.3659483891747751,1.4342957735061646,wet,1
2024-04-01,4,NL341,Zeeuwsch-Vlaanderen,Water Supply & Sanitation Issues,0,0.5805230663493063,1.72164386510849,wet,1
2024-05-01,5,NL341,Zeeuwsch-Vlaanderen,Water Supply & Sanitation Issues,0,0.7456176876903331,2.0468907356262207,wet,1
2024-06-01,6,NL341,Zeeuwsch-Vlaanderen,Water Supply & Sanitation Issues,0,0.7131783622282448,2.511785864830017,wet,1
2024-07-01,7,NL341,Zeeuwsch-Vlaanderen,Water Supply & Sanitation Issues,0,0.6348615964083343,2.5947717428207397,wet,1
2024-08-01,8,NL341,Zeeuwsch-Vlaanderen,Water Supply & Sanitation Issues,0,0.5587175787919915,2.2865796089172363,wet,1
2024-09-01,9,NL341,Zeeuwsch-Vlaanderen,Water Supply & Sanitation Issues,0,0.3782376055429268,2.4733811616897583,wet,1
2024-10-01,10,NL341,Zeeuwsch-Vlaanderen,Water Supply & Sanitation Issues,0,0.33934357961976,2.181926131248474,wet,1
2024-11-01,11,NL341,Zeeuwsch-Vlaanderen,Water Supply & Sanitation Issues,0,0.33492371885507877,1.6795973777770996,wet,1
2024-12-01,12,NL341,Zeeuwsch-Vlaanderen,Water Supply & Sanitation Issues,0,0.3362872784020854,1.661611557006836,wet,1
2025-01-01,1,NL341,Zeeuwsch-Vlaanderen,Water Supply & Sanitation Issues,0,0.3491554320708952,1.6901467442512512,wet,1
2025-02-01,2,NL341,Zeeuwsch-Vlaanderen,Water Supply & Sanitation Issues,0,0.49388505272225247,1.1577122211456299,wet,1
2025-03-01,3,NL341,Zeeuwsch-Vlaanderen,Water Supply & Sanitation Issues,0,0.5582647347340284,0.565402165055275,near_normal,1
2025-04-01,4,NL341,Zeeuwsch-Vlaanderen,Water Supply & Sanitation Issues,0,0.5636815602344962,-0.27620716392993927,near_normal,1
2025-05-01,5,NL341,Zeeuwsch-Vlaanderen,Water Supply & Sanitation Issues,0,0.32776102233068355,-1.0510993003845215,dry,1
2025-06-01,6,NL341,Zeeuwsch-Vlaanderen,Water Supply & Sanitation Issues,1,0.5606859601498707,-1.2060883045196533,dry,1
2025-07-01,7,NL341,Zeeuwsch-Vlaanderen,Water Supply & Sanitation Issues,0,0.6422665317923866,-1.3016448020935059,dry,1
2025-08-01,8,NL341,Zeeuwsch-Vlaanderen,Water Supply & Sanitation Issues,0,0.5204806450247929,-1.7224125266075134,dry,1
2025-09-01,9,NL341,Zeeuwsch-Vlaanderen,Water Supply & Sanitation Issues,0,0.2748996933428387,-2.1238150596618652,dry,1
2023-12-01,12,NL342,Overig Zeeland,Water Supply & Sanitation Issues,1,0.42045939727484855,1.5336954593658447,wet,1
2024-01-01,1,NL342,Overig Zeeland,Water Supply & Sanitation Issues,0,0.4695227025032366,1.3286210298538208,wet,1
2024-02-01,2,NL342,Overig Zeeland,Water Supply & Sanitation Issues,0,0.48131790086710685,1.7934848070144653,wet,1
2024-03-01,3,NL342,Overig Zeeland,Water Supply & Sanitation Issues,0,0.40656050942964556,1.4659996032714844,wet,1
2024-04-01,4,NL342,Overig Zeeland,Water Supply & Sanitation Issues,0,0.5768710190935299,1.6179192066192627,wet,1
2024-05-01,5,NL342,Overig Zeeland,Water Supply & Sanitation Issues,0,0.7298603238536416,2.0807783603668213,wet,1
2024-06-01,6,NL342,Overig Zeeland,Water Supply & Sanitation Issues,0,0.743723682524271,2.572701930999756,wet,1
2024-07-01,7,NL342,Overig Zeeland,Water Supply & Sanitation Issues,0,0.7319637880442739,2.9837281703948975,wet,1
2024-08-01,8,NL342,Overig Zeeland,Water Supply & Sanitation Issues,0,0.6373377309565923,2.67411470413208,wet,1
2024-09-01,9,NL342,Overig Zeeland,Water Supply & Sanitation Issues,0,0.47185238711418154,2.8608145713806152,wet,1
2024-10-01,10,NL342,Overig Zeeland,Water Supply & Sanitation Issues,0,0.3526994377872499,2.296290636062622,wet,1
2024-11-01,11,NL342,Overig Zeeland,Water Supply & Sanitation Issues,0,0.35471378460345643,1.8551033735275269,wet,1
2024-12-01,12,NL342,Overig Zeeland,Water Supply & Sanitation Issues,0,0.341332246662475,1.8005717992782593,wet,1
2025-01-01,1,NL342,Overig Zeeland,Water Supply & Sanitation Issues,0,0.3661264718843799,1.798425555229187,wet,1
2025-02-01,2,NL342,Overig Zeeland,Water Supply & Sanitation Issues,0,0.5330133611625928,1.329056739807129,wet,1
2025-03-01,3,NL342,Overig Zeeland,Water Supply & Sanitation Issues,0,0.6354924343596855,0.8654971122741699,near_normal,1
2025-04-01,4,NL342,Overig Zeeland,Water Supply & Sanitation Issues,0,0.6377478049698821,0.127136692404747,near_normal,1
2025-05-01,5,NL342,Overig Zeeland,Water Supply & Sanitation Issues,0,0.40231950566111474,-0.8692893981933594,near_normal,1
2025-06-01,6,NL342,Overig Zeeland,Water Supply & Sanitation Issues,1,0.6078293049548651,-1.1390583515167236,dry,1
2025-07-01,7,NL342,Overig Zeeland,Water Supply & Sanitation Issues,0,0.6778366422624558,-1.3374229669570923,dry,1
2025-08-01,8,NL342,Overig Zeeland,Water Supply & Sanitation Issues,0,0.5391719889554065,-1.7264788150787354,dry,1
2025-09-01,9,NL342,Overig Zeeland,Water Supply & Sanitation Issues,0,0.31681751392259794,-2.0268850326538086,dry,1
2023-12-01,12,NL411,West-Noord-Brabant,Water Supply & Sanitation Issues,1,0.5857143920872269,1.6965256333351135,wet,1
2024-01-01,1,NL411,West-Noord-Brabant,Water Supply & Sanitation Issues,0,0.6102228907753174,1.4279340207576752,wet,1
2024-02-01,2,NL411,West-Noord-Brabant,Water Supply & Sanitation Issues,0,0.6469054974507884,1.9115989208221436,wet,1
2024-03-01,3,NL411,West-Noord-Brabant,Water Supply & Sanitation Issues,1,0.5435537698890067,1.5701760351657867,wet,1
2024-04-01,4,NL411,West-Noord-Brabant,Water Supply & Sanitation Issues,0,0.7207236251478657,1.794410079717636,wet,1
2024-05-01,5,NL411,West-Noord-Brabant,Water Supply & Sanitation Issues,0,0.8455886082806965,2.1759976744651794,wet,1
2024-06-01,6,NL411,West-Noord-Brabant,Water Supply & Sanitation Issues,0,0.846962916599008,2.6817938685417175,wet,1
2024-07-01,7,NL411,West-Noord-Brabant,Water Supply & Sanitation Issues,0,0.8434810166479064,3.1869431138038635,wet,1
2024-08-01,8,NL411,West-Noord-Brabant,Water Supply & Sanitation Issues,1,0.7737563680390229,2.5752928256988525,wet,1
2024-09-01,9,NL411,West-Noord-Brabant,Water Supply & Sanitation Issues,0,0.6566936926425322,3.2261340022087097,wet,1
2024-10-01,10,NL411,West-Noord-Brabant,Water Supply & Sanitation Issues,0,0.5318317305872489,2.4958202242851257,wet,1
2024-11-01,11,NL411,West-Noord-Brabant,Water Supply & Sanitation Issues,0,0.4901224696294789,1.9934806823730469,wet,1
2024-12-01,12,NL411,West-Noord-Brabant,Water Supply & Sanitation Issues,1,0.4870484860150798,1.8938453793525696,wet,1
2025-01-01,1,NL411,West-Noord-Brabant,Water Supply & Sanitation Issues,0,0.5275917344995854,1.9489366114139557,wet,1
2025-02-01,2,NL411,West-Noord-Brabant,Water Supply & Sanitation Issues,0,0.6873101950276254,1.4912947714328766,wet,1
2025-03-01,3,NL411,West-Noord-Brabant,Water Supply & Sanitation Issues,0,0.7833993852027296,1.0794287621974945,wet,1
2025-04-01,4,NL411,West-Noord-Brabant,Water Supply & Sanitation Issues,0,0.7849202413631922,0.3902544379234314,near_normal,1
2025-05-01,5,NL411,West-Noord-Brabant,Water Supply & Sanitation Issues,0,0.6016914766239708,-0.6107541918754578,near_normal,1
2025-06-01,6,NL411,West-Noord-Brabant,Water Supply & Sanitation Issues,0,0.7681437422446763,-0.9553556591272354,near_normal,1
2025-07-01,7,NL411,West-Noord-Brabant,Water Supply & Sanitation Issues,1,0.8133317935355372,-1.197560876607895,dry,1
2025-08-01,8,NL411,West-Noord-Brabant,Water Supply & Sanitation Issues,0,0.6729232547059555,-1.7818401753902435,dry,1
2025-09-01,9,NL411,West-Noord-Brabant,Water Supply & Sanitation Issues,0,0.40431190517489274,-1.944325178861618,dry,1
2023-12-01,12,NL412,Midden-Noord-Brabant,Water Supply & Sanitation Issues,1,0.5804915262879008,1.8568886518478394,wet,1
2024-01-01,1,NL412,Midden-Noord-Brabant,Water Supply & Sanitation Issues,0,0.6261350662517092,1.5439085960388184,wet,1
2024-02-01,2,NL412,Midden-Noord-Brabant,Water Supply & Sanitation Issues,0,0.6672241582911106,2.0561699867248535,wet,1
2024-03-01,3,NL412,Midden-Noord-Brabant,Water Supply & Sanitation Issues,1,0.5644896558154441,1.6683708429336548,wet,1
2024-04-01,4,NL412,Midden-Noord-Brabant,Water Supply & Sanitation Issues,0,0.7326196043035393,1.9227519035339355,wet,1
2024-05-01,5,NL412,Midden-Noord-Brabant,Water Supply & Sanitation Issues,0,0.8554906567214131,2.350119113922119,wet,1
2024-06-01,6,NL412,Midden-Noord-Brabant,Water Supply & Sanitation Issues,0,0.87509741812724,2.7400357723236084,wet,1
2024-07-01,7,NL412,Midden-Noord-Brabant,Water Supply & Sanitation Issues,0,0.8571829992205553,3.3474960327148438,wet,1
2024-08-01,8,NL412,Midden-Noord-Brabant,Water Supply & Sanitation Issues,0,0.7823217762333149,2.595762252807617,wet,1
2024-09-01,9,NL412,Midden-Noord-Brabant,Water Supply & Sanitation Issues,0,0.6982477269211242,3.8588836193084717,wet,1
2024-10-01,10,NL412,Midden-Noord-Brabant,Water Supply & Sanitation Issues,0,0.5646380963784114,2.767239809036255,wet,1
2024-11-01,11,NL412,Midden-Noord-Brabant,Water Supply & Sanitation Issues,0,0.504177757469104,2.2039122581481934,wet,1
2024-12-01,12,NL412,Midden-Noord-Brabant,Water Supply & Sanitation Issues,1,0.5026028807193651,2.016164541244507,wet,1
2025-01-01,1,NL412,Midden-Noord-Brabant,Water Supply & Sanitation Issues,0,0.5579188103877802,2.0861504077911377,wet,1
2025-02-01,2,NL412,Midden-Noord-Brabant,Water Supply & Sanitation Issues,0,0.7121244293760954,1.595111608505249,wet,1
2025-03-01,3,NL412,Midden-Noord-Brabant,Water Supply & Sanitation Issues,0,0.7849399228963866,1.174560785293579,wet,1
2025-04-01,4,NL412,Midden-Noord-Brabant,Water Supply & Sanitation Issues,0,0.8052608697986051,0.5439844131469727,near_normal,1
2025-05-01,5,NL412,Midden-Noord-Brabant,Water Supply & Sanitation Issues,0,0.6388639210504524,-0.45212289690971375,near_normal,1
2025-06-01,6,NL412,Midden-Noord-Brabant,Water Supply & Sanitation Issues,0,0.8063556690591935,-0.7468729019165039,near_normal,1
2025-07-01,7,NL412,Midden-Noord-Brabant,Water Supply & Sanitation Issues,1,0.8291736577173058,-1.0836814641952515,dry,1
2025-08-01,8,NL412,Midden-Noord-Brabant,Water Supply & Sanitation Issues,0,0.704310738266142,-1.6820485591888428,dry,1
2025-09-01,9,NL412,Midden-Noord-Brabant,Water Supply & Sanitation Issues,0,0.4320621618945014,-1.6659215688705444,dry,1
2023-12-01,12,NL413,Noordoost-Noord-Brabant,Water Supply & Sanitation Issues,1,0.6366527646034317,2.005632162094116,wet,1
2024-01-01,1,NL413,Noordoost-Noord-Brabant,Water Supply & Sanitation Issues,0,0.7082164645261345,1.7263375918070476,wet,1
2024-02-01,2,NL413,Noordoost-Noord-Brabant,Water Supply & Sanitation Issues,0,0.741283795116361,2.301957845687866,wet,1
2024-03-01,3,NL413,Noordoost-Noord-Brabant,Water Supply & Sanitation Issues,1,0.6585765605302838,1.7595105568567913,wet,1
2024-04-01,4,NL413,Noordoost-Noord-Brabant,Water Supply & Sanitation Issues,0,0.7813195014228653,1.9506117502848308,wet,1
2024-05-01,5,NL413,Noordoost-Noord-Brabant,Water Supply & Sanitation Issues,0,0.8961758213292602,2.5292108058929443,wet,1
2024-06-01,6,NL413,Noordoost-Noord-Brabant,Water Supply & Sanitation Issues,0,0.9179397015021675,2.860475540161133,wet,1
2024-07-01,7,NL413,Noordoost-Noord-Brabant,Water Supply & Sanitation Issues,0,0.8649726063128961,3.60351292292277,wet,1
2024-08-01,8,NL413,Noordoost-Noord-Brabant,Water Supply & Sanitation Issues,0,0.8172842969674597,2.6137571334838867,wet,1
2024-09-01,9,NL413,Noordoost-Noord-Brabant,Water Supply & Sanitation Issues,0,0.769062503778428,3.99537460009257,wet,1
2024-10-01,10,NL413,Noordoost-Noord-Brabant,Water Supply & Sanitation Issues,0,0.669709599467195,2.824659744898478,wet,1
2024-11-01,11,NL413,Noordoost-Noord-Brabant,Water Supply & Sanitation Issues,0,0.6074528593550111,2.297260840733846,wet,1
2024-12-01,12,NL413,Noordoost-Noord-Brabant,Water Supply & Sanitation Issues,1,0.5882031679126318,2.027393857638041,wet,1
2025-01-01,1,NL413,Noordoost-Noord-Brabant,Water Supply & Sanitation Issues,0,0.6190806636177285,2.1666224797566733,wet,1
2025-02-01,2,NL413,Noordoost-Noord-Brabant,Water Supply & Sanitation Issues,0,0.7713242762761335,1.6576051712036133,wet,1
2025-03-01,3,NL413,Noordoost-Noord-Brabant,Water Supply & Sanitation Issues,0,0.8076109593486417,1.1836046775182087,wet,1
2025-04-01,4,NL413,Noordoost-Noord-Brabant,Water Supply & Sanitation Issues,0,0.8345298124687129,0.6166368325551351,near_normal,1
2025-05-01,5,NL413,Noordoost-Noord-Brabant,Water Supply & Sanitation Issues,0,0.6855024711034449,-0.433600256840388,near_normal,1
2025-06-01,6,NL413,Noordoost-Noord-Brabant,Water Supply & Sanitation Issues,0,0.859439894796582,-0.6352093617121378,near_normal,1
2025-07-01,7,NL413,Noordoost-Noord-Brabant,Water Supply & Sanitation Issues,1,0.8784152882871727,-0.9555245041847229,near_normal,1
2025-08-01,8,NL413,Noordoost-Noord-Brabant,Water Supply & Sanitation Issues,0,0.8081230666948136,-1.5380258957544963,dry,1
2025-09-01,9,NL413,Noordoost-Noord-Brabant,Water Supply & Sanitation Issues,0,0.5528568221744297,-1.4824391603469849,dry,1
2023-12-01,12,NL414,Zuidoost-Noord-Brabant,Water Supply & Sanitation Issues,1,0.5512743845120528,1.9648097455501556,wet,1
2024-01-01,1,NL414,Zuidoost-Noord-Brabant,Water Supply & Sanitation Issues,0,0.637612257138112,1.6660036146640778,wet,1
2024-02-01,2,NL414,Zuidoost-Noord-Brabant,Water Supply & Sanitation Issues,0,0.6815253847225012,2.2208192348480225,wet,1
2024-03-01,3,NL414,Zuidoost-Noord-Brabant,Water Supply & Sanitation Issues,1,0.6010802643162996,1.7530253231525421,wet,1
2024-04-01,4,NL414,Zuidoost-Noord-Brabant,Water Supply & Sanitation Issues,0,0.7483649555582916,1.9222524464130402,wet,1
2024-05-01,5,NL414,Zuidoost-Noord-Brabant,Water Supply & Sanitation Issues,0,0.8878669401477028,2.4804680943489075,wet,1
2024-06-01,6,NL414,Zuidoost-Noord-Brabant,Water Supply & Sanitation Issues,0,0.9103793825786369,2.8313465118408203,wet,1
2024-07-01,7,NL414,Zuidoost-Noord-Brabant,Water Supply & Sanitation Issues,0,0.8472953666520927,3.323698878288269,wet,1
2024-08-01,8,NL414,Zuidoost-Noord-Brabant,Water Supply & Sanitation Issues,0,0.769349329614598,2.4005433320999146,wet,1
2024-09-01,9,NL414,Zuidoost-Noord-Brabant,Water Supply & Sanitation Issues,0,0.6831293222790964,3.6095246076583862,wet,1
2024-10-01,10,NL414,Zuidoost-Noord-Brabant,Water Supply & Sanitation Issues,0,0.578985471812105,2.8009841442108154,wet,1
2024-11-01,11,NL414,Zuidoost-Noord-Brabant,Water Supply & Sanitation Issues,0,0.5191540813548434,2.219056189060211,wet,1
2024-12-01,12,NL414,Zuidoost-Noord-Brabant,Water Supply & Sanitation Issues,1,0.5329174655481616,2.0562921166419983,wet,1
2025-01-01,1,NL414,Zuidoost-Noord-Brabant,Water Supply & Sanitation Issues,0,0.5517691151399533,2.2320687770843506,wet,1
2025-02-01,2,NL414,Zuidoost-Noord-Brabant,Water Supply & Sanitation Issues,0,0.7430656950442037,1.7058507800102234,wet,1
2025-03-01,3,NL414,Zuidoost-Noord-Brabant,Water Supply & Sanitation Issues,0,0.7867644977422138,1.2108392715454102,wet,1
2025-04-01,4,NL414,Zuidoost-Noord-Brabant,Water Supply & Sanitation Issues,0,0.7998355986440473,0.6923550665378571,near_normal,1
2025-05-01,5,NL414,Zuidoost-Noord-Brabant,Water Supply & Sanitation Issues,0,0.6242682359023315,-0.4158538803458214,near_normal,1
2025-06-01,6,NL414,Zuidoost-Noord-Brabant,Water Supply & Sanitation Issues,0,0.8160688502675691,-0.6612778455018997,near_normal,1
2025-07-01,7,NL414,Zuidoost-Noord-Brabant,Water Supply & Sanitation Issues,1,0.8390227260786417,-1.0086569488048553,dry,1
2025-08-01,8,NL414,Zuidoost-Noord-Brabant,Water Supply & Sanitation Issues,0,0.7294882406673034,-1.6495905816555023,dry,1
2025-09-01,9,NL414,Zuidoost-Noord-Brabant,Water Supply & Sanitation Issues,0,0.46477630020201033,-1.5304934084415436,dry,1
2023-12-01,12,NL421,Noord-Limburg,Water Supply & Sanitation Issues,0,0.4349611228323225,2.145362138748169,wet,1
2024-01-01,1,NL421,Noord-Limburg,Water Supply & Sanitation Issues,0,0.5766562355289063,1.8593108654022217,wet,1
2024-02-01,2,NL421,Noord-Limburg,Water Supply & Sanitation Issues,0,0.6190983275689813,2.512042760848999,wet,1
2024-03-01,3,NL421,Noord-Limburg,Water Supply & Sanitation Issues,0,0.5669052391287231,1.865483283996582,wet,1
2024-04-01,4,NL421,Noord-Limburg,Water Supply & Sanitation Issues,0,0.6799149724702663,1.9734376668930054,wet,1
2024-05-01,5,NL421,Noord-Limburg,Water Supply & Sanitation Issues,0,0.8545020267250052,2.605700731277466,wet,1
2024-06-01,6,NL421,Noord-Limburg,Water Supply & Sanitation Issues,0,0.8709701337466648,2.8035495281219482,wet,1
2024-07-01,7,NL421,Noord-Limburg,Water Supply & Sanitation Issues,0,0.7548966936896845,3.2032430171966553,wet,1
2024-08-01,8,NL421,Noord-Limburg,Water Supply & Sanitation Issues,0,0.6487097149436638,2.251657724380493,wet,1
2024-09-01,9,NL421,Noord-Limburg,Water Supply & Sanitation Issues,0,0.567226005240979,3.5400261878967285,wet,1
2024-10-01,10,NL421,Noord-Limburg,Water Supply & Sanitation Issues,0,0.5004166310853412,2.855512857437134,wet,1
2024-11-01,11,NL421,Noord-Limburg,Water Supply & Sanitation Issues,0,0.5093866769488062,2.196915864944458,wet,1
2024-12-01,12,NL421,Noord-Limburg,Water Supply & Sanitation Issues,0,0.48405543969721176,2.03786039352417,wet,1
2025-01-01,1,NL421,Noord-Limburg,Water Supply & Sanitation Issues,0,0.4599672066381518,2.306771755218506,wet,1
2025-02-01,2,NL421,Noord-Limburg,Water Supply & Sanitation Issues,0,0.6832775670627713,1.68009352684021,wet,1
2025-03-01,3,NL421,Noord-Limburg,Water Supply & Sanitation Issues,0,0.6886026074560067,1.0877587795257568,wet,1
2025-04-01,4,NL421,Noord-Limburg,Water Supply & Sanitation Issues,0,0.6869855236667319,0.6619554162025452,near_normal,1
2025-05-01,5,NL421,Noord-Limburg,Water Supply & Sanitation Issues,0,0.49903711309656046,-0.44544780254364014,near_normal,1
2025-06-01,6,NL421,Noord-Limburg,Water Supply & Sanitation Issues,0,0.7703329541108281,-0.5798614025115967,near_normal,1
2025-07-01,7,NL421,Noord-Limburg,Water Supply & Sanitation Issues,0,0.8191043318792819,-0.800941526889801,near_normal,1
2025-08-01,8,NL421,Noord-Limburg,Water Supply & Sanitation Issues,0,0.7201629060447339,-1.2454304695129395,dry,1
2025-09-01,9,NL421,Noord-Limburg,Water Supply & Sanitation Issues,0,0.46980501051827217,-1.325162410736084,dry,1
2023-12-01,12,NL422,Midden-Limburg,Water Supply & Sanitation Issues,0,0.44677749519695364,1.8910537958145142,wet,1
2024-01-01,1,NL422,Midden-Limburg,Water Supply & Sanitation Issues,1,0.562747364233252,1.595084309577942,wet,1
2024-02-01,2,NL422,Midden-Limburg,Water Supply & Sanitation Issues,0,0.5987027387978998,2.1346378326416016,wet,1
2024-03-01,3,NL422,Midden-Limburg,Water Supply & Sanitation Issues,0,0.5365845436310948,1.6730749607086182,wet,1
2024-04-01,4,NL422,Midden-Limburg,Water Supply & Sanitation Issues,0,0.6671692119558719,1.7786504030227661,wet,1
2024-05-01,5,NL422,Midden-Limburg,Water Supply & Sanitation Issues,1,0.8574637164574521,2.3970389366149902,wet,1
2024-06-01,6,NL422,Midden-Limburg,Water Supply & Sanitation Issues,0,0.8957164606520912,2.6647117137908936,wet,1
2024-07-01,7,NL422,Midden-Limburg,Water Supply & Sanitation Issues,0,0.8114029999887423,2.893308162689209,wet,1
2024-08-01,8,NL422,Midden-Limburg,Water Supply & Sanitation Issues,0,0.6785615596052151,2.179447650909424,wet,1
2024-09-01,9,NL422,Midden-Limburg,Water Supply & Sanitation Issues,0,0.5651148516759898,3.121680974960327,wet,1
2024-10-01,10,NL422,Midden-Limburg,Water Supply & Sanitation Issues,0,0.4678286130388587,2.612539768218994,wet,1
2024-11-01,11,NL422,Midden-Limburg,Water Supply & Sanitation Issues,0,0.47048573998174964,2.029146194458008,wet,1
2024-12-01,12,NL422,Midden-Limburg,Water Supply & Sanitation Issues,1,0.47725614752684936,1.9572449922561646,wet,1
2025-01-01,1,NL422,Midden-Limburg,Water Supply & Sanitation Issues,0,0.4554713957153783,2.3007307052612305,wet,1
2025-02-01,2,NL422,Midden-Limburg,Water Supply & Sanitation Issues,0,0.7004563297620053,1.6659852266311646,wet,1
2025-03-01,3,NL422,Midden-Limburg,Water Supply & Sanitation Issues,0,0.7307866249108875,1.1294753551483154,wet,1
2025-04-01,4,NL422,Midden-Limburg,Water Supply & Sanitation Issues,0,0.7015181869600798,0.6900760531425476,near_normal,1
2025-05-01,5,NL422,Midden-Limburg,Water Supply & Sanitation Issues,1,0.5121386107856605,-0.4340934157371521,near_normal,1
2025-06-01,6,NL422,Midden-Limburg,Water Supply & Sanitation Issues,1,0.764296783264799,-0.5961017608642578,near_normal,1
2025-07-01,7,NL422,Midden-Limburg,Water Supply & Sanitation Issues,0,0.8237448858605583,-0.7561391592025757,near_normal,1
2025-08-01,8,NL422,Midden-Limburg,Water Supply & Sanitation Issues,0,0.7077299780677996,-1.2596315145492554,dry,1
2025-09-01,9,NL422,Midden-Limburg,Water Supply & Sanitation Issues,1,0.4700660173909227,-1.256527304649353,dry,1
2023-12-01,12,NL423,Zuid-Limburg,Water Supply & Sanitation Issues,0,0.23042897099631973,1.7045224905014038,wet,1
2024-01-01,1,NL423,Zuid-Limburg,Water Supply & Sanitation Issues,0,0.3090545258271445,1.4646683931350708,wet,1
2024-02-01,2,NL423,Zuid-Limburg,Water Supply & Sanitation Issues,0,0.3448351644438949,1.9057672023773193,wet,1
2024-03-01,3,NL423,Zuid-Limburg,Water Supply & Sanitation Issues,0,0.2914054264072926,1.4721426963806152,wet,1
2024-04-01,4,NL423,Zuid-Limburg,Water Supply & Sanitation Issues,0,0.3931009265885272,1.6109375953674316,wet,1
2024-05-01,5,NL423,Zuid-Limburg,Water Supply & Sanitation Issues,0,0.6599116111236057,2.2602717876434326,wet,1
2024-06-01,6,NL423,Zuid-Limburg,Water Supply & Sanitation Issues,0,0.7516543669455159,2.4993674755096436,wet,1
2024-07-01,7,NL423,Zuid-Limburg,Water Supply & Sanitation Issues,0,0.6837536625124745,2.575399398803711,wet,1
2024-08-01,8,NL423,Zuid-Limburg,Water Supply & Sanitation Issues,0,0.45965776878776743,2.1789464950561523,wet,1
2024-09-01,9,NL423,Zuid-Limburg,Water Supply & Sanitation Issues,0,0.34049863593393354,2.988447666168213,wet,1
2024-10-01,10,NL423,Zuid-Limburg,Water Supply & Sanitation Issues,0,0.27114377459558836,2.581728458404541,wet,1
2024-11-01,11,NL423,Zuid-Limburg,Water Supply & Sanitation Issues,0,0.26742625895619404,2.0978105068206787,wet,1
2024-12-01,12,NL423,Zuid-Limburg,Water Supply & Sanitation Issues,0,0.24952614070723447,2.107192277908325,wet,1
2025-01-01,1,NL423,Zuid-Limburg,Water Supply & Sanitation Issues,0,0.23149246081519598,2.49822735786438,wet,1
2025-02-01,2,NL423,Zuid-Limburg,Water Supply & Sanitation Issues,0,0.45505639682137716,1.7681748867034912,wet,1
2025-03-01,3,NL423,Zuid-Limburg,Water Supply & Sanitation Issues,0,0.527756443123392,1.286401629447937,wet,1
2025-04-01,4,NL423,Zuid-Limburg,Water Supply & Sanitation Issues,1,0.4633011020293017,0.8446741700172424,near_normal,1
2025-05-01,5,NL423,Zuid-Limburg,Water Supply & Sanitation Issues,0,0.30892256813818103,-0.30450639128685,near_normal,1
2025-06-01,6,NL423,Zuid-Limburg,Water Supply & Sanitation Issues,0,0.5843288381770111,-0.48462241888046265,near_normal,1
2025-07-01,7,NL423,Zuid-Limburg,Water Supply & Sanitation Issues,0,0.6678167478231838,-0.5175946354866028,near_normal,1
2025-08-01,8,NL423,Zuid-Limburg,Water Supply & Sanitation Issues,0,0.49997789235195317,-1.1383399963378906,dry,1
2025-09-01,9,NL423,Zuid-Limburg,Water Supply & Sanitation Issues,0,0.26970932097391964,-1.2109681367874146,dry,1
2023-12-01,12,NL111,Oost-Groningen,Wildfire Occurrence,0,0.10399095616769889,1.8038720488548279,wet,1
2024-01-01,1,NL111,Oost-Groningen,Wildfire Occurrence,0,0.18368464034342194,1.811567783355713,wet,1
2024-02-01,2,NL111,Oost-Groningen,Wildfire Occurrence,0,0.15181430622630265,1.99618661403656,wet,1
2024-03-01,3,NL111,Oost-Groningen,Wildfire Occurrence,0,0.14837368070259835,1.6847506165504456,wet,1
2024-04-01,4,NL111,Oost-Groningen,Wildfire Occurrence,0,0.23091411695042804,1.9079570770263672,wet,1
2024-05-01,5,NL111,Oost-Groningen,Wildfire Occurrence,0,0.42773689704416923,2.1447561979293823,wet,1
2024-06-01,6,NL111,Oost-Groningen,Wildfire Occurrence,0,0.523131882887171,2.7947285175323486,wet,1
2024-07-01,7,NL111,Oost-Groningen,Wildfire Occurrence,0,0.2640491870160689,2.7147164344787598,wet,1
2024-08-01,8,NL111,Oost-Groningen,Wildfire Occurrence,0,0.1638084057711798,2.659160852432251,wet,1
2024-09-01,9,NL111,Oost-Groningen,Wildfire Occurrence,0,0.0910980624959077,2.968327760696411,wet,1
2024-10-01,10,NL111,Oost-Groningen,Wildfire Occurrence,0,0.030642337077530633,1.971750020980835,wet,1
2024-11-01,11,NL111,Oost-Groningen,Wildfire Occurrence,0,0.02424564799887679,1.6035258769989014,wet,1
2024-12-01,12,NL111,Oost-Groningen,Wildfire Occurrence,0,0.025903192619998208,1.1509708762168884,wet,1
2025-01-01,1,NL111,Oost-Groningen,Wildfire Occurrence,0,0.046092235794350504,1.0549432635307312,wet,1
2025-02-01,2,NL111,Oost-Groningen,Wildfire Occurrence,0,0.05879780088815179,0.49514587223529816,near_normal,1
2025-03-01,3,NL111,Oost-Groningen,Wildfire Occurrence,0,0.1310222496309453,0.1761770248413086,near_normal,1
2025-04-01,4,NL111,Oost-Groningen,Wildfire Occurrence,0,0.17023587243306035,-0.4283472001552582,near_normal,1
2025-05-01,5,NL111,Oost-Groningen,Wildfire Occurrence,0,0.236018242363972,-0.9174109697341919,near_normal,1
2025-06-01,6,NL111,Oost-Groningen,Wildfire Occurrence,0,0.32435552447536253,-0.9498004615306854,near_normal,1
2025-07-01,7,NL111,Oost-Groningen,Wildfire Occurrence,0,0.17540806306297252,-1.1780112385749817,dry,1
2025-08-01,8,NL111,Oost-Groningen,Wildfire Occurrence,0,0.26650154694537076,-1.31639963388443,dry,1
2025-09-01,9,NL111,Oost-Groningen,Wildfire Occurrence,0,0.03251647919190117,-1.4372192025184631,dry,1
2023-12-01,12,NL112,Delfzijl en omgeving,Wildfire Occurrence,0,0.04734649122734374,1.5477043390274048,wet,1
2024-01-01,1,NL112,Delfzijl en omgeving,Wildfire Occurrence,0,0.06442441962457975,1.5744563341140747,wet,1
2024-03-01,3,NL112,Delfzijl en omgeving,Wildfire Occurrence,0,0.07849543123996873,1.5986590385437012,wet,1
2024-04-01,4,NL112,Delfzijl en omgeving,Wildfire Occurrence,0,0.12253427940289893,1.7463241815567017,wet,1
2024-05-01,5,NL112,Delfzijl en omgeving,Wildfire Occurrence,0,0.26084876025079023,1.9306237697601318,wet,1
2024-06-01,6,NL112,Delfzijl en omgeving,Wildfire Occurrence,0,0.3381678654784286,2.5208699703216553,wet,1
2024-07-01,7,NL112,Delfzijl en omgeving,Wildfire Occurrence,0,0.14893312295366792,2.3603928089141846,wet,1
2024-08-01,8,NL112,Delfzijl en omgeving,Wildfire Occurrence,0,0.08409749550307942,2.3377909660339355,wet,1
2024-09-01,9,NL112,Delfzijl en omgeving,Wildfire Occurrence,0,0.04185588690004466,2.484579563140869,wet,1
2024-10-01,10,NL112,Delfzijl en omgeving,Wildfire Occurrence,0,0.01196599973890968,1.6715155839920044,wet,1
2024-11-01,11,NL112,Delfzijl en omgeving,Wildfire Occurrence,0,0.010001191105333915,1.3462355136871338,wet,1
2024-12-01,12,NL112,Delfzijl en omgeving,Wildfire Occurrence,0,0.010731814926361754,0.9495850205421448,near_normal,1
2025-01-01,1,NL112,Delfzijl en omgeving,Wildfire Occurrence,0,0.025426547990597285,0.815735936164856,near_normal,1
2025-02-01,2,NL112,Delfzijl en omgeving,Wildfire Occurrence,0,0.030714230963235955,0.2707626223564148,near_normal,1
2025-03-01,3,NL112,Delfzijl en omgeving,Wildfire Occurrence,0,0.055098176582996025,-0.011577821336686611,near_normal,1
2025-04-01,4,NL112,Delfzijl en omgeving,Wildfire Occurrence,0,0.07939741857850309,-0.536076009273529,near_normal,1
2025-05-01,5,NL112,Delfzijl en omgeving,Wildfire Occurrence,0,0.12349101376899604,-0.8959609270095825,near_normal,1
2025-06-01,6,NL112,Delfzijl en omgeving,Wildfire Occurrence,0,0.1713988767865978,-0.9709566235542297,near_normal,1
2025-07-01,7,NL112,Delfzijl en omgeving,Wildfire Occurrence,0,0.09422499153300246,-1.2213053703308105,dry,1
2025-08-01,8,NL112,Delfzijl en omgeving,Wildfire Occurrence,0,0.0931698581462584,-1.3407152891159058,dry,1
2025-09-01,9,NL112,Delfzijl en omgeving,Wildfire Occurrence,0,0.015181753622096743,-1.4633549451828003,dry,1
2023-12-01,12,NL113,Overig Groningen,Wildfire Occurrence,0,0.08092441576957801,1.576159675916036,wet,1
2024-01-01,1,NL113,Overig Groningen,Wildfire Occurrence,0,0.1368722786108202,1.553696870803833,wet,1
2024-02-01,2,NL113,Overig Groningen,Wildfire Occurrence,0,0.11608602320633618,1.8252516984939575,wet,1
2024-03-01,3,NL113,Overig Groningen,Wildfire Occurrence,0,0.13876253913878892,1.5759201447168987,wet,1
2024-04-01,4,NL113,Overig Groningen,Wildfire Occurrence,0,0.20802539598505762,1.7591425975163777,wet,1
2024-05-01,5,NL113,Overig Groningen,Wildfire Occurrence,0,0.4124458423792774,1.9804979960123699,wet,1
2024-06-01,6,NL113,Overig Groningen,Wildfire Occurrence,0,0.5049342023193217,2.5567835172017417,wet,1
2024-07-01,7,NL113,Overig Groningen,Wildfire Occurrence,0,0.25649027810888864,2.325056314468384,wet,1
2024-08-01,8,NL113,Overig Groningen,Wildfire Occurrence,0,0.14561140611132514,2.289264678955078,wet,1
2024-09-01,9,NL113,Overig Groningen,Wildfire Occurrence,0,0.07347575151605251,2.4607760111490884,wet,1
2024-10-01,10,NL113,Overig Groningen,Wildfire Occurrence,0,0.025323285278535158,1.74251393477122,wet,1
2024-11-01,11,NL113,Overig Groningen,Wildfire Occurrence,0,0.019689128046365002,1.3726389805475872,wet,1
2024-12-01,12,NL113,Overig Groningen,Wildfire Occurrence,0,0.02018433655402446,0.9944103360176086,near_normal,1
2025-01-01,1,NL113,Overig Groningen,Wildfire Occurrence,0,0.04310502920592665,0.8821484843889872,near_normal,1
2025-02-01,2,NL113,Overig Groningen,Wildfire Occurrence,0,0.05611215261845985,0.31073737144470215,near_normal,1
2025-03-01,3,NL113,Overig Groningen,Wildfire Occurrence,0,0.104264250539414,0.035581901048620544,near_normal,1
2025-04-01,4,NL113,Overig Groningen,Wildfire Occurrence,0,0.13957547114215957,-0.45748992760976154,near_normal,1
2025-05-01,5,NL113,Overig Groningen,Wildfire Occurrence,0,0.22563574998352043,-0.8022730549176534,near_normal,1
2025-06-01,6,NL113,Overig Groningen,Wildfire Occurrence,0,0.30269293173600237,-0.9125909010569254,near_normal,1
2025-07-01,7,NL113,Overig Groningen,Wildfire Occurrence,0,0.17974038272233328,-1.1193293333053589,dry,1
2025-08-01,8,NL113,Overig Groningen,Wildfire Occurrence,0,0.2206770092595219,-1.2605481147766113,dry,1
2025-09-01,9,NL113,Overig Groningen,Wildfire Occurrence,0,0.029889907015625498,-1.4358088970184326,dry,1
2023-12-01,12,NL124,Noord-Friesland,Wildfire Occurrence,0,0.07943772724509275,1.4863542318344116,wet,1
2024-01-01,1,NL124,Noord-Friesland,Wildfire Occurrence,0,0.1388716429127562,1.3574422895908356,wet,1
2024-02-01,2,NL124,Noord-Friesland,Wildfire Occurrence,0,0.12757085406898264,1.7159639298915863,wet,1
2024-03-01,3,NL124,Noord-Friesland,Wildfire Occurrence,0,0.176317204659334,1.4683093130588531,wet,1
2024-04-01,4,NL124,Noord-Friesland,Wildfire Occurrence,0,0.2761034645438185,1.7018274664878845,wet,1
2024-05-01,5,NL124,Noord-Friesland,Wildfire Occurrence,0,0.4901430787619932,1.886545330286026,wet,1
2024-06-01,6,NL124,Noord-Friesland,Wildfire Occurrence,0,0.5840937843890638,2.4364304542541504,wet,1
2024-07-01,7,NL124,Noord-Friesland,Wildfire Occurrence,0,0.2890111201270069,2.1045264899730682,wet,1
2024-08-01,8,NL124,Noord-Friesland,Wildfire Occurrence,0,0.18135533710951782,2.0753729045391083,wet,1
2024-09-01,9,NL124,Noord-Friesland,Wildfire Occurrence,0,0.08787593745343816,2.2301748991012573,wet,1
2024-10-01,10,NL124,Noord-Friesland,Wildfire Occurrence,0,0.031010507336478334,1.551231563091278,wet,1
2024-11-01,11,NL124,Noord-Friesland,Wildfire Occurrence,0,0.023407122627499458,1.0981620252132416,wet,1
2024-12-01,12,NL124,Noord-Friesland,Wildfire Occurrence,0,0.025039956484324447,0.7735436260700226,near_normal,1
2025-01-01,1,NL124,Noord-Friesland,Wildfire Occurrence,0,0.052523150530506046,0.6505173146724701,near_normal,1
2025-02-01,2,NL124,Noord-Friesland,Wildfire Occurrence,0,0.0742708314289451,0.10699054750148207,near_normal,1
2025-03-01,3,NL124,Noord-Friesland,Wildfire Occurrence,1,0.14749537381571262,-0.16945494152605534,near_normal,1
2025-04-01,4,NL124,Noord-Friesland,Wildfire Occurrence,0,0.15690275469741982,-0.7064715921878815,near_normal,1
2025-05-01,5,NL124,Noord-Friesland,Wildfire Occurrence,0,0.26029203608954926,-0.9263435304164886,near_normal,1
2025-06-01,6,NL124,Noord-Friesland,Wildfire Occurrence,0,0.318141306971777,-1.0629418939352036,dry,1
2025-07-01,7,NL124,Noord-Friesland,Wildfire Occurrence,0,0.21537618732138836,-1.2299838960170746,dry,1
2025-08-01,8,NL124,Noord-Friesland,Wildfire Occurrence,0,0.24284215638718742,-1.4811941981315613,dry,1
2025-09-01,9,NL124,Noord-Friesland,Wildfire Occurrence,0,0.03733393289888206,-1.572517216205597,dry,1
2023-12-01,12,NL125,Zuidwest-Friesland,Wildfire Occurrence,0,0.03868934621737693,1.63624769449234,wet,1
2024-01-01,1,NL125,Zuidwest-Friesland,Wildfire Occurrence,0,0.06851295893717103,1.4139912724494934,wet,1
2024-02-01,2,NL125,Zuidwest-Friesland,Wildfire Occurrence,0,0.07371105412822873,1.7786154747009277,wet,1
2024-03-01,3,NL125,Zuidwest-Friesland,Wildfire Occurrence,0,0.10933594199462765,1.5638866424560547,wet,1
2024-04-01,4,NL125,Zuidwest-Friesland,Wildfire Occurrence,0,0.1992133969040959,1.8326656818389893,wet,1
2024-05-01,5,NL125,Zuidwest-Friesland,Wildfire Occurrence,0,0.3719275272015244,2.1068438291549683,wet,1
2024-06-01,6,NL125,Zuidwest-Friesland,Wildfire Occurrence,0,0.4470203442979792,2.634555220603943,wet,1
2024-07-01,7,NL125,Zuidwest-Friesland,Wildfire Occurrence,0,0.16204428378042673,2.177721381187439,wet,1
2024-08-01,8,NL125,Zuidwest-Friesland,Wildfire Occurrence,0,0.08530109736101467,2.1380834579467773,wet,1
2024-09-01,9,NL125,Zuidwest-Friesland,Wildfire Occurrence,0,0.033276339075226036,2.2827683687210083,wet,1
2024-10-01,10,NL125,Zuidwest-Friesland,Wildfire Occurrence,0,0.011975472993259515,1.732323706150055,wet,1
2024-11-01,11,NL125,Zuidwest-Friesland,Wildfire Occurrence,0,0.010515018902797867,1.1893419027328491,wet,1
2024-12-01,12,NL125,Zuidwest-Friesland,Wildfire Occurrence,0,0.012037867202877858,0.9064917862415314,near_normal,1
2025-01-01,1,NL125,Zuidwest-Friesland,Wildfire Occurrence,0,0.023964748889959125,0.7681446671485901,near_normal,1
2025-02-01,2,NL125,Zuidwest-Friesland,Wildfire Occurrence,0,0.03950696436823458,0.15459422394633293,near_normal,1
2025-03-01,3,NL125,Zuidwest-Friesland,Wildfire Occurrence,1,0.0987879161004762,-0.20276711881160736,near_normal,1
2025-04-01,4,NL125,Zuidwest-Friesland,Wildfire Occurrence,0,0.07581980765090525,-0.842517763376236,near_normal,1
2025-05-01,5,NL125,Zuidwest-Friesland,Wildfire Occurrence,0,0.12300687766131348,-1.0782914757728577,dry,1
2025-06-01,6,NL125,Zuidwest-Friesland,Wildfire Occurrence,0,0.15732937064052696,-1.1937094926834106,dry,1
2025-07-01,7,NL125,Zuidwest-Friesland,Wildfire Occurrence,0,0.11563789689414877,-1.2997994422912598,dry,1
2025-08-01,8,NL125,Zuidwest-Friesland,Wildfire Occurrence,0,0.1216388499630865,-1.5020229816436768,dry,1
2025-09-01,9,NL125,Zuidwest-Friesland,Wildfire Occurrence,0,0.019331641697398764,-1.550790548324585,dry,1
2023-12-01,12,NL126,Zuidoost-Friesland,Wildfire Occurrence,0,0.08535263934452032,1.6415513753890991,wet,1
2024-01-01,1,NL126,Zuidoost-Friesland,Wildfire Occurrence,0,0.16802119289166773,1.545999010403951,wet,1
2024-03-01,3,NL126,Zuidoost-Friesland,Wildfire Occurrence,0,0.15018942225025295,1.5629839499791462,wet,1
2024-04-01,4,NL126,Zuidoost-Friesland,Wildfire Occurrence,0,0.22373757200237243,1.7216502825419109,wet,1
2024-05-01,5,NL126,Zuidoost-Friesland,Wildfire Occurrence,0,0.45088454289629915,2.123636484146118,wet,1
2024-06-01,6,NL126,Zuidoost-Friesland,Wildfire Occurrence,0,0.5506522573722555,2.8139727115631104,wet,1
2024-07-01,7,NL126,Zuidoost-Friesland,Wildfire Occurrence,0,0.25999413111595,2.4634934266408286,wet,1
2024-08-01,8,NL126,Zuidoost-Friesland,Wildfire Occurrence,0,0.14210956371907274,2.2954910596211753,wet,1
2024-09-01,9,NL126,Zuidoost-Friesland,Wildfire Occurrence,0,0.0671605507209616,2.6972495714823403,wet,1
2024-10-01,10,NL126,Zuidoost-Friesland,Wildfire Occurrence,0,0.023415632461926388,1.9253834088643391,wet,1
2024-11-01,11,NL126,Zuidoost-Friesland,Wildfire Occurrence,0,0.022518067160587626,1.4363560279210408,wet,1
2024-12-01,12,NL126,Zuidoost-Friesland,Wildfire Occurrence,0,0.021896598248606014,1.123047669728597,wet,1
2025-01-01,1,NL126,Zuidoost-Friesland,Wildfire Occurrence,0,0.03444380935671677,1.0151313543319702,wet,1
2025-02-01,2,NL126,Zuidoost-Friesland,Wildfire Occurrence,0,0.05414865505923161,0.39727561672528583,near_normal,1
2025-03-01,3,NL126,Zuidoost-Friesland,Wildfire Occurrence,1,0.11643146556251556,0.04762745307137569,near_normal,1
2025-04-01,4,NL126,Zuidoost-Friesland,Wildfire Occurrence,0,0.14088376966669872,-0.49264203508694965,near_normal,1
2025-05-01,5,NL126,Zuidoost-Friesland,Wildfire Occurrence,0,0.21363379227722015,-0.9436053037643433,near_normal,1
2025-06-01,6,NL126,Zuidoost-Friesland,Wildfire Occurrence,0,0.2771558546835395,-1.055333097775777,dry,1
2025-07-01,7,NL126,Zuidoost-Friesland,Wildfire Occurrence,0,0.18294664656100712,-1.1487988233566284,dry,1
2025-08-01,8,NL126,Zuidoost-Friesland,Wildfire Occurrence,0,0.25310035774958045,-1.3487204710642497,dry,1
2025-09-01,9,NL126,Zuidoost-Friesland,Wildfire Occurrence,0,0.031988693527137124,-1.5328909953435261,dry,1
2023-12-01,12,NL131,Noord-Drenthe,Wildfire Occurrence,0,0.11300623328516676,1.685130774974823,wet,1
2024-01-01,1,NL131,Noord-Drenthe,Wildfire Occurrence,0,0.18717506716701468,1.625184416770935,wet,1
2024-02-01,2,NL131,Noord-Drenthe,Wildfire Occurrence,0,0.15918803898995765,1.908049762248993,wet,1
2024-03-01,3,NL131,Noord-Drenthe,Wildfire Occurrence,0,0.1818081445139574,1.6074219346046448,wet,1
2024-04-01,4,NL131,Noord-Drenthe,Wildfire Occurrence,0,0.2488521640841155,1.7808722257614136,wet,1
2024-05-01,5,NL131,Noord-Drenthe,Wildfire Occurrence,0,0.474256043291653,2.125525951385498,wet,1
2024-06-01,6,NL131,Noord-Drenthe,Wildfire Occurrence,0,0.5317895043952973,2.8354954719543457,wet,1
2024-07-01,7,NL131,Noord-Drenthe,Wildfire Occurrence,0,0.28843881023836165,2.568251371383667,wet,1
2024-08-01,8,NL131,Noord-Drenthe,Wildfire Occurrence,0,0.1779684056153141,2.437190890312195,wet,1
2024-09-01,9,NL131,Noord-Drenthe,Wildfire Occurrence,0,0.09752970462549283,2.765575647354126,wet,1
2024-10-01,10,NL131,Noord-Drenthe,Wildfire Occurrence,0,0.03227876374646539,1.9603742957115173,wet,1
2024-11-01,11,NL131,Noord-Drenthe,Wildfire Occurrence,0,0.02871157396482672,1.541092872619629,wet,1
2024-12-01,12,NL131,Noord-Drenthe,Wildfire Occurrence,0,0.029189305923227667,1.1613088250160217,wet,1
2025-01-01,1,NL131,Noord-Drenthe,Wildfire Occurrence,0,0.04715021356184968,1.0562910437583923,wet,1
2025-02-01,2,NL131,Noord-Drenthe,Wildfire Occurrence,0,0.06417670312445899,0.4693644195795059,near_normal,1
2025-03-01,3,NL131,Noord-Drenthe,Wildfire Occurrence,0,0.12930948281806995,0.14078162051737309,near_normal,1
2025-04-01,4,NL131,Noord-Drenthe,Wildfire Occurrence,0,0.18486191962735535,-0.37382109463214874,near_normal,1
2025-05-01,5,NL131,Noord-Drenthe,Wildfire Occurrence,0,0.25578465388482596,-0.8759167492389679,near_normal,1
2025-06-01,6,NL131,Noord-Drenthe,Wildfire Occurrence,0,0.34467286910055234,-0.9764733612537384,near_normal,1
2025-07-01,7,NL131,Noord-Drenthe,Wildfire Occurrence,0,0.21797196777295433,-1.0990380644798279,dry,1
2025-08-01,8,NL131,Noord-Drenthe,Wildfire Occurrence,0,0.3051742133457715,-1.2489697933197021,dry,1
2025-09-01,9,NL131,Noord-Drenthe,Wildfire Occurrence,0,0.04444131949682799,-1.4132501482963562,dry,1
2023-12-01,12,NL132,Zuidoost-Drenthe,Wildfire Occurrence,0,0.08139370220237348,1.9405426979064941,wet,1
2024-01-01,1,NL132,Zuidoost-Drenthe,Wildfire Occurrence,0,0.14474480396949238,1.862620234489441,wet,1
2024-02-01,2,NL132,Zuidoost-Drenthe,Wildfire Occurrence,0,0.12396675928817076,2.074225902557373,wet,1
2024-03-01,3,NL132,Zuidoost-Drenthe,Wildfire Occurrence,0,0.13916593061482574,1.7616868019104004,wet,1
2024-04-01,4,NL132,Zuidoost-Drenthe,Wildfire Occurrence,0,0.18078504885570232,1.9577404260635376,wet,1
2024-05-01,5,NL132,Zuidoost-Drenthe,Wildfire Occurrence,0,0.3571504067259185,2.271449089050293,wet,1
2024-06-01,6,NL132,Zuidoost-Drenthe,Wildfire Occurrence,0,0.38983394149975586,2.8965072631835938,wet,1
2024-07-01,7,NL132,Zuidoost-Drenthe,Wildfire Occurrence,0,0.18126728319683585,2.828998327255249,wet,1
2024-08-01,8,NL132,Zuidoost-Drenthe,Wildfire Occurrence,0,0.12420559327909966,2.8166348934173584,wet,1
2024-09-01,9,NL132,Zuidoost-Drenthe,Wildfire Occurrence,0,0.07279499358749779,3.1048576831817627,wet,1
2024-10-01,10,NL132,Zuidoost-Drenthe,Wildfire Occurrence,0,0.02352263656706533,2.167729139328003,wet,1
2024-11-01,11,NL132,Zuidoost-Drenthe,Wildfire Occurrence,0,0.01802142780000175,1.7443439960479736,wet,1
2024-12-01,12,NL132,Zuidoost-Drenthe,Wildfire Occurrence,0,0.01751518847318388,1.2934812307357788,wet,1
2025-01-01,1,NL132,Zuidoost-Drenthe,Wildfire Occurrence,0,0.02826188908692778,1.196232557296753,wet,1
2025-02-01,2,NL132,Zuidoost-Drenthe,Wildfire Occurrence,0,0.039717676488940507,0.622021496295929,near_normal,1
2025-03-01,3,NL132,Zuidoost-Drenthe,Wildfire Occurrence,0,0.11949261838322327,0.29568547010421753,near_normal,1
2025-04-01,4,NL132,Zuidoost-Drenthe,Wildfire Occurrence,0,0.11515483689533065,-0.27435654401779175,near_normal,1
2025-05-01,5,NL132,Zuidoost-Drenthe,Wildfire Occurrence,0,0.16500623474697465,-0.8413411974906921,near_normal,1
2025-06-01,6,NL132,Zuidoost-Drenthe,Wildfire Occurrence,0,0.24531163898825936,-0.9112480282783508,near_normal,1
2025-07-01,7,NL132,Zuidoost-Drenthe,Wildfire Occurrence,0,0.13671594593752032,-1.104096531867981,dry,1
2025-08-01,8,NL132,Zuidoost-Drenthe,Wildfire Occurrence,0,0.21515010016087815,-1.2686371803283691,dry,1
2025-09-01,9,NL132,Zuidoost-Drenthe,Wildfire Occurrence,0,0.03015288061069715,-1.3522844314575195,dry,1
2023-12-01,12,NL133,Zuidwest-Drenthe,Wildfire Occurrence,0,0.12065799676123865,1.7844210863113403,wet,1
2024-01-01,1,NL133,Zuidwest-Drenthe,Wildfire Occurrence,0,0.2581946803305614,1.72472482919693,wet,1
2024-02-01,2,NL133,Zuidwest-Drenthe,Wildfire Occurrence,0,0.17479144994013518,2.0366421341896057,wet,1
2024-03-01,3,NL133,Zuidwest-Drenthe,Wildfire Occurrence,0,0.1888242047535244,1.7058511972427368,wet,1
2024-04-01,4,NL133,Zuidwest-Drenthe,Wildfire Occurrence,0,0.26673248582450737,1.8357419967651367,wet,1
2024-05-01,5,NL133,Zuidwest-Drenthe,Wildfire Occurrence,0,0.47185707706793484,2.266860604286194,wet,1
2024-06-01,6,NL133,Zuidwest-Drenthe,Wildfire Occurrence,0,0.5136993060769157,2.907911777496338,wet,1
2024-07-01,7,NL133,Zuidwest-Drenthe,Wildfire Occurrence,0,0.2770902627721821,2.7513095140457153,wet,1
2024-08-01,8,NL133,Zuidwest-Drenthe,Wildfire Occurrence,0,0.17091705730147422,2.632028818130493,wet,1
2024-09-01,9,NL133,Zuidwest-Drenthe,Wildfire Occurrence,0,0.08389633423190007,3.0397181510925293,wet,1
2024-10-01,10,NL133,Zuidwest-Drenthe,Wildfire Occurrence,0,0.031186820331293125,2.1555556058883667,wet,1
2024-11-01,11,NL133,Zuidwest-Drenthe,Wildfire Occurrence,0,0.02831766154240859,1.7173022627830505,wet,1
2024-12-01,12,NL133,Zuidwest-Drenthe,Wildfire Occurrence,0,0.029863898254236187,1.3606191873550415,wet,1
2025-01-01,1,NL133,Zuidwest-Drenthe,Wildfire Occurrence,0,0.03568219324504147,1.2867012023925781,wet,1
2025-02-01,2,NL133,Zuidwest-Drenthe,Wildfire Occurrence,0,0.060902585731432854,0.6509714722633362,near_normal,1
2025-03-01,3,NL133,Zuidwest-Drenthe,Wildfire Occurrence,0,0.15668807244507596,0.2719087675213814,near_normal,1
2025-04-01,4,NL133,Zuidwest-Drenthe,Wildfire Occurrence,0,0.16150611561096295,-0.26466917246580124,near_normal,1
2025-05-01,5,NL133,Zuidwest-Drenthe,Wildfire Occurrence,0,0.21236698240077992,-0.8783625960350037,near_normal,1
2025-06-01,6,NL133,Zuidwest-Drenthe,Wildfire Occurrence,0,0.31971059269041324,-0.9638475477695465,near_normal,1
2025-07-01,7,NL133,Zuidwest-Drenthe,Wildfire Occurrence,0,0.20617653724776616,-1.0526711344718933,dry,1
2025-08-01,8,NL133,Zuidwest-Drenthe,Wildfire Occurrence,0,0.3126934957986153,-1.2207630276679993,dry,1
2025-09-01,9,NL133,Zuidwest-Drenthe,Wildfire Occurrence,0,0.04301330336725017,-1.363072395324707,dry,1
2023-12-01,12,NL211,Noord-Overijssel,Wildfire Occurrence,0,0.2214557018456086,1.8763700723648071,wet,1
2024-01-01,1,NL211,Noord-Overijssel,Wildfire Occurrence,0,0.41185808781773336,1.8030700087547302,wet,1
2024-02-01,2,NL211,Noord-Overijssel,Wildfire Occurrence,0,0.3052381702619866,2.1056063175201416,wet,1
2024-03-01,3,NL211,Noord-Overijssel,Wildfire Occurrence,0,0.2816674961496846,1.7778285145759583,wet,1
2024-04-01,4,NL211,Noord-Overijssel,Wildfire Occurrence,0,0.4236390575571428,1.8979318737983704,wet,1
2024-05-01,5,NL211,Noord-Overijssel,Wildfire Occurrence,0,0.626032171340973,2.330261468887329,wet,1
2024-06-01,6,NL211,Noord-Overijssel,Wildfire Occurrence,0,0.6655925181407724,2.892736077308655,wet,1
2024-07-01,7,NL211,Noord-Overijssel,Wildfire Occurrence,0,0.3830437446109366,2.926464080810547,wet,1
2024-08-01,8,NL211,Noord-Overijssel,Wildfire Occurrence,0,0.2644944806899872,2.801928162574768,wet,1
2024-09-01,9,NL211,Noord-Overijssel,Wildfire Occurrence,0,0.15534577987667714,3.1640535593032837,wet,1
2024-10-01,10,NL211,Noord-Overijssel,Wildfire Occurrence,0,0.05937186887413214,2.2690484523773193,wet,1
2024-11-01,11,NL211,Noord-Overijssel,Wildfire Occurrence,0,0.05210934510178521,1.8291608691215515,wet,1
2024-12-01,12,NL211,Noord-Overijssel,Wildfire Occurrence,0,0.054634024632142134,1.4506611824035645,wet,1
2025-01-01,1,NL211,Noord-Overijssel,Wildfire Occurrence,0,0.07741299768193585,1.3931864500045776,wet,1
2025-02-01,2,NL211,Noord-Overijssel,Wildfire Occurrence,0,0.10706480475538048,0.753440797328949,near_normal,1
2025-03-01,3,NL211,Noord-Overijssel,Wildfire Occurrence,0,0.24757634746788662,0.3611278682947159,near_normal,1
2025-04-01,4,NL211,Noord-Overijssel,Wildfire Occurrence,0,0.26575960712080504,-0.20052483677864075,near_normal,1
2025-05-01,5,NL211,Noord-Overijssel,Wildfire Occurrence,0,0.3381703926534457,-0.8454030454158783,near_normal,1
2025-06-01,6,NL211,Noord-Overijssel,Wildfire Occurrence,0,0.4667485881122296,-0.9478132128715515,near_normal,1
2025-07-01,7,NL211,Noord-Overijssel,Wildfire Occurrence,0,0.3220115355791647,-1.0653294920921326,dry,1
2025-08-01,8,NL211,Noord-Overijssel,Wildfire Occurrence,0,0.39030015357937103,-1.2702912092208862,dry,1
2025-09-01,9,NL211,Noord-Overijssel,Wildfire Occurrence,0,0.07496790676459401,-1.3825294971466064,dry,1
2023-12-01,12,NL212,Zuidwest-Overijssel,Wildfire Occurrence,0,0.31960655128378124,1.9005659818649292,wet,1
2024-01-01,1,NL212,Zuidwest-Overijssel,Wildfire Occurrence,0,0.5259483170077717,1.8292285203933716,wet,1
2024-02-01,2,NL212,Zuidwest-Overijssel,Wildfire Occurrence,0,0.47732766469352933,2.213228702545166,wet,1
2024-03-01,3,NL212,Zuidwest-Overijssel,Wildfire Occurrence,0,0.42827322798298595,1.849002480506897,wet,1
2024-04-01,4,NL212,Zuidwest-Overijssel,Wildfire Occurrence,0,0.5859497462559624,1.9571956396102905,wet,1
2024-05-01,5,NL212,Zuidwest-Overijssel,Wildfire Occurrence,0,0.7574433387018467,2.3873307704925537,wet,1
2024-06-01,6,NL212,Zuidwest-Overijssel,Wildfire Occurrence,0,0.7833979838132497,2.8320765495300293,wet,1
2024-07-01,7,NL212,Zuidwest-Overijssel,Wildfire Occurrence,0,0.5644204841251595,3.2399985790252686,wet,1
2024-08-01,8,NL212,Zuidwest-Overijssel,Wildfire Occurrence,0,0.3941143521816517,2.890531063079834,wet,1
2024-09-01,9,NL212,Zuidwest-Overijssel,Wildfire Occurrence,0,0.24461414226026673,3.281804084777832,wet,1
2024-10-01,10,NL212,Zuidwest-Overijssel,Wildfire Occurrence,0,0.10563625476452945,2.341593027114868,wet,1
2024-11-01,11,NL212,Zuidwest-Overijssel,Wildfire Occurrence,0,0.0877424825503088,1.9496963024139404,wet,1
2024-12-01,12,NL212,Zuidwest-Overijssel,Wildfire Occurrence,0,0.08899820343088091,1.6000728607177734,wet,1
2025-01-01,1,NL212,Zuidwest-Overijssel,Wildfire Occurrence,0,0.1325338567598373,1.6217764616012573,wet,1
2025-02-01,2,NL212,Zuidwest-Overijssel,Wildfire Occurrence,0,0.19019516316218496,0.9912475943565369,near_normal,1
2025-03-01,3,NL212,Zuidwest-Overijssel,Wildfire Occurrence,0,0.42029545316585887,0.5870882868766785,near_normal,1
2025-04-01,4,NL212,Zuidwest-Overijssel,Wildfire Occurrence,0,0.40911476807113367,-0.03741263225674629,near_normal,1
2025-05-01,5,NL212,Zuidwest-Overijssel,Wildfire Occurrence,0,0.4817213896483963,-0.7523486614227295,near_normal,1
2025-06-01,6,NL212,Zuidwest-Overijssel,Wildfire Occurrence,0,0.5837042898637873,-0.9098113179206848,near_normal,1
2025-07-01,7,NL212,Zuidwest-Overijssel,Wildfire Occurrence,0,0.4281557724734553,-1.0562019348144531,dry,1
2025-08-01,8,NL212,Zuidwest-Overijssel,Wildfire Occurrence,0,0.5118180063617979,-1.332362413406372,dry,1
2025-09-01,9,NL212,Zuidwest-Overijssel,Wildfire Occurrence,0,0.14381459155683307,-1.4136707782745361,dry,1
2023-12-01,12,NL213,Twente,Wildfire Occurrence,0,0.4355758325036377,1.877382477124532,wet,1
2024-01-01,1,NL213,Twente,Wildfire Occurrence,0,0.6730699699319626,1.7741056680679321,wet,1
2024-02-01,2,NL213,Twente,Wildfire Occurrence,0,0.664937870674285,2.1074114640553794,wet,1
2024-03-01,3,NL213,Twente,Wildfire Occurrence,0,0.6466558294540342,1.7495448191960652,wet,1
2024-04-01,4,NL213,Twente,Wildfire Occurrence,0,0.7345516875402314,1.8394211530685425,wet,1
2024-05-01,5,NL213,Twente,Wildfire Occurrence,0,0.8402193683598809,2.2049256960550943,wet,1
2024-06-01,6,NL213,Twente,Wildfire Occurrence,0,0.8669510096466884,2.5858238538106284,wet,1
2024-07-01,7,NL213,Twente,Wildfire Occurrence,0,0.6500316935177407,2.9343260129292807,wet,1
2024-08-01,8,NL213,Twente,Wildfire Occurrence,0,0.5124551521882114,2.6960832277933755,wet,1
2024-09-01,9,NL213,Twente,Wildfire Occurrence,0,0.3954595897404987,3.2426631450653076,wet,1
2024-10-01,10,NL213,Twente,Wildfire Occurrence,0,0.20903017315372774,2.2757716178894043,wet,1
2024-11-01,11,NL213,Twente,Wildfire Occurrence,0,0.16359249112498353,1.856828014055888,wet,1
2024-12-01,12,NL213,Twente,Wildfire Occurrence,0,0.16437725251417537,1.449364145596822,wet,1
2025-01-01,1,NL213,Twente,Wildfire Occurrence,0,0.21583266100393697,1.4633930921554565,wet,1
2025-02-01,2,NL213,Twente,Wildfire Occurrence,1,0.3070690433952589,0.8273681799570719,near_normal,1
2025-03-01,3,NL213,Twente,Wildfire Occurrence,0,0.6458982626233978,0.45466773708661395,near_normal,1
2025-04-01,4,NL213,Twente,Wildfire Occurrence,1,0.557228501188808,-0.08532259364922841,near_normal,1
2025-05-01,5,NL213,Twente,Wildfire Occurrence,0,0.6373324180223101,-0.7380898396174113,near_normal,1
2025-06-01,6,NL213,Twente,Wildfire Occurrence,0,0.7608528292729535,-0.8258537650108337,near_normal,1
2025-07-01,7,NL213,Twente,Wildfire Occurrence,0,0.6427754057941487,-0.9453806678454081,near_normal,1
2025-08-01,8,NL213,Twente,Wildfire Occurrence,0,0.7518256024287413,-1.2185680468877156,dry,1
2025-09-01,9,NL213,Twente,Wildfire Occurrence,0,0.24208111140227165,-1.2572739521662395,dry,1
2023-12-01,12,NL221,Veluwe,Wildfire Occurrence,0,0.34359562497081564,1.9351237614949544,wet,1
2024-01-01,1,NL221,Veluwe,Wildfire Occurrence,0,0.5184832422325307,1.8073323965072632,wet,1
2024-02-01,2,NL221,Veluwe,Wildfire Occurrence,0,0.4626815264443796,2.2413116296132407,wet,1
2024-03-01,3,NL221,Veluwe,Wildfire Occurrence,0,0.4130055023580303,1.8151774009068806,wet,1
2024-04-01,4,NL221,Veluwe,Wildfire Occurrence,0,0.6126467797652574,2.02529247601827,wet,1
2024-05-01,5,NL221,Veluwe,Wildfire Occurrence,0,0.810974536490274,2.5431505044301352,wet,1
2024-06-01,6,NL221,Veluwe,Wildfire Occurrence,0,0.833072514350335,2.9275620778401694,wet,1
2024-07-01,7,NL221,Veluwe,Wildfire Occurrence,0,0.6427778057122904,3.333141009012858,wet,1
2024-08-01,8,NL221,Veluwe,Wildfire Occurrence,0,0.43793913749191177,2.8060739040374756,wet,1
2024-09-01,9,NL221,Veluwe,Wildfire Occurrence,0,0.2710187535807164,3.3057305812835693,wet,1
2024-10-01,10,NL221,Veluwe,Wildfire Occurrence,0,0.10937153292509631,2.3737645149230957,wet,1
2024-11-01,11,NL221,Veluwe,Wildfire Occurrence,0,0.0954915607723313,1.9296060800552368,wet,1
2024-12-01,12,NL221,Veluwe,Wildfire Occurrence,0,0.09724020952728651,1.6137422720591228,wet,1
2025-01-01,1,NL221,Veluwe,Wildfire Occurrence,0,0.15610329154336677,1.6722465356190999,wet,1
2025-02-01,2,NL221,Veluwe,Wildfire Occurrence,0,0.23463251370255342,1.0694556037584941,wet,1
2025-03-01,3,NL221,Veluwe,Wildfire Occurrence,1,0.5495433898506795,0.6522466341654459,near_normal,1
2025-04-01,4,NL221,Veluwe,Wildfire Occurrence,1,0.4486050400356331,-0.03821267498036226,near_normal,1
2025-05-01,5,NL221,Veluwe,Wildfire Occurrence,0,0.47586750215700685,-0.8415002226829529,near_normal,1
2025-06-01,6,NL221,Veluwe,Wildfire Occurrence,0,0.6182498461809697,-0.9649274547894796,near_normal,1
2025-07-01,7,NL221,Veluwe,Wildfire Occurrence,0,0.4666527910380134,-1.1212384700775146,dry,1
2025-08-01,8,NL221,Veluwe,Wildfire Occurrence,0,0.5461172786228657,-1.4766345818837483,dry,1
2025-09-01,9,NL221,Veluwe,Wildfire Occurrence,0,0.13725501337793816,-1.5261424779891968,dry,1
2023-12-01,12,NL224,Zuidwest-Gelderland,Wildfire Occurrence,0,0.15102163529766363,1.9365487098693848,wet,1
2024-01-01,1,NL224,Zuidwest-Gelderland,Wildfire Occurrence,0,0.235355115437017,1.685375452041626,wet,1
2024-02-01,2,NL224,Zuidwest-Gelderland,Wildfire Occurrence,0,0.20476844542223807,2.1737860441207886,wet,1
2024-03-01,3,NL224,Zuidwest-Gelderland,Wildfire Occurrence,0,0.20345857079508647,1.7497069239616394,wet,1
2024-04-01,4,NL224,Zuidwest-Gelderland,Wildfire Occurrence,0,0.36544923175382193,2.014431595802307,wet,1
2024-05-01,5,NL224,Zuidwest-Gelderland,Wildfire Occurrence,0,0.6243743663124532,2.511814832687378,wet,1
2024-06-01,6,NL224,Zuidwest-Gelderland,Wildfire Occurrence,0,0.6451975588751088,2.8723764419555664,wet,1
2024-07-01,7,NL224,Zuidwest-Gelderland,Wildfire Occurrence,0,0.3993091822588141,3.360319137573242,wet,1
2024-08-01,8,NL224,Zuidwest-Gelderland,Wildfire Occurrence,0,0.19500825308498954,2.7078782320022583,wet,1
2024-09-01,9,NL224,Zuidwest-Gelderland,Wildfire Occurrence,0,0.11469176850614306,3.562034487724304,wet,1
2024-10-01,10,NL224,Zuidwest-Gelderland,Wildfire Occurrence,0,0.039056785923807555,2.6191734075546265,wet,1
2024-11-01,11,NL224,Zuidwest-Gelderland,Wildfire Occurrence,0,0.032436972827344195,2.088479518890381,wet,1
2024-12-01,12,NL224,Zuidwest-Gelderland,Wildfire Occurrence,0,0.03151814298193384,1.848576307296753,wet,1
2025-01-01,1,NL224,Zuidwest-Gelderland,Wildfire Occurrence,0,0.0667346344527235,1.9212733507156372,wet,1
2025-02-01,2,NL224,Zuidwest-Gelderland,Wildfire Occurrence,0,0.10079056977081262,1.400187075138092,wet,1
2025-03-01,3,NL224,Zuidwest-Gelderland,Wildfire Occurrence,0,0.3866262687989895,0.972754567861557,near_normal,1
2025-04-01,4,NL224,Zuidwest-Gelderland,Wildfire Occurrence,0,0.21151215973062468,0.29149629175662994,near_normal,1
2025-05-01,5,NL224,Zuidwest-Gelderland,Wildfire Occurrence,0,0.22755055824307308,-0.6283363997936249,near_normal,1
2025-06-01,6,NL224,Zuidwest-Gelderland,Wildfire Occurrence,0,0.3267191084394031,-0.8211278021335602,near_normal,1
2025-07-01,7,NL224,Zuidwest-Gelderland,Wildfire Occurrence,0,0.22330983881925956,-1.0137033462524414,dry,1
2025-08-01,8,NL224,Zuidwest-Gelderland,Wildfire Occurrence,0,0.2372790892914442,-1.4959520101547241,dry,1
2025-09-01,9,NL224,Zuidwest-Gelderland,Wildfire Occurrence,0,0.04453096507271537,-1.5776581168174744,dry,1
2023-12-01,12,NL225,Achterhoek,Wildfire Occurrence,0,0.3437217373959067,1.9582886695861816,wet,1
2024-01-01,1,NL225,Achterhoek,Wildfire Occurrence,0,0.5756022490795711,1.805512011051178,wet,1
2024-02-01,2,NL225,Achterhoek,Wildfire Occurrence,0,0.5650426524464847,2.2859821915626526,wet,1
2024-03-01,3,NL225,Achterhoek,Wildfire Occurrence,0,0.4853123530968115,1.7744671404361725,wet,1
2024-04-01,4,NL225,Achterhoek,Wildfire Occurrence,0,0.6698748441457946,1.8754302561283112,wet,1
2024-05-01,5,NL225,Achterhoek,Wildfire Occurrence,0,0.8088167258143192,2.249455988407135,wet,1
2024-06-01,6,NL225,Achterhoek,Wildfire Occurrence,0,0.841637538777134,2.5028456449508667,wet,1
2024-07-01,7,NL225,Achterhoek,Wildfire Occurrence,0,0.5821324659559611,2.9508511424064636,wet,1
2024-08-01,8,NL225,Achterhoek,Wildfire Occurrence,0,0.3987610457282949,2.5167282819747925,wet,1
2024-09-01,9,NL225,Achterhoek,Wildfire Occurrence,0,0.3120401797106128,3.3198123574256897,wet,1
2024-10-01,10,NL225,Achterhoek,Wildfire Occurrence,0,0.15937678624029206,2.387208878993988,wet,1
2024-11-01,11,NL225,Achterhoek,Wildfire Occurrence,0,0.12008256586248425,1.9416667819023132,wet,1
2024-12-01,12,NL225,Achterhoek,Wildfire Occurrence,0,0.1265995265433552,1.5921784937381744,wet,1
2025-01-01,1,NL225,Achterhoek,Wildfire Occurrence,0,0.17956515765681808,1.7311365902423859,wet,1
2025-02-01,2,NL225,Achterhoek,Wildfire Occurrence,0,0.26021595226028704,1.0746888369321823,wet,1
2025-03-01,3,NL225,Achterhoek,Wildfire Occurrence,0,0.5701605544051807,0.6834009438753128,near_normal,1
2025-04-01,4,NL225,Achterhoek,Wildfire Occurrence,0,0.4683440412081884,0.09695965144783258,near_normal,1
2025-05-01,5,NL225,Achterhoek,Wildfire Occurrence,0,0.5382593284948849,-0.612250030040741,near_normal,1
2025-06-01,6,NL225,Achterhoek,Wildfire Occurrence,0,0.6488200561106708,-0.7061386853456497,near_normal,1
2025-07-01,7,NL225,Achterhoek,Wildfire Occurrence,0,0.5398125055042365,-0.8033000975847244,near_normal,1
2025-08-01,8,NL225,Achterhoek,Wildfire Occurrence,0,0.6805567617787008,-1.172307550907135,dry,1
2025-09-01,9,NL225,Achterhoek,Wildfire Occurrence,0,0.19737479391260462,-1.218297392129898,dry,1
2023-12-01,12,NL226,Arnhem/Nijmegen,Wildfire Occurrence,0,0.22381244059449637,2.0403103033701577,wet,1
2024-01-01,1,NL226,Arnhem/Nijmegen,Wildfire Occurrence,0,0.3967624335852869,1.8382607301076253,wet,1
2024-02-01,2,NL226,Arnhem/Nijmegen,Wildfire Occurrence,0,0.38107218295421114,2.3888396422068277,wet,1
2024-03-01,3,NL226,Arnhem/Nijmegen,Wildfire Occurrence,0,0.3326580867116453,1.8225633303324382,wet,1
2024-04-01,4,NL226,Arnhem/Nijmegen,Wildfire Occurrence,0,0.5408954743572372,2.003558794657389,wet,1
2024-05-01,5,NL226,Arnhem/Nijmegen,Wildfire Occurrence,0,0.7732943322110656,2.5283732414245605,wet,1
2024-06-01,6,NL226,Arnhem/Nijmegen,Wildfire Occurrence,0,0.7960023433683586,2.8170496622721353,wet,1
2024-07-01,7,NL226,Arnhem/Nijmegen,Wildfire Occurrence,0,0.5303507104721384,3.480062961578369,wet,1
2024-08-01,8,NL226,Arnhem/Nijmegen,Wildfire Occurrence,0,0.28710227860825444,2.6924848556518555,wet,1
2024-09-01,9,NL226,Arnhem/Nijmegen,Wildfire Occurrence,0,0.2011771862568872,3.6542739868164062,wet,1
2024-10-01,10,NL226,Arnhem/Nijmegen,Wildfire Occurrence,0,0.09165342618580855,2.6188717683156333,wet,1
2024-11-01,11,NL226,Arnhem/Nijmegen,Wildfire Occurrence,0,0.06819282912451775,2.119877894719442,wet,1
2024-12-01,12,NL226,Arnhem/Nijmegen,Wildfire Occurrence,0,0.06697374827463129,1.8100270827611287,wet,1
2025-01-01,1,NL226,Arnhem/Nijmegen,Wildfire Occurrence,0,0.11711014573912212,1.9685104290644329,wet,1
2025-02-01,2,NL226,Arnhem/Nijmegen,Wildfire Occurrence,0,0.17695367205469315,1.3947044213612874,wet,1
2025-03-01,3,NL226,Arnhem/Nijmegen,Wildfire Occurrence,0,0.4546763836136327,0.9596504171689352,near_normal,1
2025-04-01,4,NL226,Arnhem/Nijmegen,Wildfire Occurrence,0,0.3527128765940746,0.3398151993751526,near_normal,1
2025-05-01,5,NL226,Arnhem/Nijmegen,Wildfire Occurrence,0,0.3471309053932888,-0.5684083700180054,near_normal,1
2025-06-01,6,NL226,Arnhem/Nijmegen,Wildfire Occurrence,0,0.5045423015459151,-0.671301543712616,near_normal,1
2025-07-01,7,NL226,Arnhem/Nijmegen,Wildfire Occurrence,0,0.41120106530202694,-0.846276581287384,near_normal,1
2025-08-01,8,NL226,Arnhem/Nijmegen,Wildfire Occurrence,0,0.42396849092166505,-1.2885345220565796,dry,1
2025-09-01,9,NL226,Arnhem/Nijmegen,Wildfire Occurrence,0,0.11376621925250573,-1.3259549935658772,dry,1
2023-12-01,12,NL230,Flevoland,Wildfire Occurrence,0,0.057229500760311504,1.8151381413141887,wet,1
2024-01-01,1,NL230,Flevoland,Wildfire Occurrence,0,0.09672395829352215,1.6810797452926636,wet,1
2024-02-01,2,NL230,Flevoland,Wildfire Occurrence,0,0.08644692445421463,2.042652944723765,wet,1
2024-03-01,3,NL230,Flevoland,Wildfire Occurrence,0,0.07577509469457029,1.7197583715120952,wet,1
2024-04-01,4,NL230,Flevoland,Wildfire Occurrence,0,0.17834928033889663,1.9411502679189045,wet,1
2024-05-01,5,NL230,Flevoland,Wildfire Occurrence,0,0.3632999883373471,2.439574877421061,wet,1
2024-06-01,6,NL230,Flevoland,Wildfire Occurrence,0,0.39732649013812515,2.9559825658798218,wet,1
2024-07-01,7,NL230,Flevoland,Wildfire Occurrence,0,0.1798010212155679,2.801535407702128,wet,1
2024-08-01,8,NL230,Flevoland,Wildfire Occurrence,0,0.08483013822356575,2.583793560663859,wet,1
2024-09-01,9,NL230,Flevoland,Wildfire Occurrence,0,0.0383592597739686,2.821715792020162,wet,1
2024-10-01,10,NL230,Flevoland,Wildfire Occurrence,0,0.012828291343597517,2.08377875884374,wet,1
2024-11-01,11,NL230,Flevoland,Wildfire Occurrence,0,0.012164074999670794,1.6295397281646729,wet,1
2024-12-01,12,NL230,Flevoland,Wildfire Occurrence,0,0.013285790161972576,1.3571658531824748,wet,1
2025-01-01,1,NL230,Flevoland,Wildfire Occurrence,0,0.024674516995390156,1.31018461783727,wet,1
2025-02-01,2,NL230,Flevoland,Wildfire Occurrence,0,0.04008414770709334,0.681924487153689,near_normal,1
2025-03-01,3,NL230,Flevoland,Wildfire Occurrence,0,0.13804499557038974,0.25594955605144304,near_normal,1
2025-04-01,4,NL230,Flevoland,Wildfire Occurrence,0,0.08572683951021218,-0.42615289986133575,near_normal,1
2025-05-01,5,NL230,Flevoland,Wildfire Occurrence,0,0.10398869131563011,-1.02263805270195,dry,1
2025-06-01,6,NL230,Flevoland,Wildfire Occurrence,0,0.17000136752642386,-1.1407394806543987,dry,1
2025-07-01,7,NL230,Flevoland,Wildfire Occurrence,0,0.10415905333859607,-1.2951755126317341,dry,1
2025-08-01,8,NL230,Flevoland,Wildfire Occurrence,0,0.11138908371916173,-1.5772170821825664,dry,1
2025-09-01,9,NL230,Flevoland,Wildfire Occurrence,0,0.018303792430309464,-1.6643696029980977,dry,1
2023-12-01,12,NL310,Utrecht,Wildfire Occurrence,0,0.3008914911499147,1.8131556908289592,wet,1
2024-01-01,1,NL310,Utrecht,Wildfire Occurrence,0,0.4535323897511164,1.6331657965977986,wet,1
2024-02-01,2,NL310,Utrecht,Wildfire Occurrence,0,0.36285121849000573,2.060304045677185,wet,1
2024-03-01,3,NL310,Utrecht,Wildfire Occurrence,0,0.3280015464219735,1.6860721111297607,wet,1
2024-04-01,4,NL310,Utrecht,Wildfire Occurrence,0,0.564958601220451,1.934793512026469,wet,1
2024-05-01,5,NL310,Utrecht,Wildfire Occurrence,0,0.7785125780064589,2.4599483807881675,wet,1
2024-06-01,6,NL310,Utrecht,Wildfire Occurrence,0,0.8117483549178653,2.8643977642059326,wet,1
2024-07-01,7,NL310,Utrecht,Wildfire Occurrence,0,0.6036835972752809,2.9952971935272217,wet,1
2024-08-01,8,NL310,Utrecht,Wildfire Occurrence,0,0.3919507447343915,2.573964277903239,wet,1
2024-09-01,9,NL310,Utrecht,Wildfire Occurrence,0,0.21107770918165877,2.949850559234619,wet,1
2024-10-01,10,NL310,Utrecht,Wildfire Occurrence,0,0.07806854101047431,2.2675256729125977,wet,1
2024-11-01,11,NL310,Utrecht,Wildfire Occurrence,0,0.07153145061121982,1.8243724505106609,wet,1
2024-12-01,12,NL310,Utrecht,Wildfire Occurrence,0,0.07336220712941374,1.599138617515564,wet,1
2025-01-01,1,NL310,Utrecht,Wildfire Occurrence,0,0.14454177590561043,1.6418602069218953,wet,1
2025-02-01,2,NL310,Utrecht,Wildfire Occurrence,0,0.21077562161617933,1.0959928433100383,wet,1
2025-03-01,3,NL310,Utrecht,Wildfire Occurrence,0,0.5807735223188873,0.6640455524126688,near_normal,1
2025-04-01,4,NL310,Utrecht,Wildfire Occurrence,1,0.37499199185863064,-0.07301297783851624,near_normal,1
2025-05-01,5,NL310,Utrecht,Wildfire Occurrence,0,0.39839023816453367,-0.8883529901504517,near_normal,1
2025-06-01,6,NL310,Utrecht,Wildfire Occurrence,1,0.5214104713819059,-1.0327074925104778,dry,1
2025-07-01,7,NL310,Utrecht,Wildfire Occurrence,0,0.4044992400217386,-1.170036753018697,dry,1
2025-08-01,8,NL310,Utrecht,Wildfire Occurrence,0,0.41090093520686344,-1.5849626461664836,dry,1
2025-09-01,9,NL310,Utrecht,Wildfire Occurrence,0,0.0911583197513729,-1.695322314898173,dry,1
2023-12-01,12,NL321,Kop van Noord-Holland,Wildfire Occurrence,0,0.0995897351775176,1.812544584274292,wet,1
2024-01-01,1,NL321,Kop van Noord-Holland,Wildfire Occurrence,0,0.17868576810466527,1.6329838037490845,wet,1
2024-02-01,2,NL321,Kop van Noord-Holland,Wildfire Occurrence,0,0.17302335785592482,1.9536860883235931,wet,1
2024-03-01,3,NL321,Kop van Noord-Holland,Wildfire Occurrence,0,0.2291243683214409,1.7587225437164307,wet,1
2024-04-01,4,NL321,Kop van Noord-Holland,Wildfire Occurrence,0,0.4284371839095875,2.091783583164215,wet,1
2024-05-01,5,NL321,Kop van Noord-Holland,Wildfire Occurrence,0,0.6186983418111782,2.2810864448547363,wet,1
2024-06-01,6,NL321,Kop van Noord-Holland,Wildfire Occurrence,0,0.7223398258599946,2.7499186396598816,wet,1
2024-07-01,7,NL321,Kop van Noord-Holland,Wildfire Occurrence,0,0.36318755040097844,2.32273006439209,wet,1
2024-08-01,8,NL321,Kop van Noord-Holland,Wildfire Occurrence,0,0.2611778281067984,2.314435124397278,wet,1
2024-09-01,9,NL321,Kop van Noord-Holland,Wildfire Occurrence,0,0.09823925632232024,2.3948420882225037,wet,1
2024-10-01,10,NL321,Kop van Noord-Holland,Wildfire Occurrence,0,0.03899218219884123,1.7925672829151154,wet,1
2024-11-01,11,NL321,Kop van Noord-Holland,Wildfire Occurrence,0,0.03063501227425783,1.154409036040306,wet,1
2024-12-01,12,NL321,Kop van Noord-Holland,Wildfire Occurrence,0,0.039909661970336165,0.8799158334732056,near_normal,1
2025-01-01,1,NL321,Kop van Noord-Holland,Wildfire Occurrence,0,0.07899358873508437,0.7503800988197327,near_normal,1
2025-02-01,2,NL321,Kop van Noord-Holland,Wildfire Occurrence,0,0.1122134755132332,0.1837369699496776,near_normal,1
2025-03-01,3,NL321,Kop van Noord-Holland,Wildfire Occurrence,0,0.25251234584648863,-0.19919294212013483,near_normal,1
2025-04-01,4,NL321,Kop van Noord-Holland,Wildfire Occurrence,0,0.20818741693568768,-0.8529584109783173,near_normal,1
2025-05-01,5,NL321,Kop van Noord-Holland,Wildfire Occurrence,0,0.29297251090992565,-1.0707411617040634,dry,1
2025-06-01,6,NL321,Kop van Noord-Holland,Wildfire Occurrence,0,0.33394796187676845,-1.2265169620513916,dry,1
2025-07-01,7,NL321,Kop van Noord-Holland,Wildfire Occurrence,0,0.257064639969773,-1.3985914885997772,dry,1
2025-08-01,8,NL321,Kop van Noord-Holland,Wildfire Occurrence,0,0.24343559761492303,-1.6699672937393188,dry,1
2025-09-01,9,NL321,Kop van Noord-Holland,Wildfire Occurrence,0,0.054929360905613525,-1.6399725377559662,dry,1
2023-12-01,12,NL323,IJmond,Wildfire Occurrence,0,0.02986460421935648,1.9724016189575195,wet,1
2024-01-01,1,NL323,IJmond,Wildfire Occurrence,0,0.07284655314183397,1.7469192743301392,wet,1
2024-02-01,2,NL323,IJmond,Wildfire Occurrence,0,0.05972220331403294,1.9654667377471924,wet,1
2024-03-01,3,NL323,IJmond,Wildfire Occurrence,0,0.07492001685993951,1.801576018333435,wet,1
2024-04-01,4,NL323,IJmond,Wildfire Occurrence,0,0.19659517453427575,2.1092770099639893,wet,1
2024-05-01,5,NL323,IJmond,Wildfire Occurrence,0,0.3533053001563428,2.3961286544799805,wet,1
2024-06-01,6,NL323,IJmond,Wildfire Occurrence,0,0.4410496680775251,2.795001268386841,wet,1
2024-07-01,7,NL323,IJmond,Wildfire Occurrence,0,0.13709006927005726,2.374518632888794,wet,1
2024-08-01,8,NL323,IJmond,Wildfire Occurrence,0,0.07525234075337497,2.4498143196105957,wet,1
2024-09-01,9,NL323,IJmond,Wildfire Occurrence,0,0.03176130108843616,2.5644779205322266,wet,1
2024-10-01,10,NL323,IJmond,Wildfire Occurrence,0,0.01507118788965562,2.1055748462677,wet,1
2024-11-01,11,NL323,IJmond,Wildfire Occurrence,0,0.009771073141675564,1.2876315116882324,wet,1
2024-12-01,12,NL323,IJmond,Wildfire Occurrence,0,0.013537456041725788,1.054290771484375,wet,1
2025-01-01,1,NL323,IJmond,Wildfire Occurrence,0,0.026294600720046492,0.9302926659584045,near_normal,1
2025-02-01,2,NL323,IJmond,Wildfire Occurrence,0,0.03730745250621961,0.3864094913005829,near_normal,1
2025-03-01,3,NL323,IJmond,Wildfire Occurrence,0,0.1660979953471196,-0.0300010796636343,near_normal,1
2025-04-01,4,NL323,IJmond,Wildfire Occurrence,0,0.06871725745299334,-0.679432213306427,near_normal,1
2025-05-01,5,NL323,IJmond,Wildfire Occurrence,0,0.10292739686381426,-1.0121432542800903,dry,1
2025-06-01,6,NL323,IJmond,Wildfire Occurrence,0,0.15206927335149106,-1.1519043445587158,dry,1
2025-07-01,7,NL323,IJmond,Wildfire Occurrence,0,0.09662277934101662,-1.336739182472229,dry,1
2025-08-01,8,NL323,IJmond,Wildfire Occurrence,0,0.10232025726197858,-1.6172122955322266,dry,1
2025-09-01,9,NL323,IJmond,Wildfire Occurrence,0,0.017684748677600687,-1.5776567459106445,dry,1
2023-12-01,12,NL324,Agglomeratie Haarlem,Wildfire Occurrence,0,0.054289152993652674,1.8669588565826416,wet,1
2024-01-01,1,NL324,Agglomeratie Haarlem,Wildfire Occurrence,0,0.1180699025120429,1.647356390953064,wet,1
2024-02-01,2,NL324,Agglomeratie Haarlem,Wildfire Occurrence,0,0.09548741774982662,1.945382833480835,wet,1
2024-03-01,3,NL324,Agglomeratie Haarlem,Wildfire Occurrence,0,0.11912684186668532,1.7071410417556763,wet,1
2024-04-01,4,NL324,Agglomeratie Haarlem,Wildfire Occurrence,0,0.2483271459363852,1.988879919052124,wet,1
2024-05-01,5,NL324,Agglomeratie Haarlem,Wildfire Occurrence,0,0.4494211840534763,2.4034242630004883,wet,1
2024-06-01,6,NL324,Agglomeratie Haarlem,Wildfire Occurrence,0,0.5161379812367676,2.8238632678985596,wet,1
2024-07-01,7,NL324,Agglomeratie Haarlem,Wildfire Occurrence,0,0.21589945591559756,2.4710593223571777,wet,1
2024-08-01,8,NL324,Agglomeratie Haarlem,Wildfire Occurrence,0,0.11060536406219404,2.520214796066284,wet,1
2024-09-01,9,NL324,Agglomeratie Haarlem,Wildfire Occurrence,0,0.04855787609484553,2.598809242248535,wet,1
2024-10-01,10,NL324,Agglomeratie Haarlem,Wildfire Occurrence,0,0.01890317672709236,2.1641006469726562,wet,1
2024-11-01,11,NL324,Agglomeratie Haarlem,Wildfire Occurrence,0,0.014433383962374065,1.519848108291626,wet,1
2024-12-01,12,NL324,Agglomeratie Haarlem,Wildfire Occurrence,0,0.018573325146534987,1.3313369750976562,wet,1
2025-01-01,1,NL324,Agglomeratie Haarlem,Wildfire Occurrence,0,0.038098232766600126,1.2478913068771362,wet,1
2025-02-01,2,NL324,Agglomeratie Haarlem,Wildfire Occurrence,0,0.05701096019562463,0.668552577495575,near_normal,1
2025-03-01,3,NL324,Agglomeratie Haarlem,Wildfire Occurrence,0,0.2401942867751387,0.24341583251953125,near_normal,1
2025-04-01,4,NL324,Agglomeratie Haarlem,Wildfire Occurrence,0,0.10149999464043974,-0.45443814992904663,near_normal,1
2025-05-01,5,NL324,Agglomeratie Haarlem,Wildfire Occurrence,0,0.1346443147134405,-0.9552810192108154,near_normal,1
2025-06-01,6,NL324,Agglomeratie Haarlem,Wildfire Occurrence,0,0.2183101004917116,-1.0814781188964844,dry,1
2025-07-01,7,NL324,Agglomeratie Haarlem,Wildfire Occurrence,0,0.13828659712490363,-1.2436511516571045,dry,1
2025-08-01,8,NL324,Agglomeratie Haarlem,Wildfire Occurrence,0,0.13067749829721034,-1.534304141998291,dry,1
2025-09-01,9,NL324,Agglomeratie Haarlem,Wildfire Occurrence,0,0.020907293674315302,-1.641973853111267,dry,1
2023-12-01,12,NL325,Zaanstreek,Wildfire Occurrence,0,0.02885229509685646,1.7692939043045044,wet,1
2024-01-01,1,NL325,Zaanstreek,Wildfire Occurrence,0,0.061657750581918955,1.6169030666351318,wet,1
2024-02-01,2,NL325,Zaanstreek,Wildfire Occurrence,0,0.0434815012002033,1.957419753074646,wet,1
2024-03-01,3,NL325,Zaanstreek,Wildfire Occurrence,0,0.04053380400545365,1.6453285217285156,wet,1
2024-04-01,4,NL325,Zaanstreek,Wildfire Occurrence,0,0.11353801786183833,1.9042351245880127,wet,1
2024-05-01,5,NL325,Zaanstreek,Wildfire Occurrence,0,0.2279148631970733,2.3876869678497314,wet,1
2024-06-01,6,NL325,Zaanstreek,Wildfire Occurrence,0,0.31111558503897296,2.875868558883667,wet,1
2024-07-01,7,NL325,Zaanstreek,Wildfire Occurrence,0,0.11243825875303634,2.6098756790161133,wet,1
2024-08-01,8,NL325,Zaanstreek,Wildfire Occurrence,0,0.05500408979413897,2.4586730003356934,wet,1
2024-09-01,9,NL325,Zaanstreek,Wildfire Occurrence,0,0.020335085970375345,2.6439425945281982,wet,1
2024-10-01,10,NL325,Zaanstreek,Wildfire Occurrence,0,0.006536080401725214,2.0523898601531982,wet,1
2024-11-01,11,NL325,Zaanstreek,Wildfire Occurrence,0,0.006284686429272098,1.5562342405319214,wet,1
2024-12-01,12,NL325,Zaanstreek,Wildfire Occurrence,0,0.007692399675128411,1.3256824016571045,wet,1
2025-01-01,1,NL325,Zaanstreek,Wildfire Occurrence,0,0.016161034588982638,1.2905166149139404,wet,1
2025-02-01,2,NL325,Zaanstreek,Wildfire Occurrence,0,0.02403367367390606,0.7351674437522888,near_normal,1
2025-03-01,3,NL325,Zaanstreek,Wildfire Occurrence,0,0.10786751565639757,0.2895616590976715,near_normal,1
2025-04-01,4,NL325,Zaanstreek,Wildfire Occurrence,0,0.04854452463192791,-0.44397521018981934,near_normal,1
2025-05-01,5,NL325,Zaanstreek,Wildfire Occurrence,0,0.061218699680498576,-1.0350122451782227,dry,1
2025-06-01,6,NL325,Zaanstreek,Wildfire Occurrence,0,0.07923710864647196,-1.1691848039627075,dry,1
2025-07-01,7,NL325,Zaanstreek,Wildfire Occurrence,0,0.06053295499003876,-1.3288004398345947,dry,1
2025-08-01,8,NL325,Zaanstreek,Wildfire Occurrence,0,0.052400046717590944,-1.6849058866500854,dry,1
2025-09-01,9,NL325,Zaanstreek,Wildfire Occurrence,0,0.010535645337267883,-1.740875005722046,dry,1
2023-12-01,12,NL327,Het Gooi en Vechtstreek,Wildfire Occurrence,0,0.18025960022973242,1.7685881853103638,wet,1
2024-01-01,1,NL327,Het Gooi en Vechtstreek,Wildfire Occurrence,0,0.3087057715087469,1.636123776435852,wet,1
2024-03-01,3,NL327,Het Gooi en Vechtstreek,Wildfire Occurrence,0,0.20006106509279425,1.6505409479141235,wet,1
2024-04-01,4,NL327,Het Gooi en Vechtstreek,Wildfire Occurrence,0,0.4363318222763778,1.8591419458389282,wet,1
2024-05-01,5,NL327,Het Gooi en Vechtstreek,Wildfire Occurrence,0,0.6519996783048545,2.378713369369507,wet,1
2024-06-01,6,NL327,Het Gooi en Vechtstreek,Wildfire Occurrence,0,0.7039493523243818,2.898977279663086,wet,1
2024-07-01,7,NL327,Het Gooi en Vechtstreek,Wildfire Occurrence,0,0.46399187547205073,2.7814443111419678,wet,1
2024-08-01,8,NL327,Het Gooi en Vechtstreek,Wildfire Occurrence,0,0.2846704642255823,2.4918413162231445,wet,1
2024-09-01,9,NL327,Het Gooi en Vechtstreek,Wildfire Occurrence,0,0.13373356739720388,2.7578084468841553,wet,1
2024-10-01,10,NL327,Het Gooi en Vechtstreek,Wildfire Occurrence,0,0.042852844262430814,2.0412652492523193,wet,1
2024-11-01,11,NL327,Het Gooi en Vechtstreek,Wildfire Occurrence,0,0.042113792413614654,1.6262489557266235,wet,1
2024-12-01,12,NL327,Het Gooi en Vechtstreek,Wildfire Occurrence,0,0.04561752449593425,1.3761451244354248,wet,1
2025-01-01,1,NL327,Het Gooi en Vechtstreek,Wildfire Occurrence,0,0.08880552344994823,1.3592329025268555,wet,1
2025-02-01,2,NL327,Het Gooi en Vechtstreek,Wildfire Occurrence,0,0.14001379732760888,0.8063275814056396,near_normal,1
2025-03-01,3,NL327,Het Gooi en Vechtstreek,Wildfire Occurrence,0,0.33143522443985723,0.35810184478759766,near_normal,1
2025-04-01,4,NL327,Het Gooi en Vechtstreek,Wildfire Occurrence,0,0.2626061225072516,-0.35341763496398926,near_normal,1
2025-05-01,5,NL327,Het Gooi en Vechtstreek,Wildfire Occurrence,0,0.3232213377837344,-1.0387662649154663,dry,1
2025-06-01,6,NL327,Het Gooi en Vechtstreek,Wildfire Occurrence,0,0.3912121955080444,-1.1725388765335083,dry,1
2025-07-01,7,NL327,Het Gooi en Vechtstreek,Wildfire Occurrence,0,0.2959218765119855,-1.3508493900299072,dry,1
2025-08-01,8,NL327,Het Gooi en Vechtstreek,Wildfire Occurrence,0,0.29196994150492334,-1.7118911743164062,dry,1
2025-09-01,9,NL327,Het Gooi en Vechtstreek,Wildfire Occurrence,0,0.0634347094257663,-1.7690833806991577,dry,1
2023-12-01,12,NL328,Alkmaar en omgeving,Wildfire Occurrence,0,0.052677954572766174,1.902960181236267,wet,1
2024-01-01,1,NL328,Alkmaar en omgeving,Wildfire Occurrence,0,0.11093810431089231,1.7100821137428284,wet,1
2024-02-01,2,NL328,Alkmaar en omgeving,Wildfire Occurrence,0,0.09951442359970361,1.9593284130096436,wet,1
2024-03-01,3,NL328,Alkmaar en omgeving,Wildfire Occurrence,0,0.10545420872539586,1.739656686782837,wet,1
2024-04-01,4,NL328,Alkmaar en omgeving,Wildfire Occurrence,0,0.2583757636184252,2.0186948776245117,wet,1
2024-05-01,5,NL328,Alkmaar en omgeving,Wildfire Occurrence,0,0.43996313337782406,2.3344630002975464,wet,1
2024-06-01,6,NL328,Alkmaar en omgeving,Wildfire Occurrence,0,0.551441979480043,2.804568648338318,wet,1
2024-07-01,7,NL328,Alkmaar en omgeving,Wildfire Occurrence,0,0.2197614327839143,2.428522229194641,wet,1
2024-08-01,8,NL328,Alkmaar en omgeving,Wildfire Occurrence,0,0.1214313255891502,2.425881505012512,wet,1
2024-09-01,9,NL328,Alkmaar en omgeving,Wildfire Occurrence,0,0.049718388251124526,2.5760817527770996,wet,1
2024-10-01,10,NL328,Alkmaar en omgeving,Wildfire Occurrence,0,0.019146115867540815,2.0169880390167236,wet,1
2024-11-01,11,NL328,Alkmaar en omgeving,Wildfire Occurrence,0,0.015232187915675368,1.3094255328178406,wet,1
2024-12-01,12,NL328,Alkmaar en omgeving,Wildfire Occurrence,0,0.020189820941494248,1.0511134266853333,wet,1
2025-01-01,1,NL328,Alkmaar en omgeving,Wildfire Occurrence,0,0.03815651865551207,0.9406598210334778,near_normal,1
2025-02-01,2,NL328,Alkmaar en omgeving,Wildfire Occurrence,0,0.0573301554817295,0.40348732471466064,near_normal,1
2025-03-01,3,NL328,Alkmaar en omgeving,Wildfire Occurrence,0,0.15814738631260666,-0.023991535417735577,near_normal,1
2025-04-01,4,NL328,Alkmaar en omgeving,Wildfire Occurrence,0,0.10938763225982057,-0.6851816177368164,near_normal,1
2025-05-01,5,NL328,Alkmaar en omgeving,Wildfire Occurrence,0,0.14396673947216296,-1.0560193061828613,dry,1
2025-06-01,6,NL328,Alkmaar en omgeving,Wildfire Occurrence,0,0.17573673872146994,-1.200132429599762,dry,1
2025-07-01,7,NL328,Alkmaar en omgeving,Wildfire Occurrence,0,0.14127990678626112,-1.380033254623413,dry,1
2025-08-01,8,NL328,Alkmaar en omgeving,Wildfire Occurrence,0,0.14192557473724343,-1.6897867918014526,dry,1
2025-09-01,9,NL328,Alkmaar en omgeving,Wildfire Occurrence,0,0.028694757256524275,-1.6552176475524902,dry,1
2023-12-01,12,NL329,Groot-Amsterdam,Wildfire Occurrence,0,0.0929225214933323,1.7692939043045044,wet,1
2024-01-01,1,NL329,Groot-Amsterdam,Wildfire Occurrence,0,0.17453042188907222,1.6169030666351318,wet,1
2024-02-01,2,NL329,Groot-Amsterdam,Wildfire Occurrence,0,0.14204458673670195,1.957419753074646,wet,1
2024-03-01,3,NL329,Groot-Amsterdam,Wildfire Occurrence,0,0.13222193680315156,1.6453285217285156,wet,1
2024-04-01,4,NL329,Groot-Amsterdam,Wildfire Occurrence,0,0.30206706172259395,1.9042351245880127,wet,1
2024-05-01,5,NL329,Groot-Amsterdam,Wildfire Occurrence,0,0.5069207804802516,2.3876869678497314,wet,1
2024-06-01,6,NL329,Groot-Amsterdam,Wildfire Occurrence,0,0.6090296615637905,2.875868558883667,wet,1
2024-07-01,7,NL329,Groot-Amsterdam,Wildfire Occurrence,0,0.3021284738863072,2.6098756790161133,wet,1
2024-08-01,8,NL329,Groot-Amsterdam,Wildfire Occurrence,0,0.17851501992102708,2.4586730003356934,wet,1
2024-09-01,9,NL329,Groot-Amsterdam,Wildfire Occurrence,0,0.07418506595779885,2.6439425945281982,wet,1
2024-10-01,10,NL329,Groot-Amsterdam,Wildfire Occurrence,0,0.023190568231391546,2.0523898601531982,wet,1
2024-11-01,11,NL329,Groot-Amsterdam,Wildfire Occurrence,0,0.021026300515566507,1.5562342405319214,wet,1
2024-12-01,12,NL329,Groot-Amsterdam,Wildfire Occurrence,0,0.025524855216236667,1.3256824016571045,wet,1
2025-01-01,1,NL329,Groot-Amsterdam,Wildfire Occurrence,0,0.0512973564213705,1.2905166149139404,wet,1
2025-02-01,2,NL329,Groot-Amsterdam,Wildfire Occurrence,1,0.08011399642987777,0.7351674437522888,near_normal,1
2025-03-01,3,NL329,Groot-Amsterdam,Wildfire Occurrence,0,0.266098739783495,0.2895616590976715,near_normal,1
2025-04-01,4,NL329,Groot-Amsterdam,Wildfire Occurrence,0,0.1499198033876134,-0.44397521018981934,near_normal,1
2025-05-01,5,NL329,Groot-Amsterdam,Wildfire Occurrence,0,0.18314695393629224,-1.0350122451782227,dry,1
2025-06-01,6,NL329,Groot-Amsterdam,Wildfire Occurrence,0,0.2492887722584628,-1.1691848039627075,dry,1
2025-07-01,7,NL329,Groot-Amsterdam,Wildfire Occurrence,0,0.17535665196821876,-1.3288004398345947,dry,1
2025-08-01,8,NL329,Groot-Amsterdam,Wildfire Occurrence,0,0.18124499809465078,-1.6849058866500854,dry,1
2025-09-01,9,NL329,Groot-Amsterdam,Wildfire Occurrence,0,0.03209844763810245,-1.740875005722046,dry,1
2023-12-01,12,NL332,Agglomeratie ’s-Gravenhage,Wildfire Occurrence,0,0.10208917401865567,1.7348324060440063,wet,1
2024-01-01,1,NL332,Agglomeratie ’s-Gravenhage,Wildfire Occurrence,0,0.21098057515643837,1.5479464530944824,wet,1
2024-02-01,2,NL332,Agglomeratie ’s-Gravenhage,Wildfire Occurrence,0,0.17471954942140805,1.9152671098709106,wet,1
2024-03-01,3,NL332,Agglomeratie ’s-Gravenhage,Wildfire Occurrence,0,0.208542328098087,1.6138807535171509,wet,1
2024-04-01,4,NL332,Agglomeratie ’s-Gravenhage,Wildfire Occurrence,0,0.3405752730982705,1.7927536964416504,wet,1
2024-05-01,5,NL332,Agglomeratie ’s-Gravenhage,Wildfire Occurrence,0,0.5579492944596992,2.222562551498413,wet,1
2024-06-01,6,NL332,Agglomeratie ’s-Gravenhage,Wildfire Occurrence,0,0.6148859209828239,2.651139974594116,wet,1
2024-07-01,7,NL332,Agglomeratie ’s-Gravenhage,Wildfire Occurrence,0,0.2985100995124575,2.602553367614746,wet,1
2024-08-01,8,NL332,Agglomeratie ’s-Gravenhage,Wildfire Occurrence,0,0.19776048350979583,2.614240884780884,wet,1
2024-09-01,9,NL332,Agglomeratie ’s-Gravenhage,Wildfire Occurrence,0,0.0823597394043299,2.760681390762329,wet,1
2024-10-01,10,NL332,Agglomeratie ’s-Gravenhage,Wildfire Occurrence,0,0.03189440939512733,2.217620849609375,wet,1
2024-11-01,11,NL332,Agglomeratie ’s-Gravenhage,Wildfire Occurrence,0,0.025108896922750024,1.6578664779663086,wet,1
2024-12-01,12,NL332,Agglomeratie ’s-Gravenhage,Wildfire Occurrence,0,0.03151508501701452,1.5298305749893188,wet,1
2025-01-01,1,NL332,Agglomeratie ’s-Gravenhage,Wildfire Occurrence,0,0.05246023590414162,1.4456462860107422,wet,1
2025-02-01,2,NL332,Agglomeratie ’s-Gravenhage,Wildfire Occurrence,0,0.08399026618775512,0.8826550841331482,near_normal,1
2025-03-01,3,NL332,Agglomeratie ’s-Gravenhage,Wildfire Occurrence,0,0.16783794576108327,0.4521176517009735,near_normal,1
2025-04-01,4,NL332,Agglomeratie ’s-Gravenhage,Wildfire Occurrence,0,0.15716496677780997,-0.2299506515264511,near_normal,1
2025-05-01,5,NL332,Agglomeratie ’s-Gravenhage,Wildfire Occurrence,0,0.2006568957552443,-0.8712313175201416,near_normal,1
2025-06-01,6,NL332,Agglomeratie ’s-Gravenhage,Wildfire Occurrence,0,0.3013115188317447,-1.0435134172439575,dry,1
2025-07-01,7,NL332,Agglomeratie ’s-Gravenhage,Wildfire Occurrence,0,0.19738679533878709,-1.2248507738113403,dry,1
2025-08-01,8,NL332,Agglomeratie ’s-Gravenhage,Wildfire Occurrence,0,0.19268881011991473,-1.4840713739395142,dry,1
2025-09-01,9,NL332,Agglomeratie ’s-Gravenhage,Wildfire Occurrence,0,0.029309415344806296,-1.723048210144043,dry,1
2023-12-01,12,NL333,Delft en Westland,Wildfire Occurrence,0,0.43885692803326426,1.6360796689987183,wet,1
2024-01-01,1,NL333,Delft en Westland,Wildfire Occurrence,0,0.5809764966303571,1.4589471817016602,wet,1
2024-02-01,2,NL333,Delft en Westland,Wildfire Occurrence,1,0.5598032184133377,1.889495611190796,wet,1
2024-03-01,3,NL333,Delft en Westland,Wildfire Occurrence,0,0.5178499933676328,1.5272536277770996,wet,1
2024-04-01,4,NL333,Delft en Westland,Wildfire Occurrence,0,0.718704055925245,1.6712430715560913,wet,1
2024-05-01,5,NL333,Delft en Westland,Wildfire Occurrence,0,0.8601792534283041,2.103944778442383,wet,1
2024-06-01,6,NL333,Delft en Westland,Wildfire Occurrence,0,0.8805169688322397,2.5638675689697266,wet,1
2024-07-01,7,NL333,Delft en Westland,Wildfire Occurrence,0,0.6988198784439009,2.8959829807281494,wet,1
2024-08-01,8,NL333,Delft en Westland,Wildfire Occurrence,0,0.5558876362818659,2.653705358505249,wet,1
2024-09-01,9,NL333,Delft en Westland,Wildfire Occurrence,0,0.32467336832897287,2.9503586292266846,wet,1
2024-10-01,10,NL333,Delft en Westland,Wildfire Occurrence,0,0.14432053282854218,2.2567052841186523,wet,1
2024-11-01,11,NL333,Delft en Westland,Wildfire Occurrence,0,0.13779223013057912,1.799555778503418,wet,1
2024-12-01,12,NL333,Delft en Westland,Wildfire Occurrence,0,0.14455365956648866,1.66428804397583,wet,1
2025-01-01,1,NL333,Delft en Westland,Wildfire Occurrence,0,0.23952324089484006,1.640883445739746,wet,1
2025-02-01,2,NL333,Delft en Westland,Wildfire Occurrence,0,0.3203903178309698,1.163700819015503,wet,1
2025-03-01,3,NL333,Delft en Westland,Wildfire Occurrence,0,0.5993625517294893,0.7183709144592285,near_normal,1
2025-04-01,4,NL333,Delft en Westland,Wildfire Occurrence,0,0.5459313311616475,0.003728199517354369,near_normal,1
2025-05-01,5,NL333,Delft en Westland,Wildfire Occurrence,0,0.5660356240871824,-0.8432844877243042,near_normal,1
2025-06-01,6,NL333,Delft en Westland,Wildfire Occurrence,1,0.6186532020209607,-1.0905721187591553,dry,1
2025-07-01,7,NL333,Delft en Westland,Wildfire Occurrence,1,0.5421193118992983,-1.26656973361969,dry,1
2025-08-01,8,NL333,Delft en Westland,Wildfire Occurrence,0,0.6069223809663544,-1.6068077087402344,dry,1
2025-09-01,9,NL333,Delft en Westland,Wildfire Occurrence,0,0.15204239673354414,-1.8662478923797607,dry,1
2023-12-01,12,NL337,Agglomeratie Leiden en Bollenstreek,Wildfire Occurrence,0,0.2084780713317047,1.7106456756591797,wet,1
2024-01-01,1,NL337,Agglomeratie Leiden en Bollenstreek,Wildfire Occurrence,0,0.35484675827445805,1.5254942178726196,wet,1
2024-02-01,2,NL337,Agglomeratie Leiden en Bollenstreek,Wildfire Occurrence,0,0.29320224470068906,1.930662751197815,wet,1
2024-03-01,3,NL337,Agglomeratie Leiden en Bollenstreek,Wildfire Occurrence,0,0.30511774562211635,1.600808024406433,wet,1
2024-04-01,4,NL337,Agglomeratie Leiden en Bollenstreek,Wildfire Occurrence,0,0.4940273986636689,1.8393596410751343,wet,1
2024-05-01,5,NL337,Agglomeratie Leiden en Bollenstreek,Wildfire Occurrence,0,0.7111699864993327,2.308445453643799,wet,1
2024-06-01,6,NL337,Agglomeratie Leiden en Bollenstreek,Wildfire Occurrence,0,0.7654344309973146,2.742405891418457,wet,1
2024-07-01,7,NL337,Agglomeratie Leiden en Bollenstreek,Wildfire Occurrence,0,0.48046728459554006,2.7151103019714355,wet,1
2024-08-01,8,NL337,Agglomeratie Leiden en Bollenstreek,Wildfire Occurrence,0,0.3539921506056017,2.554049253463745,wet,1
2024-09-01,9,NL337,Agglomeratie Leiden en Bollenstreek,Wildfire Occurrence,0,0.15372053213094514,2.7597999572753906,wet,1
2024-10-01,10,NL337,Agglomeratie Leiden en Bollenstreek,Wildfire Occurrence,0,0.05941687069518026,2.198561906814575,wet,1
2024-11-01,11,NL337,Agglomeratie Leiden en Bollenstreek,Wildfire Occurrence,0,0.04850403937116169,1.7335660457611084,wet,1
2024-12-01,12,NL337,Agglomeratie Leiden en Bollenstreek,Wildfire Occurrence,0,0.05512119314537964,1.5648200511932373,wet,1
2025-01-01,1,NL337,Agglomeratie Leiden en Bollenstreek,Wildfire Occurrence,0,0.10412919032642409,1.5522692203521729,wet,1
2025-02-01,2,NL337,Agglomeratie Leiden en Bollenstreek,Wildfire Occurrence,0,0.1547495544917053,1.016635775566101,wet,1
2025-03-01,3,NL337,Agglomeratie Leiden en Bollenstreek,Wildfire Occurrence,0,0.29780443382398436,0.5903820991516113,near_normal,1
2025-04-01,4,NL337,Agglomeratie Leiden en Bollenstreek,Wildfire Occurrence,0,0.27706269206347955,-0.16400562226772308,near_normal,1
2025-05-01,5,NL337,Agglomeratie Leiden en Bollenstreek,Wildfire Occurrence,0,0.3196930106625947,-0.8812072277069092,near_normal,1
2025-06-01,6,NL337,Agglomeratie Leiden en Bollenstreek,Wildfire Occurrence,0,0.45510826382632086,-1.0348807573318481,dry,1
2025-07-01,7,NL337,Agglomeratie Leiden en Bollenstreek,Wildfire Occurrence,0,0.3224161421465165,-1.1747100353240967,dry,1
2025-08-01,8,NL337,Agglomeratie Leiden en Bollenstreek,Wildfire Occurrence,0,0.32721880597324704,-1.5170913934707642,dry,1
2025-09-01,9,NL337,Agglomeratie Leiden en Bollenstreek,Wildfire Occurrence,0,0.055266947382460366,-1.738526463508606,dry,1
2023-12-01,12,NL33A,Zuidoost-Zuid-Holland,Wildfire Occurrence,0,0.12477664137172095,1.735690951347351,wet,1
2024-01-01,1,NL33A,Zuidoost-Zuid-Holland,Wildfire Occurrence,0,0.1878342184569362,1.5022345781326294,wet,1
2024-02-01,2,NL33A,Zuidoost-Zuid-Holland,Wildfire Occurrence,0,0.15289332363877994,1.9734735488891602,wet,1
2024-03-01,3,NL33A,Zuidoost-Zuid-Holland,Wildfire Occurrence,0,0.13748208850462862,1.6091928482055664,wet,1
2024-04-01,4,NL33A,Zuidoost-Zuid-Holland,Wildfire Occurrence,0,0.3006358595651376,1.869387149810791,wet,1
2024-05-01,5,NL33A,Zuidoost-Zuid-Holland,Wildfire Occurrence,0,0.518723966798203,2.296041488647461,wet,1
2024-06-01,6,NL33A,Zuidoost-Zuid-Holland,Wildfire Occurrence,0,0.5423941414676916,2.7406914234161377,wet,1
2024-07-01,7,NL33A,Zuidoost-Zuid-Holland,Wildfire Occurrence,0,0.31352356450960267,3.1620676517486572,wet,1
2024-08-01,8,NL33A,Zuidoost-Zuid-Holland,Wildfire Occurrence,0,0.14670220912420362,2.5882296562194824,wet,1
2024-09-01,9,NL33A,Zuidoost-Zuid-Holland,Wildfire Occurrence,0,0.08519872732852789,3.196017026901245,wet,1
2024-10-01,10,NL33A,Zuidoost-Zuid-Holland,Wildfire Occurrence,0,0.028922849352891352,2.4383902549743652,wet,1
2024-11-01,11,NL33A,Zuidoost-Zuid-Holland,Wildfire Occurrence,0,0.023203036933416965,1.9545094966888428,wet,1
2024-12-01,12,NL33A,Zuidoost-Zuid-Holland,Wildfire Occurrence,0,0.02455691724504528,1.7752925157546997,wet,1
2025-01-01,1,NL33A,Zuidoost-Zuid-Holland,Wildfire Occurrence,0,0.051125286069387585,1.8329216241836548,wet,1
2025-02-01,2,NL33A,Zuidoost-Zuid-Holland,Wildfire Occurrence,0,0.07941601953813518,1.3434903621673584,wet,1
2025-03-01,3,NL33A,Zuidoost-Zuid-Holland,Wildfire Occurrence,0,0.2555760053447038,0.9254148006439209,near_normal,1
2025-04-01,4,NL33A,Zuidoost-Zuid-Holland,Wildfire Occurrence,0,0.15955224039219953,0.18472331762313843,near_normal,1
2025-05-01,5,NL33A,Zuidoost-Zuid-Holland,Wildfire Occurrence,0,0.17220575858024584,-0.6993400454521179,near_normal,1
2025-06-01,6,NL33A,Zuidoost-Zuid-Holland,Wildfire Occurrence,0,0.24124313399789807,-0.928616464138031,near_normal,1
2025-07-01,7,NL33A,Zuidoost-Zuid-Holland,Wildfire Occurrence,0,0.1734178780112824,-1.0900894403457642,dry,1
2025-08-01,8,NL33A,Zuidoost-Zuid-Holland,Wildfire Occurrence,0,0.18384635394736484,-1.5483509302139282,dry,1
2025-09-01,9,NL33A,Zuidoost-Zuid-Holland,Wildfire Occurrence,0,0.032924932872533216,-1.7110259532928467,dry,1
2023-12-01,12,NL33B,Oost-Zuid-Holland,Wildfire Occurrence,0,0.04487872364638612,1.7106456756591797,wet,1
2024-01-01,1,NL33B,Oost-Zuid-Holland,Wildfire Occurrence,0,0.08585702845491995,1.5254942178726196,wet,1
2024-02-01,2,NL33B,Oost-Zuid-Holland,Wildfire Occurrence,0,0.05983901403905358,1.930662751197815,wet,1
2024-03-01,3,NL33B,Oost-Zuid-Holland,Wildfire Occurrence,0,0.06969824965096678,1.600808024406433,wet,1
2024-04-01,4,NL33B,Oost-Zuid-Holland,Wildfire Occurrence,0,0.14417380268166283,1.8393596410751343,wet,1
2024-05-01,5,NL33B,Oost-Zuid-Holland,Wildfire Occurrence,0,0.29778107362228384,2.308445453643799,wet,1
2024-06-01,6,NL33B,Oost-Zuid-Holland,Wildfire Occurrence,0,0.3463344494928075,2.742405891418457,wet,1
2024-07-01,7,NL33B,Oost-Zuid-Holland,Wildfire Occurrence,0,0.14024816484455993,2.7151103019714355,wet,1
2024-08-01,8,NL33B,Oost-Zuid-Holland,Wildfire Occurrence,0,0.07356679177153717,2.554049253463745,wet,1
2024-09-01,9,NL33B,Oost-Zuid-Holland,Wildfire Occurrence,0,0.031180087950105302,2.7597999572753906,wet,1
2024-10-01,10,NL33B,Oost-Zuid-Holland,Wildfire Occurrence,0,0.010128145385317535,2.198561906814575,wet,1
2024-11-01,11,NL33B,Oost-Zuid-Holland,Wildfire Occurrence,0,0.00857729012101837,1.7335660457611084,wet,1
2024-12-01,12,NL33B,Oost-Zuid-Holland,Wildfire Occurrence,0,0.010103291983889423,1.5648200511932373,wet,1
2025-01-01,1,NL33B,Oost-Zuid-Holland,Wildfire Occurrence,0,0.020274397726876888,1.5522692203521729,wet,1
2025-02-01,2,NL33B,Oost-Zuid-Holland,Wildfire Occurrence,0,0.031579737172346245,1.016635775566101,wet,1
2025-03-01,3,NL33B,Oost-Zuid-Holland,Wildfire Occurrence,0,0.09429611988556001,0.5903820991516113,near_normal,1
2025-04-01,4,NL33B,Oost-Zuid-Holland,Wildfire Occurrence,0,0.06252187100626545,-0.16400562226772308,near_normal,1
2025-05-01,5,NL33B,Oost-Zuid-Holland,Wildfire Occurrence,0,0.0715145101009963,-0.8812072277069092,near_normal,1
2025-06-01,6,NL33B,Oost-Zuid-Holland,Wildfire Occurrence,0,0.10462104700561789,-1.0348807573318481,dry,1
2025-07-01,7,NL33B,Oost-Zuid-Holland,Wildfire Occurrence,0,0.07441289989622948,-1.1747100353240967,dry,1
2025-08-01,8,NL33B,Oost-Zuid-Holland,Wildfire Occurrence,0,0.07602166429324707,-1.5170913934707642,dry,1
2025-09-01,9,NL33B,Oost-Zuid-Holland,Wildfire Occurrence,0,0.011895271974944811,-1.738526463508606,dry,1
2023-12-01,12,NL33C,Groot-Rijnmond,Wildfire Occurrence,0,0.1916026187244486,1.663238803545634,wet,1
2024-01-01,1,NL33C,Groot-Rijnmond,Wildfire Occurrence,0,0.30512157920419986,1.481999437014262,wet,1
2024-02-01,2,NL33C,Groot-Rijnmond,Wildfire Occurrence,0,0.2686962294007411,1.9045462608337402,wet,1
2024-03-01,3,NL33C,Groot-Rijnmond,Wildfire Occurrence,0,0.2571378707004591,1.55764905611674,wet,1
2024-04-01,4,NL33C,Groot-Rijnmond,Wildfire Occurrence,0,0.4477044634800952,1.7358837127685547,wet,1
2024-05-01,5,NL33C,Groot-Rijnmond,Wildfire Occurrence,0,0.6637332461044209,2.1709097226460776,wet,1
2024-06-01,6,NL33C,Groot-Rijnmond,Wildfire Occurrence,0,0.6939971958527086,2.626691977183024,wet,1
2024-07-01,7,NL33C,Groot-Rijnmond,Wildfire Occurrence,0,0.42407638946300924,2.903880516688029,wet,1
2024-08-01,8,NL33C,Groot-Rijnmond,Wildfire Occurrence,0,0.2709948069851548,2.6491270065307617,wet,1
2024-09-01,9,NL33C,Groot-Rijnmond,Wildfire Occurrence,0,0.1262908292429406,2.9472951889038086,wet,1
2024-10-01,10,NL33C,Groot-Rijnmond,Wildfire Occurrence,0,0.049313940248515015,2.2849376996358237,wet,1
2024-11-01,11,NL33C,Groot-Rijnmond,Wildfire Occurrence,0,0.045039247156684704,1.8019837141036987,wet,1
2024-12-01,12,NL33C,Groot-Rijnmond,Wildfire Occurrence,0,0.05106437796286486,1.676819920539856,wet,1
2025-01-01,1,NL33C,Groot-Rijnmond,Wildfire Occurrence,0,0.09148713230071318,1.6513664722442627,wet,1
2025-02-01,2,NL33C,Groot-Rijnmond,Wildfire Occurrence,0,0.13326103361732053,1.1506803433100383,wet,1
2025-03-01,3,NL33C,Groot-Rijnmond,Wildfire Occurrence,0,0.3150508058681573,0.7058199445406595,near_normal,1
2025-04-01,4,NL33C,Groot-Rijnmond,Wildfire Occurrence,0,0.2536594685825492,-0.012301225292806825,near_normal,1
2025-05-01,5,NL33C,Groot-Rijnmond,Wildfire Occurrence,0,0.27643653073390717,-0.8446452021598816,near_normal,1
2025-06-01,6,NL33C,Groot-Rijnmond,Wildfire Occurrence,0,0.33928093439912693,-1.0734885931015015,dry,1
2025-07-01,7,NL33C,Groot-Rijnmond,Wildfire Occurrence,0,0.2657452476909353,-1.2388241688410442,dry,1
2025-08-01,8,NL33C,Groot-Rijnmond,Wildfire Occurrence,0,0.3206105214269659,-1.566239356994629,dry,1
2025-09-01,9,NL33C,Groot-Rijnmond,Wildfire Occurrence,0,0.055370389407933575,-1.825290282567342,dry,1
2023-12-01,12,NL341,Zeeuwsch-Vlaanderen,Wildfire Occurrence,0,0.09461007524639263,1.332913875579834,wet,1
2024-01-01,1,NL341,Zeeuwsch-Vlaanderen,Wildfire Occurrence,0,0.179642481862202,1.0990768671035767,wet,1
2024-02-01,2,NL341,Zeeuwsch-Vlaanderen,Wildfire Occurrence,0,0.13804435888949693,1.6654661893844604,wet,1
2024-03-01,3,NL341,Zeeuwsch-Vlaanderen,Wildfire Occurrence,0,0.17917741361895057,1.4342957735061646,wet,1
2024-04-01,4,NL341,Zeeuwsch-Vlaanderen,Wildfire Occurrence,0,0.3476113618786346,1.72164386510849,wet,1
2024-05-01,5,NL341,Zeeuwsch-Vlaanderen,Wildfire Occurrence,0,0.5985717878320671,2.0468907356262207,wet,1
2024-06-01,6,NL341,Zeeuwsch-Vlaanderen,Wildfire Occurrence,0,0.5045944752885374,2.511785864830017,wet,1
2024-07-01,7,NL341,Zeeuwsch-Vlaanderen,Wildfire Occurrence,0,0.22327739937939556,2.5947717428207397,wet,1
2024-08-01,8,NL341,Zeeuwsch-Vlaanderen,Wildfire Occurrence,0,0.11358655794589308,2.2865796089172363,wet,1
2024-09-01,9,NL341,Zeeuwsch-Vlaanderen,Wildfire Occurrence,0,0.06187560156636213,2.4733811616897583,wet,1
2024-10-01,10,NL341,Zeeuwsch-Vlaanderen,Wildfire Occurrence,0,0.04212109701934447,2.181926131248474,wet,1
2024-11-01,11,NL341,Zeeuwsch-Vlaanderen,Wildfire Occurrence,0,0.029530625740511487,1.6795973777770996,wet,1
2024-12-01,12,NL341,Zeeuwsch-Vlaanderen,Wildfire Occurrence,0,0.03772978649071924,1.661611557006836,wet,1
2025-01-01,1,NL341,Zeeuwsch-Vlaanderen,Wildfire Occurrence,0,0.06272406469914983,1.6901467442512512,wet,1
2025-02-01,2,NL341,Zeeuwsch-Vlaanderen,Wildfire Occurrence,1,0.08800450001858459,1.1577122211456299,wet,1
2025-03-01,3,NL341,Zeeuwsch-Vlaanderen,Wildfire Occurrence,0,0.30477621383279124,0.565402165055275,near_normal,1
2025-04-01,4,NL341,Zeeuwsch-Vlaanderen,Wildfire Occurrence,1,0.18774715323279756,-0.27620716392993927,near_normal,1
2025-05-01,5,NL341,Zeeuwsch-Vlaanderen,Wildfire Occurrence,0,0.1590163810461942,-1.0510993003845215,dry,1
2025-06-01,6,NL341,Zeeuwsch-Vlaanderen,Wildfire Occurrence,0,0.20452895280583622,-1.2060883045196533,dry,1
2025-07-01,7,NL341,Zeeuwsch-Vlaanderen,Wildfire Occurrence,0,0.1991971714481957,-1.3016448020935059,dry,1
2025-08-01,8,NL341,Zeeuwsch-Vlaanderen,Wildfire Occurrence,0,0.24053241930188096,-1.7224125266075134,dry,1
2025-09-01,9,NL341,Zeeuwsch-Vlaanderen,Wildfire Occurrence,0,0.0358799034746957,-2.1238150596618652,dry,1
2023-12-01,12,NL342,Overig Zeeland,Wildfire Occurrence,0,0.13612845853113084,1.5336954593658447,wet,1
2024-01-01,1,NL342,Overig Zeeland,Wildfire Occurrence,0,0.22653714041305778,1.3286210298538208,wet,1
2024-02-01,2,NL342,Overig Zeeland,Wildfire Occurrence,0,0.19612957697078315,1.7934848070144653,wet,1
2024-03-01,3,NL342,Overig Zeeland,Wildfire Occurrence,0,0.193163859832654,1.4659996032714844,wet,1
2024-04-01,4,NL342,Overig Zeeland,Wildfire Occurrence,0,0.3654126197244633,1.6179192066192627,wet,1
2024-05-01,5,NL342,Overig Zeeland,Wildfire Occurrence,0,0.5851824011788913,2.0807783603668213,wet,1
2024-06-01,6,NL342,Overig Zeeland,Wildfire Occurrence,0,0.5903876085449666,2.572701930999756,wet,1
2024-07-01,7,NL342,Overig Zeeland,Wildfire Occurrence,0,0.3245736050268696,2.9837281703948975,wet,1
2024-08-01,8,NL342,Overig Zeeland,Wildfire Occurrence,0,0.16673128254575795,2.67411470413208,wet,1
2024-09-01,9,NL342,Overig Zeeland,Wildfire Occurrence,0,0.08715499211285095,2.8608145713806152,wet,1
2024-10-01,10,NL342,Overig Zeeland,Wildfire Occurrence,0,0.03961516580697915,2.296290636062622,wet,1
2024-11-01,11,NL342,Overig Zeeland,Wildfire Occurrence,0,0.03320623113909366,1.8551033735275269,wet,1
2024-12-01,12,NL342,Overig Zeeland,Wildfire Occurrence,0,0.04023883339999274,1.8005717992782593,wet,1
2025-01-01,1,NL342,Overig Zeeland,Wildfire Occurrence,0,0.06826427038150011,1.798425555229187,wet,1
2025-02-01,2,NL342,Overig Zeeland,Wildfire Occurrence,0,0.09886060970794669,1.329056739807129,wet,1
2025-03-01,3,NL342,Overig Zeeland,Wildfire Occurrence,0,0.26482056828970113,0.8654971122741699,near_normal,1
2025-04-01,4,NL342,Overig Zeeland,Wildfire Occurrence,0,0.22419413753218867,0.127136692404747,near_normal,1
2025-05-01,5,NL342,Overig Zeeland,Wildfire Occurrence,0,0.20765097977032826,-0.8692893981933594,near_normal,1
2025-06-01,6,NL342,Overig Zeeland,Wildfire Occurrence,0,0.23286763562674365,-1.1390583515167236,dry,1
2025-07-01,7,NL342,Overig Zeeland,Wildfire Occurrence,0,0.19128064086058436,-1.3374229669570923,dry,1
2025-08-01,8,NL342,Overig Zeeland,Wildfire Occurrence,0,0.259268080246711,-1.7264788150787354,dry,1
2025-09-01,9,NL342,Overig Zeeland,Wildfire Occurrence,0,0.03869718126214565,-2.0268850326538086,dry,1
2023-12-01,12,NL411,West-Noord-Brabant,Wildfire Occurrence,0,0.3943739190365764,1.6965256333351135,wet,1
2024-01-01,1,NL411,West-Noord-Brabant,Wildfire Occurrence,0,0.506192311597368,1.4279340207576752,wet,1
2024-02-01,2,NL411,West-Noord-Brabant,Wildfire Occurrence,0,0.48897433562417575,1.9115989208221436,wet,1
2024-03-01,3,NL411,West-Noord-Brabant,Wildfire Occurrence,0,0.48590765124793234,1.5701760351657867,wet,1
2024-04-01,4,NL411,West-Noord-Brabant,Wildfire Occurrence,0,0.7090243103290108,1.794410079717636,wet,1
2024-05-01,5,NL411,West-Noord-Brabant,Wildfire Occurrence,0,0.8642903112598401,2.1759976744651794,wet,1
2024-06-01,6,NL411,West-Noord-Brabant,Wildfire Occurrence,0,0.8553540026203451,2.6817938685417175,wet,1
2024-07-01,7,NL411,West-Noord-Brabant,Wildfire Occurrence,0,0.6833336312658093,3.1869431138038635,wet,1
2024-08-01,8,NL411,West-Noord-Brabant,Wildfire Occurrence,0,0.45432589218733865,2.5752928256988525,wet,1
2024-09-01,9,NL411,West-Noord-Brabant,Wildfire Occurrence,0,0.3237731744081226,3.2261340022087097,wet,1
2024-10-01,10,NL411,West-Noord-Brabant,Wildfire Occurrence,0,0.14737027489999852,2.4958202242851257,wet,1
2024-11-01,11,NL411,West-Noord-Brabant,Wildfire Occurrence,0,0.1223668142202832,1.9934806823730469,wet,1
2024-12-01,12,NL411,West-Noord-Brabant,Wildfire Occurrence,0,0.1305469261900404,1.8938453793525696,wet,1
2025-01-01,1,NL411,West-Noord-Brabant,Wildfire Occurrence,0,0.24887738269083637,1.9489366114139557,wet,1
2025-02-01,2,NL411,West-Noord-Brabant,Wildfire Occurrence,0,0.3202720959426204,1.4912947714328766,wet,1
2025-03-01,3,NL411,West-Noord-Brabant,Wildfire Occurrence,0,0.6127744773123571,1.0794287621974945,wet,1
2025-04-01,4,NL411,West-Noord-Brabant,Wildfire Occurrence,0,0.5205175037680554,0.3902544379234314,near_normal,1
2025-05-01,5,NL411,West-Noord-Brabant,Wildfire Occurrence,0,0.5385016177481655,-0.6107541918754578,near_normal,1
2025-06-01,6,NL411,West-Noord-Brabant,Wildfire Occurrence,0,0.6086861637675056,-0.9553556591272354,near_normal,1
2025-07-01,7,NL411,West-Noord-Brabant,Wildfire Occurrence,0,0.5087174814088391,-1.197560876607895,dry,1
2025-08-01,8,NL411,West-Noord-Brabant,Wildfire Occurrence,0,0.5889427316737124,-1.7818401753902435,dry,1
2025-09-01,9,NL411,West-Noord-Brabant,Wildfire Occurrence,0,0.14254434026071422,-1.944325178861618,dry,1
2023-12-01,12,NL412,Midden-Noord-Brabant,Wildfire Occurrence,0,0.4338575901486165,1.8568886518478394,wet,1
2024-01-01,1,NL412,Midden-Noord-Brabant,Wildfire Occurrence,0,0.5495732276156907,1.5439085960388184,wet,1
2024-02-01,2,NL412,Midden-Noord-Brabant,Wildfire Occurrence,0,0.550667599938092,2.0561699867248535,wet,1
2024-03-01,3,NL412,Midden-Noord-Brabant,Wildfire Occurrence,0,0.5500102640118254,1.6683708429336548,wet,1
2024-04-01,4,NL412,Midden-Noord-Brabant,Wildfire Occurrence,0,0.7449764814193836,1.9227519035339355,wet,1
2024-05-01,5,NL412,Midden-Noord-Brabant,Wildfire Occurrence,0,0.8926826752683505,2.350119113922119,wet,1
2024-06-01,6,NL412,Midden-Noord-Brabant,Wildfire Occurrence,0,0.8949106270719299,2.7400357723236084,wet,1
2024-07-01,7,NL412,Midden-Noord-Brabant,Wildfire Occurrence,0,0.7501704322547382,3.3474960327148438,wet,1
2024-08-01,8,NL412,Midden-Noord-Brabant,Wildfire Occurrence,0,0.498110909480561,2.595762252807617,wet,1
2024-09-01,9,NL412,Midden-Noord-Brabant,Wildfire Occurrence,0,0.3731407730271824,3.8588836193084717,wet,1
2024-10-01,10,NL412,Midden-Noord-Brabant,Wildfire Occurrence,0,0.17465456261674261,2.767239809036255,wet,1
2024-11-01,11,NL412,Midden-Noord-Brabant,Wildfire Occurrence,0,0.1358998496035124,2.2039122581481934,wet,1
2024-12-01,12,NL412,Midden-Noord-Brabant,Wildfire Occurrence,0,0.14135797666076033,2.016164541244507,wet,1
2025-01-01,1,NL412,Midden-Noord-Brabant,Wildfire Occurrence,0,0.28666102598001547,2.0861504077911377,wet,1
2025-02-01,2,NL412,Midden-Noord-Brabant,Wildfire Occurrence,0,0.37237723682909324,1.595111608505249,wet,1
2025-03-01,3,NL412,Midden-Noord-Brabant,Wildfire Occurrence,0,0.7030884898123497,1.174560785293579,wet,1
2025-04-01,4,NL412,Midden-Noord-Brabant,Wildfire Occurrence,0,0.5755197043430607,0.5439844131469727,near_normal,1
2025-05-01,5,NL412,Midden-Noord-Brabant,Wildfire Occurrence,0,0.5928100392789862,-0.45212289690971375,near_normal,1
2025-06-01,6,NL412,Midden-Noord-Brabant,Wildfire Occurrence,0,0.6762814624472487,-0.7468729019165039,near_normal,1
2025-07-01,7,NL412,Midden-Noord-Brabant,Wildfire Occurrence,0,0.5513361660558225,-1.0836814641952515,dry,1
2025-08-01,8,NL412,Midden-Noord-Brabant,Wildfire Occurrence,0,0.6107446835271974,-1.6820485591888428,dry,1
2025-09-01,9,NL412,Midden-Noord-Brabant,Wildfire Occurrence,0,0.18070702383452672,-1.6659215688705444,dry,1
2023-12-01,12,NL413,Noordoost-Noord-Brabant,Wildfire Occurrence,0,0.4287217465453858,2.005632162094116,wet,1
2024-01-01,1,NL413,Noordoost-Noord-Brabant,Wildfire Occurrence,0,0.617754535899958,1.7263375918070476,wet,1
2024-02-01,2,NL413,Noordoost-Noord-Brabant,Wildfire Occurrence,0,0.6252692012240432,2.301957845687866,wet,1
2024-03-01,3,NL413,Noordoost-Noord-Brabant,Wildfire Occurrence,0,0.6327884699222943,1.7595105568567913,wet,1
2024-04-01,4,NL413,Noordoost-Noord-Brabant,Wildfire Occurrence,0,0.7759518434713263,1.9506117502848308,wet,1
2024-05-01,5,NL413,Noordoost-Noord-Brabant,Wildfire Occurrence,0,0.914840589260475,2.5292108058929443,wet,1
2024-06-01,6,NL413,Noordoost-Noord-Brabant,Wildfire Occurrence,0,0.9232414828636605,2.860475540161133,wet,1
2024-07-01,7,NL413,Noordoost-Noord-Brabant,Wildfire Occurrence,0,0.7587021143244231,3.60351292292277,wet,1
2024-08-01,8,NL413,Noordoost-Noord-Brabant,Wildfire Occurrence,0,0.533827880202589,2.6137571334838867,wet,1
2024-09-01,9,NL413,Noordoost-Noord-Brabant,Wildfire Occurrence,0,0.39709320187714947,3.99537460009257,wet,1
2024-10-01,10,NL413,Noordoost-Noord-Brabant,Wildfire Occurrence,0,0.2089011992061463,2.824659744898478,wet,1
2024-11-01,11,NL413,Noordoost-Noord-Brabant,Wildfire Occurrence,0,0.1619843892117866,2.297260840733846,wet,1
2024-12-01,12,NL413,Noordoost-Noord-Brabant,Wildfire Occurrence,0,0.1608699529238616,2.027393857638041,wet,1
2025-01-01,1,NL413,Noordoost-Noord-Brabant,Wildfire Occurrence,0,0.2710775916284713,2.1666224797566733,wet,1
2025-02-01,2,NL413,Noordoost-Noord-Brabant,Wildfire Occurrence,0,0.40716519007921803,1.6576051712036133,wet,1
2025-03-01,3,NL413,Noordoost-Noord-Brabant,Wildfire Occurrence,1,0.759432433489668,1.1836046775182087,wet,1
2025-04-01,4,NL413,Noordoost-Noord-Brabant,Wildfire Occurrence,0,0.6128611030908254,0.6166368325551351,near_normal,1
2025-05-01,5,NL413,Noordoost-Noord-Brabant,Wildfire Occurrence,0,0.6211427634685114,-0.433600256840388,near_normal,1
2025-06-01,6,NL413,Noordoost-Noord-Brabant,Wildfire Occurrence,0,0.7142239120528685,-0.6352093617121378,near_normal,1
2025-07-01,7,NL413,Noordoost-Noord-Brabant,Wildfire Occurrence,0,0.611752924590592,-0.9555245041847229,near_normal,1
2025-08-01,8,NL413,Noordoost-Noord-Brabant,Wildfire Occurrence,0,0.6450679157147259,-1.5380258957544963,dry,1
2025-09-01,9,NL413,Noordoost-Noord-Brabant,Wildfire Occurrence,0,0.259341382842024,-1.4824391603469849,dry,1
2023-12-01,12,NL414,Zuidoost-Noord-Brabant,Wildfire Occurrence,0,0.4421544674336321,1.9648097455501556,wet,1
2024-01-01,1,NL414,Zuidoost-Noord-Brabant,Wildfire Occurrence,0,0.617966072980125,1.6660036146640778,wet,1
2024-02-01,2,NL414,Zuidoost-Noord-Brabant,Wildfire Occurrence,0,0.6432536552874316,2.2208192348480225,wet,1
2024-03-01,3,NL414,Zuidoost-Noord-Brabant,Wildfire Occurrence,0,0.6608343005630845,1.7530253231525421,wet,1
2024-04-01,4,NL414,Zuidoost-Noord-Brabant,Wildfire Occurrence,0,0.8047541346054436,1.9222524464130402,wet,1
2024-05-01,5,NL414,Zuidoost-Noord-Brabant,Wildfire Occurrence,0,0.9272881272508735,2.4804680943489075,wet,1
2024-06-01,6,NL414,Zuidoost-Noord-Brabant,Wildfire Occurrence,0,0.9355089613404494,2.8313465118408203,wet,1
2024-07-01,7,NL414,Zuidoost-Noord-Brabant,Wildfire Occurrence,0,0.7788278136837194,3.323698878288269,wet,1
2024-08-01,8,NL414,Zuidoost-Noord-Brabant,Wildfire Occurrence,0,0.5296736752270135,2.4005433320999146,wet,1
2024-09-01,9,NL414,Zuidoost-Noord-Brabant,Wildfire Occurrence,0,0.3807426601548671,3.6095246076583862,wet,1
2024-10-01,10,NL414,Zuidoost-Noord-Brabant,Wildfire Occurrence,0,0.21166338234024273,2.8009841442108154,wet,1
2024-11-01,11,NL414,Zuidoost-Noord-Brabant,Wildfire Occurrence,0,0.17121123571609498,2.219056189060211,wet,1
2024-12-01,12,NL414,Zuidoost-Noord-Brabant,Wildfire Occurrence,0,0.18418204523514467,2.0562921166419983,wet,1
2025-01-01,1,NL414,Zuidoost-Noord-Brabant,Wildfire Occurrence,0,0.34860784281586854,2.2320687770843506,wet,1
2025-02-01,2,NL414,Zuidoost-Noord-Brabant,Wildfire Occurrence,0,0.471796981844817,1.7058507800102234,wet,1
2025-03-01,3,NL414,Zuidoost-Noord-Brabant,Wildfire Occurrence,1,0.7635382341332148,1.2108392715454102,wet,1
2025-04-01,4,NL414,Zuidoost-Noord-Brabant,Wildfire Occurrence,1,0.6512309172833894,0.6923550665378571,near_normal,1
2025-05-01,5,NL414,Zuidoost-Noord-Brabant,Wildfire Occurrence,0,0.6386881118267466,-0.4158538803458214,near_normal,1
2025-06-01,6,NL414,Zuidoost-Noord-Brabant,Wildfire Occurrence,0,0.688095924464806,-0.6612778455018997,near_normal,1
2025-07-01,7,NL414,Zuidoost-Noord-Brabant,Wildfire Occurrence,1,0.6405539079987943,-1.0086569488048553,dry,1
2025-08-01,8,NL414,Zuidoost-Noord-Brabant,Wildfire Occurrence,0,0.704648272273003,-1.6495905816555023,dry,1
2025-09-01,9,NL414,Zuidoost-Noord-Brabant,Wildfire Occurrence,0,0.3068751348590885,-1.5304934084415436,dry,1
2023-12-01,12,NL421,Noord-Limburg,Wildfire Occurrence,0,0.29888186933739513,2.145362138748169,wet,1
2024-01-01,1,NL421,Noord-Limburg,Wildfire Occurrence,0,0.5060787145339863,1.8593108654022217,wet,1
2024-02-01,2,NL421,Noord-Limburg,Wildfire Occurrence,0,0.5292170251947022,2.512042760848999,wet,1
2024-03-01,3,NL421,Noord-Limburg,Wildfire Occurrence,0,0.5418319133702899,1.865483283996582,wet,1
2024-04-01,4,NL421,Noord-Limburg,Wildfire Occurrence,0,0.6965793419255679,1.9734376668930054,wet,1
2024-05-01,5,NL421,Noord-Limburg,Wildfire Occurrence,0,0.8781473554154029,2.605700731277466,wet,1
2024-06-01,6,NL421,Noord-Limburg,Wildfire Occurrence,0,0.876349229735501,2.8035495281219482,wet,1
2024-07-01,7,NL421,Noord-Limburg,Wildfire Occurrence,0,0.5771082725501718,3.2032430171966553,wet,1
2024-08-01,8,NL421,Noord-Limburg,Wildfire Occurrence,0,0.299198323101317,2.251657724380493,wet,1
2024-09-01,9,NL421,Noord-Limburg,Wildfire Occurrence,0,0.22353299659138468,3.5400261878967285,wet,1
2024-10-01,10,NL421,Noord-Limburg,Wildfire Occurrence,0,0.1501139489470389,2.855512857437134,wet,1
2024-11-01,11,NL421,Noord-Limburg,Wildfire Occurrence,0,0.1212486654725879,2.196915864944458,wet,1
2024-12-01,12,NL421,Noord-Limburg,Wildfire Occurrence,0,0.13765360534358756,2.03786039352417,wet,1
2025-01-01,1,NL421,Noord-Limburg,Wildfire Occurrence,0,0.21627877218902772,2.306771755218506,wet,1
2025-02-01,2,NL421,Noord-Limburg,Wildfire Occurrence,0,0.3310405776790435,1.68009352684021,wet,1
2025-03-01,3,NL421,Noord-Limburg,Wildfire Occurrence,1,0.6584335983555157,1.0877587795257568,wet,1
2025-04-01,4,NL421,Noord-Limburg,Wildfire Occurrence,0,0.4878995624845834,0.6619554162025452,near_normal,1
2025-05-01,5,NL421,Noord-Limburg,Wildfire Occurrence,1,0.4746672210523935,-0.44544780254364014,near_normal,1
2025-06-01,6,NL421,Noord-Limburg,Wildfire Occurrence,0,0.5549251132263645,-0.5798614025115967,near_normal,1
2025-07-01,7,NL421,Noord-Limburg,Wildfire Occurrence,0,0.5295528758294633,-0.800941526889801,near_normal,1
2025-08-01,8,NL421,Noord-Limburg,Wildfire Occurrence,0,0.5867071305580527,-1.2454304695129395,dry,1
2025-09-01,9,NL421,Noord-Limburg,Wildfire Occurrence,0,0.18928538029474765,-1.325162410736084,dry,1
2023-12-01,12,NL422,Midden-Limburg,Wildfire Occurrence,0,0.3022731958882907,1.8910537958145142,wet,1
2024-01-01,1,NL422,Midden-Limburg,Wildfire Occurrence,0,0.4885418701399688,1.595084309577942,wet,1
2024-02-01,2,NL422,Midden-Limburg,Wildfire Occurrence,0,0.5107715109821509,2.1346378326416016,wet,1
2024-03-01,3,NL422,Midden-Limburg,Wildfire Occurrence,0,0.5299459520397045,1.6730749607086182,wet,1
2024-04-01,4,NL422,Midden-Limburg,Wildfire Occurrence,0,0.6940392558886315,1.7786504030227661,wet,1
2024-05-01,5,NL422,Midden-Limburg,Wildfire Occurrence,0,0.8927848559464201,2.3970389366149902,wet,1
2024-06-01,6,NL422,Midden-Limburg,Wildfire Occurrence,0,0.9019507491889088,2.6647117137908936,wet,1
2024-07-01,7,NL422,Midden-Limburg,Wildfire Occurrence,0,0.6746877243763866,2.893308162689209,wet,1
2024-08-01,8,NL422,Midden-Limburg,Wildfire Occurrence,0,0.33045009794921804,2.179447650909424,wet,1
2024-09-01,9,NL422,Midden-Limburg,Wildfire Occurrence,0,0.21702892676316538,3.121680974960327,wet,1
2024-10-01,10,NL422,Midden-Limburg,Wildfire Occurrence,0,0.14324537638821142,2.612539768218994,wet,1
2024-11-01,11,NL422,Midden-Limburg,Wildfire Occurrence,0,0.12026593688914246,2.029146194458008,wet,1
2024-12-01,12,NL422,Midden-Limburg,Wildfire Occurrence,0,0.13555409604766366,1.9572449922561646,wet,1
2025-01-01,1,NL422,Midden-Limburg,Wildfire Occurrence,0,0.2303309257065098,2.3007307052612305,wet,1
2025-02-01,2,NL422,Midden-Limburg,Wildfire Occurrence,1,0.3653310116050811,1.6659852266311646,wet,1
2025-03-01,3,NL422,Midden-Limburg,Wildfire Occurrence,1,0.6666925762729702,1.1294753551483154,wet,1
2025-04-01,4,NL422,Midden-Limburg,Wildfire Occurrence,0,0.5159507123370541,0.6900760531425476,near_normal,1
2025-05-01,5,NL422,Midden-Limburg,Wildfire Occurrence,0,0.48254850259440957,-0.4340934157371521,near_normal,1
2025-06-01,6,NL422,Midden-Limburg,Wildfire Occurrence,0,0.5515904445936051,-0.5961017608642578,near_normal,1
2025-07-01,7,NL422,Midden-Limburg,Wildfire Occurrence,0,0.5394499178721649,-0.7561391592025757,near_normal,1
2025-08-01,8,NL422,Midden-Limburg,Wildfire Occurrence,0,0.607518517290691,-1.2596315145492554,dry,1
2025-09-01,9,NL422,Midden-Limburg,Wildfire Occurrence,0,0.21252466340134454,-1.256527304649353,dry,1
2023-12-01,12,NL423,Zuid-Limburg,Wildfire Occurrence,0,0.2935499545505755,1.7045224905014038,wet,1
2024-01-01,1,NL423,Zuid-Limburg,Wildfire Occurrence,0,0.4669513018609791,1.4646683931350708,wet,1
2024-02-01,2,NL423,Zuid-Limburg,Wildfire Occurrence,0,0.48692755273172805,1.9057672023773193,wet,1
2024-03-01,3,NL423,Zuid-Limburg,Wildfire Occurrence,0,0.45021272637926074,1.4721426963806152,wet,1
2024-04-01,4,NL423,Zuid-Limburg,Wildfire Occurrence,0,0.6590769966262638,1.6109375953674316,wet,1
2024-05-01,5,NL423,Zuid-Limburg,Wildfire Occurrence,0,0.8779163931102071,2.2602717876434326,wet,1
2024-06-01,6,NL423,Zuid-Limburg,Wildfire Occurrence,0,0.8954574428442321,2.4993674755096436,wet,1
2024-07-01,7,NL423,Zuid-Limburg,Wildfire Occurrence,0,0.6842653991417643,2.575399398803711,wet,1
2024-08-01,8,NL423,Zuid-Limburg,Wildfire Occurrence,0,0.37069494397214925,2.1789464950561523,wet,1
2024-09-01,9,NL423,Zuid-Limburg,Wildfire Occurrence,0,0.22248842478980627,2.988447666168213,wet,1
2024-10-01,10,NL423,Zuid-Limburg,Wildfire Occurrence,0,0.17549272158562976,2.581728458404541,wet,1
2024-11-01,11,NL423,Zuid-Limburg,Wildfire Occurrence,0,0.12103609555897478,2.0978105068206787,wet,1
2024-12-01,12,NL423,Zuid-Limburg,Wildfire Occurrence,0,0.12039764874613819,2.107192277908325,wet,1
2025-01-01,1,NL423,Zuid-Limburg,Wildfire Occurrence,0,0.18479635152343785,2.49822735786438,wet,1
2025-02-01,2,NL423,Zuid-Limburg,Wildfire Occurrence,0,0.34683965190152566,1.7681748867034912,wet,1
2025-03-01,3,NL423,Zuid-Limburg,Wildfire Occurrence,1,0.6618035121040078,1.286401629447937,wet,1
2025-04-01,4,NL423,Zuid-Limburg,Wildfire Occurrence,0,0.4778828054898234,0.8446741700172424,near_normal,1
2025-05-01,5,NL423,Zuid-Limburg,Wildfire Occurrence,0,0.4411637855942743,-0.30450639128685,near_normal,1
2025-06-01,6,NL423,Zuid-Limburg,Wildfire Occurrence,0,0.5338564501996685,-0.48462241888046265,near_normal,1
2025-07-01,7,NL423,Zuid-Limburg,Wildfire Occurrence,0,0.5769033033959517,-0.5175946354866028,near_normal,1
2025-08-01,8,NL423,Zuid-Limburg,Wildfire Occurrence,0,0.5794012183842919,-1.1383399963378906,dry,1
2025-09-01,9,NL423,Zuid-Limburg,Wildfire Occurrence,0,0.17887973210842295,-1.2109681367874146,dry,1
