{
"type": "FeatureCollection",
"name": "nuts_nl_simplified",
"crs": { "type": "name", "properties": { "name": "urn:ogc:def:crs:OGC:1.3:CRS84" } },
"features": [
{ "type": "Feature", "properties": { "CNTR_CODE": "NL", "LEVL_CODE": 1, "NUTS_ID": "NL4", "NAME_LATN": "Zuid-Nederland" }, "geometry": { "type": "MultiPolygon", "coordinates": [ [ [ [ 5.516971501832982, 51.819454002795496 ], [ 5.546046001862119, 51.817837002793972 ], [ 5.557391501873937, 51.827396502799843 ], [ 5.588165501904992, 51.829712002800747 ], [ 5.618844001935442, 51.819759502793836 ], [ 5.638466501955201, 51.818912502792926 ], [ 5.660025501976121, 51.796348502778038 ], [ 5.689901002005877, 51.789783502773261 ], [ 5.703107002018747, 51.777660002765131 ], [ 5.729744002045384, 51.772892002761488 ], [ 5.749290002064509, 51.756920002750824 ], [ 5.767786502083025, 51.752464502747543 ], [ 5.848531002164423, 51.759304002750056 ], [ 5.865158502181147, 51.757408002748441 ], [ 5.86861311318519, 51.77522557875978 ], [ 5.893650502210413, 51.777633502760722 ], [ 5.915165560231288, 51.752928133744291 ], [ 5.931882619247921, 51.748256803740837 ], [ 5.931257054247132, 51.743432320737725 ], [ 5.938288002254103, 51.741482002736277 ], [ 5.953192002269285, 51.747846002739983 ], [ 5.955740657271615, 51.738688296734033 ], [ 5.99375566830978, 51.738104488732645 ], [ 6.032312002348065, 51.723832002722311 ], [ 6.035837904351472, 51.718483075718744 ], [ 6.044010572359675, 51.716759602717424 ], [ 6.02664149934198, 51.708718232712691 ], [ 6.031969502346342, 51.676179502691426 ], [ 6.080374040394584, 51.66201491268081 ], [ 6.117140882431329, 51.655992482675778 ], [ 6.094363076407439, 51.621291186653728 ], [ 6.092434717404998, 51.605539065643477 ], [ 6.121062949433427, 51.592459472634033 ], [ 6.131973247444042, 51.580219413625642 ], [ 6.157022502468843, 51.566678502615957 ], [ 6.176870591488009, 51.539197342597191 ], [ 6.200742002511631, 51.526583502588061 ], [ 6.211483449522128, 51.514541094579776 ], [ 6.213287315523276, 51.491596766564456 ], [ 6.223314812532865, 51.47359766355212 ], [ 6.205690906513031, 51.400708713503882 ], [ 6.225565686533033, 51.3996277515025 ], [ 6.215175094522211, 51.388146052495046 ], [ 6.224614677530916, 51.359734240475575 ], [ 6.191270094496691, 51.340030025463278 ], [ 6.192101713497383, 51.335209085459994 ], [ 6.169776913474796, 51.332180881458598 ], [ 6.154080002458175, 51.307373002442205 ], [ 6.128804502432055, 51.285391502427991 ], [ 6.124481002427303, 51.27458500242075 ], [ 6.072657002373963, 51.242587502400369 ], [ 6.084585808385467, 51.222859159386438 ], [ 6.068187166368771, 51.219375467384467 ], [ 6.073566002373006, 51.182692502359046 ], [ 6.082805406382069, 51.171960591351343 ], [ 6.099154067398547, 51.170419644349842 ], [ 6.164254024465031, 51.193452556363816 ], [ 6.179102120479875, 51.187117477358981 ], [ 6.14014854744008, 51.173486893350756 ], [ 6.174225554474073, 51.158612979339431 ], [ 6.162565071461988, 51.14932962233339 ], [ 6.126315873425201, 51.144869455331367 ], [ 6.092517499390739, 51.134571910325192 ], [ 6.085708518383531, 51.124616470318465 ], [ 6.061407885358686, 51.116469122313433 ], [ 6.036585002332852, 51.096579002300238 ], [ 6.017391117313397, 51.093843079298885 ], [ 5.996570815291963, 51.083269626292044 ], [ 5.970558896264824, 51.060426318276676 ], [ 5.968613502262479, 51.0479735022681 ], [ 5.956502809249784, 51.035565134259627 ], [ 5.937512447230568, 51.036946828261051 ], [ 5.912794596206473, 51.065484578281676 ], [ 5.891430542184406, 51.053425200273878 ], [ 5.867697335160213, 51.050278306272148 ], [ 5.876920613169164, 51.0373511092629 ], [ 5.880064910171667, 51.016958669248446 ], [ 5.894557518186132, 51.01128577324409 ], [ 5.896514505187918, 51.004559877239302 ], [ 5.905089856196494, 51.001160302236713 ], [ 5.903518373194485, 50.987838530227407 ], [ 5.893678332184221, 50.980098674222148 ], [ 5.897198002187559, 50.974845502218308 ], [ 5.954817002246461, 50.98836350222647 ], [ 5.969070366260692, 50.979812028220081 ], [ 6.025641719318133, 50.982919379220803 ], [ 6.01612055030787, 50.963605631207365 ], [ 6.006087002297436, 50.957568002203359 ], [ 6.015845970307236, 50.952517185199582 ], [ 6.018124002308893, 50.934593002186816 ], [ 6.051425472342498, 50.928755372181719 ], [ 6.057826932348779, 50.922034275176813 ], [ 6.074976572366191, 50.922368804176564 ], [ 6.090472557381784, 50.917798715172836 ], [ 6.075474918365739, 50.89177326215475 ], [ 6.086492427376488, 50.878732930145127 ], [ 6.073989562362753, 50.847613560123214 ], [ 6.057782502346419, 50.85099300212606 ], [ 6.054200668342979, 50.856623563130235 ], [ 6.019988804307932, 50.846131906123645 ], [ 6.017060909304496, 50.83307315111432 ], [ 6.023666246311026, 50.827819426110395 ], [ 6.023551580310438, 50.81354196210016 ], [ 6.004721435290955, 50.802023144092345 ], [ 5.987626717273834, 50.80961324209823 ], [ 5.97672750226257, 50.803536502094154 ], [ 5.977143208262776, 50.796789556089273 ], [ 6.026659501312328, 50.77427886707175 ], [ 6.018791155303959, 50.763183946063997 ], [ 6.020999002305853, 50.754295502057523 ], [ 5.983559998267829, 50.753090219057562 ], [ 5.960132029244313, 50.762023929064611 ], [ 5.917619423200724, 50.75096448805769 ], [ 5.913640552196813, 50.755314961060883 ], [ 5.901261968184142, 50.752076310058847 ], [ 5.892073002174858, 50.755237502061291 ], [ 5.886290697169538, 50.769483685071783 ], [ 5.863435257146087, 50.763342065067896 ], [ 5.849627104131755, 50.755369039062437 ], [ 5.84491700212726, 50.765385002069785 ], [ 5.830474605112369, 50.758879290065437 ], [ 5.808213446089658, 50.756371718064095 ], [ 5.793760564075407, 50.769334764073761 ], [ 5.784417538065857, 50.768286072073217 ], [ 5.777039552058805, 50.780935767082497 ], [ 5.77075624205246, 50.782695015083853 ], [ 5.746039984026884, 50.769308284074739 ], [ 5.737277334017558, 50.757787216066561 ], [ 5.71976386899988, 50.762764604070561 ], [ 5.697084770976577, 50.755733770065874 ], [ 5.682000501961281, 50.757446502067481 ], [ 5.700726529981211, 50.781464489084442 ], [ 5.691549774972399, 50.796032675095127 ], [ 5.698368621979618, 50.804445204101071 ], [ 5.69306407097448, 50.811488200106226 ], [ 5.655415709936437, 50.819757186112852 ], [ 5.639812578921608, 50.847807757133282 ], [ 5.646647168929427, 50.872124981150591 ], [ 5.678666695962385, 50.881716650156854 ], [ 5.694282142978764, 50.896730656167293 ], [ 5.699535371984566, 50.909563352176306 ], [ 5.723732502009202, 50.910526502176523 ], [ 5.728413699014512, 50.925347957186979 ], [ 5.74755661303472, 50.94715860920212 ], [ 5.757758466045254, 50.951626855205035 ], [ 5.754748585042393, 50.957886429209545 ], [ 5.7457950460334, 50.960913985211903 ], [ 5.727942078015072, 50.955517654208386 ], [ 5.720868956008112, 50.961995989213108 ], [ 5.765310088054528, 50.997400796237258 ], [ 5.766125502055737, 51.008715502245231 ], [ 5.775774858066014, 51.022126497254469 ], [ 5.758718882049096, 51.033197745262569 ], [ 5.772365361063898, 51.060794568281658 ], [ 5.798274002090104, 51.059853502280454 ], [ 5.797515002089805, 51.073531502290059 ], [ 5.804239712096845, 51.078458650293349 ], [ 5.797995718091011, 51.092623061303399 ], [ 5.808900087102187, 51.095905425305411 ], [ 5.825372478118776, 51.093199666303185 ], [ 5.833172502126909, 51.099659002307504 ], [ 5.829456235123357, 51.106327355312246 ], [ 5.814200213107988, 51.107986974313739 ], [ 5.808695488102629, 51.11555512531914 ], [ 5.824226882118807, 51.128415672327755 ], [ 5.840607425135548, 51.13175293432969 ], [ 5.854447675149997, 51.144577908338299 ], [ 5.837819072133436, 51.153475016344842 ], [ 5.826478002122373, 51.166755502354292 ], [ 5.814580747110149, 51.160055638349938 ], [ 5.804929376100403, 51.161586585351202 ], [ 5.778827678073648, 51.152616119345545 ], [ 5.778367617073482, 51.161614783351808 ], [ 5.770345222065544, 51.167488232356078 ], [ 5.775894620071324, 51.171274690358565 ], [ 5.774704515070407, 51.178939842363917 ], [ 5.767845186063587, 51.182891729366773 ], [ 5.745651002041257, 51.189472002371751 ], [ 5.709695135004549, 51.181101197366779 ], [ 5.689291906984041, 51.18500420736985 ], [ 5.65813600195238, 51.184715502370246 ], [ 5.650535766945199, 51.198427552379862 ], [ 5.560082001854353, 51.222791002398303 ], [ 5.556662739852518, 51.265392505427656 ], [ 5.522957359819118, 51.286140585442446 ], [ 5.51576500181213, 51.2953245024488 ], [ 5.484878501781048, 51.300053502452485 ], [ 5.465235289760571, 51.285169043442622 ], [ 5.442940019737875, 51.282016336440819 ], [ 5.417375001711139, 51.262226002427653 ], [ 5.34769252064101, 51.275323889437587 ], [ 5.33606764762879, 51.26344740442957 ], [ 5.295744920587841, 51.261775423428901 ], [ 5.263278859555065, 51.266607598432536 ], [ 5.237716501528929, 51.26160050242936 ], [ 5.226578018517971, 51.269200958434695 ], [ 5.241098001534117, 51.305663002459511 ], [ 5.200245001493387, 51.32261950247144 ], [ 5.162362024454559, 51.310742205463647 ], [ 5.134464501426433, 51.315490502467227 ], [ 5.131386219424647, 51.347104919488672 ], [ 5.071045001365415, 51.393421002520483 ], [ 5.103257078399751, 51.433021909546966 ], [ 5.080153687377982, 51.469797054571828 ], [ 5.04586336734333, 51.471686629573291 ], [ 5.036765078334774, 51.48693347558352 ], [ 5.011128389308166, 51.471941297573636 ], [ 5.003199546298909, 51.443774444554847 ], [ 4.963890272258163, 51.422522632540712 ], [ 4.928706001221331, 51.396084002522983 ], [ 4.910641425203386, 51.402715069527545 ], [ 4.900789792193881, 51.414157468535336 ], [ 4.882915818175857, 51.415819951536463 ], [ 4.868940160161578, 51.412924138534514 ], [ 4.867409001159822, 51.409119002531966 ], [ 4.8591506931517, 51.412915719534539 ], [ 4.837187566129475, 51.414422948535638 ], [ 4.787863856079353, 51.409746120532489 ], [ 4.772192851063732, 51.41512524153611 ], [ 4.768985845061104, 51.429005495545489 ], [ 4.774536048066827, 51.431522815547133 ], [ 4.785044083077542, 51.432267735547704 ], [ 4.829165001121698, 51.422526002541133 ], [ 4.823914198117588, 51.448333606558421 ], [ 4.834406910128653, 51.4573669195645 ], [ 4.842809738137211, 51.458797504565418 ], [ 4.836610529131148, 51.463106452568312 ], [ 4.841390501136784, 51.480713002580117 ], [ 4.822484009117777, 51.483083236581692 ], [ 4.815800987111523, 51.494235684589199 ], [ 4.785009898080624, 51.499417581592645 ], [ 4.775349399071096, 51.50483756859628 ], [ 4.750610623045756, 51.497989165591726 ], [ 4.7461445380408, 51.489613053586083 ], [ 4.728775655022972, 51.48337631058191 ], [ 4.715785441009142, 51.469155101572397 ], [ 4.704348141997428, 51.466607545570682 ], [ 4.692802150985074, 51.452317346561088 ], [ 4.667285639958896, 51.444439231555741 ], [ 4.669544000960264, 51.426384002543593 ], [ 4.639974443930185, 51.422753687541068 ], [ 4.575701970865654, 51.432604202547495 ], [ 4.535450500824398, 51.42288950254077 ], [ 4.530349190820511, 51.448436662557867 ], [ 4.548236000839794, 51.473228502574607 ], [ 4.536755296828646, 51.482113671580493 ], [ 4.475708594766696, 51.477642411577136 ], [ 4.464444838754985, 51.471300334572817 ], [ 4.441251081731435, 51.468251614570569 ], [ 4.382724762671298, 51.449510780557581 ], [ 4.38043358966886, 51.447179486556031 ], [ 4.39578416168411, 51.442143038552757 ], [ 4.398276619686236, 51.434248460547494 ], [ 4.395133500682662, 51.426872502542508 ], [ 4.384184518671275, 51.42074215753825 ], [ 4.390627164677194, 51.409371153530643 ], [ 4.430393965715755, 51.375475202508056 ], [ 4.425894347710969, 51.371115086505107 ], [ 4.430557144715339, 51.364523630500663 ], [ 4.419809500704467, 51.364547502500642 ], [ 4.394777500678678, 51.355804502494465 ], [ 4.341158818624571, 51.358352516495714 ], [ 4.333144682617451, 51.377395237508559 ], [ 4.279565000563117, 51.376017502507061 ], [ 4.267011371550963, 51.385966840513667 ], [ 4.26405446954958, 51.416429969534178 ], [ 4.275046950561197, 51.425747893540603 ], [ 4.218991000508725, 51.504795002592878 ], [ 4.235067500526991, 51.541481002617388 ], [ 4.234464000527074, 51.555691002626801 ], [ 4.1957180004898, 51.588973502648344 ], [ 4.190163500484894, 51.600952002656186 ], [ 4.19765950049339, 51.618049502667489 ], [ 4.211945000508223, 51.626789002673398 ], [ 4.237418905534336, 51.634340220678688 ], [ 4.242535500540187, 51.647121002687051 ], [ 4.277023087574785, 51.644119428685535 ], [ 4.355473969654772, 51.660514576697054 ], [ 4.372194500672087, 51.669697002703217 ], [ 4.379430500680147, 51.68359350271232 ], [ 4.423550000725905, 51.709472502729525 ], [ 4.514917500817161, 51.692474502719108 ], [ 4.589300500892731, 51.703323502726541 ], [ 4.617063000921195, 51.713451502733143 ], [ 4.676294500981532, 51.724918502740806 ], [ 4.736630501043864, 51.755569502760686 ], [ 4.755239001063826, 51.781612502777477 ], [ 4.773718001083001, 51.793224502784966 ], [ 4.797274501107125, 51.79978950278916 ], [ 4.845998501156169, 51.798755502788453 ], [ 4.889427001200798, 51.81890500280128 ], [ 4.922720001234758, 51.828075502807032 ], [ 5.000534001312831, 51.820938002802144 ], [ 5.017401674329276, 51.807450007793392 ], [ 5.049961049361628, 51.796851058786416 ], [ 5.066413180377505, 51.780821282776046 ], [ 5.082038501393264, 51.780662502775826 ], [ 5.098672361410276, 51.787308852779965 ], [ 5.13822911044953, 51.771919730769753 ], [ 5.136307538447071, 51.759991192762058 ], [ 5.142027992452577, 51.754449166758455 ], [ 5.126801935436857, 51.744716184752271 ], [ 5.128057501437818, 51.737610002747672 ], [ 5.165557001475793, 51.742878002750722 ], [ 5.195342001505722, 51.740234502748798 ], [ 5.220693001531421, 51.74353050275063 ], [ 5.24821300155877, 51.733696002744054 ], [ 5.272569501583623, 51.740059002747842 ], [ 5.300759001611912, 51.737465502745827 ], [ 5.353578501665908, 51.755501002756816 ], [ 5.360305001672884, 51.761165502760434 ], [ 5.36964500168345, 51.790485502779148 ], [ 5.404733001720025, 51.822124502798943 ], [ 5.414846501730243, 51.821289002798245 ], [ 5.429495501744569, 51.811294502791625 ], [ 5.454212001769376, 51.809929002790405 ], [ 5.474325501789827, 51.814678002793073 ], [ 5.482902001798939, 51.827930502801429 ], [ 5.495459001811681, 51.830646502803006 ], [ 5.516971501832982, 51.819454002795496 ] ], [ [ 4.925617909220503, 51.446621751557053 ], [ 4.920126432214889, 51.445889752556603 ], [ 4.922486775217026, 51.439744179552406 ], [ 4.917301949211576, 51.435412679549543 ], [ 4.93604200423031, 51.429419695545498 ], [ 4.942026020236748, 51.438921408551799 ], [ 4.936597796231249, 51.437828044551104 ], [ 4.938087238233039, 51.444699471555708 ], [ 4.927270582221915, 51.440292419552762 ], [ 4.925617909220503, 51.446621751557053 ] ], [ [ 4.933018774228154, 51.449637259559054 ], [ 4.941558255236608, 51.446329500556814 ], [ 4.952450741247852, 51.450161976559336 ], [ 4.933018774228154, 51.449637259559054 ] ], [ [ 4.930724616223907, 51.407396770530667 ], [ 4.93311701422627, 51.405089074529137 ], [ 4.936791457229968, 51.405311768529245 ], [ 4.936154541229543, 51.409448222532006 ], [ 4.930724616223907, 51.407396770530667 ] ], [ [ 4.834376627126966, 51.421201558540147 ], [ 4.837520026130031, 51.418323273538221 ], [ 4.840550630133245, 51.421496531540363 ], [ 4.834376627126966, 51.421201558540147 ] ], [ [ 4.949848623245009, 51.44606239855662 ], [ 4.9437171622387, 51.443695934554988 ], [ 4.950611825245635, 51.443342900554732 ], [ 4.949848623245009, 51.44606239855662 ] ] ], [ [ [ 4.927639501220276, 51.395424502522609 ], [ 4.920863001213275, 51.393688002521451 ], [ 4.914105501206553, 51.395024002522362 ], [ 4.920383823213003, 51.396752578523504 ], [ 4.927639501220276, 51.395424502522609 ] ] ] ] } },
{ "type": "Feature", "properties": { "CNTR_CODE": "NL", "LEVL_CODE": 1, "NUTS_ID": "NL3", "NAME_LATN": "West-Nederland" }, "geometry": { "type": "MultiPolygon", "coordinates": [ [ [ [ 5.16438350152885, 53.000910503491873 ], [ 5.238682501596766, 52.874061003423293 ], [ 5.377261501729491, 52.764805003361708 ], [ 5.361148001709946, 52.675728003312408 ], [ 5.298071266648049, 52.692661649322709 ], [ 5.288480389638485, 52.691511678322193 ], [ 5.262266001611811, 52.676830503314299 ], [ 5.257185501605466, 52.644470003296199 ], [ 5.060426501406976, 52.578937503260853 ], [ 5.100719501443881, 52.508041503219872 ], [ 5.150841273492021, 52.466507868195414 ], [ 5.184657789523594, 52.416440339165881 ], [ 5.137330001476288, 52.415554003165795 ], [ 5.079161001417038, 52.388653003150417 ], [ 5.079288001416352, 52.370407003139725 ], [ 5.146143501480976, 52.31967150310907 ], [ 5.224590001559594, 52.325763503111979 ], [ 5.281140501615787, 52.316772503105987 ], [ 5.315178501649235, 52.302395003097018 ], [ 5.40463300173653, 52.249630003064141 ], [ 5.393278001724042, 52.220676503046896 ], [ 5.406414716736977, 52.214268354042829 ], [ 5.411286175742001, 52.217730424044866 ], [ 5.440075790770292, 52.204271579036259 ], [ 5.442206776771099, 52.16967814501529 ], [ 5.479895501808705, 52.165809503012241 ], [ 5.473287354801966, 52.162865502010568 ], [ 5.483853595812337, 52.157458995007147 ], [ 5.481513001809693, 52.150539503002939 ], [ 5.497863717825982, 52.147106110000642 ], [ 5.498434799826359, 52.141275765997037 ], [ 5.513462060841196, 52.135413299993218 ], [ 5.498464454825945, 52.129655320989926 ], [ 5.495365828822633, 52.123995291986517 ], [ 5.506922735833848, 52.114230359980354 ], [ 5.486386001813253, 52.115337502981362 ], [ 5.493786001820506, 52.111037502978611 ], [ 5.484815605811364, 52.105356155975208 ], [ 5.484964824811059, 52.093758265968134 ], [ 5.459865944785432, 52.080865938960557 ], [ 5.483073507808274, 52.070165944953615 ], [ 5.503780534829186, 52.073724693955462 ], [ 5.510861490836456, 52.078797079958484 ], [ 5.523050997848678, 52.078298976957939 ], [ 5.530500295856282, 52.08248644196042 ], [ 5.53085883485688, 52.089148325964487 ], [ 5.53719473986326, 52.089648045964715 ], [ 5.538262758864614, 52.097283523969367 ], [ 5.531503001857983, 52.102257002972571 ], [ 5.54401550187057, 52.101944002972168 ], [ 5.550346501877028, 52.105438002974168 ], [ 5.562490241888206, 52.078185503957236 ], [ 5.558061001882652, 52.048847002939112 ], [ 5.569650985894259, 52.047834096938267 ], [ 5.568652060893012, 52.04044441893376 ], [ 5.589317132913499, 52.03415945492943 ], [ 5.586369773909803, 52.012624656916138 ], [ 5.592191802915251, 52.001570072909132 ], [ 5.612686719935395, 51.991171081902252 ], [ 5.625495366947677, 51.973867710891206 ], [ 5.621091000942966, 51.966116551886451 ], [ 5.627089064948552, 51.954365709878914 ], [ 5.606011501926983, 51.943248502872372 ], [ 5.58677750190795, 51.950699002877421 ], [ 5.559681345880927, 51.955153258880678 ], [ 5.538817432860406, 51.967744957888932 ], [ 5.512211090833912, 51.973205517892822 ], [ 5.487427964809415, 51.983384567899662 ], [ 5.444338001766147, 51.985508002901639 ], [ 5.387288501708302, 51.969887002892676 ], [ 5.354611001675409, 51.970119502893326 ], [ 5.335934001656171, 51.958328002886148 ], [ 5.321613501641713, 51.954948502884235 ], [ 5.270019501590259, 51.965538002891471 ], [ 5.241262977561892, 51.978944012900186 ], [ 5.230172857550606, 51.975716035898266 ], [ 5.219071445538983, 51.963543355890785 ], [ 5.207482288527164, 51.959526407888326 ], [ 5.179851001499663, 51.967605502893726 ], [ 5.114227001430308, 51.889168002844826 ], [ 5.090526293406466, 51.888232649844419 ], [ 5.080915621396262, 51.876274089836969 ], [ 5.056552179371629, 51.873396983835242 ], [ 5.05221786836707, 51.869770212832989 ], [ 5.060343856374795, 51.85896039382601 ], [ 5.006308266320333, 51.858148965825826 ], [ 4.995473293309566, 51.861043084827735 ], [ 5.000592129313986, 51.844396049817128 ], [ 5.030799364344213, 51.840479019814474 ], [ 5.026677501339134, 51.818737002800589 ], [ 4.936063001248209, 51.828315502807129 ], [ 4.911253001223113, 51.825977502805713 ], [ 4.845998501156169, 51.798755502788453 ], [ 4.797274501107125, 51.79978950278916 ], [ 4.773718001083001, 51.793224502784966 ], [ 4.755239001063826, 51.781612502777477 ], [ 4.736630501043864, 51.755569502760686 ], [ 4.676294500981532, 51.724918502740806 ], [ 4.617063000921195, 51.713451502733143 ], [ 4.589300500892731, 51.703323502726541 ], [ 4.514917500817161, 51.692474502719108 ], [ 4.423550000725905, 51.709472502729525 ], [ 4.379430500680147, 51.68359350271232 ], [ 4.372194500672087, 51.669697002703217 ], [ 4.355473969654772, 51.660514576697054 ], [ 4.277023087574785, 51.644119428685535 ], [ 4.242535500540187, 51.647121002687051 ], [ 4.237418905534336, 51.634340220678688 ], [ 4.211945000508223, 51.626789002673398 ], [ 4.19765950049339, 51.618049502667489 ], [ 4.190163500484894, 51.600952002656186 ], [ 4.1957180004898, 51.588973502648344 ], [ 4.234464000527074, 51.555691002626801 ], [ 4.235067500526991, 51.541481002617388 ], [ 4.218991000508725, 51.504795002592878 ], [ 4.275046950561197, 51.425747893540603 ], [ 4.26405446954958, 51.416429969534178 ], [ 4.267011371550963, 51.385966840513667 ], [ 4.279565000563117, 51.376017502507061 ], [ 4.243669500526818, 51.374729502505801 ], [ 4.231666024515646, 51.393401982518256 ], [ 4.198792310483019, 51.404751499525545 ], [ 4.152390984435601, 51.395307131518557 ], [ 4.079185086362371, 51.407844445525946 ], [ 4.054143508337669, 51.41863021353285 ], [ 4.045441967329516, 51.429968412540276 ], [ 4.017497261301902, 51.439945060546556 ], [ 4.012318905296929, 51.445276985550059 ], [ 4.007389687291807, 51.442082820547796 ], [ 3.975449763260634, 51.461145256560052 ], [ 3.934107000218186, 51.448174002550623 ], [ 3.925949483210135, 51.44998652755168 ], [ 3.92218089520593, 51.443111255546995 ], [ 3.925863428209191, 51.434860559541526 ], [ 3.899194703179972, 51.394551569513929 ], [ 3.873064681153804, 51.397076173515082 ], [ 3.857807480138094, 51.39131874051089 ], [ 3.81630641609585, 51.384987053505768 ], [ 3.776179250056583, 51.404935274518365 ], [ 3.774909731055575, 51.409652018521541 ], [ 3.753668906034451, 51.414321628524206 ], [ 3.732642928013188, 51.412013609522177 ], [ 3.719875256001135, 51.426460337531609 ], [ 3.678168719960542, 51.449317442545926 ], [ 3.685352902968198, 51.45662758355099 ], [ 3.692588244975434, 51.455916237550682 ], [ 3.704076499986695, 51.450613502547412 ], [ 3.706379084988606, 51.443881362542953 ], [ 3.719108036001418, 51.444222631543475 ], [ 3.70996749999286, 51.454306502550004 ], [ 3.693450404976482, 51.458984895552781 ], [ 3.714428999997842, 51.463583002556355 ], [ 3.716978672001058, 51.473842001563277 ], [ 3.711752608995658, 51.471589139561623 ], [ 3.704160999988247, 51.475882502564382 ], [ 3.701058040984648, 51.466816036558185 ], [ 3.661573841944397, 51.457988224551364 ], [ 3.630780437912432, 51.44155038153955 ], [ 3.607025021888566, 51.441361748538846 ], [ 3.599274720881177, 51.448678543543565 ], [ 3.594773441876253, 51.441363764538501 ], [ 3.574059272855303, 51.439651688536827 ], [ 3.526884999809313, 51.463062502551232 ], [ 3.495999902780284, 51.494077037571081 ], [ 3.439494057725415, 51.522586348588405 ], [ 3.433731103720024, 51.528299619592019 ], [ 3.437485728724619, 51.54133704260078 ], [ 3.556021042846481, 51.589437839635877 ], [ 3.579173513870019, 51.594477823639849 ], [ 3.624057648914686, 51.588346464636999 ], [ 3.680043507971587, 51.600177795646132 ], [ 3.698990988990543, 51.599088201645912 ], [ 3.724000353015245, 51.591826326641709 ], [ 3.806712823099137, 51.605005390652217 ], [ 3.837434521129993, 51.604930269652826 ], [ 3.861840032154194, 51.599222376649564 ], [ 3.887038797178239, 51.576531196635102 ], [ 3.89333684318451, 51.575679723634664 ], [ 3.897746592188124, 51.561737981625548 ], [ 3.872396616162113, 51.552723261619114 ], [ 3.865224348154424, 51.545222080613961 ], [ 3.869229000158222, 51.541688002611679 ], [ 3.925221813214799, 51.544219934614503 ], [ 3.940178598228832, 51.526657190603139 ], [ 3.954895888243855, 51.529735329605408 ], [ 3.971697000260628, 51.528248502604725 ], [ 4.001681778290457, 51.520891594600393 ], [ 4.003455386292027, 51.516925393597752 ], [ 4.008853549297658, 51.520345464600105 ], [ 4.042994701331109, 51.502824754589042 ], [ 4.052313384340489, 51.502449539588895 ], [ 4.059459721346213, 51.47593696457136 ], [ 4.093372130378818, 51.446968785552443 ], [ 4.14012096542522, 51.432060016543154 ], [ 4.182875970469035, 51.443786134551637 ], [ 4.222516199508795, 51.438773682548728 ], [ 4.217558000506349, 51.487452002581236 ], [ 4.213395009502436, 51.491592224583975 ], [ 4.174379570463624, 51.502654423590869 ], [ 4.172809749462743, 51.515134366599206 ], [ 4.163769089453972, 51.522326126603758 ], [ 4.141842144431839, 51.52137207260288 ], [ 4.133781322423913, 51.525246167605339 ], [ 4.102239232392026, 51.524178358604154 ], [ 4.07361049136338, 51.5277520436061 ], [ 4.04981540734071, 51.55176679962166 ], [ 4.028626517319584, 51.556046922624141 ], [ 4.024909337316419, 51.565737737630435 ], [ 4.008853549300649, 51.573156684635151 ], [ 3.988687430280538, 51.576809477637205 ], [ 3.983093976275249, 51.582906997641089 ], [ 3.989482836282223, 51.592070837647213 ], [ 4.023760385317072, 51.597570375651472 ], [ 4.074626042369142, 51.61297998366237 ], [ 4.100706495395296, 51.610511754661196 ], [ 4.11561877640983, 51.601368177655438 ], [ 4.173123625468059, 51.60648270565958 ], [ 4.172139488467494, 51.615078580665227 ], [ 4.126233965421128, 51.612902429663109 ], [ 4.116403306411882, 51.624424814670569 ], [ 4.101293850397023, 51.630934322674662 ], [ 4.100960884397322, 51.641799890681717 ], [ 4.121321814418463, 51.653541561689686 ], [ 4.147327677444437, 51.650330045687994 ], [ 4.193678000490294, 51.635617002678934 ], [ 4.184342773481506, 51.646317951685837 ], [ 4.165135704462363, 51.650100989688035 ], [ 4.156090353453627, 51.656824118692342 ], [ 4.143429373440937, 51.657253519692432 ], [ 4.156710335454722, 51.664448339697365 ], [ 4.149947147448532, 51.676239933704927 ], [ 4.103454192401406, 51.669826799700061 ], [ 4.098470450395294, 51.650966200687691 ], [ 4.066846054362363, 51.631331925674338 ], [ 4.044775174340026, 51.629281678672598 ], [ 4.008589560302969, 51.617805238664523 ], [ 3.971410852265361, 51.614494334661714 ], [ 3.938435130233204, 51.632187004672694 ], [ 3.922237702216725, 51.628940463670297 ], [ 3.892355074186884, 51.633373110672615 ], [ 3.87353783317005, 51.667959318694876 ], [ 3.858414322155337, 51.676307195700005 ], [ 3.826605850123774, 51.683094748703745 ], [ 3.813211512111126, 51.695651431711617 ], [ 3.795141583092921, 51.695163112710915 ], [ 3.775367824072267, 51.681479341701568 ], [ 3.722849576018557, 51.665331833689848 ], [ 3.691856292988172, 51.676611173696486 ], [ 3.68061793097773, 51.690459804705199 ], [ 3.679096785977062, 51.703715445713719 ], [ 3.686087609984818, 51.715488809721585 ], [ 3.718696157018778, 51.735971681735613 ], [ 3.768055408068653, 51.742216610740741 ], [ 3.816654745117309, 51.740877147741024 ], [ 3.821341346122168, 51.7434057617427 ], [ 3.828974482130437, 51.753779299749617 ], [ 3.855752133158076, 51.766012338757974 ], [ 3.865722623169013, 51.781428019768136 ], [ 3.856245794161029, 51.806375871783942 ], [ 3.867720478173181, 51.81788044379158 ], [ 3.912444207218599, 51.827286855798455 ], [ 3.959236668266479, 51.842218748808904 ], [ 4.007688976315527, 51.84994423781469 ], [ 4.01496960432269, 51.847676340813358 ], [ 4.003826587311231, 51.84290521681006 ], [ 4.032962455339533, 51.826425370800116 ], [ 4.048836000355716, 51.831940002803854 ], [ 4.053178041360499, 51.838797941808281 ], [ 4.067505500375274, 51.845300002812728 ], [ 4.031185446341296, 51.887253823838797 ], [ 4.054512688366354, 51.915556596857066 ], [ 4.040458765352714, 51.923310964861699 ], [ 3.996120000307815, 51.916438002856594 ], [ 3.982340593294544, 51.924427115861398 ], [ 3.960690717275031, 51.960881302883926 ], [ 3.966131014281021, 51.969764401889584 ], [ 3.983385682299173, 51.983837263898664 ], [ 4.00171426831777, 51.988033546901647 ], [ 4.03426248735029, 51.987160655901718 ], [ 4.071819854387316, 51.976511710895629 ], [ 4.097650821413678, 51.984865616901253 ], [ 4.127788500444801, 52.000542502911507 ], [ 4.341083500667342, 52.157623503011038 ], [ 4.374232500702193, 52.187090003029283 ], [ 4.44523635577742, 52.264253503076453 ], [ 4.551192000891442, 52.415842503167021 ], [ 4.560596500902011, 52.437426003179624 ], [ 4.555227223897885, 52.460111452192891 ], [ 4.567146808909744, 52.458919853192235 ], [ 4.59743011994038, 52.46846503319793 ], [ 4.595706600938921, 52.473216643200658 ], [ 4.568132575911274, 52.469563454198472 ], [ 4.583914000928166, 52.492270003211637 ], [ 4.596471500942432, 52.523881503229958 ], [ 4.626969255980163, 52.661884684308646 ], [ 4.633333121987528, 52.682136082319992 ], [ 4.638279019992548, 52.683859957321026 ], [ 4.633620181988488, 52.694580799326943 ], [ 4.639604226996275, 52.728118413345676 ], [ 4.709465501073721, 52.883575003431055 ], [ 4.720076055087842, 52.951262434467438 ], [ 4.733661312101835, 52.962415453473405 ], [ 4.776054577143821, 52.965217685474897 ], [ 4.776910768144305, 52.957737535470883 ], [ 4.787851886154957, 52.954705522469268 ], [ 4.795778383162975, 52.958935026471543 ], [ 4.793592235161056, 52.962933964473699 ], [ 4.800823573168215, 52.963298642473831 ], [ 4.802585653169562, 52.955852128469886 ], [ 4.791874486157927, 52.935593963459098 ], [ 4.81027950117497, 52.913646003447298 ], [ 4.874322108237121, 52.889849700434368 ], [ 4.908328032270989, 52.894991448437025 ], [ 4.939837091302613, 52.905164533442388 ], [ 4.969131355332824, 52.930253220455718 ], [ 5.00089254636446, 52.935802194458546 ], [ 5.029068614392346, 52.936957750459008 ], [ 5.041552903404507, 52.933506502457043 ], [ 5.04957154841261, 52.937524003459167 ], [ 5.048980948412296, 52.942334568461753 ], [ 5.16438350152885, 53.000910503491873 ] ] ], [ [ [ 3.757862271034352, 51.340424014474294 ], [ 3.77039296004688, 51.33833448347319 ], [ 3.771558078048683, 51.348909061480384 ], [ 3.785285069062539, 51.349269318480943 ], [ 3.807242707084325, 51.343101844477189 ], [ 3.813317283089856, 51.332720359470251 ], [ 3.823087563100188, 51.341080366476149 ], [ 3.842964300119946, 51.335950522473091 ], [ 3.865718973142947, 51.336605406473993 ], [ 3.87594212015375, 51.345585401480264 ], [ 3.907024275185782, 51.357827653489167 ], [ 3.957716425237615, 51.369293846497875 ], [ 3.968222244249935, 51.399922108518787 ], [ 3.985422924267574, 51.405446848522764 ], [ 4.020925574303013, 51.39818524451853 ], [ 4.050322273331073, 51.368460249498895 ], [ 4.090722289371521, 51.362158220495203 ], [ 4.127532717407789, 51.344428729483731 ], [ 4.129553579410127, 51.3500682144876 ], [ 4.120621124401727, 51.362360793495846 ], [ 4.135817245417066, 51.361412676495412 ], [ 4.16434027844494, 51.343538802483636 ], [ 4.1659505284471, 51.353526895490432 ], [ 4.155811132437182, 51.35974674149454 ], [ 4.155018006436747, 51.366998110499402 ], [ 4.168285438450361, 51.37035433950188 ], [ 4.176782722458598, 51.36403448449768 ], [ 4.192327931474886, 51.375158252505429 ], [ 4.209466821492017, 51.371232539502977 ], [ 4.234817500516484, 51.348254002487735 ], [ 4.165755500443663, 51.292728502449073 ], [ 4.060652557334747, 51.244516451414498 ], [ 4.008853549282303, 51.243221909412775 ], [ 3.985522509258144, 51.233065042405428 ], [ 3.977666500249802, 51.225132002399803 ], [ 3.965877777237822, 51.223939387398772 ], [ 3.958492518229959, 51.216487841393494 ], [ 3.937792330208772, 51.212404157390367 ], [ 3.928968810200279, 51.219471127395039 ], [ 3.917064607187938, 51.214464334391337 ], [ 3.91848900018899, 51.208187002387092 ], [ 3.886327690156118, 51.201030281381549 ], [ 3.878752596148832, 51.207750687386032 ], [ 3.891992979162748, 51.216728662392491 ], [ 3.888112170159131, 51.222390334396287 ], [ 3.856339500126391, 51.21105600238787 ], [ 3.836971651106955, 51.213220015388998 ], [ 3.823304516092929, 51.20912881338581 ], [ 3.79075550006034, 51.214390002388797 ], [ 3.78949644506079, 51.244652428409537 ], [ 3.794093362066102, 51.256187091417615 ], [ 3.775602495047813, 51.263096161421942 ], [ 3.769360910041371, 51.260575092420076 ], [ 3.754028582026428, 51.26974339442603 ], [ 3.693956999966175, 51.276073502429014 ], [ 3.657182862929994, 51.290127882437737 ], [ 3.638922715911491, 51.28888865543643 ], [ 3.589802803863016, 51.30523444244637 ], [ 3.58200045985479, 51.29853067744159 ], [ 3.586625148859111, 51.293450321438222 ], [ 3.581994643854139, 51.287683912434169 ], [ 3.562268492834706, 51.295508815438978 ], [ 3.555431746827543, 51.290370055435289 ], [ 3.544153674816231, 51.290707444435242 ], [ 3.537004955808579, 51.28377536043034 ], [ 3.528202351800017, 51.288384667433185 ], [ 3.516252881787908, 51.286819126431823 ], [ 3.526845313796158, 51.246520065404532 ], [ 3.448825987717364, 51.241783121399095 ], [ 3.427946196696545, 51.245163634400832 ], [ 3.422288245691516, 51.255797899407938 ], [ 3.415756465685161, 51.259083465409994 ], [ 3.407563336676823, 51.257511703408689 ], [ 3.376090847646446, 51.277946231421772 ], [ 3.379591759650541, 51.287428790428315 ], [ 3.366596090638109, 51.296818771434303 ], [ 3.37611934664798, 51.302300535438334 ], [ 3.359358797631995, 51.315373005446723 ], [ 3.384897141658863, 51.335335209461093 ], [ 3.365787499641855, 51.369835502483845 ], [ 3.378209098654762, 51.376989707489066 ], [ 3.423325409700857, 51.389761324499062 ], [ 3.446088228723708, 51.390090065499948 ], [ 3.516661589795688, 51.407635582513755 ], [ 3.544778000823749, 51.404743950512554 ], [ 3.585491850863613, 51.387659685502165 ], [ 3.617932229895812, 51.379878930497682 ], [ 3.685789523963544, 51.371026413493404 ], [ 3.724105583000915, 51.350061016480133 ], [ 3.758111249035012, 51.347421405479082 ], [ 3.757862271034352, 51.340424014474294 ] ] ], [ [ [ 4.878237449254411, 53.157797622575366 ], [ 4.891558679267228, 53.152728782572666 ], [ 4.908276282282792, 53.134762806563415 ], [ 4.900009895274141, 53.124254974558028 ], [ 4.896675966268515, 53.07750351553377 ], [ 4.873120162244665, 53.064865658527317 ], [ 4.871937751242994, 53.054918324522113 ], [ 4.861242102231868, 53.042490280515608 ], [ 4.849236660219822, 53.038888600513779 ], [ 4.843187232213538, 53.032283690510241 ], [ 4.81930872518984, 53.029425326508857 ], [ 4.791628220161443, 53.007751318497455 ], [ 4.79178307716127, 53.001786821494299 ], [ 4.751743955122191, 53.00966055649846 ], [ 4.754001875124113, 53.004338467495671 ], [ 4.773647780143087, 52.996430264491515 ], [ 4.756025012125735, 52.996472725491465 ], [ 4.755608895125045, 52.992015339489178 ], [ 4.72093882809046, 52.984519758485163 ], [ 4.712906226083325, 52.999630311493142 ], [ 4.709110222081114, 53.027845283508007 ], [ 4.71711335109046, 53.055440343522449 ], [ 4.734025774108435, 53.079885321535222 ], [ 4.794455616170982, 53.137572721565135 ], [ 4.799599378175786, 53.132826587562661 ], [ 4.808540643184618, 53.134007501563254 ], [ 4.810808557187112, 53.138773011565696 ], [ 4.805456483181762, 53.136652068564622 ], [ 4.797162123173774, 53.140591445566606 ], [ 4.843745717221867, 53.184262297588973 ], [ 4.860848964238566, 53.182877570588232 ], [ 4.879287340255742, 53.164063117578522 ], [ 4.878237449254411, 53.157797622575366 ] ] ], [ [ [ 3.715892283009878, 51.637200663671322 ], [ 3.705523353998957, 51.629453302665958 ], [ 3.705442335998506, 51.623443837662016 ], [ 3.698951208992304, 51.628621520665277 ], [ 3.682466610974996, 51.615856345656496 ], [ 3.685259999977965, 51.619421718658934 ], [ 3.678268625971169, 51.622501077660772 ], [ 3.699561992993544, 51.63879956267197 ], [ 3.70315827399704, 51.636955554670813 ], [ 3.708947803003274, 51.643413632675227 ], [ 3.715591924009828, 51.642109954674531 ], [ 3.715892283009878, 51.637200663671322 ] ] ], [ [ [ 3.818826780095998, 51.343046000477372 ], [ 3.817362520094373, 51.340055020475361 ], [ 3.814873494091828, 51.340061373475301 ], [ 3.812879359089969, 51.34304600047728 ], [ 3.818826780095998, 51.343046000477372 ] ] ], [ [ [ 3.717790209011396, 51.631354218667497 ], [ 3.717313651010668, 51.62731502266486 ], [ 3.714809672008267, 51.628882993665869 ], [ 3.717790209011396, 51.631354218667497 ] ] ] ] } },
{ "type": "Feature", "properties": { "CNTR_CODE": "NL", "LEVL_CODE": 1, "NUTS_ID": "NL2", "NAME_LATN": "Oost-Nederland" }, "geometry": { "type": "Polygon", "coordinates": [ [ [ 6.119814002466245, 52.854267003393232 ], [ 6.200545419544418, 52.794441788357922 ], [ 6.167855398511537, 52.767270761344065 ], [ 6.128375129472322, 52.757348982339884 ], [ 6.120558940464479, 52.751547108337 ], [ 6.155420268497458, 52.694170575303957 ], [ 6.168909932510624, 52.68673660129938 ], [ 6.164355988505946, 52.679677037295619 ], [ 6.182455385523747, 52.675784397292844 ], [ 6.185943188527323, 52.681796774296075 ], [ 6.193004463534197, 52.676987125293152 ], [ 6.201232127542496, 52.6840928952968 ], [ 6.216301370557453, 52.68605990629743 ], [ 6.271519790611458, 52.665093693283737 ], [ 6.280264772620165, 52.668565685285351 ], [ 6.293940047633557, 52.662621889281553 ], [ 6.323078050662495, 52.670134805284704 ], [ 6.327775002666816, 52.658706503278076 ], [ 6.363025670701322, 52.643626314268325 ], [ 6.377176790714747, 52.617004651252785 ], [ 6.38533583972274, 52.612792303250032 ], [ 6.404524658741733, 52.616999533251708 ], [ 6.408424013745648, 52.621125598253862 ], [ 6.418185411755272, 52.61939334925254 ], [ 6.430092696767198, 52.628066634256932 ], [ 6.436342712773203, 52.618481674251285 ], [ 6.445358389782013, 52.615307595249106 ], [ 6.45891700879538, 52.615907366248933 ], [ 6.469304148805825, 52.624669957253502 ], [ 6.479237011815469, 52.618811051249779 ], [ 6.517028336852644, 52.614174990245644 ], [ 6.514189042850458, 52.645560896263397 ], [ 6.552768002888727, 52.66566100327308 ], [ 6.614586002949689, 52.674110503275081 ], [ 6.707192719040423, 52.648817307256756 ], [ 6.701257354034273, 52.628830419245759 ], [ 6.709732503042583, 52.627823503244834 ], [ 6.726555033058959, 52.615349547237045 ], [ 6.719688012051816, 52.58843938422217 ], [ 6.766621503097607, 52.561512503204661 ], [ 6.752330605083507, 52.559336659204092 ], [ 6.726915898058563, 52.562744178207218 ], [ 6.714830284046466, 52.548949502199939 ], [ 6.681812839014023, 52.552815883203642 ], [ 6.704684698036034, 52.521381703184645 ], [ 6.697865503028781, 52.486286003164786 ], [ 6.753895484083666, 52.463734485149203 ], [ 6.774978427104394, 52.459717422145886 ], [ 6.854307503182548, 52.459598503141962 ], [ 6.853825725181959, 52.450358845136684 ], [ 6.864405991192357, 52.45093770013645 ], [ 6.938270231264833, 52.436126764124182 ], [ 6.947163503273607, 52.43661500312399 ], [ 6.963031310289308, 52.444776230127914 ], [ 6.977563003303767, 52.465476503139122 ], [ 6.988872494314963, 52.468724311140441 ], [ 7.011304212336588, 52.429156497116345 ], [ 7.02235358634736, 52.422132589111683 ], [ 7.035462768360039, 52.403427033100108 ], [ 7.058289907382435, 52.399058396096301 ], [ 7.072438003396032, 52.373116503080354 ], [ 7.071801135395275, 52.352354540068248 ], [ 7.057207824380786, 52.33861801006092 ], [ 7.026515372349988, 52.288340034032814 ], [ 7.028660792351971, 52.274310162024342 ], [ 7.042693412365555, 52.256397628012941 ], [ 7.065685003387996, 52.241373003002771 ], [ 7.060491737382843, 52.234880395999085 ], [ 7.026895912349667, 52.225936180995539 ], [ 6.990314299313595, 52.226716790997898 ], [ 6.948932003272072, 52.180444002972123 ], [ 6.909757518233327, 52.17641913297166 ], [ 6.881339997204944, 52.156333579960901 ], [ 6.872609512195917, 52.130745623945707 ], [ 6.855730542179059, 52.120887728940559 ], [ 6.760465003084607, 52.118569502943608 ], [ 6.756912204080769, 52.098531778931466 ], [ 6.745145933068999, 52.092760317928473 ], [ 6.749411003073035, 52.083641931922763 ], [ 6.734798783058438, 52.074792074917966 ], [ 6.696205022020028, 52.070100305916796 ], [ 6.686947723010536, 52.0549726609079 ], [ 6.687726003010989, 52.039899002898572 ], [ 6.715169393038274, 52.039610626897151 ], [ 6.751333457074042, 52.028992002888963 ], [ 6.809360365131106, 51.999131631867805 ], [ 6.80908813513076, 51.995129412865381 ], [ 6.826574003148034, 51.993532002863539 ], [ 6.830015870151028, 51.966490638846579 ], [ 6.799131444120212, 51.958424569842911 ], [ 6.794944459115688, 51.937340516829927 ], [ 6.787011748107614, 51.928355235824696 ], [ 6.731117368051482, 51.898544044808453 ], [ 6.721060003041389, 51.896489002807598 ], [ 6.695181788016036, 51.91499299982042 ], [ 6.682590235003555, 51.917205444822358 ], [ 6.633117956953961, 51.901201404814351 ], [ 6.585081288905918, 51.89365519281165 ], [ 6.559153734879799, 51.882430984805588 ], [ 6.551753765872487, 51.886021716808166 ], [ 6.543930622864652, 51.88429843080737 ], [ 6.527266251847827, 51.874993507802131 ], [ 6.502201677822648, 51.86787267379863 ], [ 6.498786139819084, 51.861680708794843 ], [ 6.472575502792762, 51.853808502790926 ], [ 6.450514851770977, 51.864934416798832 ], [ 6.432309775752659, 51.859970100796318 ], [ 6.426733829747203, 51.865736677800214 ], [ 6.391804081712508, 51.87309765380612 ], [ 6.387623866708064, 51.863050740799927 ], [ 6.408372664728556, 51.852919423792741 ], [ 6.402915853722893, 51.84373550378713 ], [ 6.407779502727384, 51.828092002776955 ], [ 6.389543002709216, 51.833272002780944 ], [ 6.365701212685448, 51.834388880782541 ], [ 6.359200014679215, 51.845990575790161 ], [ 6.347727511667854, 51.850278565793246 ], [ 6.306965118627094, 51.849734127794427 ], [ 6.298936002619456, 51.867895502806185 ], [ 6.273587844594301, 51.874371030811162 ], [ 6.26098479758156, 51.868408876807841 ], [ 6.213254979533786, 51.868414514809366 ], [ 6.186676108507476, 51.880608002817972 ], [ 6.182830007503737, 51.885488201821197 ], [ 6.190123984511114, 51.887445834822202 ], [ 6.190204209511277, 51.891361528824618 ], [ 6.156367823477811, 51.904934196834283 ], [ 6.126708697447926, 51.898798479831363 ], [ 6.118017975439302, 51.901142397833119 ], [ 6.103341502424349, 51.892617002828224 ], [ 6.136888167457766, 51.885310653822522 ], [ 6.145605600466008, 51.869310521812153 ], [ 6.165352913485613, 51.861395437806472 ], [ 6.166407502486074, 51.840834502793356 ], [ 6.096899914416644, 51.850093763801432 ], [ 6.063382502383504, 51.86544400281214 ], [ 6.052827551372635, 51.85630581480666 ], [ 6.054062763373794, 51.852292372804087 ], [ 6.036769502356185, 51.844071502799359 ], [ 6.01818428133743, 51.841069327797946 ], [ 6.010103557329178, 51.835207056794459 ], [ 5.984844025303692, 51.831016993792517 ], [ 5.962825573281753, 51.836167383796393 ], [ 5.946378347264853, 51.824501532789391 ], [ 5.956664345274986, 51.817298995784498 ], [ 5.948220992266439, 51.81565282778368 ], [ 5.948220992266324, 51.811992165781319 ], [ 5.977480394295309, 51.797835799771498 ], [ 5.973517844290977, 51.787690652765093 ], [ 5.987202261304605, 51.782700697761463 ], [ 5.983539388300671, 51.774284788756205 ], [ 5.990944550307935, 51.768591735752373 ], [ 5.955424970271674, 51.751009032741976 ], [ 5.950454071266458, 51.744000961737633 ], [ 5.938288002254103, 51.741482002736277 ], [ 5.931257054247132, 51.743432320737725 ], [ 5.931882619247921, 51.748256803740837 ], [ 5.915165560231288, 51.752928133744291 ], [ 5.893650502210413, 51.777633502760722 ], [ 5.86861311318519, 51.77522557875978 ], [ 5.865158502181147, 51.757408002748441 ], [ 5.848531002164423, 51.759304002750056 ], [ 5.767786502083025, 51.752464502747543 ], [ 5.749290002064509, 51.756920002750824 ], [ 5.729744002045384, 51.772892002761488 ], [ 5.703107002018747, 51.777660002765131 ], [ 5.689901002005877, 51.789783502773261 ], [ 5.660025501976121, 51.796348502778038 ], [ 5.638466501955201, 51.818912502792926 ], [ 5.618844001935442, 51.819759502793836 ], [ 5.588165501904992, 51.829712002800747 ], [ 5.557391501873937, 51.827396502799843 ], [ 5.538602001854565, 51.816219502793032 ], [ 5.516971501832982, 51.819454002795496 ], [ 5.495459001811681, 51.830646502803006 ], [ 5.484674501800804, 51.828979502802135 ], [ 5.474325501789827, 51.814678002793073 ], [ 5.46086450177617, 51.810589002790742 ], [ 5.432839501747935, 51.810516502791167 ], [ 5.412001001727349, 51.822288502798976 ], [ 5.401619501716874, 51.8207245027981 ], [ 5.364937501678513, 51.784145502775139 ], [ 5.3574515016699, 51.757820002758258 ], [ 5.300759001611912, 51.737465502745827 ], [ 5.272569501583623, 51.740059002747842 ], [ 5.24821300155877, 51.733696002744054 ], [ 5.220693001531421, 51.74353050275063 ], [ 5.195342001505722, 51.740234502748798 ], [ 5.165557001475793, 51.742878002750722 ], [ 5.128057501437818, 51.737610002747672 ], [ 5.126801935436857, 51.744716184752271 ], [ 5.142027992452577, 51.754449166758455 ], [ 5.136307538447071, 51.759991192762058 ], [ 5.13822911044953, 51.771919730769753 ], [ 5.098672361410276, 51.787308852779965 ], [ 5.082038501393264, 51.780662502775826 ], [ 5.066413180377505, 51.780821282776046 ], [ 5.049961049361628, 51.796851058786416 ], [ 5.017401674329276, 51.807450007793392 ], [ 5.000534001312831, 51.820938002802144 ], [ 5.026677501339134, 51.818737002800589 ], [ 5.030799364344213, 51.840479019814474 ], [ 5.000592129313986, 51.844396049817128 ], [ 4.995473293309566, 51.861043084827735 ], [ 5.006308266320333, 51.858148965825826 ], [ 5.060343856374795, 51.85896039382601 ], [ 5.05221786836707, 51.869770212832989 ], [ 5.056552179371629, 51.873396983835242 ], [ 5.080915621396262, 51.876274089836969 ], [ 5.090526293406466, 51.888232649844419 ], [ 5.114227001430308, 51.889168002844826 ], [ 5.179851001499663, 51.967605502893726 ], [ 5.207482288527164, 51.959526407888326 ], [ 5.219071445538983, 51.963543355890785 ], [ 5.230172857550606, 51.975716035898266 ], [ 5.241262977561892, 51.978944012900186 ], [ 5.270019501590259, 51.965538002891471 ], [ 5.321613501641713, 51.954948502884235 ], [ 5.335934001656171, 51.958328002886148 ], [ 5.354611001675409, 51.970119502893326 ], [ 5.387288501708302, 51.969887002892676 ], [ 5.444338001766147, 51.985508002901639 ], [ 5.487427964809415, 51.983384567899662 ], [ 5.512211090833912, 51.973205517892822 ], [ 5.538817432860406, 51.967744957888932 ], [ 5.559681345880927, 51.955153258880678 ], [ 5.58677750190795, 51.950699002877421 ], [ 5.606011501926983, 51.943248502872372 ], [ 5.627089064948552, 51.954365709878914 ], [ 5.621091000942966, 51.966116551886451 ], [ 5.625495366947677, 51.973867710891206 ], [ 5.612686719935395, 51.991171081902252 ], [ 5.592191802915251, 52.001570072909132 ], [ 5.586369773909803, 52.012624656916138 ], [ 5.589317132913499, 52.03415945492943 ], [ 5.568652060893012, 52.04044441893376 ], [ 5.569650985894259, 52.047834096938267 ], [ 5.558061001882652, 52.048847002939112 ], [ 5.562490241888206, 52.078185503957236 ], [ 5.550346501877028, 52.105438002974168 ], [ 5.54401550187057, 52.101944002972168 ], [ 5.531503001857983, 52.102257002972571 ], [ 5.538262758864614, 52.097283523969367 ], [ 5.53719473986326, 52.089648045964715 ], [ 5.53085883485688, 52.089148325964487 ], [ 5.530500295856282, 52.08248644196042 ], [ 5.523050997848678, 52.078298976957939 ], [ 5.510861490836456, 52.078797079958484 ], [ 5.503780534829186, 52.073724693955462 ], [ 5.483073507808274, 52.070165944953615 ], [ 5.459865944785432, 52.080865938960557 ], [ 5.484964824811059, 52.093758265968134 ], [ 5.484815605811364, 52.105356155975208 ], [ 5.493786001820506, 52.111037502978611 ], [ 5.486386001813253, 52.115337502981362 ], [ 5.506922735833848, 52.114230359980354 ], [ 5.495365828822633, 52.123995291986517 ], [ 5.498464454825945, 52.129655320989926 ], [ 5.513462060841196, 52.135413299993218 ], [ 5.498434799826359, 52.141275765997037 ], [ 5.497863717825982, 52.147106110000642 ], [ 5.481513001809693, 52.150539503002939 ], [ 5.483853595812337, 52.157458995007147 ], [ 5.473287354801966, 52.162865502010568 ], [ 5.479895501808705, 52.165809503012241 ], [ 5.442206776771099, 52.16967814501529 ], [ 5.440075790770292, 52.204271579036259 ], [ 5.411286175742001, 52.217730424044866 ], [ 5.406414716736977, 52.214268354042829 ], [ 5.393278001724042, 52.220676503046896 ], [ 5.40463300173653, 52.249630003064141 ], [ 5.315178501649235, 52.302395003097018 ], [ 5.281140501615787, 52.316772503105987 ], [ 5.224590001559594, 52.325763503111979 ], [ 5.146143501480976, 52.31967150310907 ], [ 5.079288001416352, 52.370407003139725 ], [ 5.079161001417038, 52.388653003150417 ], [ 5.137330001476288, 52.415554003165795 ], [ 5.184657789523594, 52.416440339165881 ], [ 5.150841273492021, 52.466507868195414 ], [ 5.100719501443881, 52.508041503219872 ], [ 5.060426501406976, 52.578937503260853 ], [ 5.257185501605466, 52.644470003296199 ], [ 5.262266001611811, 52.676830503314299 ], [ 5.288480389638485, 52.691511678322193 ], [ 5.298071266648049, 52.692661649322709 ], [ 5.361148001709946, 52.675728003312408 ], [ 5.377261501729491, 52.764805003361708 ], [ 5.631353001982471, 52.803055003378297 ], [ 5.660802772012582, 52.831011127392912 ], [ 5.713060665064439, 52.837549102395407 ], [ 5.727867569078995, 52.834824567393525 ], [ 5.726278004077747, 52.843651481398325 ], [ 5.750123032101134, 52.838832460395167 ], [ 5.783678126133626, 52.817728998382847 ], [ 5.78970251413918, 52.804546403375539 ], [ 5.819826502169302, 52.817317503381773 ], [ 5.837256873186181, 52.806460164375338 ], [ 5.857039594205741, 52.806497481374876 ], [ 5.878031072226302, 52.801097730371438 ], [ 5.910591994258889, 52.815135491378186 ], [ 5.923268488271654, 52.823661779382526 ], [ 5.92872615927733, 52.834265220388126 ], [ 5.945855707294329, 52.83704458338913 ], [ 5.955204634303484, 52.833986273387168 ], [ 5.958496726306866, 52.839451420390056 ], [ 5.969861383318155, 52.842172470391283 ], [ 5.996206469343456, 52.817288150376896 ], [ 6.02300963937003, 52.822310121378827 ], [ 6.032214024378965, 52.815636039374937 ], [ 6.058760503405415, 52.826157055379831 ], [ 6.054127089401129, 52.837410542386124 ], [ 6.080508964427201, 52.838997976386175 ], [ 6.119814002466245, 52.854267003393232 ] ] ] } },
{ "type": "Feature", "properties": { "CNTR_CODE": "NL", "LEVL_CODE": 1, "NUTS_ID": "NL1", "NAME_LATN": "Noord-Nederland" }, "geometry": { "type": "MultiPolygon", "coordinates": [ [ [ [ 6.752832507093574, 53.465688753679132 ], [ 6.795784302134967, 53.456491233672629 ], [ 6.816729799155212, 53.462514669674469 ], [ 6.832602345170451, 53.457060070671055 ], [ 6.823936129162069, 53.450713330668407 ], [ 6.829266144167207, 53.445199614665519 ], [ 6.842261788179734, 53.444550723664598 ], [ 6.840039049177625, 53.449426359667015 ], [ 6.847049453184381, 53.455317271669472 ], [ 6.864437544201103, 53.450838675666418 ], [ 6.880828728216898, 53.44105461466085 ], [ 6.874905003210974, 53.408013003645316 ], [ 6.887685091223308, 53.394759120638206 ], [ 6.900912321235865, 53.351296813616415 ], [ 6.936642665270277, 53.331567182604843 ], [ 6.932468905266216, 53.327187592602861 ], [ 6.99706146732854, 53.31112881359148 ], [ 7.009384432340386, 53.3118532235912 ], [ 7.015846092346618, 53.305818585587801 ], [ 7.042837970372635, 53.301272798584087 ], [ 7.089759361417886, 53.303195129582399 ], [ 7.079483442407972, 53.26996315456654 ], [ 7.09271250342072, 53.257017503559325 ], [ 7.201566096525658, 53.237165606543066 ], [ 7.208935003532694, 53.243064503545568 ], [ 7.2175228865411, 53.200437945523682 ], [ 7.208851375532706, 53.188667403518231 ], [ 7.22586148454913, 53.180079559512919 ], [ 7.203117503527233, 53.175597226511996 ], [ 7.179321784504247, 53.137691192494138 ], [ 7.184492450509208, 53.121139933485324 ], [ 7.202794503526904, 53.113281503480231 ], [ 7.199255003523438, 53.081018503463831 ], [ 7.216743503540372, 53.007565003424631 ], [ 7.181570003506118, 52.941304003391735 ], [ 7.087324003414189, 52.849928503348174 ], [ 7.092692003419359, 52.838201003341545 ], [ 7.072045003399094, 52.810874503327874 ], [ 7.054921381381321, 52.643612155236504 ], [ 7.040483440367072, 52.632918379231178 ], [ 6.976963299305042, 52.645873097241818 ], [ 6.938046503266826, 52.63814593523955 ], [ 6.918981503248146, 52.639981503241529 ], [ 6.913241172242619, 52.646479382245474 ], [ 6.897020593226777, 52.651047887248872 ], [ 6.872113582202338, 52.652768708251081 ], [ 6.849620741180266, 52.64913621625017 ], [ 6.836299495167196, 52.651765477252312 ], [ 6.823243924154347, 52.648143242250875 ], [ 6.785312633117166, 52.652564974255256 ], [ 6.745760352078238, 52.646036450253376 ], [ 6.726008601058654, 52.63349167824726 ], [ 6.703500889036449, 52.627424718244903 ], [ 6.707192719040423, 52.648817307256756 ], [ 6.614586002949689, 52.674110503275081 ], [ 6.552768002888727, 52.66566100327308 ], [ 6.514189042850458, 52.645560896263397 ], [ 6.517028336852644, 52.614174990245644 ], [ 6.479237011815469, 52.618811051249779 ], [ 6.469304148805825, 52.624669957253502 ], [ 6.45891700879538, 52.615907366248933 ], [ 6.445358389782013, 52.615307595249106 ], [ 6.436342712773203, 52.618481674251285 ], [ 6.430092696767198, 52.628066634256932 ], [ 6.418185411755272, 52.61939334925254 ], [ 6.408424013745648, 52.621125598253862 ], [ 6.404524658741733, 52.616999533251708 ], [ 6.38533583972274, 52.612792303250032 ], [ 6.377176790714747, 52.617004651252785 ], [ 6.363025670701322, 52.643626314268325 ], [ 6.327775002666816, 52.658706503278076 ], [ 6.323078050662495, 52.670134805284704 ], [ 6.293940047633557, 52.662621889281553 ], [ 6.280264772620165, 52.668565685285351 ], [ 6.271519790611458, 52.665093693283737 ], [ 6.216301370557453, 52.68605990629743 ], [ 6.201232127542496, 52.6840928952968 ], [ 6.193004463534197, 52.676987125293152 ], [ 6.185943188527323, 52.681796774296075 ], [ 6.182455385523747, 52.675784397292844 ], [ 6.164355988505946, 52.679677037295619 ], [ 6.168909932510624, 52.68673660129938 ], [ 6.155420268497458, 52.694170575303957 ], [ 6.120558940464479, 52.751547108337 ], [ 6.128375129472322, 52.757348982339884 ], [ 6.167855398511537, 52.767270761344065 ], [ 6.200545419544418, 52.794441788357922 ], [ 6.119814002466245, 52.854267003393232 ], [ 6.080508964427201, 52.838997976386175 ], [ 6.054127089401129, 52.837410542386124 ], [ 6.058760503405415, 52.826157055379831 ], [ 6.032214024378965, 52.815636039374937 ], [ 6.02300963937003, 52.822310121378827 ], [ 5.996206469343456, 52.817288150376896 ], [ 5.969861383318155, 52.842172470391283 ], [ 5.958496726306866, 52.839451420390056 ], [ 5.955204634303484, 52.833986273387168 ], [ 5.945855707294329, 52.83704458338913 ], [ 5.92872615927733, 52.834265220388126 ], [ 5.923268488271654, 52.823661779382526 ], [ 5.910591994258889, 52.815135491378186 ], [ 5.878031072226302, 52.801097730371438 ], [ 5.857039594205741, 52.806497481374876 ], [ 5.837256873186181, 52.806460164375338 ], [ 5.819826502169302, 52.817317503381773 ], [ 5.78970251413918, 52.804546403375539 ], [ 5.783678126133626, 52.817728998382847 ], [ 5.750123032101134, 52.838832460395167 ], [ 5.726278004077747, 52.843651481398325 ], [ 5.727867569078995, 52.834824567393525 ], [ 5.713060665064439, 52.837549102395407 ], [ 5.660802772012582, 52.831011127392912 ], [ 5.631353001982471, 52.803055003378297 ], [ 5.377261501729491, 52.764805003361708 ], [ 5.238682501596766, 52.874061003423293 ], [ 5.16438350152885, 53.000910503491873 ], [ 5.293898089659457, 53.069414269526362 ], [ 5.343101605708223, 53.07749638852993 ], [ 5.371062518736389, 53.093123259537705 ], [ 5.379109626744937, 53.108289009545416 ], [ 5.403815944769754, 53.122011772552121 ], [ 5.414228808781647, 53.164810865573905 ], [ 5.409602287777461, 53.173534070578469 ], [ 5.425341946793356, 53.184235930583661 ], [ 5.421389089789534, 53.185826944584505 ], [ 5.436961001805689, 53.210160003596599 ], [ 5.481751291850815, 53.240425040611164 ], [ 5.523151279892008, 53.256272395618403 ], [ 5.553486312922358, 53.274466426626908 ], [ 5.560960786930057, 53.285248762632186 ], [ 5.585523176954665, 53.300391900639156 ], [ 5.653226002021556, 53.32063800364778 ], [ 5.718972502086362, 53.334626003653256 ], [ 5.888177238253146, 53.388344709675195 ], [ 5.920944703285079, 53.387488121673847 ], [ 5.971700694334845, 53.397961626677507 ], [ 6.06810297942892, 53.407521082679132 ], [ 6.136413074495331, 53.403941636675114 ], [ 6.176785630534842, 53.414464334678819 ], [ 6.208689407565711, 53.408508821674801 ], [ 6.251933679607914, 53.415574366676644 ], [ 6.308443265662471, 53.396703868665455 ], [ 6.340317675693665, 53.410202669670717 ], [ 6.366940502719577, 53.415258503672085 ], [ 6.537896002885476, 53.431738003672919 ], [ 6.601146250946831, 53.442645715675361 ], [ 6.658251143002224, 53.457420539679724 ], [ 6.752832507093574, 53.465688753679132 ] ] ], [ [ [ 5.530383028905872, 53.444406365710741 ], [ 5.550366229925084, 53.436359158706509 ], [ 5.545609944920511, 53.43786904170728 ], [ 5.540450423915295, 53.432669999704856 ], [ 5.51508607289044, 53.43021456270418 ], [ 5.485471732861098, 53.417601681698621 ], [ 5.471429010847347, 53.416662631698422 ], [ 5.473005433848755, 53.414180178697201 ], [ 5.451207170827669, 53.419424748700123 ], [ 5.447355915823858, 53.41735303669914 ], [ 5.454241947830422, 53.414349778697613 ], [ 5.478835347854321, 53.410671124695384 ], [ 5.46244625183807, 53.40461057669274 ], [ 5.382924690760256, 53.401118532692308 ], [ 5.356765373734111, 53.386923218685787 ], [ 5.325659661703297, 53.377103966681396 ], [ 5.314438090692406, 53.379720999682917 ], [ 5.292868962670966, 53.370279468678589 ], [ 5.260042241638951, 53.37244623768003 ], [ 5.243584105622477, 53.364585131676385 ], [ 5.222051497601471, 53.365415117677031 ], [ 5.216222584595354, 53.356265255672639 ], [ 5.207016194586367, 53.356265255672788 ], [ 5.194962636574224, 53.349502791669536 ], [ 5.173249423552955, 53.349160090669528 ], [ 5.15387858153428, 53.355559841672907 ], [ 5.180677772561785, 53.384130082686617 ], [ 5.199518304580728, 53.395521254691985 ], [ 5.38939798076748, 53.424563255703596 ], [ 5.490492172866938, 53.444197743711385 ], [ 5.530383028905872, 53.444406365710741 ] ] ], [ [ [ 5.751142254121663, 53.460562836713713 ], [ 5.933399969299392, 53.468272380712534 ], [ 5.960228013325432, 53.467659871711454 ], [ 5.968569531333424, 53.462556891708729 ], [ 5.966443048331287, 53.459176788707211 ], [ 5.908830584275165, 53.456778310707705 ], [ 5.806109170174555, 53.437990540701449 ], [ 5.727416813098018, 53.442228714705472 ], [ 5.704038724074837, 53.430383041700324 ], [ 5.681828785053014, 53.425114383698272 ], [ 5.648020452020011, 53.425312718699089 ], [ 5.635385571007807, 53.428838860701049 ], [ 5.619363268992451, 53.437406157705553 ], [ 5.613935646987512, 53.448138054710874 ], [ 5.61753502699127, 53.454709830713959 ], [ 5.635419718009049, 53.464610761718326 ], [ 5.658856913032101, 53.471216621720977 ], [ 5.685801750058198, 53.46546543771764 ], [ 5.751142254121663, 53.460562836713713 ] ] ], [ [ [ 6.161339101521002, 53.471447717706752 ], [ 6.145312516505252, 53.461153585702455 ], [ 6.145070693505104, 53.465529994704497 ], [ 6.130741860491339, 53.474331476709217 ], [ 6.133769516494549, 53.485558351714459 ], [ 6.156008108516473, 53.50088442572099 ], [ 6.30254915965873, 53.509737475719831 ], [ 6.3706470817248, 53.517593126720875 ], [ 6.397848008751107, 53.514509913718292 ], [ 6.360525177714801, 53.506168323715869 ], [ 6.336344126691395, 53.505275880716368 ], [ 6.332663974687743, 53.500944801714468 ], [ 6.279229467635797, 53.48978690871121 ], [ 6.253910946610993, 53.478086101706644 ], [ 6.161339101521002, 53.471447717706752 ] ] ], [ [ [ 4.922781874301219, 53.217725807605724 ], [ 4.881800975260913, 53.217144709605542 ], [ 4.862882029241796, 53.206336747600126 ], [ 4.850373321229786, 53.211361070602685 ], [ 4.857031655236888, 53.223339443608729 ], [ 5.032020688412424, 53.300885382646854 ], [ 5.065698870445779, 53.307931605650154 ], [ 5.10059458247973, 53.303039014647474 ], [ 5.092905532471872, 53.296289050644084 ], [ 5.064768067444187, 53.293783217643103 ], [ 5.039654649419044, 53.282560449637693 ], [ 4.974199434353984, 53.265411433629509 ], [ 4.979359831358438, 53.252971311623192 ], [ 4.970632958349748, 53.250405038621977 ], [ 4.967727897346465, 53.241124533617317 ], [ 4.943351070322171, 53.233035492613382 ], [ 4.922781874301219, 53.217725807605724 ] ] ], [ [ [ 6.492688925843344, 53.553869954732846 ], [ 6.510254544860122, 53.540094887725644 ], [ 6.528238511877439, 53.534014634722006 ], [ 6.513233839862936, 53.535881991723528 ], [ 6.487599443838345, 53.548828336730672 ], [ 6.476983183828093, 53.549414721731466 ], [ 6.510057088859889, 53.533810696722711 ], [ 6.486615653837172, 53.53288325172327 ], [ 6.483964801834647, 53.5349817727244 ], [ 6.496442577846769, 53.537979424725272 ], [ 6.480141983830982, 53.537318534725642 ], [ 6.486178856836683, 53.52491071571955 ], [ 6.475016600825771, 53.518240095716855 ], [ 6.459497344811091, 53.542728634729059 ], [ 6.48193953283294, 53.554382044733565 ], [ 6.492688925843344, 53.553869954732846 ] ] ], [ [ [ 6.606229217952793, 53.541959177722255 ], [ 6.619161677965192, 53.534048972717912 ], [ 6.593117464940132, 53.538676682721281 ], [ 6.582523929929872, 53.534880107719992 ], [ 6.563795820911849, 53.539507816723017 ], [ 6.561120593909181, 53.531590007719437 ], [ 6.557656776905846, 53.533249239720305 ], [ 6.564544904912554, 53.5425370707244 ], [ 6.606229217952793, 53.541959177722255 ] ] ], [ [ [ 5.26796606764164, 53.253231385620829 ], [ 5.252616872626404, 53.24904640261888 ], [ 5.243634084617743, 53.251866206620399 ], [ 5.243800707617704, 53.247515108618238 ], [ 5.241052970615142, 53.250433049619765 ], [ 5.245497086619729, 53.255732762622351 ], [ 5.26796606764164, 53.253231385620829 ] ] ], [ [ [ 6.596812068943527, 53.524680977714524 ], [ 6.596446144943128, 53.519295272712043 ], [ 6.583770188930928, 53.523728447714653 ], [ 6.588679112935701, 53.526586037715795 ], [ 6.596812068943527, 53.524680977714524 ] ] ] ] } },
{ "type": "Feature", "properties": { "CNTR_CODE": "NL", "LEVL_CODE": 2, "NUTS_ID": "NL12", "NAME_LATN": "Friesland (NL)" }, "geometry": { "type": "MultiPolygon", "coordinates": [ [ [ [ 6.191301502548889, 53.41093800367662 ], [ 6.167945002525683, 53.390758503667676 ], [ 6.175716502532777, 53.367527003656015 ], [ 6.186024493542752, 53.362536417653232 ], [ 6.220823675576471, 53.356462962649005 ], [ 6.234074523589087, 53.343257431642058 ], [ 6.254171012608772, 53.34832058364384 ], [ 6.286981502640543, 53.341381003639214 ], [ 6.280897994634138, 53.313650438625771 ], [ 6.293286313646061, 53.307927497622508 ], [ 6.277913179631025, 53.302298511620222 ], [ 6.269363304622455, 53.291189142615032 ], [ 6.254284473607719, 53.288250815614163 ], [ 6.254571511607636, 53.269366719604726 ], [ 6.245031125598262, 53.267093784603929 ], [ 6.232179002585473, 53.256748003599185 ], [ 6.231128454584293, 53.24603872759387 ], [ 6.219586277572927, 53.242279850592425 ], [ 6.223643413576845, 53.238847298590549 ], [ 6.214871077568212, 53.235042466588986 ], [ 6.224686243577628, 53.229518077585837 ], [ 6.229091698581726, 53.217603982579689 ], [ 6.219203841571808, 53.206318331574352 ], [ 6.200234131553083, 53.198112745570825 ], [ 6.178284598530973, 53.167882161556243 ], [ 6.17568850252772, 53.135093003539517 ], [ 6.205481406556488, 53.1157737925286 ], [ 6.262941735612658, 53.113939242525575 ], [ 6.275861641625202, 53.110302329523229 ], [ 6.290658943639511, 53.100180019517438 ], [ 6.315237002663375, 53.094051503513327 ], [ 6.305327002653428, 53.08113050350704 ], [ 6.367695002714189, 53.067325503497479 ], [ 6.362791002708764, 53.033676003480146 ], [ 6.427641502771201, 52.971794003444948 ], [ 6.393538002737014, 52.932819503425641 ], [ 6.332084009676255, 52.907269115414316 ], [ 6.30061851164573, 52.925147736425025 ], [ 6.259516764605384, 52.927479225427803 ], [ 6.231559555577631, 52.912750516420935 ], [ 6.206499141552505, 52.89076688040997 ], [ 6.080508964427201, 52.838997976386175 ], [ 6.054127089401129, 52.837410542386124 ], [ 6.058760503405415, 52.826157055379831 ], [ 6.032214024378965, 52.815636039374937 ], [ 6.02300963937003, 52.822310121378827 ], [ 5.996206469343456, 52.817288150376896 ], [ 5.969861383318155, 52.842172470391283 ], [ 5.958496726306866, 52.839451420390056 ], [ 5.955204634303484, 52.833986273387168 ], [ 5.945855707294329, 52.83704458338913 ], [ 5.92872615927733, 52.834265220388126 ], [ 5.923268488271654, 52.823661779382526 ], [ 5.910591994258889, 52.815135491378186 ], [ 5.878031072226302, 52.801097730371438 ], [ 5.857039594205741, 52.806497481374876 ], [ 5.837256873186181, 52.806460164375338 ], [ 5.819826502169302, 52.817317503381773 ], [ 5.78970251413918, 52.804546403375539 ], [ 5.783678126133626, 52.817728998382847 ], [ 5.750123032101134, 52.838832460395167 ], [ 5.726278004077747, 52.843651481398325 ], [ 5.727867569078995, 52.834824567393525 ], [ 5.713060665064439, 52.837549102395407 ], [ 5.660802772012582, 52.831011127392912 ], [ 5.631353001982471, 52.803055003378297 ], [ 5.377261501729491, 52.764805003361708 ], [ 5.238682501596766, 52.874061003423293 ], [ 5.16438350152885, 53.000910503491873 ], [ 5.293898089659457, 53.069414269526362 ], [ 5.343101605708223, 53.07749638852993 ], [ 5.371062518736389, 53.093123259537705 ], [ 5.379109626744937, 53.108289009545416 ], [ 5.403815944769754, 53.122011772552121 ], [ 5.414228808781647, 53.164810865573905 ], [ 5.409602287777461, 53.173534070578469 ], [ 5.425341946793356, 53.184235930583661 ], [ 5.421389089789534, 53.185826944584505 ], [ 5.436961001805689, 53.210160003596599 ], [ 5.481751291850815, 53.240425040611164 ], [ 5.523151279892008, 53.256272395618403 ], [ 5.553486312922358, 53.274466426626908 ], [ 5.560960786930057, 53.285248762632186 ], [ 5.585523176954665, 53.300391900639156 ], [ 5.653226002021556, 53.32063800364778 ], [ 5.718972502086362, 53.334626003653256 ], [ 5.888177238253146, 53.388344709675195 ], [ 5.920944703285079, 53.387488121673847 ], [ 5.971700694334845, 53.397961626677507 ], [ 6.06810297942892, 53.407521082679132 ], [ 6.136413074495331, 53.403941636675114 ], [ 6.176785630534842, 53.414464334678819 ], [ 6.191301502548889, 53.41093800367662 ] ] ], [ [ [ 5.530383028905872, 53.444406365710741 ], [ 5.550366229925084, 53.436359158706509 ], [ 5.545609944920511, 53.43786904170728 ], [ 5.540450423915295, 53.432669999704856 ], [ 5.51508607289044, 53.43021456270418 ], [ 5.485471732861098, 53.417601681698621 ], [ 5.471429010847347, 53.416662631698422 ], [ 5.473005433848755, 53.414180178697201 ], [ 5.451207170827669, 53.419424748700123 ], [ 5.447355915823858, 53.41735303669914 ], [ 5.454241947830422, 53.414349778697613 ], [ 5.478835347854321, 53.410671124695384 ], [ 5.46244625183807, 53.40461057669274 ], [ 5.382924690760256, 53.401118532692308 ], [ 5.356765373734111, 53.386923218685787 ], [ 5.325659661703297, 53.377103966681396 ], [ 5.314438090692406, 53.379720999682917 ], [ 5.292868962670966, 53.370279468678589 ], [ 5.260042241638951, 53.37244623768003 ], [ 5.243584105622477, 53.364585131676385 ], [ 5.222051497601471, 53.365415117677031 ], [ 5.216222584595354, 53.356265255672639 ], [ 5.207016194586367, 53.356265255672788 ], [ 5.194962636574224, 53.349502791669536 ], [ 5.173249423552955, 53.349160090669528 ], [ 5.15387858153428, 53.355559841672907 ], [ 5.180677772561785, 53.384130082686617 ], [ 5.199518304580728, 53.395521254691985 ], [ 5.38939798076748, 53.424563255703596 ], [ 5.490492172866938, 53.444197743711385 ], [ 5.530383028905872, 53.444406365710741 ] ] ], [ [ [ 5.751142254121663, 53.460562836713713 ], [ 5.933399969299392, 53.468272380712534 ], [ 5.960228013325432, 53.467659871711454 ], [ 5.968569531333424, 53.462556891708729 ], [ 5.966443048331287, 53.459176788707211 ], [ 5.908830584275165, 53.456778310707705 ], [ 5.806109170174555, 53.437990540701449 ], [ 5.727416813098018, 53.442228714705472 ], [ 5.704038724074837, 53.430383041700324 ], [ 5.681828785053014, 53.425114383698272 ], [ 5.648020452020011, 53.425312718699089 ], [ 5.635385571007807, 53.428838860701049 ], [ 5.619363268992451, 53.437406157705553 ], [ 5.613935646987512, 53.448138054710874 ], [ 5.61753502699127, 53.454709830713959 ], [ 5.635419718009049, 53.464610761718326 ], [ 5.658856913032101, 53.471216621720977 ], [ 5.685801750058198, 53.46546543771764 ], [ 5.751142254121663, 53.460562836713713 ] ] ], [ [ [ 6.161339101521002, 53.471447717706752 ], [ 6.145312516505252, 53.461153585702455 ], [ 6.145070693505104, 53.465529994704497 ], [ 6.130741860491339, 53.474331476709217 ], [ 6.133769516494549, 53.485558351714459 ], [ 6.156008108516473, 53.50088442572099 ], [ 6.30254915965873, 53.509737475719831 ], [ 6.3706470817248, 53.517593126720875 ], [ 6.397848008751107, 53.514509913718292 ], [ 6.360525177714801, 53.506168323715869 ], [ 6.336344126691395, 53.505275880716368 ], [ 6.332663974687743, 53.500944801714468 ], [ 6.279229467635797, 53.48978690871121 ], [ 6.253910946610993, 53.478086101706644 ], [ 6.161339101521002, 53.471447717706752 ] ] ], [ [ [ 4.922781874301219, 53.217725807605724 ], [ 4.881800975260913, 53.217144709605542 ], [ 4.862882029241796, 53.206336747600126 ], [ 4.850373321229786, 53.211361070602685 ], [ 4.857031655236888, 53.223339443608729 ], [ 5.032020688412424, 53.300885382646854 ], [ 5.065698870445779, 53.307931605650154 ], [ 5.10059458247973, 53.303039014647474 ], [ 5.092905532471872, 53.296289050644084 ], [ 5.064768067444187, 53.293783217643103 ], [ 5.039654649419044, 53.282560449637693 ], [ 4.974199434353984, 53.265411433629509 ], [ 4.979359831358438, 53.252971311623192 ], [ 4.970632958349748, 53.250405038621977 ], [ 4.967727897346465, 53.241124533617317 ], [ 4.943351070322171, 53.233035492613382 ], [ 4.922781874301219, 53.217725807605724 ] ] ], [ [ [ 5.26796606764164, 53.253231385620829 ], [ 5.252616872626404, 53.24904640261888 ], [ 5.243634084617743, 53.251866206620399 ], [ 5.243800707617704, 53.247515108618238 ], [ 5.241052970615142, 53.250433049619765 ], [ 5.245497086619729, 53.255732762622351 ], [ 5.26796606764164, 53.253231385620829 ] ] ] ] } },
{ "type": "Feature", "properties": { "CNTR_CODE": "NL", "LEVL_CODE": 2, "NUTS_ID": "NL13", "NAME_LATN": "Drenthe" }, "geometry": { "type": "Polygon", "coordinates": [ [ [ 6.484800037830819, 53.203694804562666 ], [ 6.494952603840622, 53.198622877559679 ], [ 6.529076015873854, 53.195594457556716 ], [ 6.535176463879614, 53.183762796550447 ], [ 6.541819597886025, 53.179359601547866 ], [ 6.54840500289241, 53.180855003548388 ], [ 6.563753978907092, 53.158390436536237 ], [ 6.581359622924304, 53.161976340537315 ], [ 6.588287071930831, 53.146054070528848 ], [ 6.600543642942767, 53.143961869527274 ], [ 6.613111014954888, 53.136227059522739 ], [ 6.637634949978407, 53.107489631506851 ], [ 6.694853003034253, 53.121044003511173 ], [ 6.737708263075969, 53.11908814950813 ], [ 6.935702003267494, 52.993362503432856 ], [ 7.014211698343479, 52.926068813393044 ], [ 7.026868003355724, 52.919014003388597 ], [ 7.045606503374016, 52.915897503385914 ], [ 7.014979503343912, 52.872986003364574 ], [ 7.039171139367482, 52.872655318363059 ], [ 7.069202528396578, 52.848584596348473 ], [ 7.075681150402919, 52.849315766348489 ], [ 7.072429580399668, 52.839029411343091 ], [ 7.092692003419359, 52.838201003341545 ], [ 7.072045003399094, 52.810874503327874 ], [ 7.054921381381321, 52.643612155236504 ], [ 7.040483440367072, 52.632918379231178 ], [ 6.976963299305042, 52.645873097241818 ], [ 6.938046503266826, 52.63814593523955 ], [ 6.918981503248146, 52.639981503241529 ], [ 6.913241172242619, 52.646479382245474 ], [ 6.897020593226777, 52.651047887248872 ], [ 6.872113582202338, 52.652768708251081 ], [ 6.849620741180266, 52.64913621625017 ], [ 6.836299495167196, 52.651765477252312 ], [ 6.823243924154347, 52.648143242250875 ], [ 6.785312633117166, 52.652564974255256 ], [ 6.745760352078238, 52.646036450253376 ], [ 6.726008601058654, 52.63349167824726 ], [ 6.703500889036449, 52.627424718244903 ], [ 6.707192719040423, 52.648817307256756 ], [ 6.614586002949689, 52.674110503275081 ], [ 6.552768002888727, 52.66566100327308 ], [ 6.514189042850458, 52.645560896263397 ], [ 6.517028336852644, 52.614174990245644 ], [ 6.479237011815469, 52.618811051249779 ], [ 6.469304148805825, 52.624669957253502 ], [ 6.45891700879538, 52.615907366248933 ], [ 6.445358389782013, 52.615307595249106 ], [ 6.436342712773203, 52.618481674251285 ], [ 6.430092696767198, 52.628066634256932 ], [ 6.418185411755272, 52.61939334925254 ], [ 6.408424013745648, 52.621125598253862 ], [ 6.404524658741733, 52.616999533251708 ], [ 6.38533583972274, 52.612792303250032 ], [ 6.377176790714747, 52.617004651252785 ], [ 6.363025670701322, 52.643626314268325 ], [ 6.327775002666816, 52.658706503278076 ], [ 6.323078050662495, 52.670134805284704 ], [ 6.293940047633557, 52.662621889281553 ], [ 6.280264772620165, 52.668565685285351 ], [ 6.271519790611458, 52.665093693283737 ], [ 6.216301370557453, 52.68605990629743 ], [ 6.201232127542496, 52.6840928952968 ], [ 6.193004463534197, 52.676987125293152 ], [ 6.185943188527323, 52.681796774296075 ], [ 6.182455385523747, 52.675784397292844 ], [ 6.164355988505946, 52.679677037295619 ], [ 6.168909932510624, 52.68673660129938 ], [ 6.155420268497458, 52.694170575303957 ], [ 6.120558940464479, 52.751547108337 ], [ 6.128375129472322, 52.757348982339884 ], [ 6.167855398511537, 52.767270761344065 ], [ 6.200545419544418, 52.794441788357922 ], [ 6.119814002466245, 52.854267003393232 ], [ 6.206499141552505, 52.89076688040997 ], [ 6.231559555577631, 52.912750516420935 ], [ 6.259516764605384, 52.927479225427803 ], [ 6.30061851164573, 52.925147736425025 ], [ 6.332084009676255, 52.907269115414316 ], [ 6.393538002737014, 52.932819503425641 ], [ 6.427641502771201, 52.971794003444948 ], [ 6.362791002708764, 53.033676003480146 ], [ 6.367695002714189, 53.067325503497479 ], [ 6.305327002653428, 53.08113050350704 ], [ 6.315237002663375, 53.094051503513327 ], [ 6.345079990692523, 53.088364374509268 ], [ 6.356511395704033, 53.1063342145181 ], [ 6.363361728710753, 53.108278979518886 ], [ 6.382082343729858, 53.153495151541321 ], [ 6.403180410750664, 53.167704957547762 ], [ 6.406345679753928, 53.176918156552304 ], [ 6.440271361787193, 53.186717587555933 ], [ 6.448657038795502, 53.196414281560472 ], [ 6.484800037830819, 53.203694804562666 ] ] ] } },
{ "type": "Feature", "properties": { "CNTR_CODE": "NL", "LEVL_CODE": 2, "NUTS_ID": "NL11", "NAME_LATN": "Groningen" }, "geometry": { "type": "MultiPolygon", "coordinates": [ [ [ [ 6.752832507093574, 53.465688753679132 ], [ 6.795784302134967, 53.456491233672629 ], [ 6.816729799155212, 53.462514669674469 ], [ 6.832602345170451, 53.457060070671055 ], [ 6.823936129162069, 53.450713330668407 ], [ 6.829266144167207, 53.445199614665519 ], [ 6.842261788179734, 53.444550723664598 ], [ 6.840039049177625, 53.449426359667015 ], [ 6.847049453184381, 53.455317271669472 ], [ 6.864437544201103, 53.450838675666418 ], [ 6.880828728216898, 53.44105461466085 ], [ 6.874905003210974, 53.408013003645316 ], [ 6.887685091223308, 53.394759120638206 ], [ 6.900912321235865, 53.351296813616415 ], [ 6.936642665270277, 53.331567182604843 ], [ 6.932468905266216, 53.327187592602861 ], [ 6.99706146732854, 53.31112881359148 ], [ 7.009384432340386, 53.3118532235912 ], [ 7.015846092346618, 53.305818585587801 ], [ 7.042837970372635, 53.301272798584087 ], [ 7.089759361417886, 53.303195129582399 ], [ 7.079483442407972, 53.26996315456654 ], [ 7.09271250342072, 53.257017503559325 ], [ 7.201566096525658, 53.237165606543066 ], [ 7.208935003532694, 53.243064503545568 ], [ 7.2175228865411, 53.200437945523682 ], [ 7.208851375532706, 53.188667403518231 ], [ 7.22586148454913, 53.180079559512919 ], [ 7.203117503527233, 53.175597226511996 ], [ 7.179321784504247, 53.137691192494138 ], [ 7.184492450509208, 53.121139933485324 ], [ 7.202794503526904, 53.113281503480231 ], [ 7.199255003523438, 53.081018503463831 ], [ 7.216743503540372, 53.007565003424631 ], [ 7.181570003506118, 52.941304003391735 ], [ 7.087324003414189, 52.849928503348174 ], [ 7.092692003419359, 52.838201003341545 ], [ 7.072429580399668, 52.839029411343091 ], [ 7.075681150402919, 52.849315766348489 ], [ 7.069202528396578, 52.848584596348473 ], [ 7.039171139367482, 52.872655318363059 ], [ 7.014979503343912, 52.872986003364574 ], [ 7.045606503374016, 52.915897503385914 ], [ 7.026868003355724, 52.919014003388597 ], [ 7.014211698343479, 52.926068813393044 ], [ 6.935702003267494, 52.993362503432856 ], [ 6.776506003113443, 53.094764503493728 ], [ 6.737708263075969, 53.11908814950813 ], [ 6.694853003034253, 53.121044003511173 ], [ 6.637634949978407, 53.107489631506851 ], [ 6.613111014954888, 53.136227059522739 ], [ 6.600543642942767, 53.143961869527274 ], [ 6.588287071930831, 53.146054070528848 ], [ 6.581359622924304, 53.161976340537315 ], [ 6.563753978907092, 53.158390436536237 ], [ 6.54840500289241, 53.180855003548388 ], [ 6.541819597886025, 53.179359601547866 ], [ 6.535176463879614, 53.183762796550447 ], [ 6.529076015873854, 53.195594457556716 ], [ 6.494952603840622, 53.198622877559679 ], [ 6.484800037830819, 53.203694804562666 ], [ 6.448657038795502, 53.196414281560472 ], [ 6.440271361787193, 53.186717587555933 ], [ 6.406345679753928, 53.176918156552304 ], [ 6.403180410750664, 53.167704957547762 ], [ 6.382082343729858, 53.153495151541321 ], [ 6.363361728710753, 53.108278979518886 ], [ 6.356511395704033, 53.1063342145181 ], [ 6.345079990692523, 53.088364374509268 ], [ 6.290658943639511, 53.100180019517438 ], [ 6.262941735612658, 53.113939242525575 ], [ 6.205481406556488, 53.1157737925286 ], [ 6.17568850252772, 53.135093003539517 ], [ 6.178284598530973, 53.167882161556243 ], [ 6.200234131553083, 53.198112745570825 ], [ 6.219203841571808, 53.206318331574352 ], [ 6.229091698581726, 53.217603982579689 ], [ 6.224686243577628, 53.229518077585837 ], [ 6.214871077568212, 53.235042466588986 ], [ 6.223643413576845, 53.238847298590549 ], [ 6.219586277572927, 53.242279850592425 ], [ 6.231128454584293, 53.24603872759387 ], [ 6.232179002585473, 53.256748003599185 ], [ 6.245031125598262, 53.267093784603929 ], [ 6.254571511607636, 53.269366719604726 ], [ 6.254284473607719, 53.288250815614163 ], [ 6.269363304622455, 53.291189142615032 ], [ 6.277913179631025, 53.302298511620222 ], [ 6.293286313646061, 53.307927497622508 ], [ 6.280897994634138, 53.313650438625771 ], [ 6.286981502640543, 53.341381003639214 ], [ 6.254171012608772, 53.34832058364384 ], [ 6.234074523589087, 53.343257431642058 ], [ 6.220823675576471, 53.356462962649005 ], [ 6.186024493542752, 53.362536417653232 ], [ 6.175716502532777, 53.367527003656015 ], [ 6.167945002525683, 53.390758503667676 ], [ 6.191301502548889, 53.41093800367662 ], [ 6.208689407565711, 53.408508821674801 ], [ 6.251933679607914, 53.415574366676644 ], [ 6.308443265662471, 53.396703868665455 ], [ 6.340317675693665, 53.410202669670717 ], [ 6.366940502719577, 53.415258503672085 ], [ 6.537896002885476, 53.431738003672919 ], [ 6.601146250946831, 53.442645715675361 ], [ 6.658251143002224, 53.457420539679724 ], [ 6.752832507093574, 53.465688753679132 ] ] ], [ [ [ 6.492688925843344, 53.553869954732846 ], [ 6.510254544860122, 53.540094887725644 ], [ 6.528238511877439, 53.534014634722006 ], [ 6.513233839862936, 53.535881991723528 ], [ 6.487599443838345, 53.548828336730672 ], [ 6.476983183828093, 53.549414721731466 ], [ 6.510057088859889, 53.533810696722711 ], [ 6.486615653837172, 53.53288325172327 ], [ 6.483964801834647, 53.5349817727244 ], [ 6.496442577846769, 53.537979424725272 ], [ 6.480141983830982, 53.537318534725642 ], [ 6.486178856836683, 53.52491071571955 ], [ 6.475016600825771, 53.518240095716855 ], [ 6.459497344811091, 53.542728634729059 ], [ 6.48193953283294, 53.554382044733565 ], [ 6.492688925843344, 53.553869954732846 ] ] ], [ [ [ 6.606229217952793, 53.541959177722255 ], [ 6.619161677965192, 53.534048972717912 ], [ 6.593117464940132, 53.538676682721281 ], [ 6.582523929929872, 53.534880107719992 ], [ 6.563795820911849, 53.539507816723017 ], [ 6.561120593909181, 53.531590007719437 ], [ 6.557656776905846, 53.533249239720305 ], [ 6.564544904912554, 53.5425370707244 ], [ 6.606229217952793, 53.541959177722255 ] ] ], [ [ [ 6.596812068943527, 53.524680977714524 ], [ 6.596446144943128, 53.519295272712043 ], [ 6.583770188930928, 53.523728447714653 ], [ 6.588679112935701, 53.526586037715795 ], [ 6.596812068943527, 53.524680977714524 ] ] ] ] } },
{ "type": "Feature", "properties": { "CNTR_CODE": "NL", "LEVL_CODE": 2, "NUTS_ID": "NL41", "NAME_LATN": "Noord-Brabant" }, "geometry": { "type": "MultiPolygon", "coordinates": [ [ [ [ 5.516971501832982, 51.819454002795496 ], [ 5.546046001862119, 51.817837002793972 ], [ 5.557391501873937, 51.827396502799843 ], [ 5.59260150190944, 51.829303502800414 ], [ 5.618844001935442, 51.819759502793836 ], [ 5.641839501958561, 51.817623002792004 ], [ 5.660025501976121, 51.796348502778038 ], [ 5.689901002005877, 51.789783502773261 ], [ 5.706338502022015, 51.776119002764112 ], [ 5.729744002045384, 51.772892002761488 ], [ 5.754086002069272, 51.755226002749588 ], [ 5.782470002097742, 51.752399502747139 ], [ 5.848531002164423, 51.759304002750056 ], [ 5.869513502185454, 51.755913002747327 ], [ 5.879446002195171, 51.748802002742558 ], [ 5.890332002205313, 51.723617502725965 ], [ 5.934030502249096, 51.716430502720222 ], [ 5.955377002270279, 51.709339002715062 ], [ 5.965883002279027, 51.651069502676854 ], [ 6.022012002334549, 51.61991900265496 ], [ 6.02465600233657, 51.598949502641112 ], [ 6.038977502350571, 51.583996002630855 ], [ 6.038015002349097, 51.568924002620939 ], [ 6.047766502358624, 51.558506002613797 ], [ 6.035136691345921, 51.557485289613432 ], [ 6.031189936341798, 51.553227961610745 ], [ 6.003926342314815, 51.569746036622455 ], [ 5.930740285240578, 51.553374814613555 ], [ 5.906976014216586, 51.552320944613484 ], [ 5.89067141920039, 51.560103809618987 ], [ 5.838077002147554, 51.566467502624498 ], [ 5.871615502177621, 51.450237502546429 ], [ 5.931195502235622, 51.384605002500763 ], [ 5.874235502177038, 51.353214502480945 ], [ 5.672037501971172, 51.315014002459399 ], [ 5.62578716292283, 51.272577354431348 ], [ 5.618089749913455, 51.229684454401998 ], [ 5.566283501860622, 51.220836502396864 ], [ 5.560082001854353, 51.222791002398303 ], [ 5.556662739852518, 51.265392505427656 ], [ 5.522957359819118, 51.286140585442446 ], [ 5.51576500181213, 51.2953245024488 ], [ 5.484878501781048, 51.300053502452485 ], [ 5.465235289760571, 51.285169043442622 ], [ 5.442940019737875, 51.282016336440819 ], [ 5.417375001711139, 51.262226002427653 ], [ 5.34769252064101, 51.275323889437587 ], [ 5.33606764762879, 51.26344740442957 ], [ 5.295744920587841, 51.261775423428901 ], [ 5.263278859555065, 51.266607598432536 ], [ 5.237716501528929, 51.26160050242936 ], [ 5.226578018517971, 51.269200958434695 ], [ 5.241098001534117, 51.305663002459511 ], [ 5.200245001493387, 51.32261950247144 ], [ 5.162362024454559, 51.310742205463647 ], [ 5.134464501426433, 51.315490502467227 ], [ 5.131386219424647, 51.347104919488672 ], [ 5.071045001365415, 51.393421002520483 ], [ 5.103257078399751, 51.433021909546966 ], [ 5.080153687377982, 51.469797054571828 ], [ 5.04586336734333, 51.471686629573291 ], [ 5.036765078334774, 51.48693347558352 ], [ 5.011128389308166, 51.471941297573636 ], [ 5.003199546298909, 51.443774444554847 ], [ 4.963890272258163, 51.422522632540712 ], [ 4.928706001221331, 51.396084002522983 ], [ 4.910641425203386, 51.402715069527545 ], [ 4.900789792193881, 51.414157468535336 ], [ 4.882915818175857, 51.415819951536463 ], [ 4.868940160161578, 51.412924138534514 ], [ 4.867409001159822, 51.409119002531966 ], [ 4.8591506931517, 51.412915719534539 ], [ 4.837187566129475, 51.414422948535638 ], [ 4.787863856079353, 51.409746120532489 ], [ 4.772192851063732, 51.41512524153611 ], [ 4.768985845061104, 51.429005495545489 ], [ 4.774536048066827, 51.431522815547133 ], [ 4.785044083077542, 51.432267735547704 ], [ 4.829165001121698, 51.422526002541133 ], [ 4.823914198117588, 51.448333606558421 ], [ 4.834406910128653, 51.4573669195645 ], [ 4.842809738137211, 51.458797504565418 ], [ 4.836610529131148, 51.463106452568312 ], [ 4.841390501136784, 51.480713002580117 ], [ 4.822484009117777, 51.483083236581692 ], [ 4.815800987111523, 51.494235684589199 ], [ 4.785009898080624, 51.499417581592645 ], [ 4.775349399071096, 51.50483756859628 ], [ 4.750610623045756, 51.497989165591726 ], [ 4.7461445380408, 51.489613053586083 ], [ 4.728775655022972, 51.48337631058191 ], [ 4.715785441009142, 51.469155101572397 ], [ 4.704348141997428, 51.466607545570682 ], [ 4.692802150985074, 51.452317346561088 ], [ 4.667285639958896, 51.444439231555741 ], [ 4.669544000960264, 51.426384002543593 ], [ 4.639974443930185, 51.422753687541068 ], [ 4.575701970865654, 51.432604202547495 ], [ 4.535450500824398, 51.42288950254077 ], [ 4.530349190820511, 51.448436662557867 ], [ 4.548236000839794, 51.473228502574607 ], [ 4.536755296828646, 51.482113671580493 ], [ 4.475708594766696, 51.477642411577136 ], [ 4.464444838754985, 51.471300334572817 ], [ 4.441251081731435, 51.468251614570569 ], [ 4.382724762671298, 51.449510780557581 ], [ 4.38043358966886, 51.447179486556031 ], [ 4.39578416168411, 51.442143038552757 ], [ 4.398276619686236, 51.434248460547494 ], [ 4.395133500682662, 51.426872502542508 ], [ 4.384184518671275, 51.42074215753825 ], [ 4.390627164677194, 51.409371153530643 ], [ 4.430393965715755, 51.375475202508056 ], [ 4.425894347710969, 51.371115086505107 ], [ 4.430557144715339, 51.364523630500663 ], [ 4.419809500704467, 51.364547502500642 ], [ 4.394777500678678, 51.355804502494465 ], [ 4.341158818624571, 51.358352516495714 ], [ 4.333144682617451, 51.377395237508559 ], [ 4.279565000563117, 51.376017502507061 ], [ 4.267011371550963, 51.385966840513667 ], [ 4.26405446954958, 51.416429969534178 ], [ 4.275046950561197, 51.425747893540603 ], [ 4.218991000508725, 51.504795002592878 ], [ 4.235067500526991, 51.541481002617388 ], [ 4.234464000527074, 51.555691002626801 ], [ 4.1957180004898, 51.588973502648344 ], [ 4.190163500484894, 51.600952002656186 ], [ 4.19765950049339, 51.618049502667489 ], [ 4.211945000508223, 51.626789002673398 ], [ 4.237418905534336, 51.634340220678688 ], [ 4.242535500540187, 51.647121002687051 ], [ 4.277023087574785, 51.644119428685535 ], [ 4.355473969654772, 51.660514576697054 ], [ 4.372194500672087, 51.669697002703217 ], [ 4.379430500680147, 51.68359350271232 ], [ 4.423550000725905, 51.709472502729525 ], [ 4.514917500817161, 51.692474502719108 ], [ 4.589300500892731, 51.703323502726541 ], [ 4.617063000921195, 51.713451502733143 ], [ 4.676294500981532, 51.724918502740806 ], [ 4.736630501043864, 51.755569502760686 ], [ 4.755239001063826, 51.781612502777477 ], [ 4.773718001083001, 51.793224502784966 ], [ 4.797274501107125, 51.79978950278916 ], [ 4.845998501156169, 51.798755502788453 ], [ 4.889427001200798, 51.81890500280128 ], [ 4.922720001234758, 51.828075502807032 ], [ 5.000534001312831, 51.820938002802144 ], [ 5.017401674329276, 51.807450007793392 ], [ 5.049961049361628, 51.796851058786416 ], [ 5.066413180377505, 51.780821282776046 ], [ 5.082038501393264, 51.780662502775826 ], [ 5.098672361410276, 51.787308852779965 ], [ 5.13822911044953, 51.771919730769753 ], [ 5.136307538447071, 51.759991192762058 ], [ 5.142027992452577, 51.754449166758455 ], [ 5.126801935436857, 51.744716184752271 ], [ 5.128057501437818, 51.737610002747672 ], [ 5.165557001475793, 51.742878002750722 ], [ 5.195342001505722, 51.740234502748798 ], [ 5.220693001531421, 51.74353050275063 ], [ 5.24821300155877, 51.733696002744054 ], [ 5.272569501583623, 51.740059002747842 ], [ 5.300759001611912, 51.737465502745827 ], [ 5.353578501665908, 51.755501002756816 ], [ 5.360305001672884, 51.761165502760434 ], [ 5.36964500168345, 51.790485502779148 ], [ 5.404733001720025, 51.822124502798943 ], [ 5.414846501730243, 51.821289002798245 ], [ 5.429495501744569, 51.811294502791625 ], [ 5.454212001769376, 51.809929002790405 ], [ 5.474325501789827, 51.814678002793073 ], [ 5.482902001798939, 51.827930502801429 ], [ 5.495459001811681, 51.830646502803006 ], [ 5.516971501832982, 51.819454002795496 ] ], [ [ 4.925617909220503, 51.446621751557053 ], [ 4.920126432214889, 51.445889752556603 ], [ 4.922486775217026, 51.439744179552406 ], [ 4.917301949211576, 51.435412679549543 ], [ 4.93604200423031, 51.429419695545498 ], [ 4.942026020236748, 51.438921408551799 ], [ 4.936597796231249, 51.437828044551104 ], [ 4.938087238233039, 51.444699471555708 ], [ 4.927270582221915, 51.440292419552762 ], [ 4.925617909220503, 51.446621751557053 ] ], [ [ 4.933018774228154, 51.449637259559054 ], [ 4.941558255236608, 51.446329500556814 ], [ 4.952450741247852, 51.450161976559336 ], [ 4.933018774228154, 51.449637259559054 ] ], [ [ 4.930724616223907, 51.407396770530667 ], [ 4.93311701422627, 51.405089074529137 ], [ 4.936791457229968, 51.405311768529245 ], [ 4.936154541229543, 51.409448222532006 ], [ 4.930724616223907, 51.407396770530667 ] ], [ [ 4.834376627126966, 51.421201558540147 ], [ 4.837520026130031, 51.418323273538221 ], [ 4.840550630133245, 51.421496531540363 ], [ 4.834376627126966, 51.421201558540147 ] ], [ [ 4.949848623245009, 51.44606239855662 ], [ 4.9437171622387, 51.443695934554988 ], [ 4.950611825245635, 51.443342900554732 ], [ 4.949848623245009, 51.44606239855662 ] ] ], [ [ [ 4.927639501220276, 51.395424502522609 ], [ 4.920863001213275, 51.393688002521451 ], [ 4.914105501206553, 51.395024002522362 ], [ 4.920383823213003, 51.396752578523504 ], [ 4.927639501220276, 51.395424502522609 ] ] ] ] } },
{ "type": "Feature", "properties": { "CNTR_CODE": "NL", "LEVL_CODE": 2, "NUTS_ID": "NL42", "NAME_LATN": "Limburg (NL)" }, "geometry": { "type": "Polygon", "coordinates": [ [ [ 5.931257054247132, 51.743432320737725 ], [ 5.938288002254103, 51.741482002736277 ], [ 5.953192002269285, 51.747846002739983 ], [ 5.955740657271615, 51.738688296734033 ], [ 5.99375566830978, 51.738104488732645 ], [ 6.032312002348065, 51.723832002722311 ], [ 6.035837904351472, 51.718483075718744 ], [ 6.044010572359675, 51.716759602717424 ], [ 6.02664149934198, 51.708718232712691 ], [ 6.031969502346342, 51.676179502691426 ], [ 6.080374040394584, 51.66201491268081 ], [ 6.117140882431329, 51.655992482675778 ], [ 6.094363076407439, 51.621291186653728 ], [ 6.092434717404998, 51.605539065643477 ], [ 6.121062949433427, 51.592459472634033 ], [ 6.131973247444042, 51.580219413625642 ], [ 6.157022502468843, 51.566678502615957 ], [ 6.176870591488009, 51.539197342597191 ], [ 6.200742002511631, 51.526583502588061 ], [ 6.211483449522128, 51.514541094579776 ], [ 6.213287315523276, 51.491596766564456 ], [ 6.223314812532865, 51.47359766355212 ], [ 6.205690906513031, 51.400708713503882 ], [ 6.225565686533033, 51.3996277515025 ], [ 6.215175094522211, 51.388146052495046 ], [ 6.224614677530916, 51.359734240475575 ], [ 6.191270094496691, 51.340030025463278 ], [ 6.192101713497383, 51.335209085459994 ], [ 6.169776913474796, 51.332180881458598 ], [ 6.154080002458175, 51.307373002442205 ], [ 6.128804502432055, 51.285391502427991 ], [ 6.124481002427303, 51.27458500242075 ], [ 6.072657002373963, 51.242587502400369 ], [ 6.084585808385467, 51.222859159386438 ], [ 6.068187166368771, 51.219375467384467 ], [ 6.073566002373006, 51.182692502359046 ], [ 6.082805406382069, 51.171960591351343 ], [ 6.099154067398547, 51.170419644349842 ], [ 6.164254024465031, 51.193452556363816 ], [ 6.179102120479875, 51.187117477358981 ], [ 6.14014854744008, 51.173486893350756 ], [ 6.174225554474073, 51.158612979339431 ], [ 6.162565071461988, 51.14932962233339 ], [ 6.126315873425201, 51.144869455331367 ], [ 6.092517499390739, 51.134571910325192 ], [ 6.085708518383531, 51.124616470318465 ], [ 6.061407885358686, 51.116469122313433 ], [ 6.036585002332852, 51.096579002300238 ], [ 6.017391117313397, 51.093843079298885 ], [ 5.996570815291963, 51.083269626292044 ], [ 5.970558896264824, 51.060426318276676 ], [ 5.968613502262479, 51.0479735022681 ], [ 5.956502809249784, 51.035565134259627 ], [ 5.937512447230568, 51.036946828261051 ], [ 5.912794596206473, 51.065484578281676 ], [ 5.891430542184406, 51.053425200273878 ], [ 5.867697335160213, 51.050278306272148 ], [ 5.876920613169164, 51.0373511092629 ], [ 5.880064910171667, 51.016958669248446 ], [ 5.894557518186132, 51.01128577324409 ], [ 5.896514505187918, 51.004559877239302 ], [ 5.905089856196494, 51.001160302236713 ], [ 5.903518373194485, 50.987838530227407 ], [ 5.893678332184221, 50.980098674222148 ], [ 5.897198002187559, 50.974845502218308 ], [ 5.954817002246461, 50.98836350222647 ], [ 5.969070366260692, 50.979812028220081 ], [ 6.025641719318133, 50.982919379220803 ], [ 6.01612055030787, 50.963605631207365 ], [ 6.006087002297436, 50.957568002203359 ], [ 6.015845970307236, 50.952517185199582 ], [ 6.018124002308893, 50.934593002186816 ], [ 6.051425472342498, 50.928755372181719 ], [ 6.057826932348779, 50.922034275176813 ], [ 6.074976572366191, 50.922368804176564 ], [ 6.090472557381784, 50.917798715172836 ], [ 6.075474918365739, 50.89177326215475 ], [ 6.086492427376488, 50.878732930145127 ], [ 6.073989562362753, 50.847613560123214 ], [ 6.057782502346419, 50.85099300212606 ], [ 6.054200668342979, 50.856623563130235 ], [ 6.019988804307932, 50.846131906123645 ], [ 6.017060909304496, 50.83307315111432 ], [ 6.023666246311026, 50.827819426110395 ], [ 6.023551580310438, 50.81354196210016 ], [ 6.004721435290955, 50.802023144092345 ], [ 5.987626717273834, 50.80961324209823 ], [ 5.97672750226257, 50.803536502094154 ], [ 5.977143208262776, 50.796789556089273 ], [ 6.026659501312328, 50.77427886707175 ], [ 6.018791155303959, 50.763183946063997 ], [ 6.020999002305853, 50.754295502057523 ], [ 5.983559998267829, 50.753090219057562 ], [ 5.960132029244313, 50.762023929064611 ], [ 5.917619423200724, 50.75096448805769 ], [ 5.913640552196813, 50.755314961060883 ], [ 5.901261968184142, 50.752076310058847 ], [ 5.892073002174858, 50.755237502061291 ], [ 5.886290697169538, 50.769483685071783 ], [ 5.863435257146087, 50.763342065067896 ], [ 5.849627104131755, 50.755369039062437 ], [ 5.84491700212726, 50.765385002069785 ], [ 5.830474605112369, 50.758879290065437 ], [ 5.808213446089658, 50.756371718064095 ], [ 5.793760564075407, 50.769334764073761 ], [ 5.784417538065857, 50.768286072073217 ], [ 5.777039552058805, 50.780935767082497 ], [ 5.77075624205246, 50.782695015083853 ], [ 5.746039984026884, 50.769308284074739 ], [ 5.737277334017558, 50.757787216066561 ], [ 5.71976386899988, 50.762764604070561 ], [ 5.697084770976577, 50.755733770065874 ], [ 5.682000501961281, 50.757446502067481 ], [ 5.700726529981211, 50.781464489084442 ], [ 5.691549774972399, 50.796032675095127 ], [ 5.698368621979618, 50.804445204101071 ], [ 5.69306407097448, 50.811488200106226 ], [ 5.655415709936437, 50.819757186112852 ], [ 5.639812578921608, 50.847807757133282 ], [ 5.646647168929427, 50.872124981150591 ], [ 5.678666695962385, 50.881716650156854 ], [ 5.694282142978764, 50.896730656167293 ], [ 5.699535371984566, 50.909563352176306 ], [ 5.723732502009202, 50.910526502176523 ], [ 5.728413699014512, 50.925347957186979 ], [ 5.74755661303472, 50.94715860920212 ], [ 5.757758466045254, 50.951626855205035 ], [ 5.754748585042393, 50.957886429209545 ], [ 5.7457950460334, 50.960913985211903 ], [ 5.727942078015072, 50.955517654208386 ], [ 5.720868956008112, 50.961995989213108 ], [ 5.765310088054528, 50.997400796237258 ], [ 5.766125502055737, 51.008715502245231 ], [ 5.775774858066014, 51.022126497254469 ], [ 5.758718882049096, 51.033197745262569 ], [ 5.772365361063898, 51.060794568281658 ], [ 5.798274002090104, 51.059853502280454 ], [ 5.797515002089805, 51.073531502290059 ], [ 5.804239712096845, 51.078458650293349 ], [ 5.797995718091011, 51.092623061303399 ], [ 5.808900087102187, 51.095905425305411 ], [ 5.825372478118776, 51.093199666303185 ], [ 5.833172502126909, 51.099659002307504 ], [ 5.829456235123357, 51.106327355312246 ], [ 5.814200213107988, 51.107986974313739 ], [ 5.808695488102629, 51.11555512531914 ], [ 5.824226882118807, 51.128415672327755 ], [ 5.840607425135548, 51.13175293432969 ], [ 5.854447675149997, 51.144577908338299 ], [ 5.837819072133436, 51.153475016344842 ], [ 5.826478002122373, 51.166755502354292 ], [ 5.814580747110149, 51.160055638349938 ], [ 5.804929376100403, 51.161586585351202 ], [ 5.778827678073648, 51.152616119345545 ], [ 5.778367617073482, 51.161614783351808 ], [ 5.770345222065544, 51.167488232356078 ], [ 5.775894620071324, 51.171274690358565 ], [ 5.774704515070407, 51.178939842363917 ], [ 5.745651002041257, 51.189472002371751 ], [ 5.709695135004549, 51.181101197366779 ], [ 5.689291906984041, 51.18500420736985 ], [ 5.65813600195238, 51.184715502370246 ], [ 5.650535766945199, 51.198427552379862 ], [ 5.566283501860622, 51.220836502396864 ], [ 5.618089749913455, 51.229684454401998 ], [ 5.62578716292283, 51.272577354431348 ], [ 5.672037501971172, 51.315014002459399 ], [ 5.874235502177038, 51.353214502480945 ], [ 5.931195502235622, 51.384605002500763 ], [ 5.871615502177621, 51.450237502546429 ], [ 5.838077002147554, 51.566467502624498 ], [ 5.89067141920039, 51.560103809618987 ], [ 5.906976014216586, 51.552320944613484 ], [ 5.930740285240578, 51.553374814613555 ], [ 6.003926342314815, 51.569746036622455 ], [ 6.031189936341798, 51.553227961610745 ], [ 6.035136691345921, 51.557485289613432 ], [ 6.047766502358624, 51.558506002613797 ], [ 6.038015002349097, 51.568924002620939 ], [ 6.038977502350571, 51.583996002630855 ], [ 6.02465600233657, 51.598949502641112 ], [ 6.022012002334549, 51.61991900265496 ], [ 5.965883002279027, 51.651069502676854 ], [ 5.955377002270279, 51.709339002715062 ], [ 5.934030502249096, 51.716430502720222 ], [ 5.900069502215017, 51.719940002723362 ], [ 5.887188502202255, 51.725696502727402 ], [ 5.879446002195171, 51.748802002742558 ], [ 5.865158502181147, 51.757408002748441 ], [ 5.86861311318519, 51.77522557875978 ], [ 5.893650502210413, 51.777633502760722 ], [ 5.915165560231288, 51.752928133744291 ], [ 5.931882619247921, 51.748256803740837 ], [ 5.931257054247132, 51.743432320737725 ] ] ] } },
{ "type": "Feature", "properties": { "CNTR_CODE": "NL", "LEVL_CODE": 2, "NUTS_ID": "NL22", "NAME_LATN": "Gelderland" }, "geometry": { "type": "Polygon", "coordinates": [ [ [ 5.908911620247933, 52.498320633200208 ], [ 5.926132240264332, 52.474629936186034 ], [ 5.953442633291741, 52.484179134190818 ], [ 5.966133832304163, 52.477259343186503 ], [ 6.000733502339155, 52.500133503198747 ], [ 6.027829002366286, 52.509654503203393 ], [ 6.054038502392076, 52.49993500319696 ], [ 6.068804002406243, 52.483509003187066 ], [ 6.099789502436674, 52.469787003178176 ], [ 6.102399002438569, 52.445286003163858 ], [ 6.118819534454582, 52.43294907215612 ], [ 6.11167507844684, 52.408206199141922 ], [ 6.129738643464588, 52.399233761136067 ], [ 6.125950373460424, 52.385265815128037 ], [ 6.116920675451252, 52.378030828124089 ], [ 6.081707249416081, 52.371441772121315 ], [ 6.077841002411992, 52.364395003117252 ], [ 6.093782436427695, 52.357058142112443 ], [ 6.076667378410503, 52.350904561109296 ], [ 6.06726959340028, 52.31829568209028 ], [ 6.079591463412498, 52.316847345089066 ], [ 6.085158049417609, 52.301572538079796 ], [ 6.101319002433637, 52.301246503079085 ], [ 6.128353778459513, 52.261021252054228 ], [ 6.125293687456214, 52.251948652048895 ], [ 6.152358828483056, 52.246271846044628 ], [ 6.143344679473866, 52.23806333704001 ], [ 6.148311786478518, 52.228044505033793 ], [ 6.165030352494957, 52.219469709028104 ], [ 6.16641150249662, 52.231045003035049 ], [ 6.181320588511526, 52.233562563036052 ], [ 6.19005075652011, 52.229374561033218 ], [ 6.214353306544277, 52.227413456031272 ], [ 6.216413677546449, 52.23108460303343 ], [ 6.269609744599281, 52.226728074028955 ], [ 6.291033273620691, 52.230418394030458 ], [ 6.299383561628856, 52.225678139027245 ], [ 6.318322325647742, 52.225681808026579 ], [ 6.337648435666958, 52.227533708027018 ], [ 6.340317675669858, 52.236051833032079 ], [ 6.35157561568113, 52.241531946034918 ], [ 6.381997502711516, 52.246086003036531 ], [ 6.389979502719338, 52.242634003034169 ], [ 6.410802002740002, 52.243034503033613 ], [ 6.416688002745831, 52.242253003032921 ], [ 6.430072348758727, 52.222514607020543 ], [ 6.456739438784759, 52.201643760006945 ], [ 6.469086694797037, 52.19951532500513 ], [ 6.479759463807274, 52.182521366994443 ], [ 6.492394502819703, 52.177669502991023 ], [ 6.515080450842321, 52.181232364992297 ], [ 6.555793739882674, 52.17743260498834 ], [ 6.590040575916781, 52.181664400989462 ], [ 6.60460305493109, 52.17412308598427 ], [ 6.604847074931163, 52.166897541979893 ], [ 6.612345384938554, 52.163595067977546 ], [ 6.630231479956475, 52.172888689982422 ], [ 6.640232531966316, 52.168111192979126 ], [ 6.64509050297123, 52.17426300298262 ], [ 6.672847560998584, 52.163649981975006 ], [ 6.673967559999283, 52.142792376962269 ], [ 6.664318740989517, 52.129754468954758 ], [ 6.716803971041328, 52.118359238945459 ], [ 6.760465003084607, 52.118569502943608 ], [ 6.756912204080769, 52.098531778931466 ], [ 6.745145933068999, 52.092760317928473 ], [ 6.749411003073035, 52.083641931922763 ], [ 6.734798783058438, 52.074792074917966 ], [ 6.696205022020028, 52.070100305916796 ], [ 6.686947723010536, 52.0549726609079 ], [ 6.687726003010989, 52.039899002898572 ], [ 6.715169393038274, 52.039610626897151 ], [ 6.751333457074042, 52.028992002888963 ], [ 6.809360365131106, 51.999131631867805 ], [ 6.80908813513076, 51.995129412865381 ], [ 6.826574003148034, 51.993532002863539 ], [ 6.830015870151028, 51.966490638846579 ], [ 6.799131444120212, 51.958424569842911 ], [ 6.794944459115688, 51.937340516829927 ], [ 6.787011748107614, 51.928355235824696 ], [ 6.731117368051482, 51.898544044808453 ], [ 6.721060003041389, 51.896489002807598 ], [ 6.695181788016036, 51.91499299982042 ], [ 6.682590235003555, 51.917205444822358 ], [ 6.633117956953961, 51.901201404814351 ], [ 6.585081288905918, 51.89365519281165 ], [ 6.559153734879799, 51.882430984805588 ], [ 6.551753765872487, 51.886021716808166 ], [ 6.543930622864652, 51.88429843080737 ], [ 6.527266251847827, 51.874993507802131 ], [ 6.502201677822648, 51.86787267379863 ], [ 6.498786139819084, 51.861680708794843 ], [ 6.472575502792762, 51.853808502790926 ], [ 6.450514851770977, 51.864934416798832 ], [ 6.432309775752659, 51.859970100796318 ], [ 6.426733829747203, 51.865736677800214 ], [ 6.391804081712508, 51.87309765380612 ], [ 6.387623866708064, 51.863050740799927 ], [ 6.408372664728556, 51.852919423792741 ], [ 6.402915853722893, 51.84373550378713 ], [ 6.407779502727384, 51.828092002776955 ], [ 6.389543002709216, 51.833272002780944 ], [ 6.365701212685448, 51.834388880782541 ], [ 6.359200014679215, 51.845990575790161 ], [ 6.347727511667854, 51.850278565793246 ], [ 6.306965118627094, 51.849734127794427 ], [ 6.298936002619456, 51.867895502806185 ], [ 6.273587844594301, 51.874371030811162 ], [ 6.26098479758156, 51.868408876807841 ], [ 6.213254979533786, 51.868414514809366 ], [ 6.186676108507476, 51.880608002817972 ], [ 6.182830007503737, 51.885488201821197 ], [ 6.190123984511114, 51.887445834822202 ], [ 6.190204209511277, 51.891361528824618 ], [ 6.156367823477811, 51.904934196834283 ], [ 6.126708697447926, 51.898798479831363 ], [ 6.118017975439302, 51.901142397833119 ], [ 6.103341502424349, 51.892617002828224 ], [ 6.136888167457766, 51.885310653822522 ], [ 6.145605600466008, 51.869310521812153 ], [ 6.165352913485613, 51.861395437806472 ], [ 6.166407502486074, 51.840834502793356 ], [ 6.096899914416644, 51.850093763801432 ], [ 6.063382502383504, 51.86544400281214 ], [ 6.052827551372635, 51.85630581480666 ], [ 6.054062763373794, 51.852292372804087 ], [ 6.036769502356185, 51.844071502799359 ], [ 6.01818428133743, 51.841069327797946 ], [ 6.010103557329178, 51.835207056794459 ], [ 5.984844025303692, 51.831016993792517 ], [ 5.962825573281753, 51.836167383796393 ], [ 5.946378347264853, 51.824501532789391 ], [ 5.956664345274986, 51.817298995784498 ], [ 5.948220992266439, 51.81565282778368 ], [ 5.948220992266324, 51.811992165781319 ], [ 5.977480394295309, 51.797835799771498 ], [ 5.973517844290977, 51.787690652765093 ], [ 5.987202261304605, 51.782700697761463 ], [ 5.983539388300671, 51.774284788756205 ], [ 5.990944550307935, 51.768591735752373 ], [ 5.955424970271674, 51.751009032741976 ], [ 5.950454071266458, 51.744000961737633 ], [ 5.938288002254103, 51.741482002736277 ], [ 5.931257054247132, 51.743432320737725 ], [ 5.931882619247921, 51.748256803740837 ], [ 5.915165560231288, 51.752928133744291 ], [ 5.893650502210413, 51.777633502760722 ], [ 5.86861311318519, 51.77522557875978 ], [ 5.865158502181147, 51.757408002748441 ], [ 5.848531002164423, 51.759304002750056 ], [ 5.767786502083025, 51.752464502747543 ], [ 5.749290002064509, 51.756920002750824 ], [ 5.729744002045384, 51.772892002761488 ], [ 5.703107002018747, 51.777660002765131 ], [ 5.689901002005877, 51.789783502773261 ], [ 5.660025501976121, 51.796348502778038 ], [ 5.638466501955201, 51.818912502792926 ], [ 5.618844001935442, 51.819759502793836 ], [ 5.588165501904992, 51.829712002800747 ], [ 5.557391501873937, 51.827396502799843 ], [ 5.538602001854565, 51.816219502793032 ], [ 5.516971501832982, 51.819454002795496 ], [ 5.495459001811681, 51.830646502803006 ], [ 5.484674501800804, 51.828979502802135 ], [ 5.474325501789827, 51.814678002793073 ], [ 5.46086450177617, 51.810589002790742 ], [ 5.432839501747935, 51.810516502791167 ], [ 5.412001001727349, 51.822288502798976 ], [ 5.401619501716874, 51.8207245027981 ], [ 5.364937501678513, 51.784145502775139 ], [ 5.3574515016699, 51.757820002758258 ], [ 5.300759001611912, 51.737465502745827 ], [ 5.272569501583623, 51.740059002747842 ], [ 5.24821300155877, 51.733696002744054 ], [ 5.220693001531421, 51.74353050275063 ], [ 5.195342001505722, 51.740234502748798 ], [ 5.165557001475793, 51.742878002750722 ], [ 5.128057501437818, 51.737610002747672 ], [ 5.126801935436857, 51.744716184752271 ], [ 5.142027992452577, 51.754449166758455 ], [ 5.136307538447071, 51.759991192762058 ], [ 5.13822911044953, 51.771919730769753 ], [ 5.098672361410276, 51.787308852779965 ], [ 5.082038501393264, 51.780662502775826 ], [ 5.066413180377505, 51.780821282776046 ], [ 5.049961049361628, 51.796851058786416 ], [ 5.017401674329276, 51.807450007793392 ], [ 5.000534001312831, 51.820938002802144 ], [ 5.026677501339134, 51.818737002800589 ], [ 5.030799364344213, 51.840479019814474 ], [ 5.000592129313986, 51.844396049817128 ], [ 4.995473293309566, 51.861043084827735 ], [ 5.006308266320333, 51.858148965825826 ], [ 5.060343856374795, 51.85896039382601 ], [ 5.05221786836707, 51.869770212832989 ], [ 5.056552179371629, 51.873396983835242 ], [ 5.080915621396262, 51.876274089836969 ], [ 5.090526293406466, 51.888232649844419 ], [ 5.114227001430308, 51.889168002844826 ], [ 5.179851001499663, 51.967605502893726 ], [ 5.207482288527164, 51.959526407888326 ], [ 5.219071445538983, 51.963543355890785 ], [ 5.230172857550606, 51.975716035898266 ], [ 5.241262977561892, 51.978944012900186 ], [ 5.270019501590259, 51.965538002891471 ], [ 5.321613501641713, 51.954948502884235 ], [ 5.335934001656171, 51.958328002886148 ], [ 5.354611001675409, 51.970119502893326 ], [ 5.387288501708302, 51.969887002892676 ], [ 5.444338001766147, 51.985508002901639 ], [ 5.487427964809415, 51.983384567899662 ], [ 5.512211090833912, 51.973205517892822 ], [ 5.538817432860406, 51.967744957888932 ], [ 5.559681345880927, 51.955153258880678 ], [ 5.58677750190795, 51.950699002877421 ], [ 5.606011501926983, 51.943248502872372 ], [ 5.627089064948552, 51.954365709878914 ], [ 5.621091000942966, 51.966116551886451 ], [ 5.625495366947677, 51.973867710891206 ], [ 5.612686719935395, 51.991171081902252 ], [ 5.592191802915251, 52.001570072909132 ], [ 5.586369773909803, 52.012624656916138 ], [ 5.589317132913499, 52.03415945492943 ], [ 5.568652060893012, 52.04044441893376 ], [ 5.569650985894259, 52.047834096938267 ], [ 5.558061001882652, 52.048847002939112 ], [ 5.562490241888206, 52.078185503957236 ], [ 5.550346501877028, 52.105438002974168 ], [ 5.54401550187057, 52.101944002972168 ], [ 5.531503001857983, 52.102257002972571 ], [ 5.538262758864614, 52.097283523969367 ], [ 5.53719473986326, 52.089648045964715 ], [ 5.53085883485688, 52.089148325964487 ], [ 5.530500295856282, 52.08248644196042 ], [ 5.523050997848678, 52.078298976957939 ], [ 5.510861490836456, 52.078797079958484 ], [ 5.503780534829186, 52.073724693955462 ], [ 5.483073507808274, 52.070165944953615 ], [ 5.459865944785432, 52.080865938960557 ], [ 5.484964824811059, 52.093758265968134 ], [ 5.484815605811364, 52.105356155975208 ], [ 5.493786001820506, 52.111037502978611 ], [ 5.486386001813253, 52.115337502981362 ], [ 5.506922735833848, 52.114230359980354 ], [ 5.495365828822633, 52.123995291986517 ], [ 5.498464454825945, 52.129655320989926 ], [ 5.513462060841196, 52.135413299993218 ], [ 5.498434799826359, 52.141275765997037 ], [ 5.497863717825982, 52.147106110000642 ], [ 5.481513001809693, 52.150539503002939 ], [ 5.483853595812337, 52.157458995007147 ], [ 5.473287354801966, 52.162865502010568 ], [ 5.479895501808705, 52.165809503012241 ], [ 5.442206776771099, 52.16967814501529 ], [ 5.440075790770292, 52.204271579036259 ], [ 5.411286175742001, 52.217730424044866 ], [ 5.406414716736977, 52.214268354042829 ], [ 5.393278001724042, 52.220676503046896 ], [ 5.40463300173653, 52.249630003064141 ], [ 5.533282501866076, 52.272743503075958 ], [ 5.575706412911288, 52.350597717121545 ], [ 5.587943904923882, 52.361376116127666 ], [ 5.603697358939658, 52.363334191128537 ], [ 5.6115412469474, 52.360251810126542 ], [ 5.644567229980651, 52.370365103131824 ], [ 5.65353597798948, 52.366152283129146 ], [ 5.678668002014917, 52.37881900313608 ], [ 5.717295195053802, 52.388921382141213 ], [ 5.732143358068872, 52.396848753145569 ], [ 5.731439640068319, 52.40164429914833 ], [ 5.739754925076494, 52.398974789146607 ], [ 5.804331502141902, 52.4321480031645 ], [ 5.822412002160402, 52.449707003174289 ], [ 5.815609002153806, 52.455215503177655 ], [ 5.831386002170071, 52.473400003187805 ], [ 5.840257002178818, 52.471058003186229 ], [ 5.845592502184413, 52.478203003190224 ], [ 5.864311002204181, 52.518169503212846 ], [ 5.877153334217079, 52.521714404214528 ], [ 5.908911620247933, 52.498320633200208 ] ] ] } },
{ "type": "Feature", "properties": { "CNTR_CODE": "NL", "LEVL_CODE": 2, "NUTS_ID": "NL34", "NAME_LATN": "Zeeland" }, "geometry": { "type": "MultiPolygon", "coordinates": [ [ [ [ 4.013337000315816, 51.759010502756475 ], [ 4.018886000320445, 51.742717502746046 ], [ 4.035038000335956, 51.730194002738237 ], [ 4.036705000336527, 51.711029002725851 ], [ 4.047814500346816, 51.694362502715208 ], [ 4.151825000450891, 51.685234002710814 ], [ 4.193764000491965, 51.664398002697801 ], [ 4.242535500540187, 51.647121002687051 ], [ 4.237418905534336, 51.634340220678688 ], [ 4.211945000508223, 51.626789002673398 ], [ 4.19765950049339, 51.618049502667489 ], [ 4.190163500484894, 51.600952002656186 ], [ 4.1957180004898, 51.588973502648344 ], [ 4.234464000527074, 51.555691002626801 ], [ 4.235067500526991, 51.541481002617388 ], [ 4.218991000508725, 51.504795002592878 ], [ 4.275046950561197, 51.425747893540603 ], [ 4.26405446954958, 51.416429969534178 ], [ 4.267011371550963, 51.385966840513667 ], [ 4.279565000563117, 51.376017502507061 ], [ 4.243669500526818, 51.374729502505801 ], [ 4.231666024515646, 51.393401982518256 ], [ 4.198792310483019, 51.404751499525545 ], [ 4.152390984435601, 51.395307131518557 ], [ 4.079185086362371, 51.407844445525946 ], [ 4.054143508337669, 51.41863021353285 ], [ 4.045441967329516, 51.429968412540276 ], [ 4.017497261301902, 51.439945060546556 ], [ 4.012318905296929, 51.445276985550059 ], [ 4.007389687291807, 51.442082820547796 ], [ 3.975449763260634, 51.461145256560052 ], [ 3.934107000218186, 51.448174002550623 ], [ 3.925949483210135, 51.44998652755168 ], [ 3.92218089520593, 51.443111255546995 ], [ 3.925863428209191, 51.434860559541526 ], [ 3.899194703179972, 51.394551569513929 ], [ 3.873064681153804, 51.397076173515082 ], [ 3.857807480138094, 51.39131874051089 ], [ 3.81630641609585, 51.384987053505768 ], [ 3.776179250056583, 51.404935274518365 ], [ 3.774909731055575, 51.409652018521541 ], [ 3.753668906034451, 51.414321628524206 ], [ 3.732642928013188, 51.412013609522177 ], [ 3.719875256001135, 51.426460337531609 ], [ 3.678168719960542, 51.449317442545926 ], [ 3.685352902968198, 51.45662758355099 ], [ 3.692588244975434, 51.455916237550682 ], [ 3.704076499986695, 51.450613502547412 ], [ 3.706379084988606, 51.443881362542953 ], [ 3.719108036001418, 51.444222631543475 ], [ 3.70996749999286, 51.454306502550004 ], [ 3.693450404976482, 51.458984895552781 ], [ 3.714428999997842, 51.463583002556355 ], [ 3.716978672001058, 51.473842001563277 ], [ 3.711752608995658, 51.471589139561623 ], [ 3.704160999988247, 51.475882502564382 ], [ 3.701058040984648, 51.466816036558185 ], [ 3.661573841944397, 51.457988224551364 ], [ 3.630780437912432, 51.44155038153955 ], [ 3.607025021888566, 51.441361748538846 ], [ 3.599274720881177, 51.448678543543565 ], [ 3.594773441876253, 51.441363764538501 ], [ 3.574059272855303, 51.439651688536827 ], [ 3.526884999809313, 51.463062502551232 ], [ 3.495999902780284, 51.494077037571081 ], [ 3.439494057725415, 51.522586348588405 ], [ 3.433731103720024, 51.528299619592019 ], [ 3.437485728724619, 51.54133704260078 ], [ 3.556021042846481, 51.589437839635877 ], [ 3.579173513870019, 51.594477823639849 ], [ 3.624057648914686, 51.588346464636999 ], [ 3.680043507971587, 51.600177795646132 ], [ 3.698990988990543, 51.599088201645912 ], [ 3.724000353015245, 51.591826326641709 ], [ 3.806712823099137, 51.605005390652217 ], [ 3.837434521129993, 51.604930269652826 ], [ 3.861840032154194, 51.599222376649564 ], [ 3.887038797178239, 51.576531196635102 ], [ 3.89333684318451, 51.575679723634664 ], [ 3.897746592188124, 51.561737981625548 ], [ 3.872396616162113, 51.552723261619114 ], [ 3.865224348154424, 51.545222080613961 ], [ 3.869229000158222, 51.541688002611679 ], [ 3.925221813214799, 51.544219934614503 ], [ 3.940178598228832, 51.526657190603139 ], [ 3.954895888243855, 51.529735329605408 ], [ 3.971697000260628, 51.528248502604725 ], [ 4.001681778290457, 51.520891594600393 ], [ 4.003455386292027, 51.516925393597752 ], [ 4.008853549297658, 51.520345464600105 ], [ 4.013714000302411, 51.518429002598893 ], [ 4.042994701331109, 51.502824754589042 ], [ 4.052313384340489, 51.502449539588895 ], [ 4.059459721346213, 51.47593696457136 ], [ 4.093372130378818, 51.446968785552443 ], [ 4.133218184418276, 51.432693167543469 ], [ 4.152357376437663, 51.43350049954428 ], [ 4.182875970469035, 51.443786134551637 ], [ 4.222516199508795, 51.438773682548728 ], [ 4.217558000506349, 51.487452002581236 ], [ 4.213395009502436, 51.491592224583975 ], [ 4.174379570463624, 51.502654423590869 ], [ 4.172809749462743, 51.515134366599206 ], [ 4.163769089453972, 51.522326126603758 ], [ 4.141842144431839, 51.52137207260288 ], [ 4.133781322423913, 51.525246167605339 ], [ 4.102239232392026, 51.524178358604154 ], [ 4.07361049136338, 51.5277520436061 ], [ 4.04981540734071, 51.55176679962166 ], [ 4.028626517319584, 51.556046922624141 ], [ 4.024909337316419, 51.565737737630435 ], [ 4.008853549300649, 51.573156684635151 ], [ 3.988687430280538, 51.576809477637205 ], [ 3.983093976275249, 51.582906997641089 ], [ 3.989482836282223, 51.592070837647213 ], [ 4.023760385317072, 51.597570375651472 ], [ 4.074626042369142, 51.61297998366237 ], [ 4.100706495395296, 51.610511754661196 ], [ 4.11561877640983, 51.601368177655438 ], [ 4.173123625468059, 51.60648270565958 ], [ 4.172139488467494, 51.615078580665227 ], [ 4.126233965421128, 51.612902429663109 ], [ 4.116403306411882, 51.624424814670569 ], [ 4.101293850397023, 51.630934322674662 ], [ 4.100960884397322, 51.641799890681717 ], [ 4.121321814418463, 51.653541561689686 ], [ 4.147327677444437, 51.650330045687994 ], [ 4.193678000490294, 51.635617002678934 ], [ 4.184342773481506, 51.646317951685837 ], [ 4.165135704462363, 51.650100989688035 ], [ 4.156090353453627, 51.656824118692342 ], [ 4.143429373440937, 51.657253519692432 ], [ 4.156710335454722, 51.664448339697365 ], [ 4.149947147448532, 51.676239933704927 ], [ 4.103454192401406, 51.669826799700061 ], [ 4.098470450395294, 51.650966200687691 ], [ 4.066846054362363, 51.631331925674338 ], [ 4.044775174340026, 51.629281678672598 ], [ 4.008589560302969, 51.617805238664523 ], [ 3.971410852265361, 51.614494334661714 ], [ 3.938435130233204, 51.632187004672694 ], [ 3.922237702216725, 51.628940463670297 ], [ 3.892355074186884, 51.633373110672615 ], [ 3.87353783317005, 51.667959318694876 ], [ 3.858414322155337, 51.676307195700005 ], [ 3.826605850123774, 51.683094748703745 ], [ 3.813211512111126, 51.695651431711617 ], [ 3.795141583092921, 51.695163112710915 ], [ 3.775367824072267, 51.681479341701568 ], [ 3.722849576018557, 51.665331833689848 ], [ 3.691856292988172, 51.676611173696486 ], [ 3.68061793097773, 51.690459804705199 ], [ 3.679096785977062, 51.703715445713719 ], [ 3.686087609984818, 51.715488809721585 ], [ 3.718696157018778, 51.735971681735613 ], [ 3.768055408068653, 51.742216610740741 ], [ 3.816654745117309, 51.740877147741024 ], [ 3.839083000140818, 51.758297002752663 ], [ 3.847430500148926, 51.753402502749758 ], [ 3.875896000177122, 51.747692002746618 ], [ 3.886171500187579, 51.749359002747894 ], [ 3.905058000207407, 51.764633002758153 ], [ 3.940330500243436, 51.773800002764737 ], [ 3.958939000261949, 51.772133002763987 ], [ 3.974492500277128, 51.763801502758888 ], [ 4.013337000315816, 51.759010502756475 ] ] ], [ [ [ 3.757862271034352, 51.340424014474294 ], [ 3.77039296004688, 51.33833448347319 ], [ 3.771558078048683, 51.348909061480384 ], [ 3.785285069062539, 51.349269318480943 ], [ 3.807242707084325, 51.343101844477189 ], [ 3.813317283089856, 51.332720359470251 ], [ 3.823087563100188, 51.341080366476149 ], [ 3.842964300119946, 51.335950522473091 ], [ 3.865718973142947, 51.336605406473993 ], [ 3.87594212015375, 51.345585401480264 ], [ 3.907024275185782, 51.357827653489167 ], [ 3.957716425237615, 51.369293846497875 ], [ 3.968222244249935, 51.399922108518787 ], [ 3.985422924267574, 51.405446848522764 ], [ 4.020925574303013, 51.39818524451853 ], [ 4.050322273331073, 51.368460249498895 ], [ 4.090722289371521, 51.362158220495203 ], [ 4.127532717407789, 51.344428729483731 ], [ 4.129553579410127, 51.3500682144876 ], [ 4.120621124401727, 51.362360793495846 ], [ 4.135817245417066, 51.361412676495412 ], [ 4.16434027844494, 51.343538802483636 ], [ 4.1659505284471, 51.353526895490432 ], [ 4.155811132437182, 51.35974674149454 ], [ 4.155018006436747, 51.366998110499402 ], [ 4.168285438450361, 51.37035433950188 ], [ 4.176782722458598, 51.36403448449768 ], [ 4.192327931474886, 51.375158252505429 ], [ 4.209466821492017, 51.371232539502977 ], [ 4.234817500516484, 51.348254002487735 ], [ 4.165755500443663, 51.292728502449073 ], [ 4.060652557334747, 51.244516451414498 ], [ 4.008853549282303, 51.243221909412775 ], [ 3.985522509258144, 51.233065042405428 ], [ 3.977666500249802, 51.225132002399803 ], [ 3.965877777237822, 51.223939387398772 ], [ 3.958492518229959, 51.216487841393494 ], [ 3.937792330208772, 51.212404157390367 ], [ 3.928968810200279, 51.219471127395039 ], [ 3.917064607187938, 51.214464334391337 ], [ 3.91848900018899, 51.208187002387092 ], [ 3.886327690156118, 51.201030281381549 ], [ 3.878752596148832, 51.207750687386032 ], [ 3.891992979162748, 51.216728662392491 ], [ 3.888112170159131, 51.222390334396287 ], [ 3.856339500126391, 51.21105600238787 ], [ 3.836971651106955, 51.213220015388998 ], [ 3.823304516092929, 51.20912881338581 ], [ 3.79075550006034, 51.214390002388797 ], [ 3.78949644506079, 51.244652428409537 ], [ 3.794093362066102, 51.256187091417615 ], [ 3.775602495047813, 51.263096161421942 ], [ 3.769360910041371, 51.260575092420076 ], [ 3.754028582026428, 51.26974339442603 ], [ 3.693956999966175, 51.276073502429014 ], [ 3.657182862929994, 51.290127882437737 ], [ 3.638922715911491, 51.28888865543643 ], [ 3.589802803863016, 51.30523444244637 ], [ 3.58200045985479, 51.29853067744159 ], [ 3.586625148859111, 51.293450321438222 ], [ 3.581994643854139, 51.287683912434169 ], [ 3.562268492834706, 51.295508815438978 ], [ 3.555431746827543, 51.290370055435289 ], [ 3.544153674816231, 51.290707444435242 ], [ 3.537004955808579, 51.28377536043034 ], [ 3.528202351800017, 51.288384667433185 ], [ 3.516252881787908, 51.286819126431823 ], [ 3.526845313796158, 51.246520065404532 ], [ 3.448825987717364, 51.241783121399095 ], [ 3.427946196696545, 51.245163634400832 ], [ 3.422288245691516, 51.255797899407938 ], [ 3.415756465685161, 51.259083465409994 ], [ 3.407563336676823, 51.257511703408689 ], [ 3.376090847646446, 51.277946231421772 ], [ 3.379591759650541, 51.287428790428315 ], [ 3.366596090638109, 51.296818771434303 ], [ 3.37611934664798, 51.302300535438334 ], [ 3.359358797631995, 51.315373005446723 ], [ 3.384897141658863, 51.335335209461093 ], [ 3.365787499641855, 51.369835502483845 ], [ 3.378209098654762, 51.376989707489066 ], [ 3.423325409700857, 51.389761324499062 ], [ 3.446088228723708, 51.390090065499948 ], [ 3.516661589795688, 51.407635582513755 ], [ 3.544778000823749, 51.404743950512554 ], [ 3.585491850863613, 51.387659685502165 ], [ 3.617932229895812, 51.379878930497682 ], [ 3.685789523963544, 51.371026413493404 ], [ 3.724105583000915, 51.350061016480133 ], [ 3.758111249035012, 51.347421405479082 ], [ 3.757862271034352, 51.340424014474294 ] ] ], [ [ [ 3.715892283009878, 51.637200663671322 ], [ 3.705523353998957, 51.629453302665958 ], [ 3.705442335998506, 51.623443837662016 ], [ 3.698951208992304, 51.628621520665277 ], [ 3.682466610974996, 51.615856345656496 ], [ 3.685259999977965, 51.619421718658934 ], [ 3.678268625971169, 51.622501077660772 ], [ 3.699561992993544, 51.63879956267197 ], [ 3.70315827399704, 51.636955554670813 ], [ 3.708947803003274, 51.643413632675227 ], [ 3.715591924009828, 51.642109954674531 ], [ 3.715892283009878, 51.637200663671322 ] ] ], [ [ [ 3.818826780095998, 51.343046000477372 ], [ 3.817362520094373, 51.340055020475361 ], [ 3.814873494091828, 51.340061373475301 ], [ 3.812879359089969, 51.34304600047728 ], [ 3.818826780095998, 51.343046000477372 ] ] ], [ [ [ 3.717790209011396, 51.631354218667497 ], [ 3.717313651010668, 51.62731502266486 ], [ 3.714809672008267, 51.628882993665869 ], [ 3.717790209011396, 51.631354218667497 ] ] ] ] } },
{ "type": "Feature", "properties": { "CNTR_CODE": "NL", "LEVL_CODE": 2, "NUTS_ID": "NL23", "NAME_LATN": "Flevoland" }, "geometry": { "type": "Polygon", "coordinates": [ [ [ 5.750123032101134, 52.838832460395167 ], [ 5.783678126133626, 52.817728998382847 ], [ 5.78970251413918, 52.804546403375539 ], [ 5.795148502144586, 52.806499503376415 ], [ 5.819371876167903, 52.785259694364164 ], [ 5.859693006207651, 52.781875127361324 ], [ 5.921347077267667, 52.751416985342843 ], [ 5.942452614287552, 52.715752046322535 ], [ 5.964498292308794, 52.696357596311067 ], [ 5.961971929306126, 52.690971956308154 ], [ 5.934555248278581, 52.675743005300376 ], [ 5.933812858277673, 52.670741890297599 ], [ 5.96914025431252, 52.665785414293865 ], [ 6.004609843347259, 52.652317265285276 ], [ 6.017299502359558, 52.643230503279753 ], [ 5.988636502330797, 52.62932200327279 ], [ 5.955272502297614, 52.624851003271168 ], [ 5.932664502274932, 52.614902503266173 ], [ 5.915668502258039, 52.613537003265918 ], [ 5.905479502248138, 52.619213003269415 ], [ 5.84051950218342, 52.610424003266104 ], [ 5.837240002180047, 52.607330503264464 ], [ 5.777970502121289, 52.607532503266029 ], [ 5.778299319120809, 52.581601802251299 ], [ 5.812349120154506, 52.578855387248893 ], [ 5.85338833819439, 52.551921945232472 ], [ 5.864311002204181, 52.518169503212846 ], [ 5.840257002178818, 52.471058003186229 ], [ 5.831386002170071, 52.473400003187805 ], [ 5.815609002153806, 52.455215503177655 ], [ 5.822412002160402, 52.449707003174289 ], [ 5.811476002149117, 52.436924003167114 ], [ 5.739754925076494, 52.398974789146607 ], [ 5.731439640068319, 52.40164429914833 ], [ 5.732143358068872, 52.396848753145569 ], [ 5.717295195053802, 52.388921382141213 ], [ 5.678668002014917, 52.37881900313608 ], [ 5.65353597798948, 52.366152283129146 ], [ 5.644567229980651, 52.370365103131824 ], [ 5.6115412469474, 52.360251810126542 ], [ 5.603697358939658, 52.363334191128537 ], [ 5.587943904923882, 52.361376116127666 ], [ 5.575706412911288, 52.350597717121545 ], [ 5.533282501866076, 52.272743503075958 ], [ 5.46044285379275, 52.259487914069226 ], [ 5.40463300173653, 52.249630003064141 ], [ 5.315178501649235, 52.302395003097018 ], [ 5.281140501615787, 52.316772503105987 ], [ 5.224590001559594, 52.325763503111979 ], [ 5.146143501480976, 52.31967150310907 ], [ 5.079288001416352, 52.370407003139725 ], [ 5.079161001417038, 52.388653003150417 ], [ 5.137330001476288, 52.415554003165795 ], [ 5.184657789523594, 52.416440339165881 ], [ 5.150841273492021, 52.466507868195414 ], [ 5.100719501443881, 52.508041503219872 ], [ 5.060426501406976, 52.578937503260853 ], [ 5.257185501605466, 52.644470003296199 ], [ 5.262266001611811, 52.676830503314299 ], [ 5.288480389638485, 52.691511678322193 ], [ 5.298071266648049, 52.692661649322709 ], [ 5.361148001709946, 52.675728003312408 ], [ 5.377261501729491, 52.764805003361708 ], [ 5.631353001982471, 52.803055003378297 ], [ 5.660802772012582, 52.831011127392912 ], [ 5.713060665064439, 52.837549102395407 ], [ 5.727867569078995, 52.834824567393525 ], [ 5.726278004077747, 52.843651481398325 ], [ 5.750123032101134, 52.838832460395167 ] ] ] } },
{ "type": "Feature", "properties": { "CNTR_CODE": "NL", "LEVL_CODE": 2, "NUTS_ID": "NL31", "NAME_LATN": "Utrecht" }, "geometry": { "type": "Polygon", "coordinates": [ [ [ 5.021537501355604, 52.302498503099805 ], [ 5.021941001355091, 52.282802503088028 ], [ 5.030379278363821, 52.287761293090945 ], [ 5.04242787237562, 52.282954667088006 ], [ 5.059359457392827, 52.288782670091329 ], [ 5.064873756398206, 52.285102865089122 ], [ 5.064631001397702, 52.28072750308656 ], [ 5.059157452392433, 52.284611740088863 ], [ 5.048459754381406, 52.277382237084574 ], [ 5.023694418356416, 52.272020512081532 ], [ 5.03221791536418, 52.255110498071389 ], [ 5.042794660374754, 52.255333914071407 ], [ 5.046222089377658, 52.243626130064364 ], [ 5.056846544387974, 52.235858312059612 ], [ 5.041970331372783, 52.230066211056219 ], [ 5.035986654365653, 52.203815003040397 ], [ 5.02540119335497, 52.20214569203943 ], [ 5.036672811365984, 52.1967503780361 ], [ 5.034225543363042, 52.185144634029093 ], [ 5.042018401370717, 52.181774229026949 ], [ 5.047207821375222, 52.167066303018004 ], [ 5.121629501450411, 52.180965503025931 ], [ 5.191671312520474, 52.178020003023541 ], [ 5.215529001545428, 52.20426550303916 ], [ 5.224596001555383, 52.225197003051719 ], [ 5.265988001599156, 52.281929003085381 ], [ 5.3058925016389, 52.277282503082105 ], [ 5.335462001668962, 52.290218503089463 ], [ 5.40463300173653, 52.249630003064141 ], [ 5.393278001724042, 52.220676503046896 ], [ 5.406414716736977, 52.214268354042829 ], [ 5.411286175742001, 52.217730424044866 ], [ 5.440075790770292, 52.204271579036259 ], [ 5.442206776771099, 52.16967814501529 ], [ 5.479895501808705, 52.165809503012241 ], [ 5.473287354801966, 52.162865502010568 ], [ 5.483853595812337, 52.157458995007147 ], [ 5.481513001809693, 52.150539503002939 ], [ 5.497863717825982, 52.147106110000642 ], [ 5.498434799826359, 52.141275765997037 ], [ 5.513462060841196, 52.135413299993218 ], [ 5.498464454825945, 52.129655320989926 ], [ 5.495365828822633, 52.123995291986517 ], [ 5.506922735833848, 52.114230359980354 ], [ 5.486386001813253, 52.115337502981362 ], [ 5.493786001820506, 52.111037502978611 ], [ 5.484815605811364, 52.105356155975208 ], [ 5.484964824811059, 52.093758265968134 ], [ 5.459865944785432, 52.080865938960557 ], [ 5.483073507808274, 52.070165944953615 ], [ 5.503780534829186, 52.073724693955462 ], [ 5.510861490836456, 52.078797079958484 ], [ 5.523050997848678, 52.078298976957939 ], [ 5.530500295856282, 52.08248644196042 ], [ 5.53085883485688, 52.089148325964487 ], [ 5.53719473986326, 52.089648045964715 ], [ 5.538262758864614, 52.097283523969367 ], [ 5.531503001857983, 52.102257002972571 ], [ 5.54401550187057, 52.101944002972168 ], [ 5.550346501877028, 52.105438002974168 ], [ 5.562490241888206, 52.078185503957236 ], [ 5.558061001882652, 52.048847002939112 ], [ 5.569650985894259, 52.047834096938267 ], [ 5.568652060893012, 52.04044441893376 ], [ 5.589317132913499, 52.03415945492943 ], [ 5.586369773909803, 52.012624656916138 ], [ 5.592191802915251, 52.001570072909132 ], [ 5.612686719935395, 51.991171081902252 ], [ 5.625495366947677, 51.973867710891206 ], [ 5.621091000942966, 51.966116551886451 ], [ 5.627089064948552, 51.954365709878914 ], [ 5.619915034941165, 51.948895628875619 ], [ 5.606011501926983, 51.943248502872372 ], [ 5.58677750190795, 51.950699002877421 ], [ 5.559681345880927, 51.955153258880678 ], [ 5.538817432860406, 51.967744957888932 ], [ 5.512211090833912, 51.973205517892822 ], [ 5.487427964809415, 51.983384567899662 ], [ 5.444338001766147, 51.985508002901639 ], [ 5.387288501708302, 51.969887002892676 ], [ 5.354611001675409, 51.970119502893326 ], [ 5.335934001656171, 51.958328002886148 ], [ 5.321613501641713, 51.954948502884235 ], [ 5.270019501590259, 51.965538002891471 ], [ 5.244560850565183, 51.978202476899725 ], [ 5.235837404556454, 51.978538224899985 ], [ 5.213163698532884, 51.960575792888996 ], [ 5.194498652514181, 51.961230372889588 ], [ 5.179851001499663, 51.967605502893726 ], [ 5.14945600146765, 51.933452502872512 ], [ 5.128752453446992, 51.935599075874066 ], [ 5.08619069640479, 51.950485164883759 ], [ 5.055786792374443, 51.954911856886717 ], [ 5.062962214382154, 51.966426487893912 ], [ 5.054464317374042, 51.97586358389988 ], [ 5.039719501359287, 51.977775502901181 ], [ 5.027794001346853, 51.968803502895618 ], [ 4.997011001316291, 51.977352002901149 ], [ 4.970448001288812, 51.960247002890533 ], [ 4.939600001257947, 51.963486002892743 ], [ 4.917138501234477, 51.94380200288041 ], [ 4.877899501194787, 51.937835502876787 ], [ 4.862620008180683, 51.965570389894253 ], [ 4.81788100113731, 51.999809502915724 ], [ 4.857008501176975, 52.005905002919498 ], [ 4.84695000116739, 52.018192502927207 ], [ 4.803483001123523, 52.013981002924609 ], [ 4.79871250111915, 52.022167002929656 ], [ 4.80899499312974, 52.026726664932504 ], [ 4.807574631128575, 52.032810265936305 ], [ 4.830844578152798, 52.050386579947187 ], [ 4.868229001190901, 52.063511002955295 ], [ 4.873181001196119, 52.06873300295846 ], [ 4.831833836154628, 52.067846202957988 ], [ 4.833284980156355, 52.073768766961599 ], [ 4.826477568149619, 52.075775258962878 ], [ 4.824133861148817, 52.107321083982306 ], [ 4.792076001117318, 52.12236000299162 ], [ 4.806815474132407, 52.128180420995157 ], [ 4.811628399137768, 52.139001179001731 ], [ 4.831379383157797, 52.1440660650048 ], [ 4.855918679182079, 52.137396581000687 ], [ 4.873200650199524, 52.138879106001546 ], [ 4.874167852201258, 52.155660795011777 ], [ 4.892281001219664, 52.161812003015527 ], [ 4.842121959170394, 52.181269657027507 ], [ 4.813012159142193, 52.201453385039784 ], [ 4.803039207132219, 52.201727953039914 ], [ 4.801728222131678, 52.21702265604916 ], [ 4.794524001124863, 52.226726503055055 ], [ 4.828996763159598, 52.23067251105747 ], [ 4.850236151181302, 52.239313580062543 ], [ 4.870071001201766, 52.253307503070992 ], [ 4.910504448242267, 52.253042684070707 ], [ 4.92861271726111, 52.268794999080072 ], [ 4.927291151260296, 52.27964370408661 ], [ 4.96767164130074, 52.280348192086848 ], [ 4.983212586316724, 52.28995132409252 ], [ 4.997416495330924, 52.289648004092193 ], [ 5.008343468342374, 52.301478978099261 ], [ 5.021537501355604, 52.302498503099805 ] ] ] } },
{ "type": "Feature", "properties": { "CNTR_CODE": "NL", "LEVL_CODE": 2, "NUTS_ID": "NL32", "NAME_LATN": "Noord-Holland" }, "geometry": { "type": "MultiPolygon", "coordinates": [ [ [ [ 5.16438350152885, 53.000910503491873 ], [ 5.238682501596766, 52.874061003423293 ], [ 5.377261501729491, 52.764805003361708 ], [ 5.361148001709946, 52.675728003312408 ], [ 5.298071266648049, 52.692661649322709 ], [ 5.288480389638485, 52.691511678322193 ], [ 5.262266001611811, 52.676830503314299 ], [ 5.257185501605466, 52.644470003296199 ], [ 5.060426501406976, 52.578937503260853 ], [ 5.100719501443881, 52.508041503219872 ], [ 5.150841273492021, 52.466507868195414 ], [ 5.184657789523594, 52.416440339165881 ], [ 5.137330001476288, 52.415554003165795 ], [ 5.079161001417038, 52.388653003150417 ], [ 5.079288001416352, 52.370407003139725 ], [ 5.148879001483617, 52.318729503108507 ], [ 5.229321001564298, 52.325257003111602 ], [ 5.28739700162192, 52.3150560031049 ], [ 5.335462001668962, 52.290218503089463 ], [ 5.3058925016389, 52.277282503082105 ], [ 5.265988001599156, 52.281929003085381 ], [ 5.224596001555383, 52.225197003051719 ], [ 5.215529001545428, 52.20426550303916 ], [ 5.191671312520474, 52.178020003023541 ], [ 5.121629501450411, 52.180965503025931 ], [ 5.047207821375222, 52.167066303018004 ], [ 5.042018401370717, 52.181774229026949 ], [ 5.034225543363042, 52.185144634029093 ], [ 5.036672811365984, 52.1967503780361 ], [ 5.02540119335497, 52.20214569203943 ], [ 5.035986654365653, 52.203815003040397 ], [ 5.041970331372783, 52.230066211056219 ], [ 5.056846544387974, 52.235858312059612 ], [ 5.046222089377658, 52.243626130064364 ], [ 5.042794660374754, 52.255333914071407 ], [ 5.03221791536418, 52.255110498071389 ], [ 5.023694418356416, 52.272020512081532 ], [ 5.048459754381406, 52.277382237084574 ], [ 5.059157452392433, 52.284611740088863 ], [ 5.064631001397702, 52.28072750308656 ], [ 5.064873756398206, 52.285102865089122 ], [ 5.059359457392827, 52.288782670091329 ], [ 5.04242787237562, 52.282954667088006 ], [ 5.030379278363821, 52.287761293090945 ], [ 5.021941001355091, 52.282802503088028 ], [ 5.021537501355604, 52.302498503099805 ], [ 5.014442511348569, 52.30344745510039 ], [ 4.997416495330924, 52.289648004092193 ], [ 4.983212586316724, 52.28995132409252 ], [ 4.96767164130074, 52.280348192086848 ], [ 4.927291151260296, 52.27964370408661 ], [ 4.92861271726111, 52.268794999080072 ], [ 4.910504448242267, 52.253042684070707 ], [ 4.870071001201766, 52.253307503070992 ], [ 4.850236151181302, 52.239313580062543 ], [ 4.828996763159598, 52.23067251105747 ], [ 4.812773026143224, 52.227167778055303 ], [ 4.779625761110067, 52.228195507055972 ], [ 4.762661039092595, 52.218535500050116 ], [ 4.743416160073127, 52.214154143047466 ], [ 4.73497402706432, 52.207398916043331 ], [ 4.723764001053524, 52.216573503048927 ], [ 4.722661058053238, 52.232171806058318 ], [ 4.702792548033438, 52.233439448059073 ], [ 4.678012544008242, 52.226360589054771 ], [ 4.670348001000772, 52.230755003057375 ], [ 4.632223000961861, 52.216080003048404 ], [ 4.618068500947659, 52.214443003047357 ], [ 4.557989500887793, 52.218887503049835 ], [ 4.550627000880781, 52.227005003054664 ], [ 4.562840000893393, 52.234440003059255 ], [ 4.567873000900192, 52.267860503079334 ], [ 4.588421000921398, 52.280460003086972 ], [ 4.611684000946392, 52.313587003106875 ], [ 4.583546000918534, 52.318474003109657 ], [ 4.56897000090387, 52.31650150310837 ], [ 4.563628000898143, 52.309227003104056 ], [ 4.493847500829539, 52.328260003114977 ], [ 4.557310000898192, 52.427917003174095 ], [ 4.560963193902817, 52.445793089184562 ], [ 4.555227223897885, 52.460111452192891 ], [ 4.567146808909744, 52.458919853192235 ], [ 4.59743011994038, 52.46846503319793 ], [ 4.595706600938921, 52.473216643200658 ], [ 4.568132575911274, 52.469563454198472 ], [ 4.583914000928166, 52.492270003211637 ], [ 4.596471500942432, 52.523881503229958 ], [ 4.626969255980163, 52.661884684308646 ], [ 4.633333121987528, 52.682136082319992 ], [ 4.638279019992548, 52.683859957321026 ], [ 4.633620181988488, 52.694580799326943 ], [ 4.639604226996275, 52.728118413345676 ], [ 4.709465501073721, 52.883575003431055 ], [ 4.720076055087842, 52.951262434467438 ], [ 4.733661312101835, 52.962415453473405 ], [ 4.776054577143821, 52.965217685474897 ], [ 4.776910768144305, 52.957737535470883 ], [ 4.787851886154957, 52.954705522469268 ], [ 4.795778383162975, 52.958935026471543 ], [ 4.793592235161056, 52.962933964473699 ], [ 4.800823573168215, 52.963298642473831 ], [ 4.802585653169562, 52.955852128469886 ], [ 4.791874486157927, 52.935593963459098 ], [ 4.81027950117497, 52.913646003447298 ], [ 4.874322108237121, 52.889849700434368 ], [ 4.908328032270989, 52.894991448437025 ], [ 4.939837091302613, 52.905164533442388 ], [ 4.969131355332824, 52.930253220455718 ], [ 5.00089254636446, 52.935802194458546 ], [ 5.029068614392346, 52.936957750459008 ], [ 5.041552903404507, 52.933506502457043 ], [ 5.04957154841261, 52.937524003459167 ], [ 5.048980948412296, 52.942334568461753 ], [ 5.16438350152885, 53.000910503491873 ] ] ], [ [ [ 4.878237449254411, 53.157797622575366 ], [ 4.891558679267228, 53.152728782572666 ], [ 4.908276282282792, 53.134762806563415 ], [ 4.900009895274141, 53.124254974558028 ], [ 4.896675966268515, 53.07750351553377 ], [ 4.873120162244665, 53.064865658527317 ], [ 4.871937751242994, 53.054918324522113 ], [ 4.861242102231868, 53.042490280515608 ], [ 4.849236660219822, 53.038888600513779 ], [ 4.843187232213538, 53.032283690510241 ], [ 4.81930872518984, 53.029425326508857 ], [ 4.791628220161443, 53.007751318497455 ], [ 4.79178307716127, 53.001786821494299 ], [ 4.751743955122191, 53.00966055649846 ], [ 4.754001875124113, 53.004338467495671 ], [ 4.773647780143087, 52.996430264491515 ], [ 4.756025012125735, 52.996472725491465 ], [ 4.755608895125045, 52.992015339489178 ], [ 4.72093882809046, 52.984519758485163 ], [ 4.712906226083325, 52.999630311493142 ], [ 4.709110222081114, 53.027845283508007 ], [ 4.71711335109046, 53.055440343522449 ], [ 4.734025774108435, 53.079885321535222 ], [ 4.794455616170982, 53.137572721565135 ], [ 4.799599378175786, 53.132826587562661 ], [ 4.808540643184618, 53.134007501563254 ], [ 4.810808557187112, 53.138773011565696 ], [ 4.805456483181762, 53.136652068564622 ], [ 4.797162123173774, 53.140591445566606 ], [ 4.843745717221867, 53.184262297588973 ], [ 4.860848964238566, 53.182877570588232 ], [ 4.879287340255742, 53.164063117578522 ], [ 4.878237449254411, 53.157797622575366 ] ] ] ] } },
{ "type": "Feature", "properties": { "CNTR_CODE": "NL", "LEVL_CODE": 2, "NUTS_ID": "NL33", "NAME_LATN": "Zuid-Holland" }, "geometry": { "type": "Polygon", "coordinates": [ [ [ 4.493847500829539, 52.328260003114977 ], [ 4.563628000898143, 52.309227003104056 ], [ 4.56897000090387, 52.31650150310837 ], [ 4.583546000918534, 52.318474003109657 ], [ 4.611684000946392, 52.313587003106875 ], [ 4.588421000921398, 52.280460003086972 ], [ 4.567873000900192, 52.267860503079334 ], [ 4.562840000893393, 52.234440003059255 ], [ 4.550627000880781, 52.227005003054664 ], [ 4.557989500887793, 52.218887503049835 ], [ 4.618068500947659, 52.214443003047357 ], [ 4.632223000961861, 52.216080003048404 ], [ 4.670348001000772, 52.230755003057375 ], [ 4.678012544008242, 52.226360589054771 ], [ 4.702792548033438, 52.233439448059073 ], [ 4.722661058053238, 52.232171806058318 ], [ 4.723764001053524, 52.216573503048927 ], [ 4.73497402706432, 52.207398916043331 ], [ 4.743416160073127, 52.214154143047466 ], [ 4.762661039092595, 52.218535500050116 ], [ 4.779625761110067, 52.228195507055972 ], [ 4.794524001124863, 52.226726503055055 ], [ 4.801728222131678, 52.21702265604916 ], [ 4.803039207132219, 52.201727953039914 ], [ 4.813012159142193, 52.201453385039784 ], [ 4.842121959170394, 52.181269657027507 ], [ 4.892281001219664, 52.161812003015527 ], [ 4.874167852201258, 52.155660795011777 ], [ 4.873200650199524, 52.138879106001546 ], [ 4.855918679182079, 52.137396581000687 ], [ 4.831379383157797, 52.1440660650048 ], [ 4.811628399137768, 52.139001179001731 ], [ 4.806815474132407, 52.128180420995157 ], [ 4.792076001117318, 52.12236000299162 ], [ 4.824133861148817, 52.107321083982306 ], [ 4.826477568149619, 52.075775258962878 ], [ 4.833284980156355, 52.073768766961599 ], [ 4.831833836154628, 52.067846202957988 ], [ 4.873181001196119, 52.06873300295846 ], [ 4.868229001190901, 52.063511002955295 ], [ 4.830844578152798, 52.050386579947187 ], [ 4.807574631128575, 52.032810265936305 ], [ 4.80899499312974, 52.026726664932504 ], [ 4.79871250111915, 52.022167002929656 ], [ 4.803483001123523, 52.013981002924609 ], [ 4.84695000116739, 52.018192502927207 ], [ 4.857008501176975, 52.005905002919498 ], [ 4.81788100113731, 51.999809502915724 ], [ 4.862620008180683, 51.965570389894253 ], [ 4.877899501194787, 51.937835502876787 ], [ 4.917138501234477, 51.94380200288041 ], [ 4.939600001257947, 51.963486002892743 ], [ 4.96740900128574, 51.959789502890288 ], [ 4.994498001313748, 51.976921002900916 ], [ 5.005873001325177, 51.976822002900754 ], [ 5.027794001346853, 51.968803502895618 ], [ 5.039719501359287, 51.977775502901181 ], [ 5.054464317374042, 51.97586358389988 ], [ 5.062962214382154, 51.966426487893912 ], [ 5.055786792374443, 51.954911856886717 ], [ 5.08619069640479, 51.950485164883759 ], [ 5.128752453446992, 51.935599075874066 ], [ 5.14945600146765, 51.933452502872512 ], [ 5.114227001430308, 51.889168002844826 ], [ 5.090526293406466, 51.888232649844419 ], [ 5.080915621396262, 51.876274089836969 ], [ 5.056552179371629, 51.873396983835242 ], [ 5.05221786836707, 51.869770212832989 ], [ 5.060343856374795, 51.85896039382601 ], [ 5.006308266320333, 51.858148965825826 ], [ 4.995473293309566, 51.861043084827735 ], [ 5.000592129313986, 51.844396049817128 ], [ 5.030799364344213, 51.840479019814474 ], [ 5.026677501339134, 51.818737002800589 ], [ 4.922720001234758, 51.828075502807032 ], [ 4.889427001200798, 51.81890500280128 ], [ 4.845998501156169, 51.798755502788453 ], [ 4.797274501107125, 51.79978950278916 ], [ 4.7655975010747, 51.789245502782407 ], [ 4.736630501043864, 51.755569502760686 ], [ 4.676294500981532, 51.724918502740806 ], [ 4.617063000921195, 51.713451502733143 ], [ 4.589300500892731, 51.703323502726541 ], [ 4.514917500817161, 51.692474502719108 ], [ 4.423550000725905, 51.709472502729525 ], [ 4.379430500680147, 51.68359350271232 ], [ 4.376484000676624, 51.674389002706292 ], [ 4.362527000661969, 51.663322502698989 ], [ 4.331642270630352, 51.653604371692325 ], [ 4.277023087574785, 51.644119428685535 ], [ 4.242535500540187, 51.647121002687051 ], [ 4.193764000491965, 51.664398002697801 ], [ 4.151825000450891, 51.685234002710814 ], [ 4.047814500346816, 51.694362502715208 ], [ 4.036705000336527, 51.711029002725851 ], [ 4.035038000335956, 51.730194002738237 ], [ 4.018886000320445, 51.742717502746046 ], [ 4.013337000315816, 51.759010502756475 ], [ 3.974492500277128, 51.763801502758888 ], [ 3.958939000261949, 51.772133002763987 ], [ 3.940330500243436, 51.773800002764737 ], [ 3.905058000207407, 51.764633002758153 ], [ 3.886171500187579, 51.749359002747894 ], [ 3.875896000177122, 51.747692002746618 ], [ 3.847430500148926, 51.753402502749758 ], [ 3.839083000140818, 51.758297002752663 ], [ 3.855752133158076, 51.766012338757974 ], [ 3.865722623169013, 51.781428019768136 ], [ 3.856245794161029, 51.806375871783942 ], [ 3.867720478173181, 51.81788044379158 ], [ 3.912444207218599, 51.827286855798455 ], [ 3.959236668266479, 51.842218748808904 ], [ 4.007688976315527, 51.84994423781469 ], [ 4.01496960432269, 51.847676340813358 ], [ 4.003826587311231, 51.84290521681006 ], [ 4.032962455339533, 51.826425370800116 ], [ 4.048836000355716, 51.831940002803854 ], [ 4.053178041360499, 51.838797941808281 ], [ 4.067505500375274, 51.845300002812728 ], [ 4.031185446341296, 51.887253823838797 ], [ 4.054512688366354, 51.915556596857066 ], [ 4.040458765352714, 51.923310964861699 ], [ 3.996120000307815, 51.916438002856594 ], [ 3.977768994290309, 51.930658625865306 ], [ 3.960690717275031, 51.960881302883926 ], [ 3.983385682299173, 51.983837263898664 ], [ 4.00171426831777, 51.988033546901647 ], [ 4.03426248735029, 51.987160655901718 ], [ 4.071819854387316, 51.976511710895629 ], [ 4.097650821413678, 51.984865616901253 ], [ 4.127788500444801, 52.000542502911507 ], [ 4.256828083579714, 52.09857205597396 ], [ 4.264705279587568, 52.098338927973892 ], [ 4.26132382558439, 52.102343493976342 ], [ 4.306005500630688, 52.130073502993788 ], [ 4.365566500693051, 52.178653503024051 ], [ 4.44523635577742, 52.264253503076453 ], [ 4.493847500829539, 52.328260003114977 ] ] ] } },
{ "type": "Feature", "properties": { "CNTR_CODE": "NL", "LEVL_CODE": 2, "NUTS_ID": "NL21", "NAME_LATN": "Overijssel" }, "geometry": { "type": "Polygon", "coordinates": [ [ [ 6.119814002466245, 52.854267003393232 ], [ 6.200545419544418, 52.794441788357922 ], [ 6.167855398511537, 52.767270761344065 ], [ 6.128375129472322, 52.757348982339884 ], [ 6.120558940464479, 52.751547108337 ], [ 6.155420268497458, 52.694170575303957 ], [ 6.168909932510624, 52.68673660129938 ], [ 6.164355988505946, 52.679677037295619 ], [ 6.182455385523747, 52.675784397292844 ], [ 6.185943188527323, 52.681796774296075 ], [ 6.193004463534197, 52.676987125293152 ], [ 6.201232127542496, 52.6840928952968 ], [ 6.216301370557453, 52.68605990629743 ], [ 6.271519790611458, 52.665093693283737 ], [ 6.280264772620165, 52.668565685285351 ], [ 6.293940047633557, 52.662621889281553 ], [ 6.323078050662495, 52.670134805284704 ], [ 6.327775002666816, 52.658706503278076 ], [ 6.363025670701322, 52.643626314268325 ], [ 6.377176790714747, 52.617004651252785 ], [ 6.38533583972274, 52.612792303250032 ], [ 6.404524658741733, 52.616999533251708 ], [ 6.408424013745648, 52.621125598253862 ], [ 6.418185411755272, 52.61939334925254 ], [ 6.430092696767198, 52.628066634256932 ], [ 6.436342712773203, 52.618481674251285 ], [ 6.445358389782013, 52.615307595249106 ], [ 6.45891700879538, 52.615907366248933 ], [ 6.469304148805825, 52.624669957253502 ], [ 6.479237011815469, 52.618811051249779 ], [ 6.517028336852644, 52.614174990245644 ], [ 6.514189042850458, 52.645560896263397 ], [ 6.552768002888727, 52.66566100327308 ], [ 6.614586002949689, 52.674110503275081 ], [ 6.707192719040423, 52.648817307256756 ], [ 6.701257354034273, 52.628830419245759 ], [ 6.709732503042583, 52.627823503244834 ], [ 6.726555033058959, 52.615349547237045 ], [ 6.719688012051816, 52.58843938422217 ], [ 6.766621503097607, 52.561512503204661 ], [ 6.752330605083507, 52.559336659204092 ], [ 6.726915898058563, 52.562744178207218 ], [ 6.714830284046466, 52.548949502199939 ], [ 6.681812839014023, 52.552815883203642 ], [ 6.704684698036034, 52.521381703184645 ], [ 6.697865503028781, 52.486286003164786 ], [ 6.753895484083666, 52.463734485149203 ], [ 6.774978427104394, 52.459717422145886 ], [ 6.854307503182548, 52.459598503141962 ], [ 6.853825725181959, 52.450358845136684 ], [ 6.864405991192357, 52.45093770013645 ], [ 6.938270231264833, 52.436126764124182 ], [ 6.947163503273607, 52.43661500312399 ], [ 6.963031310289308, 52.444776230127914 ], [ 6.977563003303767, 52.465476503139122 ], [ 6.988872494314963, 52.468724311140441 ], [ 6.993435443319401, 52.465570692138421 ], [ 7.011304212336588, 52.429156497116345 ], [ 7.02235358634736, 52.422132589111683 ], [ 7.035462768360039, 52.403427033100108 ], [ 7.058289907382435, 52.399058396096301 ], [ 7.072438003396032, 52.373116503080354 ], [ 7.071801135395275, 52.352354540068248 ], [ 7.057207824380786, 52.33861801006092 ], [ 7.026515372349988, 52.288340034032814 ], [ 7.028660792351971, 52.274310162024342 ], [ 7.042693412365555, 52.256397628012941 ], [ 7.065685003387996, 52.241373003002771 ], [ 7.060491737382843, 52.234880395999085 ], [ 7.026895912349667, 52.225936180995539 ], [ 6.990314299313595, 52.226716790997898 ], [ 6.948932003272072, 52.180444002972123 ], [ 6.909757518233327, 52.17641913297166 ], [ 6.881339997204944, 52.156333579960901 ], [ 6.872609512195917, 52.130745623945707 ], [ 6.855730542179059, 52.120887728940559 ], [ 6.716803971041328, 52.118359238945459 ], [ 6.664318740989517, 52.129754468954758 ], [ 6.673967559999283, 52.142792376962269 ], [ 6.672847560998584, 52.163649981975006 ], [ 6.64509050297123, 52.17426300298262 ], [ 6.640232531966316, 52.168111192979126 ], [ 6.630231479956475, 52.172888689982422 ], [ 6.612345384938554, 52.163595067977546 ], [ 6.604847074931163, 52.166897541979893 ], [ 6.60460305493109, 52.17412308598427 ], [ 6.590040575916781, 52.181664400989462 ], [ 6.555793739882674, 52.17743260498834 ], [ 6.515080450842321, 52.181232364992297 ], [ 6.492394502819703, 52.177669502991023 ], [ 6.473201982800869, 52.188366479998258 ], [ 6.469086694797037, 52.19951532500513 ], [ 6.456739438784759, 52.201643760006945 ], [ 6.430072348758727, 52.222514607020543 ], [ 6.416688002745831, 52.242253003032921 ], [ 6.389979502719338, 52.242634003034169 ], [ 6.381997502711516, 52.246086003036531 ], [ 6.35157561568113, 52.241531946034918 ], [ 6.340317675669858, 52.236051833032079 ], [ 6.337648435666958, 52.227533708027018 ], [ 6.318322325647742, 52.225681808026579 ], [ 6.299383561628856, 52.225678139027245 ], [ 6.291033273620691, 52.230418394030458 ], [ 6.269609744599281, 52.226728074028955 ], [ 6.216413677546449, 52.23108460303343 ], [ 6.214353306544277, 52.227413456031272 ], [ 6.19005075652011, 52.229374561033218 ], [ 6.181320588511526, 52.233562563036052 ], [ 6.16641150249662, 52.231045003035049 ], [ 6.165030352494957, 52.219469709028104 ], [ 6.142912972473285, 52.233163135037024 ], [ 6.152358828483056, 52.246271846044628 ], [ 6.125293687456214, 52.251948652048895 ], [ 6.128353778459513, 52.261021252054228 ], [ 6.101319002433637, 52.301246503079085 ], [ 6.085158049417609, 52.301572538079796 ], [ 6.079591463412498, 52.316847345089066 ], [ 6.06726959340028, 52.31829568209028 ], [ 6.076667378410503, 52.350904561109296 ], [ 6.093782436427695, 52.357058142112443 ], [ 6.077841002411992, 52.364395003117252 ], [ 6.081707249416081, 52.371441772121315 ], [ 6.116920675451252, 52.378030828124089 ], [ 6.125950373460424, 52.385265815128037 ], [ 6.129738643464588, 52.399233761136067 ], [ 6.11167507844684, 52.408206199141922 ], [ 6.118819534454582, 52.43294907215612 ], [ 6.102399002438569, 52.445286003163858 ], [ 6.099789502436674, 52.469787003178176 ], [ 6.068804002406243, 52.483509003187066 ], [ 6.054038502392076, 52.49993500319696 ], [ 6.027829002366286, 52.509654503203393 ], [ 6.000733502339155, 52.500133503198747 ], [ 5.966133832304163, 52.477259343186503 ], [ 5.953442633291741, 52.484179134190818 ], [ 5.926132240264332, 52.474629936186034 ], [ 5.908911620247933, 52.498320633200208 ], [ 5.88645756422618, 52.517169210211712 ], [ 5.877153334217079, 52.521714404214528 ], [ 5.864311002204181, 52.518169503212846 ], [ 5.85338833819439, 52.551921945232472 ], [ 5.812349120154506, 52.578855387248893 ], [ 5.778299319120809, 52.581601802251299 ], [ 5.777970502121289, 52.607532503266029 ], [ 5.837240002180047, 52.607330503264464 ], [ 5.84051950218342, 52.610424003266104 ], [ 5.905479502248138, 52.619213003269415 ], [ 5.915668502258039, 52.613537003265918 ], [ 5.932664502274932, 52.614902503266173 ], [ 5.955272502297614, 52.624851003271168 ], [ 5.988636502330797, 52.62932200327279 ], [ 6.017299502359558, 52.643230503279753 ], [ 6.004609843347259, 52.652317265285276 ], [ 5.96914025431252, 52.665785414293865 ], [ 5.933812858277673, 52.670741890297599 ], [ 5.934555248278581, 52.675743005300376 ], [ 5.961971929306126, 52.690971956308154 ], [ 5.964498292308794, 52.696357596311067 ], [ 5.942452614287552, 52.715752046322535 ], [ 5.921347077267667, 52.751416985342843 ], [ 5.859693006207651, 52.781875127361324 ], [ 5.819371876167903, 52.785259694364164 ], [ 5.795148502144586, 52.806499503376415 ], [ 5.819826502169302, 52.817317503381773 ], [ 5.837256873186181, 52.806460164375338 ], [ 5.857039594205741, 52.806497481374876 ], [ 5.878031072226302, 52.801097730371438 ], [ 5.910591994258889, 52.815135491378186 ], [ 5.923268488271654, 52.823661779382526 ], [ 5.92872615927733, 52.834265220388126 ], [ 5.945855707294329, 52.83704458338913 ], [ 5.955204634303484, 52.833986273387168 ], [ 5.958496726306866, 52.839451420390056 ], [ 5.969861383318155, 52.842172470391283 ], [ 5.996206469343456, 52.817288150376896 ], [ 6.02300963937003, 52.822310121378827 ], [ 6.032214024378965, 52.815636039374937 ], [ 6.058760503405415, 52.826157055379831 ], [ 6.054127089401129, 52.837410542386124 ], [ 6.080508964427201, 52.838997976386175 ], [ 6.119814002466245, 52.854267003393232 ] ] ] } },
{ "type": "Feature", "properties": { "CNTR_CODE": "NL", "LEVL_CODE": 3, "NUTS_ID": "NL423", "NAME_LATN": "Zuid-Limburg" }, "geometry": { "type": "Polygon", "coordinates": [ [ [ 5.822716739115394, 51.072486535288746 ], [ 5.827806926119734, 51.048242721271635 ], [ 5.848649838140765, 51.045640031269336 ], [ 5.854070205145704, 51.029346862257782 ], [ 5.877085002169093, 51.032101002259203 ], [ 5.880064910171667, 51.016958669248446 ], [ 5.894557518186132, 51.01128577324409 ], [ 5.896514505187918, 51.004559877239302 ], [ 5.905089856196494, 51.001160302236713 ], [ 5.903518373194485, 50.987838530227407 ], [ 5.893678332184221, 50.980098674222148 ], [ 5.897198002187559, 50.974845502218308 ], [ 5.954817002246461, 50.98836350222647 ], [ 5.969070366260692, 50.979812028220081 ], [ 6.025641719318133, 50.982919379220803 ], [ 6.01612055030787, 50.963605631207365 ], [ 6.006087002297436, 50.957568002203359 ], [ 6.015845970307236, 50.952517185199582 ], [ 6.018124002308893, 50.934593002186816 ], [ 6.051425472342498, 50.928755372181719 ], [ 6.057826932348779, 50.922034275176813 ], [ 6.074976572366191, 50.922368804176564 ], [ 6.090472557381784, 50.917798715172836 ], [ 6.075474918365739, 50.89177326215475 ], [ 6.086492427376488, 50.878732930145127 ], [ 6.073989562362753, 50.847613560123214 ], [ 6.057782502346419, 50.85099300212606 ], [ 6.054200668342979, 50.856623563130235 ], [ 6.019988804307932, 50.846131906123645 ], [ 6.017060909304496, 50.83307315111432 ], [ 6.023666246311026, 50.827819426110395 ], [ 6.023551580310438, 50.81354196210016 ], [ 6.004721435290955, 50.802023144092345 ], [ 5.987626717273834, 50.80961324209823 ], [ 5.97672750226257, 50.803536502094154 ], [ 5.977143208262776, 50.796789556089273 ], [ 6.026659501312328, 50.77427886707175 ], [ 6.018791155303959, 50.763183946063997 ], [ 6.020999002305853, 50.754295502057523 ], [ 5.983559998267829, 50.753090219057562 ], [ 5.960132029244313, 50.762023929064611 ], [ 5.917619423200724, 50.75096448805769 ], [ 5.913640552196813, 50.755314961060883 ], [ 5.901261968184142, 50.752076310058847 ], [ 5.892073002174858, 50.755237502061291 ], [ 5.886290697169538, 50.769483685071783 ], [ 5.863435257146087, 50.763342065067896 ], [ 5.849627104131755, 50.755369039062437 ], [ 5.84491700212726, 50.765385002069785 ], [ 5.830474605112369, 50.758879290065437 ], [ 5.808213446089658, 50.756371718064095 ], [ 5.793760564075407, 50.769334764073761 ], [ 5.784417538065857, 50.768286072073217 ], [ 5.777039552058805, 50.780935767082497 ], [ 5.77075624205246, 50.782695015083853 ], [ 5.746039984026884, 50.769308284074739 ], [ 5.737277334017558, 50.757787216066561 ], [ 5.71976386899988, 50.762764604070561 ], [ 5.697084770976577, 50.755733770065874 ], [ 5.682000501961281, 50.757446502067481 ], [ 5.700726529981211, 50.781464489084442 ], [ 5.691549774972399, 50.796032675095127 ], [ 5.698368621979618, 50.804445204101071 ], [ 5.69306407097448, 50.811488200106226 ], [ 5.655415709936437, 50.819757186112852 ], [ 5.639812578921608, 50.847807757133282 ], [ 5.646647168929427, 50.872124981150591 ], [ 5.678666695962385, 50.881716650156854 ], [ 5.694282142978764, 50.896730656167293 ], [ 5.699535371984566, 50.909563352176306 ], [ 5.723732502009202, 50.910526502176523 ], [ 5.728413699014512, 50.925347957186979 ], [ 5.74755661303472, 50.94715860920212 ], [ 5.757758466045254, 50.951626855205035 ], [ 5.754748585042393, 50.957886429209545 ], [ 5.7457950460334, 50.960913985211903 ], [ 5.727942078015072, 50.955517654208386 ], [ 5.720868956008112, 50.961995989213108 ], [ 5.765310088054528, 50.997400796237258 ], [ 5.766125502055737, 51.008715502245231 ], [ 5.775774858066014, 51.022126497254469 ], [ 5.758718882049096, 51.033197745262569 ], [ 5.772365361063898, 51.060794568281658 ], [ 5.808441777100456, 51.059126408279724 ], [ 5.822716739115394, 51.072486535288746 ] ] ] } },
{ "type": "Feature", "properties": { "CNTR_CODE": "NL", "LEVL_CODE": 3, "NUTS_ID": "NL414", "NAME_LATN": "Zuidoost-Noord-Brabant" }, "geometry": { "type": "Polygon", "coordinates": [ [ [ 5.838077002147554, 51.566467502624498 ], [ 5.871615502177621, 51.450237502546429 ], [ 5.931195502235622, 51.384605002500763 ], [ 5.874235502177038, 51.353214502480945 ], [ 5.672037501971172, 51.315014002459399 ], [ 5.62578716292283, 51.272577354431348 ], [ 5.618089749913455, 51.229684454401998 ], [ 5.597199179892097, 51.224838136399093 ], [ 5.566283501860622, 51.220836502396864 ], [ 5.560082001854353, 51.222791002398303 ], [ 5.556662739852518, 51.265392505427656 ], [ 5.522957359819118, 51.286140585442446 ], [ 5.51576500181213, 51.2953245024488 ], [ 5.484878501781048, 51.300053502452485 ], [ 5.465235289760571, 51.285169043442622 ], [ 5.442940019737875, 51.282016336440819 ], [ 5.417375001711139, 51.262226002427653 ], [ 5.34769252064101, 51.275323889437587 ], [ 5.33606764762879, 51.26344740442957 ], [ 5.295744920587841, 51.261775423428901 ], [ 5.263278859555065, 51.266607598432536 ], [ 5.237716501528929, 51.26160050242936 ], [ 5.226578018517971, 51.269200958434695 ], [ 5.241098001534117, 51.305663002459511 ], [ 5.200245001493387, 51.32261950247144 ], [ 5.162362024454559, 51.310742205463647 ], [ 5.134464501426433, 51.315490502467227 ], [ 5.131386219424647, 51.347104919488672 ], [ 5.071045001365415, 51.393421002520483 ], [ 5.102180001398467, 51.429005002544272 ], [ 5.191002001488458, 51.430214002544339 ], [ 5.209437090508611, 51.464786627567399 ], [ 5.220591155520239, 51.473773225573275 ], [ 5.228977924529746, 51.498035518589397 ], [ 5.246360711547355, 51.499273254590037 ], [ 5.250852933552236, 51.507291673595276 ], [ 5.237006983538462, 51.513384529599541 ], [ 5.227037341528175, 51.508107849596136 ], [ 5.224490501525993, 51.51716250260214 ], [ 5.234784251536958, 51.530315061610807 ], [ 5.244549530546648, 51.526687672608325 ], [ 5.253587635556322, 51.539769267616876 ], [ 5.276458830579673, 51.545524340620481 ], [ 5.273257001576694, 51.552829502625364 ], [ 5.307868197611493, 51.546308826620638 ], [ 5.330845651634913, 51.55117642462352 ], [ 5.342106639646055, 51.545037194619368 ], [ 5.385985963690361, 51.544205299618213 ], [ 5.404231501708932, 51.548271002620687 ], [ 5.423792001728112, 51.533981502610942 ], [ 5.485816020791107, 51.54154412661498 ], [ 5.492949056797822, 51.527765918605695 ], [ 5.502476842807385, 51.526593135604799 ], [ 5.5010506098058, 51.52167837560156 ], [ 5.525514712830508, 51.522499123601747 ], [ 5.54748000185324, 51.537739002611445 ], [ 5.534521714840944, 51.557641005624887 ], [ 5.585318624892397, 51.562492547627173 ], [ 5.622800663929929, 51.553925354620773 ], [ 5.654877001962913, 51.571670502631896 ], [ 5.651356501959817, 51.582359502639058 ], [ 5.697833614006769, 51.584136298639301 ], [ 5.786645502096778, 51.598186502646627 ], [ 5.800519002110089, 51.578617002633422 ], [ 5.820409002129809, 51.568619002626392 ], [ 5.838077002147554, 51.566467502624498 ] ] ] } },
{ "type": "Feature", "properties": { "CNTR_CODE": "NL", "LEVL_CODE": 3, "NUTS_ID": "NL111", "NAME_LATN": "Oost-Groningen" }, "geometry": { "type": "Polygon", "coordinates": [ [ [ 7.012427368343248, 53.266403710568504 ], [ 7.021703229352166, 53.253928452561802 ], [ 7.042863237372592, 53.258205819562704 ], [ 7.068102150396938, 53.242963018553688 ], [ 7.09271250342072, 53.257017503559325 ], [ 7.201566096525658, 53.237165606543066 ], [ 7.208935003532694, 53.243064503545568 ], [ 7.2175228865411, 53.200437945523682 ], [ 7.208851375532706, 53.188667403518231 ], [ 7.22586148454913, 53.180079559512919 ], [ 7.203117503527233, 53.175597226511996 ], [ 7.179321784504247, 53.137691192494138 ], [ 7.184492450509208, 53.121139933485324 ], [ 7.202794503526904, 53.113281503480231 ], [ 7.199255003523438, 53.081018503463831 ], [ 7.216743503540372, 53.007565003424631 ], [ 7.181570003506118, 52.941304003391735 ], [ 7.087324003414189, 52.849928503348174 ], [ 7.092692003419359, 52.838201003341545 ], [ 7.072429580399668, 52.839029411343091 ], [ 7.075681150402919, 52.849315766348489 ], [ 7.069202528396578, 52.848584596348473 ], [ 7.039171139367482, 52.872655318363059 ], [ 7.014979503343912, 52.872986003364574 ], [ 7.045606503374016, 52.915897503385914 ], [ 7.026868003355724, 52.919014003388597 ], [ 7.014211698343479, 52.926068813393044 ], [ 6.935702003267494, 52.993362503432856 ], [ 6.81381000314952, 53.071048503479581 ], [ 6.801600503138132, 53.119262503505169 ], [ 6.806020003142377, 53.120464503505502 ], [ 6.795122804131966, 53.136171563514125 ], [ 6.809649114146141, 53.142373045516521 ], [ 6.809060977145582, 53.146590345518732 ], [ 6.818285470154578, 53.14689298251843 ], [ 6.81640095315288, 53.164265953527419 ], [ 6.824265767160684, 53.183950193536944 ], [ 6.811530003148263, 53.185661503538498 ], [ 6.81898894715561, 53.190741785540695 ], [ 6.81877717415542, 53.198874246544833 ], [ 6.840639042176702, 53.205677227547135 ], [ 6.856435783192066, 53.216797061551979 ], [ 6.884766391219602, 53.225504382554888 ], [ 6.900153889234483, 53.222755040552741 ], [ 6.912574003246466, 53.22509000355317 ], [ 6.911510503245608, 53.2429695035622 ], [ 6.92891597926239, 53.237691051558684 ], [ 6.936938575270167, 53.243444897561112 ], [ 6.943787961276794, 53.243239710560651 ], [ 6.953228063286018, 53.256563472566846 ], [ 6.996424242327749, 53.266838886569595 ], [ 7.012427368343248, 53.266403710568504 ] ] ] } },
{ "type": "Feature", "properties": { "CNTR_CODE": "NL", "LEVL_CODE": 3, "NUTS_ID": "NL112", "NAME_LATN": "Delfzijl en omgeving" }, "geometry": { "type": "Polygon", "coordinates": [ [ [ 6.874905003210974, 53.408013003645316 ], [ 6.887685091223308, 53.394759120638206 ], [ 6.900912321235865, 53.351296813616415 ], [ 6.936642665270277, 53.331567182604843 ], [ 6.932468905266216, 53.327187592602861 ], [ 6.99706146732854, 53.31112881359148 ], [ 7.009384432340386, 53.3118532235912 ], [ 7.015846092346618, 53.305818585587801 ], [ 7.042837970372635, 53.301272798584087 ], [ 7.089759361417886, 53.303195129582399 ], [ 7.079483442407972, 53.26996315456654 ], [ 7.09271250342072, 53.257017503559325 ], [ 7.068102150396938, 53.242963018553688 ], [ 7.042863237372592, 53.258205819562704 ], [ 7.021703229352166, 53.253928452561802 ], [ 7.012427368343248, 53.266403710568504 ], [ 6.996424242327749, 53.266838886569595 ], [ 6.953228063286018, 53.256563472566846 ], [ 6.943787961276794, 53.243239710560651 ], [ 6.936938575270167, 53.243444897561112 ], [ 6.92891597926239, 53.237691051558684 ], [ 6.909701768243814, 53.24493919556329 ], [ 6.908776359243099, 53.278141393579901 ], [ 6.888003119223032, 53.27959600558173 ], [ 6.894223828229071, 53.285741618584453 ], [ 6.887363503222512, 53.298069003590925 ], [ 6.851756317188074, 53.296472735591976 ], [ 6.843684852180224, 53.290208453589216 ], [ 6.829625555166608, 53.291111189590353 ], [ 6.824855264162029, 53.297065118593657 ], [ 6.814284003151766, 53.297542503594357 ], [ 6.7725665031113, 53.283092503589351 ], [ 6.770981879109867, 53.292878751594216 ], [ 6.751469700091024, 53.300171861598827 ], [ 6.746609572086391, 53.31112905960444 ], [ 6.735546642075703, 53.312197982605497 ], [ 6.727380417067707, 53.305284046602459 ], [ 6.709425218050378, 53.309418909605398 ], [ 6.689551181030986, 53.298054271600741 ], [ 6.674902333016863, 53.304089324604426 ], [ 6.643385628986335, 53.308476897608024 ], [ 6.636634276979872, 53.314323162611231 ], [ 6.619617895963355, 53.315165315612425 ], [ 6.610884750955036, 53.329168238619758 ], [ 6.600829966945332, 53.331010801621112 ], [ 6.598423920943018, 53.335898477623573 ], [ 6.604831843949261, 53.339445142625081 ], [ 6.595750502940584, 53.347092003629228 ], [ 6.625399840969323, 53.350863077629718 ], [ 6.627270612971258, 53.360416317634325 ], [ 6.6440951449876, 53.365929811636221 ], [ 6.685308364027556, 53.366598336634638 ], [ 6.697254740039058, 53.363483057632529 ], [ 6.778231531117732, 53.410130684651271 ], [ 6.792462003131383, 53.403595503647409 ], [ 6.842999013180295, 53.421878733653642 ], [ 6.874905003210974, 53.408013003645316 ] ] ] } },
{ "type": "Feature", "properties": { "CNTR_CODE": "NL", "LEVL_CODE": 3, "NUTS_ID": "NL421", "NAME_LATN": "Noord-Limburg" }, "geometry": { "type": "Polygon", "coordinates": [ [ [ 5.931257054247132, 51.743432320737725 ], [ 5.938288002254103, 51.741482002736277 ], [ 5.953192002269285, 51.747846002739983 ], [ 5.955740657271615, 51.738688296734033 ], [ 5.99375566830978, 51.738104488732645 ], [ 6.032312002348065, 51.723832002722311 ], [ 6.035837904351472, 51.718483075718744 ], [ 6.044010572359675, 51.716759602717424 ], [ 6.02664149934198, 51.708718232712691 ], [ 6.031969502346342, 51.676179502691426 ], [ 6.080374040394584, 51.66201491268081 ], [ 6.117140882431329, 51.655992482675778 ], [ 6.094363076407439, 51.621291186653728 ], [ 6.092434717404998, 51.605539065643477 ], [ 6.121062949433427, 51.592459472634033 ], [ 6.131973247444042, 51.580219413625642 ], [ 6.157022502468843, 51.566678502615957 ], [ 6.176870591488009, 51.539197342597191 ], [ 6.200742002511631, 51.526583502588061 ], [ 6.211483449522128, 51.514541094579776 ], [ 6.213287315523276, 51.491596766564456 ], [ 6.223314812532865, 51.47359766355212 ], [ 6.205690906513031, 51.400708713503882 ], [ 6.225565686533033, 51.3996277515025 ], [ 6.215175094522211, 51.388146052495046 ], [ 6.224614677530916, 51.359734240475575 ], [ 6.191270094496691, 51.340030025463278 ], [ 6.192101713497383, 51.335209085459994 ], [ 6.169776913474796, 51.332180881458598 ], [ 6.154080002458175, 51.307373002442205 ], [ 6.128804502432055, 51.285391502427991 ], [ 6.124481002427303, 51.27458500242075 ], [ 6.072657002373963, 51.242587502400369 ], [ 6.052644151354095, 51.252071707407374 ], [ 6.041540903342721, 51.246731010403998 ], [ 6.02775989432876, 51.246160132403986 ], [ 6.005320002306423, 51.259037002413429 ], [ 6.010359502311786, 51.265953002418016 ], [ 6.007448019309226, 51.277684103426132 ], [ 5.955530198257444, 51.299796827442606 ], [ 5.911373277213243, 51.312148270452148 ], [ 5.907297856208972, 51.308802485449938 ], [ 5.852090002153504, 51.3206480024594 ], [ 5.832129002133905, 51.337940002471591 ], [ 5.84024550214245, 51.346924002477522 ], [ 5.874235502177038, 51.353214502480945 ], [ 5.931195502235622, 51.384605002500763 ], [ 5.871615502177621, 51.450237502546429 ], [ 5.838077002147554, 51.566467502624498 ], [ 5.89067141920039, 51.560103809618987 ], [ 5.906976014216586, 51.552320944613484 ], [ 5.930740285240578, 51.553374814613555 ], [ 6.003926342314815, 51.569746036622455 ], [ 6.031189936341798, 51.553227961610745 ], [ 6.035136691345921, 51.557485289613432 ], [ 6.047766502358624, 51.558506002613797 ], [ 6.038015002349097, 51.568924002620939 ], [ 6.038977502350571, 51.583996002630855 ], [ 6.02465600233657, 51.598949502641112 ], [ 6.022012002334549, 51.61991900265496 ], [ 5.965883002279027, 51.651069502676854 ], [ 5.955377002270279, 51.709339002715062 ], [ 5.934030502249096, 51.716430502720222 ], [ 5.900069502215017, 51.719940002723362 ], [ 5.887188502202255, 51.725696502727402 ], [ 5.879446002195171, 51.748802002742558 ], [ 5.865158502181147, 51.757408002748441 ], [ 5.86861311318519, 51.77522557875978 ], [ 5.893650502210413, 51.777633502760722 ], [ 5.915165560231288, 51.752928133744291 ], [ 5.931882619247921, 51.748256803740837 ], [ 5.931257054247132, 51.743432320737725 ] ] ] } },
{ "type": "Feature", "properties": { "CNTR_CODE": "NL", "LEVL_CODE": 3, "NUTS_ID": "NL422", "NAME_LATN": "Midden-Limburg" }, "geometry": { "type": "Polygon", "coordinates": [ [ [ 5.852090002153504, 51.3206480024594 ], [ 5.907297856208972, 51.308802485449938 ], [ 5.911373277213243, 51.312148270452148 ], [ 5.955530198257444, 51.299796827442606 ], [ 6.007448019309226, 51.277684103426132 ], [ 6.010359502311786, 51.265953002418016 ], [ 6.005320002306423, 51.259037002413429 ], [ 6.02775989432876, 51.246160132403986 ], [ 6.041540903342721, 51.246731010403998 ], [ 6.052644151354095, 51.252071707407374 ], [ 6.072657002373963, 51.242587502400369 ], [ 6.084585808385467, 51.222859159386438 ], [ 6.068187166368771, 51.219375467384467 ], [ 6.073566002373006, 51.182692502359046 ], [ 6.082805406382069, 51.171960591351343 ], [ 6.099154067398547, 51.170419644349842 ], [ 6.164254024465031, 51.193452556363816 ], [ 6.179102120479875, 51.187117477358981 ], [ 6.14014854744008, 51.173486893350756 ], [ 6.174225554474073, 51.158612979339431 ], [ 6.162565071461988, 51.14932962233339 ], [ 6.126315873425201, 51.144869455331367 ], [ 6.092517499390739, 51.134571910325192 ], [ 6.085708518383531, 51.124616470318465 ], [ 6.061407885358686, 51.116469122313433 ], [ 6.036585002332852, 51.096579002300238 ], [ 6.009374746305173, 51.090444025296719 ], [ 5.981051901275851, 51.072451088284929 ], [ 5.970558896264824, 51.060426318276676 ], [ 5.966532410260224, 51.044332139265549 ], [ 5.956502809249784, 51.035565134259627 ], [ 5.937512447230568, 51.036946828261051 ], [ 5.912794596206473, 51.065484578281676 ], [ 5.891430542184406, 51.053425200273878 ], [ 5.867697335160213, 51.050278306272148 ], [ 5.877085002169093, 51.032101002259203 ], [ 5.854070205145704, 51.029346862257782 ], [ 5.848649838140765, 51.045640031269336 ], [ 5.827806926119734, 51.048242721271635 ], [ 5.822716739115394, 51.072486535288746 ], [ 5.808441777100456, 51.059126408279724 ], [ 5.798274002090104, 51.059853502280454 ], [ 5.797515002089805, 51.073531502290059 ], [ 5.804239712096845, 51.078458650293349 ], [ 5.797995718091011, 51.092623061303399 ], [ 5.808900087102187, 51.095905425305411 ], [ 5.825372478118776, 51.093199666303185 ], [ 5.833172502126909, 51.099659002307504 ], [ 5.829456235123357, 51.106327355312246 ], [ 5.814200213107988, 51.107986974313739 ], [ 5.808695488102629, 51.11555512531914 ], [ 5.824226882118807, 51.128415672327755 ], [ 5.840607425135548, 51.13175293432969 ], [ 5.854447675149997, 51.144577908338299 ], [ 5.837819072133436, 51.153475016344842 ], [ 5.826478002122373, 51.166755502354292 ], [ 5.814580747110149, 51.160055638349938 ], [ 5.804929376100403, 51.161586585351202 ], [ 5.778827678073648, 51.152616119345545 ], [ 5.778367617073482, 51.161614783351808 ], [ 5.770345222065544, 51.167488232356078 ], [ 5.775894620071324, 51.171274690358565 ], [ 5.774704515070407, 51.178939842363917 ], [ 5.767845186063587, 51.182891729366773 ], [ 5.745651002041257, 51.189472002371751 ], [ 5.709695135004549, 51.181101197366779 ], [ 5.689291906984041, 51.18500420736985 ], [ 5.65813600195238, 51.184715502370246 ], [ 5.650535766945199, 51.198427552379862 ], [ 5.566283501860622, 51.220836502396864 ], [ 5.618089749913455, 51.229684454401998 ], [ 5.62578716292283, 51.272577354431348 ], [ 5.672037501971172, 51.315014002459399 ], [ 5.84024550214245, 51.346924002477522 ], [ 5.832129002133905, 51.337940002471591 ], [ 5.852090002153504, 51.3206480024594 ] ] ] } },
{ "type": "Feature", "properties": { "CNTR_CODE": "NL", "LEVL_CODE": 3, "NUTS_ID": "NL310", "NAME_LATN": "Utrecht" }, "geometry": { "type": "Polygon", "coordinates": [ [ [ 5.021537501355604, 52.302498503099805 ], [ 5.021941001355091, 52.282802503088028 ], [ 5.030379278363821, 52.287761293090945 ], [ 5.04242787237562, 52.282954667088006 ], [ 5.059359457392827, 52.288782670091329 ], [ 5.064873756398206, 52.285102865089122 ], [ 5.064631001397702, 52.28072750308656 ], [ 5.059157452392433, 52.284611740088863 ], [ 5.048459754381406, 52.277382237084574 ], [ 5.023694418356416, 52.272020512081532 ], [ 5.03221791536418, 52.255110498071389 ], [ 5.042794660374754, 52.255333914071407 ], [ 5.046222089377658, 52.243626130064364 ], [ 5.056846544387974, 52.235858312059612 ], [ 5.041970331372783, 52.230066211056219 ], [ 5.035986654365653, 52.203815003040397 ], [ 5.02540119335497, 52.20214569203943 ], [ 5.036672811365984, 52.1967503780361 ], [ 5.034225543363042, 52.185144634029093 ], [ 5.042018401370717, 52.181774229026949 ], [ 5.047207821375222, 52.167066303018004 ], [ 5.121629501450411, 52.180965503025931 ], [ 5.191671312520474, 52.178020003023541 ], [ 5.215529001545428, 52.20426550303916 ], [ 5.224596001555383, 52.225197003051719 ], [ 5.265988001599156, 52.281929003085381 ], [ 5.3058925016389, 52.277282503082105 ], [ 5.335462001668962, 52.290218503089463 ], [ 5.40463300173653, 52.249630003064141 ], [ 5.393278001724042, 52.220676503046896 ], [ 5.406414716736977, 52.214268354042829 ], [ 5.411286175742001, 52.217730424044866 ], [ 5.440075790770292, 52.204271579036259 ], [ 5.442206776771099, 52.16967814501529 ], [ 5.479895501808705, 52.165809503012241 ], [ 5.473287354801966, 52.162865502010568 ], [ 5.483853595812337, 52.157458995007147 ], [ 5.481513001809693, 52.150539503002939 ], [ 5.497863717825982, 52.147106110000642 ], [ 5.498434799826359, 52.141275765997037 ], [ 5.513462060841196, 52.135413299993218 ], [ 5.498464454825945, 52.129655320989926 ], [ 5.495365828822633, 52.123995291986517 ], [ 5.506922735833848, 52.114230359980354 ], [ 5.486386001813253, 52.115337502981362 ], [ 5.493786001820506, 52.111037502978611 ], [ 5.484815605811364, 52.105356155975208 ], [ 5.484964824811059, 52.093758265968134 ], [ 5.459865944785432, 52.080865938960557 ], [ 5.483073507808274, 52.070165944953615 ], [ 5.503780534829186, 52.073724693955462 ], [ 5.510861490836456, 52.078797079958484 ], [ 5.523050997848678, 52.078298976957939 ], [ 5.530500295856282, 52.08248644196042 ], [ 5.53085883485688, 52.089148325964487 ], [ 5.53719473986326, 52.089648045964715 ], [ 5.538262758864614, 52.097283523969367 ], [ 5.531503001857983, 52.102257002972571 ], [ 5.54401550187057, 52.101944002972168 ], [ 5.550346501877028, 52.105438002974168 ], [ 5.562490241888206, 52.078185503957236 ], [ 5.558061001882652, 52.048847002939112 ], [ 5.569650985894259, 52.047834096938267 ], [ 5.568652060893012, 52.04044441893376 ], [ 5.589317132913499, 52.03415945492943 ], [ 5.586369773909803, 52.012624656916138 ], [ 5.592191802915251, 52.001570072909132 ], [ 5.612686719935395, 51.991171081902252 ], [ 5.625495366947677, 51.973867710891206 ], [ 5.621091000942966, 51.966116551886451 ], [ 5.627089064948552, 51.954365709878914 ], [ 5.619915034941165, 51.948895628875619 ], [ 5.606011501926983, 51.943248502872372 ], [ 5.58677750190795, 51.950699002877421 ], [ 5.559681345880927, 51.955153258880678 ], [ 5.538817432860406, 51.967744957888932 ], [ 5.512211090833912, 51.973205517892822 ], [ 5.487427964809415, 51.983384567899662 ], [ 5.444338001766147, 51.985508002901639 ], [ 5.387288501708302, 51.969887002892676 ], [ 5.354611001675409, 51.970119502893326 ], [ 5.335934001656171, 51.958328002886148 ], [ 5.321613501641713, 51.954948502884235 ], [ 5.270019501590259, 51.965538002891471 ], [ 5.244560850565183, 51.978202476899725 ], [ 5.235837404556454, 51.978538224899985 ], [ 5.213163698532884, 51.960575792888996 ], [ 5.194498652514181, 51.961230372889588 ], [ 5.179851001499663, 51.967605502893726 ], [ 5.14945600146765, 51.933452502872512 ], [ 5.128752453446992, 51.935599075874066 ], [ 5.08619069640479, 51.950485164883759 ], [ 5.055786792374443, 51.954911856886717 ], [ 5.062962214382154, 51.966426487893912 ], [ 5.054464317374042, 51.97586358389988 ], [ 5.039719501359287, 51.977775502901181 ], [ 5.027794001346853, 51.968803502895618 ], [ 4.997011001316291, 51.977352002901149 ], [ 4.970448001288812, 51.960247002890533 ], [ 4.939600001257947, 51.963486002892743 ], [ 4.917138501234477, 51.94380200288041 ], [ 4.877899501194787, 51.937835502876787 ], [ 4.862620008180683, 51.965570389894253 ], [ 4.81788100113731, 51.999809502915724 ], [ 4.857008501176975, 52.005905002919498 ], [ 4.84695000116739, 52.018192502927207 ], [ 4.803483001123523, 52.013981002924609 ], [ 4.79871250111915, 52.022167002929656 ], [ 4.80899499312974, 52.026726664932504 ], [ 4.807574631128575, 52.032810265936305 ], [ 4.830844578152798, 52.050386579947187 ], [ 4.868229001190901, 52.063511002955295 ], [ 4.873181001196119, 52.06873300295846 ], [ 4.831833836154628, 52.067846202957988 ], [ 4.833284980156355, 52.073768766961599 ], [ 4.826477568149619, 52.075775258962878 ], [ 4.824133861148817, 52.107321083982306 ], [ 4.792076001117318, 52.12236000299162 ], [ 4.806815474132407, 52.128180420995157 ], [ 4.811628399137768, 52.139001179001731 ], [ 4.831379383157797, 52.1440660650048 ], [ 4.855918679182079, 52.137396581000687 ], [ 4.873200650199524, 52.138879106001546 ], [ 4.874167852201258, 52.155660795011777 ], [ 4.892281001219664, 52.161812003015527 ], [ 4.842121959170394, 52.181269657027507 ], [ 4.813012159142193, 52.201453385039784 ], [ 4.803039207132219, 52.201727953039914 ], [ 4.801728222131678, 52.21702265604916 ], [ 4.794524001124863, 52.226726503055055 ], [ 4.828996763159598, 52.23067251105747 ], [ 4.850236151181302, 52.239313580062543 ], [ 4.870071001201766, 52.253307503070992 ], [ 4.910504448242267, 52.253042684070707 ], [ 4.92861271726111, 52.268794999080072 ], [ 4.927291151260296, 52.27964370408661 ], [ 4.96767164130074, 52.280348192086848 ], [ 4.983212586316724, 52.28995132409252 ], [ 4.997416495330924, 52.289648004092193 ], [ 5.008343468342374, 52.301478978099261 ], [ 5.021537501355604, 52.302498503099805 ] ] ] } },
{ "type": "Feature", "properties": { "CNTR_CODE": "NL", "LEVL_CODE": 3, "NUTS_ID": "NL323", "NAME_LATN": "IJmond" }, "geometry": { "type": "Polygon", "coordinates": [ [ [ 4.75558831410421, 52.59028982526835 ], [ 4.745414633092941, 52.567214256255113 ], [ 4.780537098127351, 52.557071022249396 ], [ 4.777723501123384, 52.533916503236078 ], [ 4.782528001127409, 52.519535003227766 ], [ 4.751091424096194, 52.520448533228368 ], [ 4.751049565095573, 52.509475240222024 ], [ 4.732146316076098, 52.496918412214733 ], [ 4.714666501058489, 52.493191003212523 ], [ 4.696280634039002, 52.469602103198852 ], [ 4.674783501016817, 52.455444503190598 ], [ 4.722983501063751, 52.433334003177769 ], [ 4.682429501022284, 52.41331100316593 ], [ 4.680859692020962, 52.4189310721693 ], [ 4.651915334992568, 52.428105198174592 ], [ 4.636892766976786, 52.411934838165102 ], [ 4.631682000971501, 52.411670503164927 ], [ 4.622611135963182, 52.424453079172316 ], [ 4.587052489928224, 52.434410975178018 ], [ 4.560596500902011, 52.437426003179624 ], [ 4.555227223897885, 52.460111452192891 ], [ 4.567146808909744, 52.458919853192235 ], [ 4.59743011994038, 52.46846503319793 ], [ 4.595706600938921, 52.473216643200658 ], [ 4.568132575911274, 52.469563454198472 ], [ 4.590048500935019, 52.505690003219428 ], [ 4.609676500958201, 52.573401003258418 ], [ 4.65315269700196, 52.582615663263788 ], [ 4.672590501021736, 52.590904003268562 ], [ 4.672688111021586, 52.587071736266353 ], [ 4.69299720304145, 52.579752997262268 ], [ 4.737796017085969, 52.579154943261962 ], [ 4.744496729093157, 52.589397691267813 ], [ 4.75558831410421, 52.59028982526835 ] ] ] } },
{ "type": "Feature", "properties": { "CNTR_CODE": "NL", "LEVL_CODE": 3, "NUTS_ID": "NL324", "NAME_LATN": "Agglomeratie Haarlem" }, "geometry": { "type": "Polygon", "coordinates": [ [ [ 4.628339026968286, 52.412974494165617 ], [ 4.636892766976786, 52.411934838165102 ], [ 4.651915334992568, 52.428105198174592 ], [ 4.680859692020962, 52.4189310721693 ], [ 4.682429501022284, 52.41331100316593 ], [ 4.722983501063751, 52.433334003177769 ], [ 4.73918850107982, 52.431221003176546 ], [ 4.72872900106777, 52.400688003158656 ], [ 4.757803001096592, 52.396812503156411 ], [ 4.759235001097146, 52.379398503146113 ], [ 4.730741393069071, 52.386265754150195 ], [ 4.675288001013174, 52.376198003144175 ], [ 4.671405001009041, 52.371223503141223 ], [ 4.675014501011693, 52.352192003129986 ], [ 4.649848500986011, 52.340729003123144 ], [ 4.618547500954303, 52.333057503118482 ], [ 4.611384500946703, 52.324417003113282 ], [ 4.611684000946392, 52.313587003106875 ], [ 4.583546000918534, 52.318474003109657 ], [ 4.56897000090387, 52.31650150310837 ], [ 4.563628000898143, 52.309227003104056 ], [ 4.493847500829539, 52.328260003114977 ], [ 4.560596500902011, 52.437426003179624 ], [ 4.587052489928224, 52.434410975178018 ], [ 4.622611135963182, 52.424453079172316 ], [ 4.628339026968286, 52.412974494165617 ] ] ] } },
{ "type": "Feature", "properties": { "CNTR_CODE": "NL", "LEVL_CODE": 3, "NUTS_ID": "NL325", "NAME_LATN": "Zaanstreek" }, "geometry": { "type": "Polygon", "coordinates": [ [ [ 4.844567874189623, 52.526586359231807 ], [ 4.93438050127832, 52.51161200322295 ], [ 4.925754973269464, 52.505664925219541 ], [ 4.922781874265863, 52.49177503521144 ], [ 4.906541001249034, 52.479915503204701 ], [ 4.890114144232655, 52.478512591203966 ], [ 4.86264089020477, 52.468898137198373 ], [ 4.852457501194728, 52.470360003199247 ], [ 4.843854180185228, 52.451684926188406 ], [ 4.862699001202908, 52.430019503175771 ], [ 4.854524552194173, 52.416975422168143 ], [ 4.722983501063751, 52.433334003177769 ], [ 4.674783501016817, 52.455444503190598 ], [ 4.696280634039002, 52.469602103198852 ], [ 4.714666501058489, 52.493191003212523 ], [ 4.732146316076098, 52.496918412214733 ], [ 4.751049565095573, 52.509475240222024 ], [ 4.751091424096194, 52.520448533228368 ], [ 4.78984500113468, 52.519222503227681 ], [ 4.822342825167745, 52.532630016235267 ], [ 4.817811938163436, 52.536415584237496 ], [ 4.824519637170389, 52.541940816240668 ], [ 4.833982501179659, 52.538857003238881 ], [ 4.844567874189623, 52.526586359231807 ] ] ] } },
{ "type": "Feature", "properties": { "CNTR_CODE": "NL", "LEVL_CODE": 3, "NUTS_ID": "NL327", "NAME_LATN": "Het Gooi en Vechtstreek" }, "geometry": { "type": "Polygon", "coordinates": [ [ [ 5.148879001483617, 52.318729503108507 ], [ 5.229321001564298, 52.325257003111602 ], [ 5.28739700162192, 52.3150560031049 ], [ 5.335462001668962, 52.290218503089463 ], [ 5.3058925016389, 52.277282503082105 ], [ 5.265988001599156, 52.281929003085381 ], [ 5.224596001555383, 52.225197003051719 ], [ 5.215529001545428, 52.20426550303916 ], [ 5.191671312520474, 52.178020003023541 ], [ 5.121629501450411, 52.180965503025931 ], [ 5.047207821375222, 52.167066303018004 ], [ 5.042018401370717, 52.181774229026949 ], [ 5.034225543363042, 52.185144634029093 ], [ 5.036672811365984, 52.1967503780361 ], [ 5.02540119335497, 52.20214569203943 ], [ 5.035986654365653, 52.203815003040397 ], [ 5.041970331372783, 52.230066211056219 ], [ 5.056846544387974, 52.235858312059612 ], [ 5.046222089377658, 52.243626130064364 ], [ 5.042794660374754, 52.255333914071407 ], [ 5.03221791536418, 52.255110498071389 ], [ 5.023694418356416, 52.272020512081532 ], [ 5.048459754381406, 52.277382237084574 ], [ 5.059157452392433, 52.284611740088863 ], [ 5.064631001397702, 52.28072750308656 ], [ 5.064873756398206, 52.285102865089122 ], [ 5.059359457392827, 52.288782670091329 ], [ 5.04242787237562, 52.282954667088006 ], [ 5.030379278363821, 52.287761293090945 ], [ 5.021941001355091, 52.282802503088028 ], [ 5.014537872349971, 52.331418147117041 ], [ 5.039518622375408, 52.341822333123112 ], [ 5.037660501375067, 52.375358503142898 ], [ 5.079161001417038, 52.388653003150417 ], [ 5.079288001416352, 52.370407003139725 ], [ 5.148879001483617, 52.318729503108507 ] ] ] } },
{ "type": "Feature", "properties": { "CNTR_CODE": "NL", "LEVL_CODE": 3, "NUTS_ID": "NL328", "NAME_LATN": "Alkmaar en omgeving" }, "geometry": { "type": "Polygon", "coordinates": [ [ [ 4.714597642069761, 52.711063089336328 ], [ 4.728919501082955, 52.691383503325369 ], [ 4.769071929123209, 52.69906005532971 ], [ 4.779302573134959, 52.730512435347258 ], [ 4.785658613141092, 52.728000477345823 ], [ 4.786795947141906, 52.721416770342145 ], [ 4.797088195152049, 52.720365372341533 ], [ 4.8046723351593, 52.714806911338457 ], [ 4.858100001212713, 52.723350503343092 ], [ 4.877748501231699, 52.711949003336713 ], [ 4.899045501252593, 52.706829003333816 ], [ 4.899933501253, 52.697597503328623 ], [ 4.877146536229862, 52.686437482322518 ], [ 4.878810686231216, 52.680135433318966 ], [ 4.864292787215293, 52.650661774302421 ], [ 4.876679895227127, 52.640156188296451 ], [ 4.872847001222978, 52.634445003293266 ], [ 4.881761348231827, 52.632893583292351 ], [ 4.888672347238328, 52.626265050288566 ], [ 4.885102651234162, 52.61349760528136 ], [ 4.92278187427158, 52.611347665280029 ], [ 4.926488001274985, 52.607052003277573 ], [ 4.913115639261739, 52.607721081278015 ], [ 4.894264298242578, 52.598350085272735 ], [ 4.833982501179659, 52.538857003238881 ], [ 4.824519637170389, 52.541940816240668 ], [ 4.817811938163436, 52.536415584237496 ], [ 4.822342825167745, 52.532630016235267 ], [ 4.78984500113468, 52.519222503227681 ], [ 4.782528001127409, 52.519535003227766 ], [ 4.777876001123394, 52.531807003234896 ], [ 4.780537098127351, 52.557071022249396 ], [ 4.745414633092941, 52.567214256255113 ], [ 4.75558831410421, 52.59028982526835 ], [ 4.752209001100899, 52.591877003269268 ], [ 4.744496729093157, 52.589397691267813 ], [ 4.737796017085969, 52.579154943261962 ], [ 4.69299720304145, 52.579752997262268 ], [ 4.672688111021586, 52.587071736266353 ], [ 4.672590501021736, 52.590904003268562 ], [ 4.65315269700196, 52.582615663263788 ], [ 4.609676500958201, 52.573401003258418 ], [ 4.626969255980163, 52.661884684308646 ], [ 4.633333121987528, 52.682136082319992 ], [ 4.638279019992548, 52.683859957321026 ], [ 4.633620181988488, 52.694580799326943 ], [ 4.649071001007096, 52.756177503361265 ], [ 4.69173532404812, 52.731310913347613 ], [ 4.714597642069761, 52.711063089336328 ] ] ] } },
{ "type": "Feature", "properties": { "CNTR_CODE": "NL", "LEVL_CODE": 3, "NUTS_ID": "NL225", "NAME_LATN": "Achterhoek" }, "geometry": { "type": "Polygon", "coordinates": [ [ [ 6.385974002715335, 52.243160003034617 ], [ 6.416688002745831, 52.242253003032921 ], [ 6.430072348758727, 52.222514607020543 ], [ 6.456739438784759, 52.201643760006945 ], [ 6.469086694797037, 52.19951532500513 ], [ 6.473201982800869, 52.188366479998258 ], [ 6.492394502819703, 52.177669502991023 ], [ 6.515080450842321, 52.181232364992297 ], [ 6.555793739882674, 52.17743260498834 ], [ 6.590040575916781, 52.181664400989462 ], [ 6.60460305493109, 52.17412308598427 ], [ 6.604847074931163, 52.166897541979893 ], [ 6.612345384938554, 52.163595067977546 ], [ 6.630231479956475, 52.172888689982422 ], [ 6.640232531966316, 52.168111192979126 ], [ 6.64509050297123, 52.17426300298262 ], [ 6.672847560998584, 52.163649981975006 ], [ 6.673967559999283, 52.142792376962269 ], [ 6.664318740989517, 52.129754468954758 ], [ 6.716803971041328, 52.118359238945459 ], [ 6.760465003084607, 52.118569502943608 ], [ 6.756912204080769, 52.098531778931466 ], [ 6.745145933068999, 52.092760317928473 ], [ 6.749411003073035, 52.083641931922763 ], [ 6.734798783058438, 52.074792074917966 ], [ 6.696205022020028, 52.070100305916796 ], [ 6.686947723010536, 52.0549726609079 ], [ 6.687726003010989, 52.039899002898572 ], [ 6.715169393038274, 52.039610626897151 ], [ 6.751333457074042, 52.028992002888963 ], [ 6.809360365131106, 51.999131631867805 ], [ 6.80908813513076, 51.995129412865381 ], [ 6.826574003148034, 51.993532002863539 ], [ 6.83226038715338, 51.973214129850611 ], [ 6.827636675148623, 51.964344181845291 ], [ 6.799131444120212, 51.958424569842911 ], [ 6.794944459115688, 51.937340516829927 ], [ 6.787011748107614, 51.928355235824696 ], [ 6.731117368051482, 51.898544044808453 ], [ 6.721060003041389, 51.896489002807598 ], [ 6.695181788016036, 51.91499299982042 ], [ 6.682590235003555, 51.917205444822358 ], [ 6.633117956953961, 51.901201404814351 ], [ 6.585081288905918, 51.89365519281165 ], [ 6.559153734879799, 51.882430984805588 ], [ 6.551753765872487, 51.886021716808166 ], [ 6.543930622864652, 51.88429843080737 ], [ 6.527266251847827, 51.874993507802131 ], [ 6.502201677822648, 51.86787267379863 ], [ 6.498786139819084, 51.861680708794843 ], [ 6.472575502792762, 51.853808502790926 ], [ 6.450514851770977, 51.864934416798832 ], [ 6.432309775752659, 51.859970100796318 ], [ 6.426733829747203, 51.865736677800214 ], [ 6.391804081712508, 51.87309765380612 ], [ 6.387623866708064, 51.863050740799927 ], [ 6.408372664728556, 51.852919423792741 ], [ 6.402915853722893, 51.84373550378713 ], [ 6.407779502727384, 51.828092002776955 ], [ 6.401789406721383, 51.827763144777002 ], [ 6.389543002709216, 51.833272002780944 ], [ 6.365701212685448, 51.834388880782541 ], [ 6.359200014679215, 51.845990575790161 ], [ 6.347727511667854, 51.850278565793246 ], [ 6.306965118627094, 51.849734127794427 ], [ 6.298936002619456, 51.867895502806185 ], [ 6.273587844594301, 51.874371030811162 ], [ 6.26098479758156, 51.868408876807841 ], [ 6.213254979533786, 51.868414514809366 ], [ 6.197224620517877, 51.874085989813523 ], [ 6.182830007503737, 51.885488201821197 ], [ 6.190123984511114, 51.887445834822202 ], [ 6.190204209511277, 51.891361528824618 ], [ 6.092139569414464, 51.939148755857808 ], [ 6.090623121413743, 51.967833806875859 ], [ 6.107886002430951, 51.966984002874767 ], [ 6.122439002445641, 51.971416502877148 ], [ 6.129253002452645, 51.978100002881092 ], [ 6.159817502483328, 51.98099900288193 ], [ 6.161805539485623, 51.992617502889154 ], [ 6.155675418479879, 52.004980924896991 ], [ 6.165201533489682, 52.016354477903832 ], [ 6.176650381501217, 52.020293390905863 ], [ 6.175036215500127, 52.038619353917248 ], [ 6.162566296487628, 52.037425429916915 ], [ 6.15002603647523, 52.04167176991993 ], [ 6.139416872464453, 52.035789763916661 ], [ 6.115774002440781, 52.036163502917617 ], [ 6.111928502437226, 52.04537200292345 ], [ 6.137396502463045, 52.059120002931166 ], [ 6.122657078448481, 52.063859694934543 ], [ 6.102505638428736, 52.078069237943893 ], [ 6.075254940401774, 52.08717365195033 ], [ 6.060882573387365, 52.086192966950087 ], [ 6.024956281350923, 52.067743285939883 ], [ 6.006169002332061, 52.066387502939527 ], [ 6.017393002343768, 52.08301500294948 ], [ 6.034248502361041, 52.095985502956985 ], [ 6.035726002362859, 52.109485502965235 ], [ 6.051379002378925, 52.124435502973931 ], [ 6.078573002406488, 52.138889502981925 ], [ 6.076091502404228, 52.143924502985037 ], [ 6.135195735463563, 52.157830237991732 ], [ 6.184870002513151, 52.161430502992324 ], [ 6.190542502519003, 52.167114502995581 ], [ 6.191896087520631, 52.17758152200188 ], [ 6.15671817348596, 52.193593805012746 ], [ 6.160278272489712, 52.200396720016734 ], [ 6.183669585513123, 52.204523287018475 ], [ 6.190690117520284, 52.210460982021871 ], [ 6.187971432517783, 52.218084036026518 ], [ 6.16641150249662, 52.231045003035049 ], [ 6.181320588511526, 52.233562563036052 ], [ 6.19005075652011, 52.229374561033218 ], [ 6.214353306544277, 52.227413456031272 ], [ 6.216413677546449, 52.23108460303343 ], [ 6.269609744599281, 52.226728074028955 ], [ 6.291033273620691, 52.230418394030458 ], [ 6.299383561628856, 52.225678139027245 ], [ 6.318322325647742, 52.225681808026579 ], [ 6.337648435666958, 52.227533708027018 ], [ 6.340317675669858, 52.236051833032079 ], [ 6.35157561568113, 52.241531946034918 ], [ 6.381997502711516, 52.246086003036531 ], [ 6.385974002715335, 52.243160003034617 ] ] ] } },
{ "type": "Feature", "properties": { "CNTR_CODE": "NL", "LEVL_CODE": 3, "NUTS_ID": "NL226", "NAME_LATN": "Arnhem/Nijmegen" }, "geometry": { "type": "Polygon", "coordinates": [ [ [ 6.102505638428736, 52.078069237943893 ], [ 6.137396502463045, 52.059120002931166 ], [ 6.114037502439416, 52.047554002924727 ], [ 6.112077002437164, 52.038967002919478 ], [ 6.123818502448789, 52.033977502916017 ], [ 6.139416872464453, 52.035789763916661 ], [ 6.15002603647523, 52.04167176991993 ], [ 6.162566296487628, 52.037425429916915 ], [ 6.175036215500127, 52.038619353917248 ], [ 6.176650381501217, 52.020293390905863 ], [ 6.165201533489682, 52.016354477903832 ], [ 6.155675418479879, 52.004980924896991 ], [ 6.161805539485623, 51.992617502889154 ], [ 6.159817502483328, 51.98099900288193 ], [ 6.129253002452645, 51.978100002881092 ], [ 6.122439002445641, 51.971416502877148 ], [ 6.107886002430951, 51.966984002874767 ], [ 6.090623121413743, 51.967833806875859 ], [ 6.092139569414464, 51.939148755857808 ], [ 6.156015145477586, 51.910027288837561 ], [ 6.16776600248905, 51.900804502831363 ], [ 6.156367823477811, 51.904934196834283 ], [ 6.126708697447926, 51.898798479831363 ], [ 6.118017975439302, 51.901142397833119 ], [ 6.103341502424349, 51.892617002828224 ], [ 6.136888167457766, 51.885310653822522 ], [ 6.145605600466008, 51.869310521812153 ], [ 6.165352913485613, 51.861395437806472 ], [ 6.166407502486074, 51.840834502793356 ], [ 6.096899914416644, 51.850093763801432 ], [ 6.063382502383504, 51.86544400281214 ], [ 6.052827551372635, 51.85630581480666 ], [ 6.054062763373794, 51.852292372804087 ], [ 6.036769502356185, 51.844071502799359 ], [ 6.01818428133743, 51.841069327797946 ], [ 6.010103557329178, 51.835207056794459 ], [ 5.984844025303692, 51.831016993792517 ], [ 5.962825573281753, 51.836167383796393 ], [ 5.946378347264853, 51.824501532789391 ], [ 5.956664345274986, 51.817298995784498 ], [ 5.948220992266439, 51.81565282778368 ], [ 5.948220992266324, 51.811992165781319 ], [ 5.977480394295309, 51.797835799771498 ], [ 5.973517844290977, 51.787690652765093 ], [ 5.987202261304605, 51.782700697761463 ], [ 5.983539388300671, 51.774284788756205 ], [ 5.990944550307935, 51.768591735752373 ], [ 5.955424970271674, 51.751009032741976 ], [ 5.950454071266458, 51.744000961737633 ], [ 5.931257054247132, 51.743432320737725 ], [ 5.931882619247921, 51.748256803740837 ], [ 5.915165560231288, 51.752928133744291 ], [ 5.893650502210413, 51.777633502760722 ], [ 5.885451603202209, 51.778187300761282 ], [ 5.86861311318519, 51.77522557875978 ], [ 5.865158502181147, 51.757408002748441 ], [ 5.848531002164423, 51.759304002750056 ], [ 5.773379002088585, 51.752098002747189 ], [ 5.754086002069272, 51.755226002749588 ], [ 5.729744002045384, 51.772892002761488 ], [ 5.706338502022015, 51.776119002764112 ], [ 5.689901002005877, 51.789783502773261 ], [ 5.660025501976121, 51.796348502778038 ], [ 5.641839501958561, 51.817623002792004 ], [ 5.618844001935442, 51.819759502793836 ], [ 5.597879501914684, 51.828083002799588 ], [ 5.60735041392433, 51.830321692800794 ], [ 5.609975001927113, 51.836307502804573 ], [ 5.585389866902527, 51.839656499807148 ], [ 5.584108417901886, 51.856837593818149 ], [ 5.576648405894617, 51.863953755822791 ], [ 5.553426691871255, 51.863452413822884 ], [ 5.554161181872239, 51.869680847826878 ], [ 5.568332476886749, 51.877278282831426 ], [ 5.566956712885599, 51.883354846835289 ], [ 5.576086789895097, 51.891918270840549 ], [ 5.545783233864515, 51.888193308838737 ], [ 5.532033695850816, 51.891928288841342 ], [ 5.531117501849989, 51.894790502843186 ], [ 5.547567001866653, 51.899624002845883 ], [ 5.568684501888038, 51.901901002847005 ], [ 5.707116502026802, 51.893230502838747 ], [ 5.705433168025585, 51.90716364184761 ], [ 5.695765471016243, 51.91773987185455 ], [ 5.677657154998235, 51.922786507858042 ], [ 5.679112093999859, 51.927908120861254 ], [ 5.690384294011367, 51.933194824864323 ], [ 5.663235858984058, 51.930601019863289 ], [ 5.663543442984719, 51.941124795869875 ], [ 5.64913173697026, 51.942354811870956 ], [ 5.651498842972796, 51.946661525873594 ], [ 5.678466502000312, 51.958347502880429 ], [ 5.722535502044718, 51.964103502883027 ], [ 5.714365034036667, 51.968589966886057 ], [ 5.72434050204776, 52.000595002905804 ], [ 5.734523890058053, 52.002112945906539 ], [ 5.746569581070691, 52.019714948917191 ], [ 5.813245002137614, 52.023872502918231 ], [ 5.846272224171583, 52.050061154933751 ], [ 5.898060757223473, 52.050131546932477 ], [ 5.898821682224583, 52.062792332940248 ], [ 5.910775192236552, 52.062678317939863 ], [ 5.946362502272601, 52.077713002948137 ], [ 5.9559645022821, 52.073234502945212 ], [ 5.990507002316773, 52.07908250294782 ], [ 6.008872502335033, 52.073910002944125 ], [ 6.006169002332061, 52.066387502939527 ], [ 6.024956281350923, 52.067743285939883 ], [ 6.045716515372046, 52.079756162946644 ], [ 6.070347539396866, 52.087798540950864 ], [ 6.102505638428736, 52.078069237943893 ] ] ] } },
{ "type": "Feature", "properties": { "CNTR_CODE": "NL", "LEVL_CODE": 3, "NUTS_ID": "NL230", "NAME_LATN": "Flevoland" }, "geometry": { "type": "Polygon", "coordinates": [ [ [ 5.750123032101134, 52.838832460395167 ], [ 5.783678126133626, 52.817728998382847 ], [ 5.78970251413918, 52.804546403375539 ], [ 5.795148502144586, 52.806499503376415 ], [ 5.819371876167903, 52.785259694364164 ], [ 5.859693006207651, 52.781875127361324 ], [ 5.921347077267667, 52.751416985342843 ], [ 5.942452614287552, 52.715752046322535 ], [ 5.964498292308794, 52.696357596311067 ], [ 5.961971929306126, 52.690971956308154 ], [ 5.934555248278581, 52.675743005300376 ], [ 5.933812858277673, 52.670741890297599 ], [ 5.96914025431252, 52.665785414293865 ], [ 6.004609843347259, 52.652317265285276 ], [ 6.017299502359558, 52.643230503279753 ], [ 5.988636502330797, 52.62932200327279 ], [ 5.955272502297614, 52.624851003271168 ], [ 5.932664502274932, 52.614902503266173 ], [ 5.915668502258039, 52.613537003265918 ], [ 5.905479502248138, 52.619213003269415 ], [ 5.84051950218342, 52.610424003266104 ], [ 5.837240002180047, 52.607330503264464 ], [ 5.777970502121289, 52.607532503266029 ], [ 5.778299319120809, 52.581601802251299 ], [ 5.812349120154506, 52.578855387248893 ], [ 5.85338833819439, 52.551921945232472 ], [ 5.864311002204181, 52.518169503212846 ], [ 5.840257002178818, 52.471058003186229 ], [ 5.831386002170071, 52.473400003187805 ], [ 5.815609002153806, 52.455215503177655 ], [ 5.822412002160402, 52.449707003174289 ], [ 5.811476002149117, 52.436924003167114 ], [ 5.739754925076494, 52.398974789146607 ], [ 5.731439640068319, 52.40164429914833 ], [ 5.732143358068872, 52.396848753145569 ], [ 5.717295195053802, 52.388921382141213 ], [ 5.678668002014917, 52.37881900313608 ], [ 5.65353597798948, 52.366152283129146 ], [ 5.644567229980651, 52.370365103131824 ], [ 5.6115412469474, 52.360251810126542 ], [ 5.603697358939658, 52.363334191128537 ], [ 5.587943904923882, 52.361376116127666 ], [ 5.575706412911288, 52.350597717121545 ], [ 5.533282501866076, 52.272743503075958 ], [ 5.46044285379275, 52.259487914069226 ], [ 5.40463300173653, 52.249630003064141 ], [ 5.315178501649235, 52.302395003097018 ], [ 5.281140501615787, 52.316772503105987 ], [ 5.224590001559594, 52.325763503111979 ], [ 5.146143501480976, 52.31967150310907 ], [ 5.079288001416352, 52.370407003139725 ], [ 5.079161001417038, 52.388653003150417 ], [ 5.137330001476288, 52.415554003165795 ], [ 5.184657789523594, 52.416440339165881 ], [ 5.150841273492021, 52.466507868195414 ], [ 5.100719501443881, 52.508041503219872 ], [ 5.060426501406976, 52.578937503260853 ], [ 5.257185501605466, 52.644470003296199 ], [ 5.262266001611811, 52.676830503314299 ], [ 5.288480389638485, 52.691511678322193 ], [ 5.298071266648049, 52.692661649322709 ], [ 5.361148001709946, 52.675728003312408 ], [ 5.377261501729491, 52.764805003361708 ], [ 5.631353001982471, 52.803055003378297 ], [ 5.660802772012582, 52.831011127392912 ], [ 5.713060665064439, 52.837549102395407 ], [ 5.727867569078995, 52.834824567393525 ], [ 5.726278004077747, 52.843651481398325 ], [ 5.750123032101134, 52.838832460395167 ] ] ] } },
{ "type": "Feature", "properties": { "CNTR_CODE": "NL", "LEVL_CODE": 3, "NUTS_ID": "NL321", "NAME_LATN": "Kop van Noord-Holland" }, "geometry": { "type": "MultiPolygon", "coordinates": [ [ [ [ 5.16438350152885, 53.000910503491873 ], [ 5.238682501596766, 52.874061003423293 ], [ 5.377261501729491, 52.764805003361708 ], [ 5.361148001709946, 52.675728003312408 ], [ 5.298071266648049, 52.692661649322709 ], [ 5.288480389638485, 52.691511678322193 ], [ 5.262266001611811, 52.676830503314299 ], [ 5.257185501605466, 52.644470003296199 ], [ 5.060426501406976, 52.578937503260853 ], [ 5.027034001375235, 52.612613503280244 ], [ 5.007682492355911, 52.610290842279007 ], [ 5.003866667351536, 52.597886096271985 ], [ 4.949831001297639, 52.59527950327081 ], [ 4.958844070307128, 52.604931627276216 ], [ 4.952744976301414, 52.61313179928095 ], [ 4.93294487928141, 52.60594162527692 ], [ 4.92278187427158, 52.611347665280029 ], [ 4.885102651234162, 52.61349760528136 ], [ 4.888672347238328, 52.626265050288566 ], [ 4.881761348231827, 52.632893583292351 ], [ 4.872847001222978, 52.634445003293266 ], [ 4.876679895227127, 52.640156188296451 ], [ 4.864292787215293, 52.650661774302421 ], [ 4.878810686231216, 52.680135433318966 ], [ 4.877146536229862, 52.686437482322518 ], [ 4.899933501253, 52.697597503328623 ], [ 4.899045501252593, 52.706829003333816 ], [ 4.877748501231699, 52.711949003336713 ], [ 4.858100001212713, 52.723350503343092 ], [ 4.8046723351593, 52.714806911338457 ], [ 4.797088195152049, 52.720365372341533 ], [ 4.786795947141906, 52.721416770342145 ], [ 4.785658613141092, 52.728000477345823 ], [ 4.779302573134959, 52.730512435347258 ], [ 4.769071929123209, 52.69906005532971 ], [ 4.728919501082955, 52.691383503325369 ], [ 4.69173532404812, 52.731310913347613 ], [ 4.649071001007096, 52.756177503361265 ], [ 4.678769165039392, 52.80840522339016 ], [ 4.709465501073721, 52.883575003431055 ], [ 4.720076055087842, 52.951262434467438 ], [ 4.733661312101835, 52.962415453473405 ], [ 4.776054577143821, 52.965217685474897 ], [ 4.776910768144305, 52.957737535470883 ], [ 4.787851886154957, 52.954705522469268 ], [ 4.795778383162975, 52.958935026471543 ], [ 4.793592235161056, 52.962933964473699 ], [ 4.800823573168215, 52.963298642473831 ], [ 4.802585653169562, 52.955852128469886 ], [ 4.791874486157927, 52.935593963459098 ], [ 4.81027950117497, 52.913646003447298 ], [ 4.874322108237121, 52.889849700434368 ], [ 4.908328032270989, 52.894991448437025 ], [ 4.939837091302613, 52.905164533442388 ], [ 4.969131355332824, 52.930253220455718 ], [ 5.00089254636446, 52.935802194458546 ], [ 5.029068614392346, 52.936957750459008 ], [ 5.041552903404507, 52.933506502457043 ], [ 5.04957154841261, 52.937524003459167 ], [ 5.048980948412296, 52.942334568461753 ], [ 5.16438350152885, 53.000910503491873 ] ] ], [ [ [ 4.878237449254411, 53.157797622575366 ], [ 4.891558679267228, 53.152728782572666 ], [ 4.908276282282792, 53.134762806563415 ], [ 4.900009895274141, 53.124254974558028 ], [ 4.896675966268515, 53.07750351553377 ], [ 4.873120162244665, 53.064865658527317 ], [ 4.871937751242994, 53.054918324522113 ], [ 4.861242102231868, 53.042490280515608 ], [ 4.849236660219822, 53.038888600513779 ], [ 4.843187232213538, 53.032283690510241 ], [ 4.81930872518984, 53.029425326508857 ], [ 4.791628220161443, 53.007751318497455 ], [ 4.79178307716127, 53.001786821494299 ], [ 4.751743955122191, 53.00966055649846 ], [ 4.754001875124113, 53.004338467495671 ], [ 4.773647780143087, 52.996430264491515 ], [ 4.756025012125735, 52.996472725491465 ], [ 4.755608895125045, 52.992015339489178 ], [ 4.72093882809046, 52.984519758485163 ], [ 4.712906226083325, 52.999630311493142 ], [ 4.709110222081114, 53.027845283508007 ], [ 4.71711335109046, 53.055440343522449 ], [ 4.734025774108435, 53.079885321535222 ], [ 4.794455616170982, 53.137572721565135 ], [ 4.799599378175786, 53.132826587562661 ], [ 4.808540643184618, 53.134007501563254 ], [ 4.810808557187112, 53.138773011565696 ], [ 4.805456483181762, 53.136652068564622 ], [ 4.797162123173774, 53.140591445566606 ], [ 4.843745717221867, 53.184262297588973 ], [ 4.860848964238566, 53.182877570588232 ], [ 4.879287340255742, 53.164063117578522 ], [ 4.878237449254411, 53.157797622575366 ] ] ] ] } },
{ "type": "Feature", "properties": { "CNTR_CODE": "NL", "LEVL_CODE": 3, "NUTS_ID": "NL224", "NAME_LATN": "Zuidwest-Gelderland" }, "geometry": { "type": "Polygon", "coordinates": [ [ [ 5.444338001766147, 51.985508002901639 ], [ 5.487427964809415, 51.983384567899662 ], [ 5.512211090833912, 51.973205517892822 ], [ 5.538817432860406, 51.967744957888932 ], [ 5.559681345880927, 51.955153258880678 ], [ 5.635473122956387, 51.936582971867601 ], [ 5.644433292965611, 51.943910482872035 ], [ 5.64584387596733, 51.952680436877529 ], [ 5.66580700198734, 51.952785502877198 ], [ 5.64913173697026, 51.942354811870956 ], [ 5.663543442984719, 51.941124795869875 ], [ 5.663235858984058, 51.930601019863289 ], [ 5.690384294011367, 51.933194824864323 ], [ 5.679112093999859, 51.927908120861254 ], [ 5.677657154998235, 51.922786507858042 ], [ 5.695765471016243, 51.91773987185455 ], [ 5.705433168025585, 51.90716364184761 ], [ 5.707116502026802, 51.893230502838747 ], [ 5.568684501888038, 51.901901002847005 ], [ 5.531117501849989, 51.894790502843186 ], [ 5.545783233864515, 51.888193308838737 ], [ 5.576086789895097, 51.891918270840549 ], [ 5.566956712885599, 51.883354846835289 ], [ 5.568332476886749, 51.877278282831426 ], [ 5.554161181872239, 51.869680847826878 ], [ 5.553426691871255, 51.863452413822884 ], [ 5.576648405894617, 51.863953755822791 ], [ 5.584108417901886, 51.856837593818149 ], [ 5.585389866902527, 51.839656499807148 ], [ 5.609975001927113, 51.836307502804573 ], [ 5.60735041392433, 51.830321692800794 ], [ 5.557391501873937, 51.827396502799843 ], [ 5.538602001854565, 51.816219502793032 ], [ 5.516971501832982, 51.819454002795496 ], [ 5.505580001821759, 51.827698002800922 ], [ 5.490134001806319, 51.83049000280301 ], [ 5.469703001785066, 51.812389502791753 ], [ 5.445601501760756, 51.809562502790286 ], [ 5.429495501744569, 51.811294502791625 ], [ 5.414846501730243, 51.821289002798245 ], [ 5.404733001720025, 51.822124502798943 ], [ 5.364937501678513, 51.784145502775139 ], [ 5.3574515016699, 51.757820002758258 ], [ 5.29715050160829, 51.736831502745503 ], [ 5.272569501583623, 51.740059002747842 ], [ 5.24821300155877, 51.733696002744054 ], [ 5.220693001531421, 51.74353050275063 ], [ 5.195342001505722, 51.740234502748798 ], [ 5.165557001475793, 51.742878002750722 ], [ 5.128057501437818, 51.737610002747672 ], [ 5.126801935436857, 51.744716184752271 ], [ 5.142027992452577, 51.754449166758455 ], [ 5.136307538447071, 51.759991192762058 ], [ 5.13822911044953, 51.771919730769753 ], [ 5.098672361410276, 51.787308852779965 ], [ 5.082038501393264, 51.780662502775826 ], [ 5.066413180377505, 51.780821282776046 ], [ 5.049961049361628, 51.796851058786416 ], [ 5.017401674329276, 51.807450007793392 ], [ 5.000534001312831, 51.820938002802144 ], [ 5.026677501339134, 51.818737002800589 ], [ 5.030799364344213, 51.840479019814474 ], [ 5.000592129313986, 51.844396049817128 ], [ 4.995473293309566, 51.861043084827735 ], [ 5.006308266320333, 51.858148965825826 ], [ 5.060343856374795, 51.85896039382601 ], [ 5.05221786836707, 51.869770212832989 ], [ 5.056552179371629, 51.873396983835242 ], [ 5.080915621396262, 51.876274089836969 ], [ 5.090526293406466, 51.888232649844419 ], [ 5.114227001430308, 51.889168002844826 ], [ 5.179851001499663, 51.967605502893726 ], [ 5.207482288527164, 51.959526407888326 ], [ 5.219071445538983, 51.963543355890785 ], [ 5.230172857550606, 51.975716035898266 ], [ 5.241262977561892, 51.978944012900186 ], [ 5.270019501590259, 51.965538002891471 ], [ 5.321613501641713, 51.954948502884235 ], [ 5.335934001656171, 51.958328002886148 ], [ 5.354611001675409, 51.970119502893326 ], [ 5.387288501708302, 51.969887002892676 ], [ 5.444338001766147, 51.985508002901639 ] ] ] } },
{ "type": "Feature", "properties": { "CNTR_CODE": "NL", "LEVL_CODE": 3, "NUTS_ID": "NL113", "NAME_LATN": "Overig Groningen" }, "geometry": { "type": "MultiPolygon", "coordinates": [ [ [ [ 6.752832507093574, 53.465688753679132 ], [ 6.795784302134967, 53.456491233672629 ], [ 6.816729799155212, 53.462514669674469 ], [ 6.832602345170451, 53.457060070671055 ], [ 6.823936129162069, 53.450713330668407 ], [ 6.829266144167207, 53.445199614665519 ], [ 6.842261788179734, 53.444550723664598 ], [ 6.840039049177625, 53.449426359667015 ], [ 6.847049453184381, 53.455317271669472 ], [ 6.864437544201103, 53.450838675666418 ], [ 6.880828728216898, 53.44105461466085 ], [ 6.882583903218537, 53.435245231658016 ], [ 6.874905003210974, 53.408013003645316 ], [ 6.842999013180295, 53.421878733653642 ], [ 6.792462003131383, 53.403595503647409 ], [ 6.778231531117732, 53.410130684651271 ], [ 6.697254740039058, 53.363483057632529 ], [ 6.685308364027556, 53.366598336634638 ], [ 6.6440951449876, 53.365929811636221 ], [ 6.627270612971258, 53.360416317634325 ], [ 6.625399840969323, 53.350863077629718 ], [ 6.595750502940584, 53.347092003629228 ], [ 6.604831843949261, 53.339445142625081 ], [ 6.598423920943018, 53.335898477623573 ], [ 6.600829966945332, 53.331010801621112 ], [ 6.610884750955036, 53.329168238619758 ], [ 6.619617895963355, 53.315165315612425 ], [ 6.636634276979872, 53.314323162611231 ], [ 6.643385628986335, 53.308476897608024 ], [ 6.674902333016863, 53.304089324604426 ], [ 6.689551181030986, 53.298054271600741 ], [ 6.709425218050378, 53.309418909605398 ], [ 6.727380417067707, 53.305284046602459 ], [ 6.735546642075703, 53.312197982605497 ], [ 6.746609572086391, 53.31112905960444 ], [ 6.751469700091024, 53.300171861598827 ], [ 6.765437321104538, 53.297265338596681 ], [ 6.7725665031113, 53.283092503589351 ], [ 6.814284003151766, 53.297542503594357 ], [ 6.824855264162029, 53.297065118593657 ], [ 6.829625555166608, 53.291111189590353 ], [ 6.843684852180224, 53.290208453589216 ], [ 6.851756317188074, 53.296472735591976 ], [ 6.887363503222512, 53.298069003590925 ], [ 6.894223828229071, 53.285741618584453 ], [ 6.888003119223032, 53.27959600558173 ], [ 6.908776359243099, 53.278141393579901 ], [ 6.912574003246466, 53.22509000355317 ], [ 6.900153889234483, 53.222755040552741 ], [ 6.884766391219602, 53.225504382554888 ], [ 6.856435783192066, 53.216797061551979 ], [ 6.853653721189344, 53.211925673549629 ], [ 6.81877717415542, 53.198874246544833 ], [ 6.815233639151995, 53.193824562542488 ], [ 6.81898894715561, 53.190741785540695 ], [ 6.811530003148263, 53.185661503538498 ], [ 6.824265767160684, 53.183950193536944 ], [ 6.81640095315288, 53.164265953527419 ], [ 6.818285470154578, 53.14689298251843 ], [ 6.809060977145582, 53.146590345518732 ], [ 6.809649114146141, 53.142373045516521 ], [ 6.795122804131966, 53.136171563514125 ], [ 6.806020003142377, 53.120464503505502 ], [ 6.801600503138132, 53.119262503505169 ], [ 6.81381000314952, 53.071048503479581 ], [ 6.737708263075969, 53.11908814950813 ], [ 6.694853003034253, 53.121044003511173 ], [ 6.637634949978407, 53.107489631506851 ], [ 6.613111014954888, 53.136227059522739 ], [ 6.600543642942767, 53.143961869527274 ], [ 6.588287071930831, 53.146054070528848 ], [ 6.581359622924304, 53.161976340537315 ], [ 6.563753978907092, 53.158390436536237 ], [ 6.54840500289241, 53.180855003548388 ], [ 6.541819597886025, 53.179359601547866 ], [ 6.535176463879614, 53.183762796550447 ], [ 6.529076015873854, 53.195594457556716 ], [ 6.494952603840622, 53.198622877559679 ], [ 6.484800037830819, 53.203694804562666 ], [ 6.448657038795502, 53.196414281560472 ], [ 6.440271361787193, 53.186717587555933 ], [ 6.406345679753928, 53.176918156552304 ], [ 6.403180410750664, 53.167704957547762 ], [ 6.382082343729858, 53.153495151541321 ], [ 6.363361728710753, 53.108278979518886 ], [ 6.356511395704033, 53.1063342145181 ], [ 6.345079990692523, 53.088364374509268 ], [ 6.290658943639511, 53.100180019517438 ], [ 6.262941735612658, 53.113939242525575 ], [ 6.205481406556488, 53.1157737925286 ], [ 6.17568850252772, 53.135093003539517 ], [ 6.178284598530973, 53.167882161556243 ], [ 6.200234131553083, 53.198112745570825 ], [ 6.219203841571808, 53.206318331574352 ], [ 6.229091698581726, 53.217603982579689 ], [ 6.224686243577628, 53.229518077585837 ], [ 6.214871077568212, 53.235042466588986 ], [ 6.223643413576845, 53.238847298590549 ], [ 6.219586277572927, 53.242279850592425 ], [ 6.231128454584293, 53.24603872759387 ], [ 6.232179002585473, 53.256748003599185 ], [ 6.245031125598262, 53.267093784603929 ], [ 6.254571511607636, 53.269366719604726 ], [ 6.254284473607719, 53.288250815614163 ], [ 6.269363304622455, 53.291189142615032 ], [ 6.277913179631025, 53.302298511620222 ], [ 6.293286313646061, 53.307927497622508 ], [ 6.280897994634138, 53.313650438625771 ], [ 6.286981502640543, 53.341381003639214 ], [ 6.254171012608772, 53.34832058364384 ], [ 6.234074523589087, 53.343257431642058 ], [ 6.220823675576471, 53.356462962649005 ], [ 6.186024493542752, 53.362536417653232 ], [ 6.175716502532777, 53.367527003656015 ], [ 6.167945002525683, 53.390758503667676 ], [ 6.191301502548889, 53.41093800367662 ], [ 6.208689407565711, 53.408508821674801 ], [ 6.251933679607914, 53.415574366676644 ], [ 6.308443265662471, 53.396703868665455 ], [ 6.340317675693665, 53.410202669670717 ], [ 6.366940502719577, 53.415258503672085 ], [ 6.537896002885476, 53.431738003672919 ], [ 6.601146250946831, 53.442645715675361 ], [ 6.658251143002224, 53.457420539679724 ], [ 6.752832507093574, 53.465688753679132 ] ] ], [ [ [ 6.492688925843344, 53.553869954732846 ], [ 6.510254544860122, 53.540094887725644 ], [ 6.528238511877439, 53.534014634722006 ], [ 6.513233839862936, 53.535881991723528 ], [ 6.487599443838345, 53.548828336730672 ], [ 6.476983183828093, 53.549414721731466 ], [ 6.510057088859889, 53.533810696722711 ], [ 6.486615653837172, 53.53288325172327 ], [ 6.483964801834647, 53.5349817727244 ], [ 6.496442577846769, 53.537979424725272 ], [ 6.480141983830982, 53.537318534725642 ], [ 6.486178856836683, 53.52491071571955 ], [ 6.475016600825771, 53.518240095716855 ], [ 6.459497344811091, 53.542728634729059 ], [ 6.48193953283294, 53.554382044733565 ], [ 6.492688925843344, 53.553869954732846 ] ] ], [ [ [ 6.606229217952793, 53.541959177722255 ], [ 6.619161677965192, 53.534048972717912 ], [ 6.593117464940132, 53.538676682721281 ], [ 6.582523929929872, 53.534880107719992 ], [ 6.563795820911849, 53.539507816723017 ], [ 6.561120593909181, 53.531590007719437 ], [ 6.557656776905846, 53.533249239720305 ], [ 6.564544904912554, 53.5425370707244 ], [ 6.606229217952793, 53.541959177722255 ] ] ], [ [ [ 6.596812068943527, 53.524680977714524 ], [ 6.596446144943128, 53.519295272712043 ], [ 6.583770188930928, 53.523728447714653 ], [ 6.588679112935701, 53.526586037715795 ], [ 6.596812068943527, 53.524680977714524 ] ] ] ] } },
{ "type": "Feature", "properties": { "CNTR_CODE": "NL", "LEVL_CODE": 3, "NUTS_ID": "NL124", "NAME_LATN": "Noord-Friesland" }, "geometry": { "type": "MultiPolygon", "coordinates": [ [ [ [ 6.191301502548889, 53.41093800367662 ], [ 6.167945002525683, 53.390758503667676 ], [ 6.175716502532777, 53.367527003656015 ], [ 6.186024493542752, 53.362536417653232 ], [ 6.220823675576471, 53.356462962649005 ], [ 6.234074523589087, 53.343257431642058 ], [ 6.254171012608772, 53.34832058364384 ], [ 6.286981502640543, 53.341381003639214 ], [ 6.280897994634138, 53.313650438625771 ], [ 6.293286313646061, 53.307927497622508 ], [ 6.277913179631025, 53.302298511620222 ], [ 6.269363304622455, 53.291189142615032 ], [ 6.254284473607719, 53.288250815614163 ], [ 6.254571511607636, 53.269366719604726 ], [ 6.245031125598262, 53.267093784603929 ], [ 6.232179002585473, 53.256748003599185 ], [ 6.231128454584293, 53.24603872759387 ], [ 6.219586277572927, 53.242279850592425 ], [ 6.223643413576845, 53.238847298590549 ], [ 6.214871077568212, 53.235042466588986 ], [ 6.224686243577628, 53.229518077585837 ], [ 6.229091698581726, 53.217603982579689 ], [ 6.219203841571808, 53.206318331574352 ], [ 6.200234131553083, 53.198112745570825 ], [ 6.176817002529326, 53.15945050355198 ], [ 6.152899205505808, 53.151404688548688 ], [ 6.147156142500308, 53.157146210551815 ], [ 6.121738160475141, 53.145372470546597 ], [ 6.118203619471808, 53.149322824548804 ], [ 6.088567228442925, 53.154648819552456 ], [ 6.084906765439415, 53.158437338554535 ], [ 6.014211788370075, 53.154551667554784 ], [ 5.944715541301202, 53.124632759541456 ], [ 5.948165104304049, 53.104682036531052 ], [ 5.931718324288037, 53.1101024235343 ], [ 5.883756269240853, 53.106906614534005 ], [ 5.881729959238366, 53.08826138552444 ], [ 5.823390018180752, 53.077348069520369 ], [ 5.769856502127149, 53.045898003505201 ], [ 5.762543082120387, 53.059874630512745 ], [ 5.77466721513257, 53.068685215517014 ], [ 5.765440753123841, 53.080005736523155 ], [ 5.786413414145024, 53.097532931531703 ], [ 5.769697431128807, 53.103640437535269 ], [ 5.756527502116238, 53.115841003541938 ], [ 5.713089875072805, 53.0921681085307 ], [ 5.701586705061051, 53.079296474524213 ], [ 5.683911365043473, 53.072690221521221 ], [ 5.674173739034, 53.075988976523199 ], [ 5.655015098014887, 53.067658435519242 ], [ 5.639944175000064, 53.067603317519541 ], [ 5.620255309980901, 53.074623749523589 ], [ 5.598725738959571, 53.06956928152141 ], [ 5.591318412952362, 53.072420706523083 ], [ 5.587493790949028, 53.083722051528987 ], [ 5.561461409923597, 53.088521500532018 ], [ 5.557295696919893, 53.10016721753815 ], [ 5.528533126891725, 53.104157629540722 ], [ 5.528782189892358, 53.114442912546082 ], [ 5.551232457914965, 53.129387179553348 ], [ 5.547349001911396, 53.137253003557504 ], [ 5.531045053895747, 53.146966585562787 ], [ 5.513241096878243, 53.145352359562253 ], [ 5.505133326869887, 53.135923885557567 ], [ 5.494601425859742, 53.140857106560318 ], [ 5.486631019851813, 53.139040175559444 ], [ 5.472100001837788, 53.146583503563576 ], [ 5.464865901830643, 53.143978526562414 ], [ 5.433404577800059, 53.153302260567749 ], [ 5.41122850177821, 53.151724503567266 ], [ 5.414228808781647, 53.164810865573905 ], [ 5.409602287777461, 53.173534070578469 ], [ 5.425341946793356, 53.184235930583661 ], [ 5.421389089789534, 53.185826944584505 ], [ 5.447560211816522, 53.219815333601318 ], [ 5.481751291850815, 53.240425040611164 ], [ 5.523151279892008, 53.256272395618403 ], [ 5.585523176954665, 53.300391900639156 ], [ 5.653226002021556, 53.32063800364778 ], [ 5.718972502086362, 53.334626003653256 ], [ 5.888177238253146, 53.388344709675195 ], [ 5.920944703285079, 53.387488121673847 ], [ 5.971700694334845, 53.397961626677507 ], [ 6.06810297942892, 53.407521082679132 ], [ 6.136413074495331, 53.403941636675114 ], [ 6.176785630534842, 53.414464334678819 ], [ 6.191301502548889, 53.41093800367662 ] ] ], [ [ [ 5.530383028905872, 53.444406365710741 ], [ 5.550366229925084, 53.436359158706509 ], [ 5.545609944920511, 53.43786904170728 ], [ 5.540450423915295, 53.432669999704856 ], [ 5.51508607289044, 53.43021456270418 ], [ 5.485471732861098, 53.417601681698621 ], [ 5.471429010847347, 53.416662631698422 ], [ 5.473005433848755, 53.414180178697201 ], [ 5.451207170827669, 53.419424748700123 ], [ 5.447355915823858, 53.41735303669914 ], [ 5.454241947830422, 53.414349778697613 ], [ 5.478835347854321, 53.410671124695384 ], [ 5.46244625183807, 53.40461057669274 ], [ 5.382924690760256, 53.401118532692308 ], [ 5.356765373734111, 53.386923218685787 ], [ 5.325659661703297, 53.377103966681396 ], [ 5.314438090692406, 53.379720999682917 ], [ 5.292868962670966, 53.370279468678589 ], [ 5.260042241638951, 53.37244623768003 ], [ 5.243584105622477, 53.364585131676385 ], [ 5.222051497601471, 53.365415117677031 ], [ 5.216222584595354, 53.356265255672639 ], [ 5.207016194586367, 53.356265255672788 ], [ 5.194962636574224, 53.349502791669536 ], [ 5.173249423552955, 53.349160090669528 ], [ 5.15387858153428, 53.355559841672907 ], [ 5.180677772561785, 53.384130082686617 ], [ 5.199518304580728, 53.395521254691985 ], [ 5.38939798076748, 53.424563255703596 ], [ 5.490492172866938, 53.444197743711385 ], [ 5.530383028905872, 53.444406365710741 ] ] ], [ [ [ 5.751142254121663, 53.460562836713713 ], [ 5.933399969299392, 53.468272380712534 ], [ 5.960228013325432, 53.467659871711454 ], [ 5.968569531333424, 53.462556891708729 ], [ 5.966443048331287, 53.459176788707211 ], [ 5.908830584275165, 53.456778310707705 ], [ 5.806109170174555, 53.437990540701449 ], [ 5.727416813098018, 53.442228714705472 ], [ 5.704038724074837, 53.430383041700324 ], [ 5.681828785053014, 53.425114383698272 ], [ 5.648020452020011, 53.425312718699089 ], [ 5.635385571007807, 53.428838860701049 ], [ 5.619363268992451, 53.437406157705553 ], [ 5.613935646987512, 53.448138054710874 ], [ 5.61753502699127, 53.454709830713959 ], [ 5.635419718009049, 53.464610761718326 ], [ 5.658856913032101, 53.471216621720977 ], [ 5.685801750058198, 53.46546543771764 ], [ 5.751142254121663, 53.460562836713713 ] ] ], [ [ [ 6.161339101521002, 53.471447717706752 ], [ 6.145312516505252, 53.461153585702455 ], [ 6.145070693505104, 53.465529994704497 ], [ 6.130741860491339, 53.474331476709217 ], [ 6.133769516494549, 53.485558351714459 ], [ 6.156008108516473, 53.50088442572099 ], [ 6.30254915965873, 53.509737475719831 ], [ 6.3706470817248, 53.517593126720875 ], [ 6.397848008751107, 53.514509913718292 ], [ 6.360525177714801, 53.506168323715869 ], [ 6.336344126691395, 53.505275880716368 ], [ 6.332663974687743, 53.500944801714468 ], [ 6.279229467635797, 53.48978690871121 ], [ 6.253910946610993, 53.478086101706644 ], [ 6.161339101521002, 53.471447717706752 ] ] ], [ [ [ 4.922781874301219, 53.217725807605724 ], [ 4.881800975260913, 53.217144709605542 ], [ 4.862882029241796, 53.206336747600126 ], [ 4.850373321229786, 53.211361070602685 ], [ 4.857031655236888, 53.223339443608729 ], [ 5.032020688412424, 53.300885382646854 ], [ 5.065698870445779, 53.307931605650154 ], [ 5.10059458247973, 53.303039014647474 ], [ 5.092905532471872, 53.296289050644084 ], [ 5.064768067444187, 53.293783217643103 ], [ 5.039654649419044, 53.282560449637693 ], [ 4.974199434353984, 53.265411433629509 ], [ 4.979359831358438, 53.252971311623192 ], [ 4.970632958349748, 53.250405038621977 ], [ 4.967727897346465, 53.241124533617317 ], [ 4.943351070322171, 53.233035492613382 ], [ 4.922781874301219, 53.217725807605724 ] ] ], [ [ [ 5.26796606764164, 53.253231385620829 ], [ 5.252616872626404, 53.24904640261888 ], [ 5.243634084617743, 53.251866206620399 ], [ 5.243800707617704, 53.247515108618238 ], [ 5.241052970615142, 53.250433049619765 ], [ 5.245497086619729, 53.255732762622351 ], [ 5.26796606764164, 53.253231385620829 ] ] ] ] } },
{ "type": "Feature", "properties": { "CNTR_CODE": "NL", "LEVL_CODE": 3, "NUTS_ID": "NL125", "NAME_LATN": "Zuidwest-Friesland" }, "geometry": { "type": "Polygon", "coordinates": [ [ [ 5.464865901830643, 53.143978526562414 ], [ 5.472100001837788, 53.146583503563576 ], [ 5.486631019851813, 53.139040175559444 ], [ 5.494601425859742, 53.140857106560318 ], [ 5.505133326869887, 53.135923885557567 ], [ 5.513241096878243, 53.145352359562253 ], [ 5.531045053895747, 53.146966585562787 ], [ 5.547349001911396, 53.137253003557504 ], [ 5.551232457914965, 53.129387179553348 ], [ 5.528782189892358, 53.114442912546082 ], [ 5.528533126891725, 53.104157629540722 ], [ 5.557295696919893, 53.10016721753815 ], [ 5.561461409923597, 53.088521500532018 ], [ 5.587493790949028, 53.083722051528987 ], [ 5.591318412952362, 53.072420706523083 ], [ 5.598725738959571, 53.06956928152141 ], [ 5.620255309980901, 53.074623749523589 ], [ 5.639944175000064, 53.067603317519541 ], [ 5.655015098014887, 53.067658435519242 ], [ 5.674173739034, 53.075988976523199 ], [ 5.683911365043473, 53.072690221521221 ], [ 5.701586705061051, 53.079296474524213 ], [ 5.713089875072805, 53.0921681085307 ], [ 5.756527502116238, 53.115841003541938 ], [ 5.769697431128807, 53.103640437535269 ], [ 5.786413414145024, 53.097532931531703 ], [ 5.765440753123841, 53.080005736523155 ], [ 5.77466721513257, 53.068685215517014 ], [ 5.762543082120387, 53.059874630512745 ], [ 5.769856502127149, 53.045898003505201 ], [ 5.796386502153616, 53.058840003511342 ], [ 5.800060810156935, 53.048225192505733 ], [ 5.848037258203388, 53.024608209492094 ], [ 5.886527472240009, 52.98277264346904 ], [ 5.867964758221622, 52.9782108914671 ], [ 5.870787778224023, 52.965485197460254 ], [ 5.885563197238588, 52.966446874460324 ], [ 5.898130714250869, 52.96206386245774 ], [ 5.937807502288525, 52.911735503429696 ], [ 5.912265401262932, 52.898359731423234 ], [ 5.887022003237928, 52.893918577421566 ], [ 5.859010787209691, 52.872572303410777 ], [ 5.819216967168889, 52.822459376384565 ], [ 5.819826502169302, 52.817317503381773 ], [ 5.78970251413918, 52.804546403375539 ], [ 5.783678126133626, 52.817728998382847 ], [ 5.750123032101134, 52.838832460395167 ], [ 5.726278004077747, 52.843651481398325 ], [ 5.727867569078995, 52.834824567393525 ], [ 5.713060665064439, 52.837549102395407 ], [ 5.660802772012582, 52.831011127392912 ], [ 5.631353001982471, 52.803055003378297 ], [ 5.377261501729491, 52.764805003361708 ], [ 5.238682501596766, 52.874061003423293 ], [ 5.16438350152885, 53.000910503491873 ], [ 5.293898089659457, 53.069414269526362 ], [ 5.343101605708223, 53.07749638852993 ], [ 5.371062518736389, 53.093123259537705 ], [ 5.379109626744937, 53.108289009545416 ], [ 5.403815944769754, 53.122011772552121 ], [ 5.41122850177821, 53.151724503567266 ], [ 5.433404577800059, 53.153302260567749 ], [ 5.464865901830643, 53.143978526562414 ] ] ] } },
{ "type": "Feature", "properties": { "CNTR_CODE": "NL", "LEVL_CODE": 3, "NUTS_ID": "NL126", "NAME_LATN": "Zuidoost-Friesland" }, "geometry": { "type": "Polygon", "coordinates": [ [ [ 6.176817002529326, 53.15945050355198 ], [ 6.17568850252772, 53.135093003539517 ], [ 6.205481406556488, 53.1157737925286 ], [ 6.262941735612658, 53.113939242525575 ], [ 6.275861641625202, 53.110302329523229 ], [ 6.290658943639511, 53.100180019517438 ], [ 6.315237002663375, 53.094051503513327 ], [ 6.305327002653428, 53.08113050350704 ], [ 6.367695002714189, 53.067325503497479 ], [ 6.362791002708764, 53.033676003480146 ], [ 6.427641502771201, 52.971794003444948 ], [ 6.393538002737014, 52.932819503425641 ], [ 6.332084009676255, 52.907269115414316 ], [ 6.30061851164573, 52.925147736425025 ], [ 6.259516764605384, 52.927479225427803 ], [ 6.231559555577631, 52.912750516420935 ], [ 6.206499141552505, 52.89076688040997 ], [ 6.080508964427201, 52.838997976386175 ], [ 6.054127089401129, 52.837410542386124 ], [ 6.058760503405415, 52.826157055379831 ], [ 6.032214024378965, 52.815636039374937 ], [ 6.02300963937003, 52.822310121378827 ], [ 5.996206469343456, 52.817288150376896 ], [ 5.969861383318155, 52.842172470391283 ], [ 5.958496726306866, 52.839451420390056 ], [ 5.955204634303484, 52.833986273387168 ], [ 5.945855707294329, 52.83704458338913 ], [ 5.92872615927733, 52.834265220388126 ], [ 5.923268488271654, 52.823661779382526 ], [ 5.910591994258889, 52.815135491378186 ], [ 5.878031072226302, 52.801097730371438 ], [ 5.857039594205741, 52.806497481374876 ], [ 5.837256873186181, 52.806460164375338 ], [ 5.819826502169302, 52.817317503381773 ], [ 5.819216967168889, 52.822459376384565 ], [ 5.859010787209691, 52.872572303410777 ], [ 5.887022003237928, 52.893918577421566 ], [ 5.912265401262932, 52.898359731423234 ], [ 5.937807502288525, 52.911735503429696 ], [ 5.898130714250869, 52.96206386245774 ], [ 5.885563197238588, 52.966446874460324 ], [ 5.870787778224023, 52.965485197460254 ], [ 5.867964758221622, 52.9782108914671 ], [ 5.886527472240009, 52.98277264346904 ], [ 5.865841413220218, 53.000653661479006 ], [ 5.856960867211972, 53.017412712488081 ], [ 5.800060810156935, 53.048225192505733 ], [ 5.796386502153616, 53.058840003511342 ], [ 5.823390018180752, 53.077348069520369 ], [ 5.881729959238366, 53.08826138552444 ], [ 5.883756269240853, 53.106906614534005 ], [ 5.931718324288037, 53.1101024235343 ], [ 5.948165104304049, 53.104682036531052 ], [ 5.944715541301202, 53.124632759541456 ], [ 6.014211788370075, 53.154551667554784 ], [ 6.084906765439415, 53.158437338554535 ], [ 6.088567228442925, 53.154648819552456 ], [ 6.118203619471808, 53.149322824548804 ], [ 6.121738160475141, 53.145372470546597 ], [ 6.147156142500308, 53.157146210551815 ], [ 6.152899205505808, 53.151404688548688 ], [ 6.176817002529326, 53.15945050355198 ] ] ] } },
{ "type": "Feature", "properties": { "CNTR_CODE": "NL", "LEVL_CODE": 3, "NUTS_ID": "NL132", "NAME_LATN": "Zuidoost-Drenthe" }, "geometry": { "type": "Polygon", "coordinates": [ [ [ 7.039171139367482, 52.872655318363059 ], [ 7.069202528396578, 52.848584596348473 ], [ 7.075681150402919, 52.849315766348489 ], [ 7.072429580399668, 52.839029411343091 ], [ 7.092692003419359, 52.838201003341545 ], [ 7.072045003399094, 52.810874503327874 ], [ 7.054921381381321, 52.643612155236504 ], [ 7.040483440367072, 52.632918379231178 ], [ 6.976963299305042, 52.645873097241818 ], [ 6.938046503266826, 52.63814593523955 ], [ 6.918981503248146, 52.639981503241529 ], [ 6.913241172242619, 52.646479382245474 ], [ 6.897020593226777, 52.651047887248872 ], [ 6.872113582202338, 52.652768708251081 ], [ 6.849620741180266, 52.64913621625017 ], [ 6.836299495167196, 52.651765477252312 ], [ 6.823243924154347, 52.648143242250875 ], [ 6.785312633117166, 52.652564974255256 ], [ 6.745760352078238, 52.646036450253376 ], [ 6.726008601058654, 52.63349167824726 ], [ 6.703500889036449, 52.627424718244903 ], [ 6.707192719040423, 52.648817307256756 ], [ 6.629429502964291, 52.669658503271947 ], [ 6.629528379965009, 52.711951971295534 ], [ 6.5967327819328, 52.713531032297809 ], [ 6.596055776932286, 52.723121700303224 ], [ 6.577095836913678, 52.724826341304968 ], [ 6.65932256599555, 52.799845982342575 ], [ 6.675822708011684, 52.797855665340734 ], [ 6.681450346017351, 52.807328671345616 ], [ 6.691749822027511, 52.812154555347789 ], [ 6.690247159026213, 52.825162517354983 ], [ 6.706818657042604, 52.83597046636006 ], [ 6.704876762040824, 52.846532263365887 ], [ 6.727710493063255, 52.853853956368788 ], [ 6.721058998056869, 52.866024928375658 ], [ 6.714564003050521, 52.86816000337712 ], [ 6.736336503071997, 52.878692503381785 ], [ 6.724573129061181, 52.935911211412929 ], [ 6.730977968067436, 52.93847426141398 ], [ 6.729269167066009, 52.954778277422754 ], [ 6.788053452123469, 52.962748089424139 ], [ 6.840627714174831, 52.978380367429814 ], [ 6.935702003267494, 52.993362503432856 ], [ 7.014211698343479, 52.926068813393044 ], [ 7.026868003355724, 52.919014003388597 ], [ 7.045606503374016, 52.915897503385914 ], [ 7.014979503343912, 52.872986003364574 ], [ 7.039171139367482, 52.872655318363059 ] ] ] } },
{ "type": "Feature", "properties": { "CNTR_CODE": "NL", "LEVL_CODE": 3, "NUTS_ID": "NL133", "NAME_LATN": "Zuidwest-Drenthe" }, "geometry": { "type": "Polygon", "coordinates": [ [ [ 6.30061851164573, 52.925147736425025 ], [ 6.332084009676255, 52.907269115414316 ], [ 6.369053002712787, 52.921973503420794 ], [ 6.383963335727358, 52.91604189941701 ], [ 6.360527897703981, 52.895385991406826 ], [ 6.372284946715403, 52.89014082640356 ], [ 6.369044637711936, 52.877186234396738 ], [ 6.38200563272491, 52.889173443402683 ], [ 6.419350034761475, 52.882244097397439 ], [ 6.431348193772999, 52.870045672390432 ], [ 6.431137771772438, 52.851093495380177 ], [ 6.460381375801221, 52.852439314379744 ], [ 6.463279764803835, 52.839576806372591 ], [ 6.478987662819171, 52.836858223370562 ], [ 6.455449002795372, 52.80055600335168 ], [ 6.491722239830911, 52.792640960345921 ], [ 6.49576745083477, 52.785676787341863 ], [ 6.491356677830225, 52.771465531334286 ], [ 6.507629976846143, 52.768377996331978 ], [ 6.513001326851344, 52.762682802328555 ], [ 6.534352449872397, 52.767594095330331 ], [ 6.565375650902823, 52.765218574327754 ], [ 6.558242393895477, 52.745720166317284 ], [ 6.587468002924013, 52.735691003310485 ], [ 6.577095836913678, 52.724826341304968 ], [ 6.596055776932286, 52.723121700303224 ], [ 6.5967327819328, 52.713531032297809 ], [ 6.629528379965009, 52.711951971295534 ], [ 6.629429502964291, 52.669658503271947 ], [ 6.614586002949689, 52.674110503275081 ], [ 6.546161502882221, 52.663376003272035 ], [ 6.514189042850458, 52.645560896263397 ], [ 6.517028336852644, 52.614174990245644 ], [ 6.479237011815469, 52.618811051249779 ], [ 6.469304148805825, 52.624669957253502 ], [ 6.45891700879538, 52.615907366248933 ], [ 6.445358389782013, 52.615307595249106 ], [ 6.436342712773203, 52.618481674251285 ], [ 6.430092696767198, 52.628066634256932 ], [ 6.418185411755272, 52.61939334925254 ], [ 6.408424013745648, 52.621125598253862 ], [ 6.404524658741733, 52.616999533251708 ], [ 6.38533583972274, 52.612792303250032 ], [ 6.377176790714747, 52.617004651252785 ], [ 6.363025670701322, 52.643626314268325 ], [ 6.327775002666816, 52.658706503278076 ], [ 6.323078050662495, 52.670134805284704 ], [ 6.293940047633557, 52.662621889281553 ], [ 6.280264772620165, 52.668565685285351 ], [ 6.271519790611458, 52.665093693283737 ], [ 6.216301370557453, 52.68605990629743 ], [ 6.201232127542496, 52.6840928952968 ], [ 6.193004463534197, 52.676987125293152 ], [ 6.185943188527323, 52.681796774296075 ], [ 6.182455385523747, 52.675784397292844 ], [ 6.164355988505946, 52.679677037295619 ], [ 6.168909932510624, 52.68673660129938 ], [ 6.155420268497458, 52.694170575303957 ], [ 6.120558940464479, 52.751547108337 ], [ 6.128375129472322, 52.757348982339884 ], [ 6.167855398511537, 52.767270761344065 ], [ 6.200545419544418, 52.794441788357922 ], [ 6.119814002466245, 52.854267003393232 ], [ 6.206499141552505, 52.89076688040997 ], [ 6.247213002593177, 52.923332003425976 ], [ 6.259516764605384, 52.927479225427803 ], [ 6.30061851164573, 52.925147736425025 ] ] ] } },
{ "type": "Feature", "properties": { "CNTR_CODE": "NL", "LEVL_CODE": 3, "NUTS_ID": "NL211", "NAME_LATN": "Noord-Overijssel" }, "geometry": { "type": "Polygon", "coordinates": [ [ [ 6.119814002466245, 52.854267003393232 ], [ 6.200545419544418, 52.794441788357922 ], [ 6.167855398511537, 52.767270761344065 ], [ 6.128375129472322, 52.757348982339884 ], [ 6.120558940464479, 52.751547108337 ], [ 6.155420268497458, 52.694170575303957 ], [ 6.168909932510624, 52.68673660129938 ], [ 6.164355988505946, 52.679677037295619 ], [ 6.182455385523747, 52.675784397292844 ], [ 6.185943188527323, 52.681796774296075 ], [ 6.193004463534197, 52.676987125293152 ], [ 6.201232127542496, 52.6840928952968 ], [ 6.216301370557453, 52.68605990629743 ], [ 6.271519790611458, 52.665093693283737 ], [ 6.280264772620165, 52.668565685285351 ], [ 6.293940047633557, 52.662621889281553 ], [ 6.323078050662495, 52.670134805284704 ], [ 6.327775002666816, 52.658706503278076 ], [ 6.363025670701322, 52.643626314268325 ], [ 6.377176790714747, 52.617004651252785 ], [ 6.38533583972274, 52.612792303250032 ], [ 6.404524658741733, 52.616999533251708 ], [ 6.408424013745648, 52.621125598253862 ], [ 6.418185411755272, 52.61939334925254 ], [ 6.430092696767198, 52.628066634256932 ], [ 6.436342712773203, 52.618481674251285 ], [ 6.445358389782013, 52.615307595249106 ], [ 6.45891700879538, 52.615907366248933 ], [ 6.469304148805825, 52.624669957253502 ], [ 6.479237011815469, 52.618811051249779 ], [ 6.517028336852644, 52.614174990245644 ], [ 6.514189042850458, 52.645560896263397 ], [ 6.552768002888727, 52.66566100327308 ], [ 6.614586002949689, 52.674110503275081 ], [ 6.707192719040423, 52.648817307256756 ], [ 6.701257354034273, 52.628830419245759 ], [ 6.709732503042583, 52.627823503244834 ], [ 6.726555033058959, 52.615349547237045 ], [ 6.719688012051816, 52.58843938422217 ], [ 6.766621503097607, 52.561512503204661 ], [ 6.752330605083507, 52.559336659204092 ], [ 6.726915898058563, 52.562744178207218 ], [ 6.714830284046466, 52.548949502199939 ], [ 6.681812839014023, 52.552815883203642 ], [ 6.704684698036034, 52.521381703184645 ], [ 6.697865503028781, 52.486286003164786 ], [ 6.668416582999878, 52.494303004170654 ], [ 6.654614980986159, 52.487792126167577 ], [ 6.648936788980309, 52.473228342159423 ], [ 6.626542932958202, 52.473239434160377 ], [ 6.6131584649449, 52.466413730157029 ], [ 6.595364002927514, 52.480335003165855 ], [ 6.554646503887472, 52.48751848917172 ], [ 6.506763146840235, 52.490697589175589 ], [ 6.502799344836165, 52.481975738170675 ], [ 6.464768221798426, 52.47460489216796 ], [ 6.452098222785755, 52.468729625165103 ], [ 6.430517698763802, 52.439637621149053 ], [ 6.390622502724077, 52.428055003143783 ], [ 6.357614048691365, 52.428778760145441 ], [ 6.347749991681495, 52.425092580143698 ], [ 6.333715865667634, 52.425360166144387 ], [ 6.317584014651794, 52.432382980149058 ], [ 6.293052329627542, 52.435306662151632 ], [ 6.289339344624111, 52.44587879415792 ], [ 6.279317183614229, 52.447752109159396 ], [ 6.275042666610226, 52.457773975165331 ], [ 6.238353153574034, 52.465352513171062 ], [ 6.171675616507969, 52.468807054175294 ], [ 6.162545502499038, 52.47434250317874 ], [ 6.145198086481707, 52.467670794175476 ], [ 6.154577502490644, 52.453182003166745 ], [ 6.14779484048367, 52.445138765162355 ], [ 6.109792502445815, 52.440574503160867 ], [ 6.102399002438569, 52.445286003163858 ], [ 6.099789502436674, 52.469787003178176 ], [ 6.068804002406243, 52.483509003187066 ], [ 6.054038502392076, 52.49993500319696 ], [ 6.027829002366286, 52.509654503203393 ], [ 6.000733502339155, 52.500133503198747 ], [ 5.966133832304163, 52.477259343186503 ], [ 5.953442633291741, 52.484179134190818 ], [ 5.926132240264332, 52.474629936186034 ], [ 5.908911620247933, 52.498320633200208 ], [ 5.88645756422618, 52.517169210211712 ], [ 5.877153334217079, 52.521714404214528 ], [ 5.864311002204181, 52.518169503212846 ], [ 5.85338833819439, 52.551921945232472 ], [ 5.812349120154506, 52.578855387248893 ], [ 5.778299319120809, 52.581601802251299 ], [ 5.777970502121289, 52.607532503266029 ], [ 5.837240002180047, 52.607330503264464 ], [ 5.84051950218342, 52.610424003266104 ], [ 5.905479502248138, 52.619213003269415 ], [ 5.915668502258039, 52.613537003265918 ], [ 5.932664502274932, 52.614902503266173 ], [ 5.955272502297614, 52.624851003271168 ], [ 5.988636502330797, 52.62932200327279 ], [ 6.017299502359558, 52.643230503279753 ], [ 6.004609843347259, 52.652317265285276 ], [ 5.96914025431252, 52.665785414293865 ], [ 5.933812858277673, 52.670741890297599 ], [ 5.934555248278581, 52.675743005300376 ], [ 5.961971929306126, 52.690971956308154 ], [ 5.964498292308794, 52.696357596311067 ], [ 5.942452614287552, 52.715752046322535 ], [ 5.921347077267667, 52.751416985342843 ], [ 5.859693006207651, 52.781875127361324 ], [ 5.819371876167903, 52.785259694364164 ], [ 5.795148502144586, 52.806499503376415 ], [ 5.819826502169302, 52.817317503381773 ], [ 5.837256873186181, 52.806460164375338 ], [ 5.857039594205741, 52.806497481374876 ], [ 5.878031072226302, 52.801097730371438 ], [ 5.910591994258889, 52.815135491378186 ], [ 5.923268488271654, 52.823661779382526 ], [ 5.92872615927733, 52.834265220388126 ], [ 5.945855707294329, 52.83704458338913 ], [ 5.955204634303484, 52.833986273387168 ], [ 5.958496726306866, 52.839451420390056 ], [ 5.969861383318155, 52.842172470391283 ], [ 5.996206469343456, 52.817288150376896 ], [ 6.02300963937003, 52.822310121378827 ], [ 6.032214024378965, 52.815636039374937 ], [ 6.058760503405415, 52.826157055379831 ], [ 6.054127089401129, 52.837410542386124 ], [ 6.080508964427201, 52.838997976386175 ], [ 6.119814002466245, 52.854267003393232 ] ] ] } },
{ "type": "Feature", "properties": { "CNTR_CODE": "NL", "LEVL_CODE": 3, "NUTS_ID": "NL212", "NAME_LATN": "Zuidwest-Overijssel" }, "geometry": { "type": "Polygon", "coordinates": [ [ [ 6.162545502499038, 52.47434250317874 ], [ 6.171675616507969, 52.468807054175294 ], [ 6.238353153574034, 52.465352513171062 ], [ 6.275042666610226, 52.457773975165331 ], [ 6.279317183614229, 52.447752109159396 ], [ 6.289339344624111, 52.44587879415792 ], [ 6.293052329627542, 52.435306662151632 ], [ 6.317584014651794, 52.432382980149058 ], [ 6.333715865667634, 52.425360166144387 ], [ 6.357614048691365, 52.428778760145441 ], [ 6.390622502724077, 52.428055003143783 ], [ 6.405082002738071, 52.415569503135977 ], [ 6.38837950272079, 52.379719003115589 ], [ 6.357044002689617, 52.376953003115176 ], [ 6.343154002675679, 52.369994503111577 ], [ 6.3335785026658, 52.351429003101025 ], [ 6.355815502687135, 52.318271503080567 ], [ 6.326621502657744, 52.301677503071772 ], [ 6.329116814659767, 52.281676466059814 ], [ 6.375797021705645, 52.259142333044565 ], [ 6.381997502711516, 52.246086003036531 ], [ 6.35157561568113, 52.241531946034918 ], [ 6.340317675669858, 52.236051833032079 ], [ 6.337648435666958, 52.227533708027018 ], [ 6.299383561628856, 52.225678139027245 ], [ 6.291033273620691, 52.230418394030458 ], [ 6.269609744599281, 52.226728074028955 ], [ 6.216413677546449, 52.23108460303343 ], [ 6.214353306544277, 52.227413456031272 ], [ 6.19005075652011, 52.229374561033218 ], [ 6.181320588511526, 52.233562563036052 ], [ 6.16641150249662, 52.231045003035049 ], [ 6.165030352494957, 52.219469709028104 ], [ 6.142912972473285, 52.233163135037024 ], [ 6.152358828483056, 52.246271846044628 ], [ 6.125293687456214, 52.251948652048895 ], [ 6.128353778459513, 52.261021252054228 ], [ 6.101319002433637, 52.301246503079085 ], [ 6.085158049417609, 52.301572538079796 ], [ 6.079591463412498, 52.316847345089066 ], [ 6.06726959340028, 52.31829568209028 ], [ 6.076667378410503, 52.350904561109296 ], [ 6.093782436427695, 52.357058142112443 ], [ 6.077841002411992, 52.364395003117252 ], [ 6.081707249416081, 52.371441772121315 ], [ 6.116920675451252, 52.378030828124089 ], [ 6.125950373460424, 52.385265815128037 ], [ 6.129738643464588, 52.399233761136067 ], [ 6.11167507844684, 52.408206199141922 ], [ 6.118819534454582, 52.43294907215612 ], [ 6.109792502445815, 52.440574503160867 ], [ 6.14779484048367, 52.445138765162355 ], [ 6.154577502490644, 52.453182003166745 ], [ 6.145198086481707, 52.467670794175476 ], [ 6.162545502499038, 52.47434250317874 ] ] ] } },
{ "type": "Feature", "properties": { "CNTR_CODE": "NL", "LEVL_CODE": 3, "NUTS_ID": "NL213", "NAME_LATN": "Twente" }, "geometry": { "type": "Polygon", "coordinates": [ [ [ 6.668416582999878, 52.494303004170654 ], [ 6.774978427104394, 52.459717422145886 ], [ 6.854307503182548, 52.459598503141962 ], [ 6.853825725181959, 52.450358845136684 ], [ 6.864405991192357, 52.45093770013645 ], [ 6.938270231264833, 52.436126764124182 ], [ 6.947163503273607, 52.43661500312399 ], [ 6.963031310289308, 52.444776230127914 ], [ 6.977563003303767, 52.465476503139122 ], [ 6.988872494314963, 52.468724311140441 ], [ 7.011304212336588, 52.429156497116345 ], [ 7.02235358634736, 52.422132589111683 ], [ 7.035462768360039, 52.403427033100108 ], [ 7.058289907382435, 52.399058396096301 ], [ 7.072438003396032, 52.373116503080354 ], [ 7.071801135395275, 52.352354540068248 ], [ 7.057207824380786, 52.33861801006092 ], [ 7.026515372349988, 52.288340034032814 ], [ 7.028660792351971, 52.274310162024342 ], [ 7.042693412365555, 52.256397628012941 ], [ 7.065685003387996, 52.241373003002771 ], [ 7.060491737382843, 52.234880395999085 ], [ 7.026895912349667, 52.225936180995539 ], [ 6.990314299313595, 52.226716790997898 ], [ 6.948932003272072, 52.180444002972123 ], [ 6.909757518233327, 52.17641913297166 ], [ 6.881339997204944, 52.156333579960901 ], [ 6.872609512195917, 52.130745623945707 ], [ 6.846644307170056, 52.119439715940075 ], [ 6.716803971041328, 52.118359238945459 ], [ 6.664318740989517, 52.129754468954758 ], [ 6.673967559999283, 52.142792376962269 ], [ 6.672847560998584, 52.163649981975006 ], [ 6.64509050297123, 52.17426300298262 ], [ 6.640232531966316, 52.168111192979126 ], [ 6.630231479956475, 52.172888689982422 ], [ 6.612345384938554, 52.163595067977546 ], [ 6.604847074931163, 52.166897541979893 ], [ 6.60460305493109, 52.17412308598427 ], [ 6.590040575916781, 52.181664400989462 ], [ 6.555793739882674, 52.17743260498834 ], [ 6.515080450842321, 52.181232364992297 ], [ 6.492394502819703, 52.177669502991023 ], [ 6.473201982800869, 52.188366479998258 ], [ 6.469086694797037, 52.19951532500513 ], [ 6.456739438784759, 52.201643760006945 ], [ 6.430072348758727, 52.222514607020543 ], [ 6.416688002745831, 52.242253003032921 ], [ 6.383041002712438, 52.244003503035231 ], [ 6.375797021705645, 52.259142333044565 ], [ 6.329116814659767, 52.281676466059814 ], [ 6.326621502657744, 52.301677503071772 ], [ 6.355815502687135, 52.318271503080567 ], [ 6.3335785026658, 52.351429003101025 ], [ 6.343154002675679, 52.369994503111577 ], [ 6.357044002689617, 52.376953003115176 ], [ 6.38837950272079, 52.379719003115589 ], [ 6.405082002738071, 52.415569503135977 ], [ 6.390622502724077, 52.428055003143783 ], [ 6.430517698763802, 52.439637621149053 ], [ 6.452098222785755, 52.468729625165103 ], [ 6.464768221798426, 52.47460489216796 ], [ 6.502799344836165, 52.481975738170675 ], [ 6.506763146840235, 52.490697589175589 ], [ 6.554646503887472, 52.48751848917172 ], [ 6.595364002927514, 52.480335003165855 ], [ 6.6131584649449, 52.466413730157029 ], [ 6.626542932958202, 52.473239434160377 ], [ 6.648936788980309, 52.473228342159423 ], [ 6.654614980986159, 52.487792126167577 ], [ 6.668416582999878, 52.494303004170654 ] ] ] } },
{ "type": "Feature", "properties": { "CNTR_CODE": "NL", "LEVL_CODE": 3, "NUTS_ID": "NL221", "NAME_LATN": "Veluwe" }, "geometry": { "type": "Polygon", "coordinates": [ [ [ 5.908911620247933, 52.498320633200208 ], [ 5.926132240264332, 52.474629936186034 ], [ 5.953442633291741, 52.484179134190818 ], [ 5.966133832304163, 52.477259343186503 ], [ 6.000733502339155, 52.500133503198747 ], [ 6.027829002366286, 52.509654503203393 ], [ 6.054038502392076, 52.49993500319696 ], [ 6.068804002406243, 52.483509003187066 ], [ 6.099789502436674, 52.469787003178176 ], [ 6.102399002438569, 52.445286003163858 ], [ 6.118819534454582, 52.43294907215612 ], [ 6.11167507844684, 52.408206199141922 ], [ 6.129738643464588, 52.399233761136067 ], [ 6.125950373460424, 52.385265815128037 ], [ 6.116920675451252, 52.378030828124089 ], [ 6.081707249416081, 52.371441772121315 ], [ 6.077841002411992, 52.364395003117252 ], [ 6.093782436427695, 52.357058142112443 ], [ 6.076667378410503, 52.350904561109296 ], [ 6.06726959340028, 52.31829568209028 ], [ 6.079591463412498, 52.316847345089066 ], [ 6.085158049417609, 52.301572538079796 ], [ 6.101319002433637, 52.301246503079085 ], [ 6.128353778459513, 52.261021252054228 ], [ 6.125293687456214, 52.251948652048895 ], [ 6.152358828483056, 52.246271846044628 ], [ 6.143344679473866, 52.23806333704001 ], [ 6.148311786478518, 52.228044505033793 ], [ 6.165030352494957, 52.219469709028104 ], [ 6.16641150249662, 52.231045003035049 ], [ 6.187971432517783, 52.218084036026518 ], [ 6.190690117520284, 52.210460982021871 ], [ 6.183669585513123, 52.204523287018475 ], [ 6.160278272489712, 52.200396720016734 ], [ 6.15671817348596, 52.193593805012746 ], [ 6.191896087520631, 52.17758152200188 ], [ 6.192908502521433, 52.169903002997209 ], [ 6.184870002513151, 52.161430502992324 ], [ 6.135195735463563, 52.157830237991732 ], [ 6.076091502404228, 52.143924502985037 ], [ 6.078573002406488, 52.138889502981925 ], [ 6.069762502397507, 52.131389502977648 ], [ 6.051379002378925, 52.124435502973931 ], [ 6.040523502367868, 52.114643002968251 ], [ 6.032317502359258, 52.101516502960443 ], [ 6.034248502361041, 52.095985502956985 ], [ 6.008872502335033, 52.073910002944125 ], [ 5.990507002316773, 52.07908250294782 ], [ 5.9559645022821, 52.073234502945212 ], [ 5.946362502272601, 52.077713002948137 ], [ 5.910775192236552, 52.062678317939863 ], [ 5.898821682224583, 52.062792332940248 ], [ 5.898060757223473, 52.050131546932477 ], [ 5.846272224171583, 52.050061154933751 ], [ 5.813245002137614, 52.023872502918231 ], [ 5.746569581070691, 52.019714948917191 ], [ 5.734523890058053, 52.002112945906539 ], [ 5.72434050204776, 52.000595002905804 ], [ 5.714365034036667, 51.968589966886057 ], [ 5.722535502044718, 51.964103502883027 ], [ 5.68315550200504, 51.959427002881014 ], [ 5.66580700198734, 51.952785502877198 ], [ 5.64584387596733, 51.952680436877529 ], [ 5.644433292965611, 51.943910482872035 ], [ 5.635473122956387, 51.936582971867601 ], [ 5.606011501926983, 51.943248502872372 ], [ 5.627089064948552, 51.954365709878914 ], [ 5.621091000942966, 51.966116551886451 ], [ 5.625495366947677, 51.973867710891206 ], [ 5.612686719935395, 51.991171081902252 ], [ 5.592191802915251, 52.001570072909132 ], [ 5.586369773909803, 52.012624656916138 ], [ 5.589317132913499, 52.03415945492943 ], [ 5.568652060893012, 52.04044441893376 ], [ 5.569650985894259, 52.047834096938267 ], [ 5.558061001882652, 52.048847002939112 ], [ 5.562490241888206, 52.078185503957236 ], [ 5.550346501877028, 52.105438002974168 ], [ 5.54401550187057, 52.101944002972168 ], [ 5.531503001857983, 52.102257002972571 ], [ 5.538262758864614, 52.097283523969367 ], [ 5.53719473986326, 52.089648045964715 ], [ 5.53085883485688, 52.089148325964487 ], [ 5.530500295856282, 52.08248644196042 ], [ 5.523050997848678, 52.078298976957939 ], [ 5.510861490836456, 52.078797079958484 ], [ 5.503780534829186, 52.073724693955462 ], [ 5.483073507808274, 52.070165944953615 ], [ 5.459865944785432, 52.080865938960557 ], [ 5.484964824811059, 52.093758265968134 ], [ 5.484815605811364, 52.105356155975208 ], [ 5.493786001820506, 52.111037502978611 ], [ 5.486386001813253, 52.115337502981362 ], [ 5.506922735833848, 52.114230359980354 ], [ 5.495365828822633, 52.123995291986517 ], [ 5.498464454825945, 52.129655320989926 ], [ 5.513462060841196, 52.135413299993218 ], [ 5.498434799826359, 52.141275765997037 ], [ 5.497863717825982, 52.147106110000642 ], [ 5.481513001809693, 52.150539503002939 ], [ 5.483853595812337, 52.157458995007147 ], [ 5.473287354801966, 52.162865502010568 ], [ 5.479895501808705, 52.165809503012241 ], [ 5.442206776771099, 52.16967814501529 ], [ 5.440075790770292, 52.204271579036259 ], [ 5.411286175742001, 52.217730424044866 ], [ 5.406414716736977, 52.214268354042829 ], [ 5.393278001724042, 52.220676503046896 ], [ 5.40463300173653, 52.249630003064141 ], [ 5.533282501866076, 52.272743503075958 ], [ 5.575706412911288, 52.350597717121545 ], [ 5.587943904923882, 52.361376116127666 ], [ 5.603697358939658, 52.363334191128537 ], [ 5.6115412469474, 52.360251810126542 ], [ 5.644567229980651, 52.370365103131824 ], [ 5.65353597798948, 52.366152283129146 ], [ 5.678668002014917, 52.37881900313608 ], [ 5.717295195053802, 52.388921382141213 ], [ 5.732143358068872, 52.396848753145569 ], [ 5.731439640068319, 52.40164429914833 ], [ 5.739754925076494, 52.398974789146607 ], [ 5.804331502141902, 52.4321480031645 ], [ 5.822412002160402, 52.449707003174289 ], [ 5.815609002153806, 52.455215503177655 ], [ 5.831386002170071, 52.473400003187805 ], [ 5.840257002178818, 52.471058003186229 ], [ 5.845592502184413, 52.478203003190224 ], [ 5.864311002204181, 52.518169503212846 ], [ 5.877153334217079, 52.521714404214528 ], [ 5.908911620247933, 52.498320633200208 ] ] ] } },
{ "type": "Feature", "properties": { "CNTR_CODE": "NL", "LEVL_CODE": 3, "NUTS_ID": "NL412", "NAME_LATN": "Midden-Noord-Brabant" }, "geometry": { "type": "MultiPolygon", "coordinates": [ [ [ [ 4.922720001234758, 51.828075502807032 ], [ 5.000534001312831, 51.820938002802144 ], [ 5.017401674329276, 51.807450007793392 ], [ 5.049961049361628, 51.796851058786416 ], [ 5.066413180377505, 51.780821282776046 ], [ 5.082038501393264, 51.780662502775826 ], [ 5.098672361410276, 51.787308852779965 ], [ 5.13822911044953, 51.771919730769753 ], [ 5.136307538447071, 51.759991192762058 ], [ 5.142027992452577, 51.754449166758455 ], [ 5.126801935436857, 51.744716184752271 ], [ 5.128057501437818, 51.737610002747672 ], [ 5.081756001390386, 51.722290002738113 ], [ 5.098162534406756, 51.716904198734504 ], [ 5.110276925418523, 51.706004931727293 ], [ 5.103519190411506, 51.701536183724514 ], [ 5.106475486413492, 51.678766935709646 ], [ 5.101363001408211, 51.676750002708317 ], [ 5.10619450141142, 51.636108502681758 ], [ 5.145640501451441, 51.640403502684286 ], [ 5.168141380473299, 51.619599436670448 ], [ 5.165391772470191, 51.612794415665974 ], [ 5.174099744478891, 51.609856086663946 ], [ 5.170440925474936, 51.603827951660037 ], [ 5.179572501483916, 51.597644502655889 ], [ 5.187478982492008, 51.600944147657941 ], [ 5.192848400497206, 51.594471161653679 ], [ 5.215124363519324, 51.585776014647699 ], [ 5.247213501551807, 51.58704000264823 ], [ 5.246080001550309, 51.579464002643228 ], [ 5.276458830579673, 51.545524340620481 ], [ 5.253587635556322, 51.539769267616876 ], [ 5.244549530546648, 51.526687672608325 ], [ 5.234784251536958, 51.530315061610807 ], [ 5.224490501525993, 51.51716250260214 ], [ 5.227037341528175, 51.508107849596136 ], [ 5.237006983538462, 51.513384529599541 ], [ 5.250852933552236, 51.507291673595276 ], [ 5.246360711547355, 51.499273254590037 ], [ 5.228977924529746, 51.498035518589397 ], [ 5.220591155520239, 51.473773225573275 ], [ 5.209437090508611, 51.464786627567399 ], [ 5.191002001488458, 51.430214002544339 ], [ 5.102180001398467, 51.429005002544272 ], [ 5.080153687377982, 51.469797054571828 ], [ 5.04586336734333, 51.471686629573291 ], [ 5.036765078334774, 51.48693347558352 ], [ 5.011128389308166, 51.471941297573636 ], [ 5.003199546298909, 51.443774444554847 ], [ 4.963890272258163, 51.422522632540712 ], [ 4.928706001221331, 51.396084002522983 ], [ 4.910641425203386, 51.402715069527545 ], [ 4.900789792193881, 51.414157468535336 ], [ 4.882915818175857, 51.415819951536463 ], [ 4.868940160161578, 51.412924138534514 ], [ 4.867409001159822, 51.409119002531966 ], [ 4.8591506931517, 51.412915719534539 ], [ 4.837187566129475, 51.414422948535638 ], [ 4.787863856079353, 51.409746120532489 ], [ 4.772192851063732, 51.41512524153611 ], [ 4.768985845061104, 51.429005495545489 ], [ 4.785044083077542, 51.432267735547704 ], [ 4.829165001121698, 51.422526002541133 ], [ 4.823914198117588, 51.448333606558421 ], [ 4.834406910128653, 51.4573669195645 ], [ 4.842809738137211, 51.458797504565418 ], [ 4.836610529131148, 51.463106452568312 ], [ 4.841390501136784, 51.480713002580117 ], [ 4.822484009117777, 51.483083236581692 ], [ 4.815800987111523, 51.494235684589199 ], [ 4.798836235094552, 51.499158735592417 ], [ 4.785009898080624, 51.499417581592645 ], [ 4.775349399071096, 51.50483756859628 ], [ 4.759926001055325, 51.502464502594663 ], [ 4.748778415044601, 51.512713348601515 ], [ 4.749422740045524, 51.51858597560539 ], [ 4.759933909056189, 51.519710265606136 ], [ 4.771613601068347, 51.527644678611416 ], [ 4.82837770612677, 51.549408098625818 ], [ 4.862969501162144, 51.557266002630953 ], [ 4.870915934170652, 51.568247221638252 ], [ 4.864234001164344, 51.579086502645374 ], [ 4.917639895219381, 51.601455259660028 ], [ 4.910812595213248, 51.618310008671145 ], [ 4.914818011217443, 51.621935416673516 ], [ 4.907514323210214, 51.624789229675422 ], [ 4.932508037236672, 51.6515180916928 ], [ 4.925073001230166, 51.674980002708196 ], [ 4.93311600123837, 51.676800002709356 ], [ 4.917944501225045, 51.719940002737459 ], [ 4.871104001177743, 51.719616002737339 ], [ 4.836899501142987, 51.712745502732965 ], [ 4.846625400153385, 51.72555817774127 ], [ 4.851806091159943, 51.755004078760301 ], [ 4.787182939094875, 51.756277975761172 ], [ 4.78174885108985, 51.766095922767512 ], [ 4.753576382060902, 51.754062281759779 ], [ 4.733449931039777, 51.736934037748661 ], [ 4.69900303000431, 51.722392972739236 ], [ 4.678768785983816, 51.720450609737902 ], [ 4.676294500981532, 51.724918502740806 ], [ 4.729445501036391, 51.750709502757559 ], [ 4.744787501052448, 51.76348900276583 ], [ 4.758403001067148, 51.784416002779253 ], [ 4.781813001091289, 51.795944002786698 ], [ 4.806893001116771, 51.800377002789531 ], [ 4.845998501156169, 51.798755502788453 ], [ 4.889427001200798, 51.81890500280128 ], [ 4.922720001234758, 51.828075502807032 ] ], [ [ 4.925617909220503, 51.446621751557053 ], [ 4.920126432214889, 51.445889752556603 ], [ 4.922486775217026, 51.439744179552406 ], [ 4.917301949211576, 51.435412679549543 ], [ 4.93604200423031, 51.429419695545498 ], [ 4.942026020236748, 51.438921408551799 ], [ 4.936597796231249, 51.437828044551104 ], [ 4.938087238233039, 51.444699471555708 ], [ 4.927270582221915, 51.440292419552762 ], [ 4.925617909220503, 51.446621751557053 ] ], [ [ 4.933018774228154, 51.449637259559054 ], [ 4.941558255236608, 51.446329500556814 ], [ 4.952450741247852, 51.450161976559336 ], [ 4.933018774228154, 51.449637259559054 ] ], [ [ 4.930724616223907, 51.407396770530667 ], [ 4.93311701422627, 51.405089074529137 ], [ 4.936791457229968, 51.405311768529245 ], [ 4.936154541229543, 51.409448222532006 ], [ 4.930724616223907, 51.407396770530667 ] ], [ [ 4.834376627126966, 51.421201558540147 ], [ 4.837520026130031, 51.418323273538221 ], [ 4.840550630133245, 51.421496531540363 ], [ 4.834376627126966, 51.421201558540147 ] ], [ [ 4.949848623245009, 51.44606239855662 ], [ 4.9437171622387, 51.443695934554988 ], [ 4.950611825245635, 51.443342900554732 ], [ 4.949848623245009, 51.44606239855662 ] ] ], [ [ [ 4.927639501220276, 51.395424502522609 ], [ 4.920863001213275, 51.393688002521451 ], [ 4.914105501206553, 51.395024002522362 ], [ 4.920383823213003, 51.396752578523504 ], [ 4.927639501220276, 51.395424502522609 ] ] ] ] } },
{ "type": "Feature", "properties": { "CNTR_CODE": "NL", "LEVL_CODE": 3, "NUTS_ID": "NL329", "NAME_LATN": "Groot-Amsterdam" }, "geometry": { "type": "Polygon", "coordinates": [ [ [ 4.952744976301414, 52.61313179928095 ], [ 4.958844070307128, 52.604931627276216 ], [ 4.949831001297639, 52.59527950327081 ], [ 5.003866667351536, 52.597886096271985 ], [ 5.007682492355911, 52.610290842279007 ], [ 5.027034001375235, 52.612613503280244 ], [ 5.060426501406976, 52.578937503260853 ], [ 5.100719501443881, 52.508041503219872 ], [ 5.150841273492021, 52.466507868195414 ], [ 5.184657789523594, 52.416440339165881 ], [ 5.137330001476288, 52.415554003165795 ], [ 5.079161001417038, 52.388653003150417 ], [ 5.037660501375067, 52.375358503142898 ], [ 5.039518622375408, 52.341822333123112 ], [ 5.014537872349971, 52.331418147117041 ], [ 5.021537501355604, 52.302498503099805 ], [ 5.008343468342374, 52.301478978099261 ], [ 4.997416495330924, 52.289648004092193 ], [ 4.983212586316724, 52.28995132409252 ], [ 4.96767164130074, 52.280348192086848 ], [ 4.927291151260296, 52.27964370408661 ], [ 4.92861271726111, 52.268794999080072 ], [ 4.910504448242267, 52.253042684070707 ], [ 4.870071001201766, 52.253307503070992 ], [ 4.850236151181302, 52.239313580062543 ], [ 4.828996763159598, 52.23067251105747 ], [ 4.812773026143224, 52.227167778055303 ], [ 4.779625761110067, 52.228195507055972 ], [ 4.762661039092595, 52.218535500050116 ], [ 4.743416160073127, 52.214154143047466 ], [ 4.73497402706432, 52.207398916043331 ], [ 4.723764001053524, 52.216573503048927 ], [ 4.722661058053238, 52.232171806058318 ], [ 4.702792548033438, 52.233439448059073 ], [ 4.678012544008242, 52.226360589054771 ], [ 4.670348001000772, 52.230755003057375 ], [ 4.632223000961861, 52.216080003048404 ], [ 4.618068500947659, 52.214443003047357 ], [ 4.557989500887793, 52.218887503049835 ], [ 4.550627000880781, 52.227005003054664 ], [ 4.562840000893393, 52.234440003059255 ], [ 4.567873000900192, 52.267860503079334 ], [ 4.588421000921398, 52.280460003086972 ], [ 4.611221000945832, 52.311748503105775 ], [ 4.611384500946703, 52.324417003113282 ], [ 4.618547500954303, 52.333057503118482 ], [ 4.649848500986011, 52.340729003123144 ], [ 4.675014501011693, 52.352192003129986 ], [ 4.671405001009041, 52.371223503141223 ], [ 4.677700501015705, 52.37724300314477 ], [ 4.730741393069071, 52.386265754150195 ], [ 4.759235001097146, 52.379398503146113 ], [ 4.757803001096592, 52.396812503156411 ], [ 4.72872900106777, 52.400688003158656 ], [ 4.73918850107982, 52.431221003176546 ], [ 4.854524552194173, 52.416975422168143 ], [ 4.859057933198826, 52.419856171169812 ], [ 4.862699001202908, 52.430019503175771 ], [ 4.843854180185228, 52.451684926188406 ], [ 4.852457501194728, 52.470360003199247 ], [ 4.86264089020477, 52.468898137198373 ], [ 4.890114144232655, 52.478512591203966 ], [ 4.906541001249034, 52.479915503204701 ], [ 4.922781874265863, 52.49177503521144 ], [ 4.925754973269464, 52.505664925219541 ], [ 4.93438050127832, 52.51161200322295 ], [ 4.844567874189623, 52.526586359231807 ], [ 4.833982501179659, 52.538857003238881 ], [ 4.894264298242578, 52.598350085272735 ], [ 4.913115639261739, 52.607721081278015 ], [ 4.93294487928141, 52.60594162527692 ], [ 4.952744976301414, 52.61313179928095 ] ] ] } },
{ "type": "Feature", "properties": { "CNTR_CODE": "NL", "LEVL_CODE": 3, "NUTS_ID": "NL332", "NAME_LATN": "Agglomeratie ’s-Gravenhage" }, "geometry": { "type": "Polygon", "coordinates": [ [ [ 4.401231000725007, 52.111912002983573 ], [ 4.428854883752195, 52.102151384977788 ], [ 4.467652548792465, 52.127974716993997 ], [ 4.492239000815025, 52.08999650297082 ], [ 4.497431253820207, 52.08844009496989 ], [ 4.5048828888279, 52.092733453972514 ], [ 4.530611500853015, 52.080482502965154 ], [ 4.535223135857223, 52.072462203960278 ], [ 4.557198500878681, 52.061237502953411 ], [ 4.546216151867099, 52.049670785946226 ], [ 4.532506665853243, 52.048477345945393 ], [ 4.506118025825939, 52.032599132935381 ], [ 4.476731000796367, 52.031677002934607 ], [ 4.458511302777619, 52.022256173928646 ], [ 4.458465578776573, 52.002771452916527 ], [ 4.425472240742183, 51.979751520901864 ], [ 4.427855500744386, 51.976467002899874 ], [ 4.407886500723947, 51.968178002894476 ], [ 4.396534151713153, 51.980262080902015 ], [ 4.386552826704433, 52.003357874916297 ], [ 4.393590447711989, 52.012538071922066 ], [ 4.373039645692435, 52.032007017934006 ], [ 4.325991500644174, 52.012829002921684 ], [ 4.319265530637797, 52.019292728925592 ], [ 4.295747133613965, 52.015431548922955 ], [ 4.272319658591645, 52.035303683935005 ], [ 4.248978587567709, 52.025822577928892 ], [ 4.234927168554352, 52.038497435936542 ], [ 4.211985986530951, 52.031522775931961 ], [ 4.198018500518245, 52.05414450294581 ], [ 4.256828083579714, 52.09857205597396 ], [ 4.264705279587568, 52.098338927973892 ], [ 4.26132382558439, 52.102343493976342 ], [ 4.306005500630688, 52.130073502993788 ], [ 4.374232500702193, 52.187090003029283 ], [ 4.412351280739053, 52.163954907015537 ], [ 4.440516500766798, 52.155658503010677 ], [ 4.442916000768581, 52.145302003004375 ], [ 4.401231000725007, 52.111912002983573 ] ] ] } },
{ "type": "Feature", "properties": { "CNTR_CODE": "NL", "LEVL_CODE": 3, "NUTS_ID": "NL333", "NAME_LATN": "Delft en Westland" }, "geometry": { "type": "Polygon", "coordinates": [ [ [ 4.198018500518245, 52.05414450294581 ], [ 4.211985986530951, 52.031522775931961 ], [ 4.234927168554352, 52.038497435936542 ], [ 4.248978587567709, 52.025822577928892 ], [ 4.272319658591645, 52.035303683935005 ], [ 4.295747133613965, 52.015431548922955 ], [ 4.319265530637797, 52.019292728925592 ], [ 4.325991500644174, 52.012829002921684 ], [ 4.373039645692435, 52.032007017934006 ], [ 4.393590447711989, 52.012538071922066 ], [ 4.386552826704433, 52.003357874916297 ], [ 4.396534151713153, 51.980262080902015 ], [ 4.407886500723947, 51.968178002894476 ], [ 4.394810576710523, 51.963114653891267 ], [ 4.364949617680405, 51.960874473889547 ], [ 4.365821709680983, 51.955263074886034 ], [ 4.321824180636052, 51.94190650887721 ], [ 4.292683500605701, 51.921280002863853 ], [ 4.269665759582693, 51.923936687865329 ], [ 4.228316000542522, 51.948009502880019 ], [ 4.219527000533327, 51.941410002875699 ], [ 4.192877749507398, 51.954784567883806 ], [ 4.18638484550157, 51.967198608891493 ], [ 4.148563394464503, 51.98135906689987 ], [ 4.14995324346622, 51.987563693903738 ], [ 4.127788500444801, 52.000542502911507 ], [ 4.198018500518245, 52.05414450294581 ] ] ] } },
{ "type": "Feature", "properties": { "CNTR_CODE": "NL", "LEVL_CODE": 3, "NUTS_ID": "NL337", "NAME_LATN": "Agglomeratie Leiden en Bollenstreek" }, "geometry": { "type": "Polygon", "coordinates": [ [ [ 4.493847500829539, 52.328260003114977 ], [ 4.563628000898143, 52.309227003104056 ], [ 4.56897000090387, 52.31650150310837 ], [ 4.583546000918534, 52.318474003109657 ], [ 4.611684000946392, 52.313587003106875 ], [ 4.588421000921398, 52.280460003086972 ], [ 4.567873000900192, 52.267860503079334 ], [ 4.562840000893393, 52.234440003059255 ], [ 4.550627000880781, 52.227005003054664 ], [ 4.557989500887793, 52.218887503049835 ], [ 4.618068500947659, 52.214443003047357 ], [ 4.632223000961861, 52.216080003048404 ], [ 4.670348001000772, 52.230755003057375 ], [ 4.678012544008242, 52.226360589054771 ], [ 4.702792548033438, 52.233439448059073 ], [ 4.722661058053238, 52.232171806058318 ], [ 4.72876600105819, 52.20981950304482 ], [ 4.723469001052926, 52.210559779045219 ], [ 4.719850466048902, 52.201844948040005 ], [ 4.707849417037018, 52.204330306041491 ], [ 4.695787423024204, 52.190131360032858 ], [ 4.688931288017416, 52.19100746903338 ], [ 4.678290931005329, 52.16275999201617 ], [ 4.642033868968952, 52.161840470015512 ], [ 4.571635500897991, 52.153106503009894 ], [ 4.565815000891139, 52.134952502998821 ], [ 4.560288000885441, 52.131882002996882 ], [ 4.550768500876306, 52.138408503000768 ], [ 4.542052912866555, 52.119671657989294 ], [ 4.535542181860014, 52.119149190988971 ], [ 4.536972652859669, 52.085491212968293 ], [ 4.530611500853015, 52.080482502965154 ], [ 4.5048828888279, 52.092733453972514 ], [ 4.497431253820207, 52.08844009496989 ], [ 4.492239000815025, 52.08999650297082 ], [ 4.467652548792465, 52.127974716993997 ], [ 4.428854883752195, 52.102151384977788 ], [ 4.401231000725007, 52.111912002983573 ], [ 4.442916000768581, 52.145302003004375 ], [ 4.440516500766798, 52.155658503010677 ], [ 4.412351280739053, 52.163954907015537 ], [ 4.374232500702193, 52.187090003029283 ], [ 4.44523635577742, 52.264253503076453 ], [ 4.493847500829539, 52.328260003114977 ] ] ] } },
{ "type": "Feature", "properties": { "CNTR_CODE": "NL", "LEVL_CODE": 3, "NUTS_ID": "NL33A", "NAME_LATN": "Zuidoost-Zuid-Holland" }, "geometry": { "type": "Polygon", "coordinates": [ [ [ 5.039719501359287, 51.977775502901181 ], [ 5.054464317374042, 51.97586358389988 ], [ 5.062962214382154, 51.966426487893912 ], [ 5.055786792374443, 51.954911856886717 ], [ 5.08619069640479, 51.950485164883759 ], [ 5.128752453446992, 51.935599075874066 ], [ 5.14945600146765, 51.933452502872512 ], [ 5.114227001430308, 51.889168002844826 ], [ 5.090526293406466, 51.888232649844419 ], [ 5.080915621396262, 51.876274089836969 ], [ 5.056552179371629, 51.873396983835242 ], [ 5.05221786836707, 51.869770212832989 ], [ 5.060343856374795, 51.85896039382601 ], [ 5.006308266320333, 51.858148965825826 ], [ 4.995473293309566, 51.861043084827735 ], [ 5.000592129313986, 51.844396049817128 ], [ 5.030799364344213, 51.840479019814474 ], [ 5.026677501339134, 51.818737002800589 ], [ 4.922720001234758, 51.828075502807032 ], [ 4.889427001200798, 51.81890500280128 ], [ 4.845998501156169, 51.798755502788453 ], [ 4.806893001116771, 51.800377002789531 ], [ 4.781813001091289, 51.795944002786698 ], [ 4.755239001063826, 51.781612502777477 ], [ 4.736630501043864, 51.755569502760686 ], [ 4.703745001009757, 51.736927002748615 ], [ 4.676294500981532, 51.724918502740806 ], [ 4.620420500924639, 51.714126502733599 ], [ 4.631604000937529, 51.747169502755114 ], [ 4.621221000929748, 51.801090002789749 ], [ 4.569332500878046, 51.811496502796224 ], [ 4.553419000862934, 51.829990502808002 ], [ 4.571005500881582, 51.847183002819037 ], [ 4.600129000910399, 51.838764002813768 ], [ 4.606457709917311, 51.84875944082021 ], [ 4.626706966937958, 51.854251488823799 ], [ 4.636597569947742, 51.850172952821218 ], [ 4.646154428957653, 51.856323757825166 ], [ 4.619486000932438, 51.889606502846249 ], [ 4.670551500983858, 51.889629502846383 ], [ 4.702544001016359, 51.896881002851032 ], [ 4.715897501029794, 51.896076002850521 ], [ 4.766114001081232, 51.91580950286302 ], [ 4.809457001125209, 51.923668002867942 ], [ 4.834906001151571, 51.939850002878124 ], [ 4.850546501167446, 51.941555002879156 ], [ 4.877899501194787, 51.937835502876787 ], [ 4.913231001230463, 51.942489502879575 ], [ 4.939600001257947, 51.963486002892743 ], [ 4.96740900128574, 51.959789502890288 ], [ 4.994498001313748, 51.976921002900916 ], [ 5.005873001325177, 51.976822002900754 ], [ 5.027794001346853, 51.968803502895618 ], [ 5.039719501359287, 51.977775502901181 ] ] ] } },
{ "type": "Feature", "properties": { "CNTR_CODE": "NL", "LEVL_CODE": 3, "NUTS_ID": "NL33B", "NAME_LATN": "Oost-Zuid-Holland" }, "geometry": { "type": "Polygon", "coordinates": [ [ [ 4.801728222131678, 52.21702265604916 ], [ 4.803039207132219, 52.201727953039914 ], [ 4.813012159142193, 52.201453385039784 ], [ 4.842121959170394, 52.181269657027507 ], [ 4.892281001219664, 52.161812003015527 ], [ 4.874167852201258, 52.155660795011777 ], [ 4.873200650199524, 52.138879106001546 ], [ 4.855918679182079, 52.137396581000687 ], [ 4.831379383157797, 52.1440660650048 ], [ 4.811628399137768, 52.139001179001731 ], [ 4.806815474132407, 52.128180420995157 ], [ 4.792076001117318, 52.12236000299162 ], [ 4.824133861148817, 52.107321083982306 ], [ 4.826477568149619, 52.075775258962878 ], [ 4.833284980156355, 52.073768766961599 ], [ 4.831833836154628, 52.067846202957988 ], [ 4.873181001196119, 52.06873300295846 ], [ 4.868229001190901, 52.063511002955295 ], [ 4.830844578152798, 52.050386579947187 ], [ 4.807574631128575, 52.032810265936305 ], [ 4.80899499312974, 52.026726664932504 ], [ 4.79871250111915, 52.022167002929656 ], [ 4.803483001123523, 52.013981002924609 ], [ 4.84695000116739, 52.018192502927207 ], [ 4.857008501176975, 52.005905002919498 ], [ 4.81788100113731, 51.999809502915724 ], [ 4.862620008180683, 51.965570389894253 ], [ 4.877899501194787, 51.937835502876787 ], [ 4.850546501167446, 51.941555002879156 ], [ 4.834906001151571, 51.939850002878124 ], [ 4.809457001125209, 51.923668002867942 ], [ 4.766114001081232, 51.91580950286302 ], [ 4.715897501029794, 51.896076002850521 ], [ 4.702544001016359, 51.896881002851032 ], [ 4.670551500983858, 51.889629502846383 ], [ 4.619486000932438, 51.889606502846249 ], [ 4.595176500908252, 51.89413300284901 ], [ 4.57595800088934, 51.903030502854534 ], [ 4.640111239954345, 51.912274067860579 ], [ 4.617682000932716, 51.931041502872347 ], [ 4.633916684949406, 51.937542425876508 ], [ 4.645252964961672, 51.954371020887109 ], [ 4.632037850949158, 51.969464625896556 ], [ 4.669003535986778, 51.979255048902772 ], [ 4.68869800100735, 51.996238502913471 ], [ 4.660994360980013, 52.004489484918551 ], [ 4.669417074988748, 52.010997965922598 ], [ 4.667351605987196, 52.021461126929154 ], [ 4.662317289982258, 52.023390256930334 ], [ 4.649442624969206, 52.020274633928388 ], [ 4.637382844956679, 52.01229177392333 ], [ 4.626606419945936, 52.014214953924501 ], [ 4.592655672912871, 52.034249795936823 ], [ 4.610302347931288, 52.047317383945021 ], [ 4.607465000929305, 52.065559502956347 ], [ 4.565002000886345, 52.058597502951805 ], [ 4.535223135857223, 52.072462203960278 ], [ 4.530611500853015, 52.080482502965154 ], [ 4.536972652859669, 52.085491212968293 ], [ 4.535542181860014, 52.119149190988971 ], [ 4.542052912866555, 52.119671657989294 ], [ 4.550768500876306, 52.138408503000768 ], [ 4.560288000885441, 52.131882002996882 ], [ 4.565815000891139, 52.134952502998821 ], [ 4.571635500897991, 52.153106503009894 ], [ 4.642033868968952, 52.161840470015512 ], [ 4.678290931005329, 52.16275999201617 ], [ 4.688931288017416, 52.19100746903338 ], [ 4.695787423024204, 52.190131360032858 ], [ 4.707849417037018, 52.204330306041491 ], [ 4.719850466048902, 52.201844948040005 ], [ 4.723469001052926, 52.210559779045219 ], [ 4.73497402706432, 52.207398916043331 ], [ 4.743416160073127, 52.214154143047466 ], [ 4.762661039092595, 52.218535500050116 ], [ 4.779625761110067, 52.228195507055972 ], [ 4.794524001124863, 52.226726503055055 ], [ 4.801728222131678, 52.21702265604916 ] ] ] } },
{ "type": "Feature", "properties": { "CNTR_CODE": "NL", "LEVL_CODE": 3, "NUTS_ID": "NL33C", "NAME_LATN": "Groot-Rijnmond" }, "geometry": { "type": "Polygon", "coordinates": [ [ [ 4.607465000929305, 52.065559502956347 ], [ 4.610302347931288, 52.047317383945021 ], [ 4.592655672912871, 52.034249795936823 ], [ 4.626606419945936, 52.014214953924501 ], [ 4.637382844956679, 52.01229177392333 ], [ 4.649442624969206, 52.020274633928388 ], [ 4.662317289982258, 52.023390256930334 ], [ 4.667351605987196, 52.021461126929154 ], [ 4.669417074988748, 52.010997965922598 ], [ 4.660994360980013, 52.004489484918551 ], [ 4.68869800100735, 51.996238502913471 ], [ 4.669003535986778, 51.979255048902772 ], [ 4.632037850949158, 51.969464625896556 ], [ 4.645252964961672, 51.954371020887109 ], [ 4.633916684949406, 51.937542425876508 ], [ 4.617682000932716, 51.931041502872347 ], [ 4.640111239954345, 51.912274067860579 ], [ 4.57595800088934, 51.903030502854534 ], [ 4.595176500908252, 51.89413300284901 ], [ 4.619486000932438, 51.889606502846249 ], [ 4.646154428957653, 51.856323757825166 ], [ 4.636597569947742, 51.850172952821218 ], [ 4.626706966937958, 51.854251488823799 ], [ 4.606457709917311, 51.84875944082021 ], [ 4.600129000910399, 51.838764002813768 ], [ 4.571005500881582, 51.847183002819037 ], [ 4.553419000862934, 51.829990502808002 ], [ 4.569332500878046, 51.811496502796224 ], [ 4.621221000929748, 51.801090002789749 ], [ 4.631604000937529, 51.747169502755114 ], [ 4.620420500924639, 51.714126502733599 ], [ 4.589300500892731, 51.703323502726541 ], [ 4.514917500817161, 51.692474502719108 ], [ 4.423550000725905, 51.709472502729525 ], [ 4.379430500680147, 51.68359350271232 ], [ 4.376484000676624, 51.674389002706292 ], [ 4.362527000661969, 51.663322502698989 ], [ 4.331642270630352, 51.653604371692325 ], [ 4.277023087574785, 51.644119428685535 ], [ 4.242535500540187, 51.647121002687051 ], [ 4.193764000491965, 51.664398002697801 ], [ 4.151825000450891, 51.685234002710814 ], [ 4.047814500346816, 51.694362502715208 ], [ 4.036705000336527, 51.711029002725851 ], [ 4.035038000335956, 51.730194002738237 ], [ 4.018886000320445, 51.742717502746046 ], [ 4.013337000315816, 51.759010502756475 ], [ 3.974492500277128, 51.763801502758888 ], [ 3.958939000261949, 51.772133002763987 ], [ 3.940330500243436, 51.773800002764737 ], [ 3.905058000207407, 51.764633002758153 ], [ 3.886171500187579, 51.749359002747894 ], [ 3.875896000177122, 51.747692002746618 ], [ 3.847430500148926, 51.753402502749758 ], [ 3.839083000140818, 51.758297002752663 ], [ 3.855752133158076, 51.766012338757974 ], [ 3.865722623169013, 51.781428019768136 ], [ 3.856245794161029, 51.806375871783942 ], [ 3.867720478173181, 51.81788044379158 ], [ 3.912444207218599, 51.827286855798455 ], [ 3.959236668266479, 51.842218748808904 ], [ 4.007688976315527, 51.84994423781469 ], [ 4.01496960432269, 51.847676340813358 ], [ 4.003826587311231, 51.84290521681006 ], [ 4.032962455339533, 51.826425370800116 ], [ 4.048836000355716, 51.831940002803854 ], [ 4.053178041360499, 51.838797941808281 ], [ 4.067505500375274, 51.845300002812728 ], [ 4.031185446341296, 51.887253823838797 ], [ 4.054512688366354, 51.915556596857066 ], [ 4.040458765352714, 51.923310964861699 ], [ 3.996120000307815, 51.916438002856594 ], [ 3.977768994290309, 51.930658625865306 ], [ 3.960690717275031, 51.960881302883926 ], [ 3.983385682299173, 51.983837263898664 ], [ 4.00171426831777, 51.988033546901647 ], [ 4.03426248735029, 51.987160655901718 ], [ 4.071819854387316, 51.976511710895629 ], [ 4.097650821413678, 51.984865616901253 ], [ 4.127788500444801, 52.000542502911507 ], [ 4.14995324346622, 51.987563693903738 ], [ 4.148563394464503, 51.98135906689987 ], [ 4.18638484550157, 51.967198608891493 ], [ 4.192877749507398, 51.954784567883806 ], [ 4.219527000533327, 51.941410002875699 ], [ 4.228316000542522, 51.948009502880019 ], [ 4.269665759582693, 51.923936687865329 ], [ 4.292683500605701, 51.921280002863853 ], [ 4.321824180636052, 51.94190650887721 ], [ 4.365821709680983, 51.955263074886034 ], [ 4.364949617680405, 51.960874473889547 ], [ 4.394810576710523, 51.963114653891267 ], [ 4.427855500744386, 51.976467002899874 ], [ 4.425472240742183, 51.979751520901864 ], [ 4.458465578776573, 52.002771452916527 ], [ 4.458511302777619, 52.022256173928646 ], [ 4.476731000796367, 52.031677002934607 ], [ 4.506118025825939, 52.032599132935381 ], [ 4.532506665853243, 52.048477345945393 ], [ 4.546216151867099, 52.049670785946226 ], [ 4.557198500878681, 52.061237502953411 ], [ 4.565002000886345, 52.058597502951805 ], [ 4.607465000929305, 52.065559502956347 ] ] ] } },
{ "type": "Feature", "properties": { "CNTR_CODE": "NL", "LEVL_CODE": 3, "NUTS_ID": "NL341", "NAME_LATN": "Zeeuwsch-Vlaanderen" }, "geometry": { "type": "MultiPolygon", "coordinates": [ [ [ [ 3.757862271034352, 51.340424014474294 ], [ 3.77039296004688, 51.33833448347319 ], [ 3.771558078048683, 51.348909061480384 ], [ 3.785285069062539, 51.349269318480943 ], [ 3.807242707084325, 51.343101844477189 ], [ 3.813317283089856, 51.332720359470251 ], [ 3.823087563100188, 51.341080366476149 ], [ 3.842964300119946, 51.335950522473091 ], [ 3.865718973142947, 51.336605406473993 ], [ 3.87594212015375, 51.345585401480264 ], [ 3.907024275185782, 51.357827653489167 ], [ 3.957716425237615, 51.369293846497875 ], [ 3.968222244249935, 51.399922108518787 ], [ 3.985422924267574, 51.405446848522764 ], [ 4.020925574303013, 51.39818524451853 ], [ 4.050322273331073, 51.368460249498895 ], [ 4.090722289371521, 51.362158220495203 ], [ 4.127532717407789, 51.344428729483731 ], [ 4.129553579410127, 51.3500682144876 ], [ 4.120621124401727, 51.362360793495846 ], [ 4.135817245417066, 51.361412676495412 ], [ 4.16434027844494, 51.343538802483636 ], [ 4.1659505284471, 51.353526895490432 ], [ 4.155811132437182, 51.35974674149454 ], [ 4.155018006436747, 51.366998110499402 ], [ 4.168285438450361, 51.37035433950188 ], [ 4.176782722458598, 51.36403448449768 ], [ 4.192327931474886, 51.375158252505429 ], [ 4.209466821492017, 51.371232539502977 ], [ 4.234817500516484, 51.348254002487735 ], [ 4.165755500443663, 51.292728502449073 ], [ 4.060652557334747, 51.244516451414498 ], [ 4.008853549282303, 51.243221909412775 ], [ 3.985522509258144, 51.233065042405428 ], [ 3.977666500249802, 51.225132002399803 ], [ 3.965877777237822, 51.223939387398772 ], [ 3.958492518229959, 51.216487841393494 ], [ 3.937792330208772, 51.212404157390367 ], [ 3.928968810200279, 51.219471127395039 ], [ 3.917064607187938, 51.214464334391337 ], [ 3.91848900018899, 51.208187002387092 ], [ 3.886327690156118, 51.201030281381549 ], [ 3.878752596148832, 51.207750687386032 ], [ 3.891992979162748, 51.216728662392491 ], [ 3.888112170159131, 51.222390334396287 ], [ 3.856339500126391, 51.21105600238787 ], [ 3.836971651106955, 51.213220015388998 ], [ 3.823304516092929, 51.20912881338581 ], [ 3.79075550006034, 51.214390002388797 ], [ 3.78949644506079, 51.244652428409537 ], [ 3.794093362066102, 51.256187091417615 ], [ 3.775602495047813, 51.263096161421942 ], [ 3.769360910041371, 51.260575092420076 ], [ 3.754028582026428, 51.26974339442603 ], [ 3.693956999966175, 51.276073502429014 ], [ 3.657182862929994, 51.290127882437737 ], [ 3.638922715911491, 51.28888865543643 ], [ 3.589802803863016, 51.30523444244637 ], [ 3.58200045985479, 51.29853067744159 ], [ 3.586625148859111, 51.293450321438222 ], [ 3.581994643854139, 51.287683912434169 ], [ 3.562268492834706, 51.295508815438978 ], [ 3.555431746827543, 51.290370055435289 ], [ 3.544153674816231, 51.290707444435242 ], [ 3.537004955808579, 51.28377536043034 ], [ 3.528202351800017, 51.288384667433185 ], [ 3.516252881787908, 51.286819126431823 ], [ 3.526845313796158, 51.246520065404532 ], [ 3.448825987717364, 51.241783121399095 ], [ 3.427946196696545, 51.245163634400832 ], [ 3.422288245691516, 51.255797899407938 ], [ 3.415756465685161, 51.259083465409994 ], [ 3.407563336676823, 51.257511703408689 ], [ 3.376090847646446, 51.277946231421772 ], [ 3.379591759650541, 51.287428790428315 ], [ 3.366596090638109, 51.296818771434303 ], [ 3.37611934664798, 51.302300535438334 ], [ 3.359358797631995, 51.315373005446723 ], [ 3.384897141658863, 51.335335209461093 ], [ 3.365787499641855, 51.369835502483845 ], [ 3.378209098654762, 51.376989707489066 ], [ 3.423325409700857, 51.389761324499062 ], [ 3.446088228723708, 51.390090065499948 ], [ 3.516661589795688, 51.407635582513755 ], [ 3.544778000823749, 51.404743950512554 ], [ 3.585491850863613, 51.387659685502165 ], [ 3.617932229895812, 51.379878930497682 ], [ 3.685789523963544, 51.371026413493404 ], [ 3.724105583000915, 51.350061016480133 ], [ 3.758111249035012, 51.347421405479082 ], [ 3.757862271034352, 51.340424014474294 ] ] ], [ [ [ 3.818826780095998, 51.343046000477372 ], [ 3.817362520094373, 51.340055020475361 ], [ 3.814873494091828, 51.340061373475301 ], [ 3.812879359089969, 51.34304600047728 ], [ 3.818826780095998, 51.343046000477372 ] ] ] ] } },
{ "type": "Feature", "properties": { "CNTR_CODE": "NL", "LEVL_CODE": 3, "NUTS_ID": "NL342", "NAME_LATN": "Overig Zeeland" }, "geometry": { "type": "MultiPolygon", "coordinates": [ [ [ [ 4.013337000315816, 51.759010502756475 ], [ 4.018886000320445, 51.742717502746046 ], [ 4.035038000335956, 51.730194002738237 ], [ 4.036705000336527, 51.711029002725851 ], [ 4.047814500346816, 51.694362502715208 ], [ 4.151825000450891, 51.685234002710814 ], [ 4.193764000491965, 51.664398002697801 ], [ 4.242535500540187, 51.647121002687051 ], [ 4.237418905534336, 51.634340220678688 ], [ 4.211945000508223, 51.626789002673398 ], [ 4.19765950049339, 51.618049502667489 ], [ 4.190163500484894, 51.600952002656186 ], [ 4.1957180004898, 51.588973502648344 ], [ 4.234464000527074, 51.555691002626801 ], [ 4.235067500526991, 51.541481002617388 ], [ 4.218991000508725, 51.504795002592878 ], [ 4.275046950561197, 51.425747893540603 ], [ 4.26405446954958, 51.416429969534178 ], [ 4.267011371550963, 51.385966840513667 ], [ 4.279565000563117, 51.376017502507061 ], [ 4.243669500526818, 51.374729502505801 ], [ 4.231666024515646, 51.393401982518256 ], [ 4.198792310483019, 51.404751499525545 ], [ 4.152390984435601, 51.395307131518557 ], [ 4.079185086362371, 51.407844445525946 ], [ 4.054143508337669, 51.41863021353285 ], [ 4.045441967329516, 51.429968412540276 ], [ 4.017497261301902, 51.439945060546556 ], [ 4.012318905296929, 51.445276985550059 ], [ 4.007389687291807, 51.442082820547796 ], [ 3.975449763260634, 51.461145256560052 ], [ 3.934107000218186, 51.448174002550623 ], [ 3.925949483210135, 51.44998652755168 ], [ 3.92218089520593, 51.443111255546995 ], [ 3.925863428209191, 51.434860559541526 ], [ 3.899194703179972, 51.394551569513929 ], [ 3.873064681153804, 51.397076173515082 ], [ 3.857807480138094, 51.39131874051089 ], [ 3.81630641609585, 51.384987053505768 ], [ 3.776179250056583, 51.404935274518365 ], [ 3.774909731055575, 51.409652018521541 ], [ 3.753668906034451, 51.414321628524206 ], [ 3.732642928013188, 51.412013609522177 ], [ 3.719875256001135, 51.426460337531609 ], [ 3.678168719960542, 51.449317442545926 ], [ 3.685352902968198, 51.45662758355099 ], [ 3.692588244975434, 51.455916237550682 ], [ 3.704076499986695, 51.450613502547412 ], [ 3.706379084988606, 51.443881362542953 ], [ 3.719108036001418, 51.444222631543475 ], [ 3.70996749999286, 51.454306502550004 ], [ 3.693450404976482, 51.458984895552781 ], [ 3.714428999997842, 51.463583002556355 ], [ 3.716978672001058, 51.473842001563277 ], [ 3.711752608995658, 51.471589139561623 ], [ 3.704160999988247, 51.475882502564382 ], [ 3.701058040984648, 51.466816036558185 ], [ 3.661573841944397, 51.457988224551364 ], [ 3.630780437912432, 51.44155038153955 ], [ 3.607025021888566, 51.441361748538846 ], [ 3.599274720881177, 51.448678543543565 ], [ 3.594773441876253, 51.441363764538501 ], [ 3.574059272855303, 51.439651688536827 ], [ 3.526884999809313, 51.463062502551232 ], [ 3.495999902780284, 51.494077037571081 ], [ 3.439494057725415, 51.522586348588405 ], [ 3.433731103720024, 51.528299619592019 ], [ 3.437485728724619, 51.54133704260078 ], [ 3.556021042846481, 51.589437839635877 ], [ 3.579173513870019, 51.594477823639849 ], [ 3.624057648914686, 51.588346464636999 ], [ 3.680043507971587, 51.600177795646132 ], [ 3.698990988990543, 51.599088201645912 ], [ 3.724000353015245, 51.591826326641709 ], [ 3.806712823099137, 51.605005390652217 ], [ 3.837434521129993, 51.604930269652826 ], [ 3.861840032154194, 51.599222376649564 ], [ 3.887038797178239, 51.576531196635102 ], [ 3.89333684318451, 51.575679723634664 ], [ 3.897746592188124, 51.561737981625548 ], [ 3.872396616162113, 51.552723261619114 ], [ 3.865224348154424, 51.545222080613961 ], [ 3.869229000158222, 51.541688002611679 ], [ 3.925221813214799, 51.544219934614503 ], [ 3.940178598228832, 51.526657190603139 ], [ 3.954895888243855, 51.529735329605408 ], [ 3.971697000260628, 51.528248502604725 ], [ 4.001681778290457, 51.520891594600393 ], [ 4.003455386292027, 51.516925393597752 ], [ 4.008853549297658, 51.520345464600105 ], [ 4.013714000302411, 51.518429002598893 ], [ 4.042994701331109, 51.502824754589042 ], [ 4.052313384340489, 51.502449539588895 ], [ 4.059459721346213, 51.47593696457136 ], [ 4.093372130378818, 51.446968785552443 ], [ 4.133218184418276, 51.432693167543469 ], [ 4.152357376437663, 51.43350049954428 ], [ 4.182875970469035, 51.443786134551637 ], [ 4.222516199508795, 51.438773682548728 ], [ 4.217558000506349, 51.487452002581236 ], [ 4.213395009502436, 51.491592224583975 ], [ 4.174379570463624, 51.502654423590869 ], [ 4.172809749462743, 51.515134366599206 ], [ 4.163769089453972, 51.522326126603758 ], [ 4.141842144431839, 51.52137207260288 ], [ 4.133781322423913, 51.525246167605339 ], [ 4.102239232392026, 51.524178358604154 ], [ 4.07361049136338, 51.5277520436061 ], [ 4.04981540734071, 51.55176679962166 ], [ 4.028626517319584, 51.556046922624141 ], [ 4.024909337316419, 51.565737737630435 ], [ 4.008853549300649, 51.573156684635151 ], [ 3.988687430280538, 51.576809477637205 ], [ 3.983093976275249, 51.582906997641089 ], [ 3.989482836282223, 51.592070837647213 ], [ 4.023760385317072, 51.597570375651472 ], [ 4.074626042369142, 51.61297998366237 ], [ 4.100706495395296, 51.610511754661196 ], [ 4.11561877640983, 51.601368177655438 ], [ 4.173123625468059, 51.60648270565958 ], [ 4.172139488467494, 51.615078580665227 ], [ 4.126233965421128, 51.612902429663109 ], [ 4.116403306411882, 51.624424814670569 ], [ 4.101293850397023, 51.630934322674662 ], [ 4.100960884397322, 51.641799890681717 ], [ 4.121321814418463, 51.653541561689686 ], [ 4.147327677444437, 51.650330045687994 ], [ 4.193678000490294, 51.635617002678934 ], [ 4.184342773481506, 51.646317951685837 ], [ 4.165135704462363, 51.650100989688035 ], [ 4.156090353453627, 51.656824118692342 ], [ 4.143429373440937, 51.657253519692432 ], [ 4.156710335454722, 51.664448339697365 ], [ 4.149947147448532, 51.676239933704927 ], [ 4.103454192401406, 51.669826799700061 ], [ 4.098470450395294, 51.650966200687691 ], [ 4.066846054362363, 51.631331925674338 ], [ 4.044775174340026, 51.629281678672598 ], [ 4.008589560302969, 51.617805238664523 ], [ 3.971410852265361, 51.614494334661714 ], [ 3.938435130233204, 51.632187004672694 ], [ 3.922237702216725, 51.628940463670297 ], [ 3.892355074186884, 51.633373110672615 ], [ 3.87353783317005, 51.667959318694876 ], [ 3.858414322155337, 51.676307195700005 ], [ 3.826605850123774, 51.683094748703745 ], [ 3.813211512111126, 51.695651431711617 ], [ 3.795141583092921, 51.695163112710915 ], [ 3.775367824072267, 51.681479341701568 ], [ 3.722849576018557, 51.665331833689848 ], [ 3.691856292988172, 51.676611173696486 ], [ 3.68061793097773, 51.690459804705199 ], [ 3.679096785977062, 51.703715445713719 ], [ 3.686087609984818, 51.715488809721585 ], [ 3.718696157018778, 51.735971681735613 ], [ 3.768055408068653, 51.742216610740741 ], [ 3.816654745117309, 51.740877147741024 ], [ 3.839083000140818, 51.758297002752663 ], [ 3.847430500148926, 51.753402502749758 ], [ 3.875896000177122, 51.747692002746618 ], [ 3.886171500187579, 51.749359002747894 ], [ 3.905058000207407, 51.764633002758153 ], [ 3.940330500243436, 51.773800002764737 ], [ 3.958939000261949, 51.772133002763987 ], [ 3.974492500277128, 51.763801502758888 ], [ 4.013337000315816, 51.759010502756475 ] ] ], [ [ [ 3.715892283009878, 51.637200663671322 ], [ 3.705523353998957, 51.629453302665958 ], [ 3.705442335998506, 51.623443837662016 ], [ 3.698951208992304, 51.628621520665277 ], [ 3.682466610974996, 51.615856345656496 ], [ 3.685259999977965, 51.619421718658934 ], [ 3.678268625971169, 51.622501077660772 ], [ 3.699561992993544, 51.63879956267197 ], [ 3.70315827399704, 51.636955554670813 ], [ 3.708947803003274, 51.643413632675227 ], [ 3.715591924009828, 51.642109954674531 ], [ 3.715892283009878, 51.637200663671322 ] ] ], [ [ [ 3.717790209011396, 51.631354218667497 ], [ 3.717313651010668, 51.62731502266486 ], [ 3.714809672008267, 51.628882993665869 ], [ 3.717790209011396, 51.631354218667497 ] ] ] ] } },
{ "type": "Feature", "properties": { "CNTR_CODE": "NL", "LEVL_CODE": 3, "NUTS_ID": "NL411", "NAME_LATN": "West-Noord-Brabant" }, "geometry": { "type": "Polygon", "coordinates": [ [ [ 4.78174885108985, 51.766095922767512 ], [ 4.787182939094875, 51.756277975761172 ], [ 4.851806091159943, 51.755004078760301 ], [ 4.846625400153385, 51.72555817774127 ], [ 4.836899501142987, 51.712745502732965 ], [ 4.871104001177743, 51.719616002737339 ], [ 4.917944501225045, 51.719940002737459 ], [ 4.93311600123837, 51.676800002709356 ], [ 4.925032001230036, 51.673008002706922 ], [ 4.933679417238184, 51.658412864697297 ], [ 4.932508037236672, 51.6515180916928 ], [ 4.907514323210214, 51.624789229675422 ], [ 4.914818011217443, 51.621935416673516 ], [ 4.910812595213248, 51.618310008671145 ], [ 4.917639895219381, 51.601455259660028 ], [ 4.864234001164344, 51.579086502645374 ], [ 4.870915934170652, 51.568247221638252 ], [ 4.867876646167187, 51.560191321632928 ], [ 4.82837770612677, 51.549408098625818 ], [ 4.771613601068347, 51.527644678611416 ], [ 4.759933909056189, 51.519710265606136 ], [ 4.749422740045524, 51.51858597560539 ], [ 4.748778415044601, 51.512713348601515 ], [ 4.759926001055325, 51.502464502594663 ], [ 4.750610623045756, 51.497989165591726 ], [ 4.7461445380408, 51.489613053586083 ], [ 4.728775655022972, 51.48337631058191 ], [ 4.715785441009142, 51.469155101572397 ], [ 4.704348141997428, 51.466607545570682 ], [ 4.692802150985074, 51.452317346561088 ], [ 4.667285639958896, 51.444439231555741 ], [ 4.669544000960264, 51.426384002543593 ], [ 4.639974443930185, 51.422753687541068 ], [ 4.575701970865654, 51.432604202547495 ], [ 4.535450500824398, 51.42288950254077 ], [ 4.530349190820511, 51.448436662557867 ], [ 4.548236000839794, 51.473228502574607 ], [ 4.536755296828646, 51.482113671580493 ], [ 4.475708594766696, 51.477642411577136 ], [ 4.464444838754985, 51.471300334572817 ], [ 4.441251081731435, 51.468251614570569 ], [ 4.38043358966886, 51.447179486556031 ], [ 4.392000164680438, 51.445617758555059 ], [ 4.398276619686236, 51.434248460547494 ], [ 4.395133500682662, 51.426872502542508 ], [ 4.384184518671275, 51.42074215753825 ], [ 4.390627164677194, 51.409371153530643 ], [ 4.430393965715755, 51.375475202508056 ], [ 4.425894347710969, 51.371115086505107 ], [ 4.430557144715339, 51.364523630500663 ], [ 4.419809500704467, 51.364547502500642 ], [ 4.385641408669368, 51.354647649493579 ], [ 4.341158818624571, 51.358352516495714 ], [ 4.333144682617451, 51.377395237508559 ], [ 4.279565000563117, 51.376017502507061 ], [ 4.267011371550963, 51.385966840513667 ], [ 4.26405446954958, 51.416429969534178 ], [ 4.275046950561197, 51.425747893540603 ], [ 4.218991000508725, 51.504795002592878 ], [ 4.236132000528462, 51.550224502623259 ], [ 4.229726500522675, 51.562221502631068 ], [ 4.193216000487457, 51.592212502650398 ], [ 4.191166500486322, 51.608097002660855 ], [ 4.201043000496916, 51.620960002669442 ], [ 4.237418905534336, 51.634340220678688 ], [ 4.242535500540187, 51.647121002687051 ], [ 4.277023087574785, 51.644119428685535 ], [ 4.355473969654772, 51.660514576697054 ], [ 4.372194500672087, 51.669697002703217 ], [ 4.379430500680147, 51.68359350271232 ], [ 4.423550000725905, 51.709472502729525 ], [ 4.500430500802599, 51.692905502719277 ], [ 4.542470000845039, 51.694823502720773 ], [ 4.676294500981532, 51.724918502740806 ], [ 4.678768785983816, 51.720450609737902 ], [ 4.69900303000431, 51.722392972739236 ], [ 4.733449931039777, 51.736934037748661 ], [ 4.753576382060902, 51.754062281759779 ], [ 4.78174885108985, 51.766095922767512 ] ] ] } },
{ "type": "Feature", "properties": { "CNTR_CODE": "NL", "LEVL_CODE": 3, "NUTS_ID": "NL413", "NAME_LATN": "Noordoost-Noord-Brabant" }, "geometry": { "type": "Polygon", "coordinates": [ [ [ 5.516971501832982, 51.819454002795496 ], [ 5.546046001862119, 51.817837002793972 ], [ 5.557391501873937, 51.827396502799843 ], [ 5.59260150190944, 51.829303502800414 ], [ 5.618844001935442, 51.819759502793836 ], [ 5.641839501958561, 51.817623002792004 ], [ 5.660025501976121, 51.796348502778038 ], [ 5.689901002005877, 51.789783502773261 ], [ 5.706338502022015, 51.776119002764112 ], [ 5.729744002045384, 51.772892002761488 ], [ 5.754086002069272, 51.755226002749588 ], [ 5.782470002097742, 51.752399502747139 ], [ 5.848531002164423, 51.759304002750056 ], [ 5.869513502185454, 51.755913002747327 ], [ 5.879446002195171, 51.748802002742558 ], [ 5.890332002205313, 51.723617502725965 ], [ 5.934030502249096, 51.716430502720222 ], [ 5.955377002270279, 51.709339002715062 ], [ 5.965883002279027, 51.651069502676854 ], [ 6.022012002334549, 51.61991900265496 ], [ 6.02465600233657, 51.598949502641112 ], [ 6.038977502350571, 51.583996002630855 ], [ 6.038015002349097, 51.568924002620939 ], [ 6.047766502358624, 51.558506002613797 ], [ 6.035136691345921, 51.557485289613432 ], [ 6.031189936341798, 51.553227961610745 ], [ 6.003926342314815, 51.569746036622455 ], [ 5.930740285240578, 51.553374814613555 ], [ 5.906976014216586, 51.552320944613484 ], [ 5.89067141920039, 51.560103809618987 ], [ 5.820409002129809, 51.568619002626392 ], [ 5.800519002110089, 51.578617002633422 ], [ 5.786645502096778, 51.598186502646627 ], [ 5.697833614006769, 51.584136298639301 ], [ 5.651356501959817, 51.582359502639058 ], [ 5.654877001962913, 51.571670502631896 ], [ 5.622800663929929, 51.553925354620773 ], [ 5.585318624892397, 51.562492547627173 ], [ 5.534521714840944, 51.557641005624887 ], [ 5.54748000185324, 51.537739002611445 ], [ 5.525514712830508, 51.522499123601747 ], [ 5.5010506098058, 51.52167837560156 ], [ 5.502476842807385, 51.526593135604799 ], [ 5.492949056797822, 51.527765918605695 ], [ 5.485816020791107, 51.54154412661498 ], [ 5.423792001728112, 51.533981502610942 ], [ 5.404231501708932, 51.548271002620687 ], [ 5.385985963690361, 51.544205299618213 ], [ 5.342106639646055, 51.545037194619368 ], [ 5.330845651634913, 51.55117642462352 ], [ 5.307868197611493, 51.546308826620638 ], [ 5.269404501572896, 51.553642502625856 ], [ 5.246080001550309, 51.579464002643228 ], [ 5.247213501551807, 51.58704000264823 ], [ 5.215124363519324, 51.585776014647699 ], [ 5.192848400497206, 51.594471161653679 ], [ 5.187478982492008, 51.600944147657941 ], [ 5.179572501483916, 51.597644502655889 ], [ 5.170440925474936, 51.603827951660037 ], [ 5.174099744478891, 51.609856086663946 ], [ 5.165391772470191, 51.612794415665974 ], [ 5.168141380473299, 51.619599436670448 ], [ 5.145640501451441, 51.640403502684286 ], [ 5.10619450141142, 51.636108502681758 ], [ 5.101363001408211, 51.676750002708317 ], [ 5.106475486413492, 51.678766935709646 ], [ 5.103519190411506, 51.701536183724514 ], [ 5.110276925418523, 51.706004931727293 ], [ 5.098162534406756, 51.716904198734504 ], [ 5.081756001390386, 51.722290002738113 ], [ 5.092009001400955, 51.727512502741419 ], [ 5.115254001424734, 51.73523350274624 ], [ 5.165557001475793, 51.742878002750722 ], [ 5.195342001505722, 51.740234502748798 ], [ 5.220693001531421, 51.74353050275063 ], [ 5.24821300155877, 51.733696002744054 ], [ 5.272569501583623, 51.740059002747842 ], [ 5.300759001611912, 51.737465502745827 ], [ 5.3574515016699, 51.757820002758258 ], [ 5.364937501678513, 51.784145502775139 ], [ 5.404733001720025, 51.822124502798943 ], [ 5.414846501730243, 51.821289002798245 ], [ 5.429495501744569, 51.811294502791625 ], [ 5.454212001769376, 51.809929002790405 ], [ 5.474325501789827, 51.814678002793073 ], [ 5.482902001798939, 51.827930502801429 ], [ 5.495459001811681, 51.830646502803006 ], [ 5.516971501832982, 51.819454002795496 ] ] ] } },
{ "type": "Feature", "properties": { "CNTR_CODE": "NL", "LEVL_CODE": 3, "NUTS_ID": "NL131", "NAME_LATN": "Noord-Drenthe" }, "geometry": { "type": "Polygon", "coordinates": [ [ [ 6.484800037830819, 53.203694804562666 ], [ 6.494952603840622, 53.198622877559679 ], [ 6.529076015873854, 53.195594457556716 ], [ 6.535176463879614, 53.183762796550447 ], [ 6.541819597886025, 53.179359601547866 ], [ 6.54840500289241, 53.180855003548388 ], [ 6.563753978907092, 53.158390436536237 ], [ 6.581359622924304, 53.161976340537315 ], [ 6.588287071930831, 53.146054070528848 ], [ 6.600543642942767, 53.143961869527274 ], [ 6.613111014954888, 53.136227059522739 ], [ 6.637634949978407, 53.107489631506851 ], [ 6.694853003034253, 53.121044003511173 ], [ 6.737708263075969, 53.11908814950813 ], [ 6.935702003267494, 52.993362503432856 ], [ 6.840627714174831, 52.978380367429814 ], [ 6.788053452123469, 52.962748089424139 ], [ 6.729269167066009, 52.954778277422754 ], [ 6.730977968067436, 52.93847426141398 ], [ 6.724573129061181, 52.935911211412929 ], [ 6.736336503071997, 52.878692503381785 ], [ 6.714564003050521, 52.86816000337712 ], [ 6.721058998056869, 52.866024928375658 ], [ 6.727710493063255, 52.853853956368788 ], [ 6.704876762040824, 52.846532263365887 ], [ 6.706818657042604, 52.83597046636006 ], [ 6.690247159026213, 52.825162517354983 ], [ 6.693479382029245, 52.815048364349309 ], [ 6.675822708011684, 52.797855665340734 ], [ 6.65932256599555, 52.799845982342575 ], [ 6.587468002924013, 52.735691003310485 ], [ 6.558242393895477, 52.745720166317284 ], [ 6.565375650902823, 52.765218574327754 ], [ 6.534352449872397, 52.767594095330331 ], [ 6.513001326851344, 52.762682802328555 ], [ 6.507629976846143, 52.768377996331978 ], [ 6.491356677830225, 52.771465531334286 ], [ 6.49576745083477, 52.785676787341863 ], [ 6.491722239830911, 52.792640960345921 ], [ 6.455449002795372, 52.80055600335168 ], [ 6.478987662819171, 52.836858223370562 ], [ 6.463279764803835, 52.839576806372591 ], [ 6.460381375801221, 52.852439314379744 ], [ 6.431137771772438, 52.851093495380177 ], [ 6.431348193772999, 52.870045672390432 ], [ 6.419350034761475, 52.882244097397439 ], [ 6.38200563272491, 52.889173443402683 ], [ 6.369044637711936, 52.877186234396738 ], [ 6.372284946715403, 52.89014082640356 ], [ 6.360527897703981, 52.895385991406826 ], [ 6.384794264728135, 52.912947083415347 ], [ 6.369053002712787, 52.921973503420794 ], [ 6.393538002737014, 52.932819503425641 ], [ 6.427641502771201, 52.971794003444948 ], [ 6.362791002708764, 53.033676003480146 ], [ 6.367695002714189, 53.067325503497479 ], [ 6.305327002653428, 53.08113050350704 ], [ 6.315237002663375, 53.094051503513327 ], [ 6.345079990692523, 53.088364374509268 ], [ 6.356511395704033, 53.1063342145181 ], [ 6.363361728710753, 53.108278979518886 ], [ 6.382082343729858, 53.153495151541321 ], [ 6.403180410750664, 53.167704957547762 ], [ 6.406345679753928, 53.176918156552304 ], [ 6.440271361787193, 53.186717587555933 ], [ 6.448657038795502, 53.196414281560472 ], [ 6.484800037830819, 53.203694804562666 ] ] ] } }
]
}
